-- MySQL dump 10.13  Distrib 8.0.33, for macos13.3 (arm64)
--
-- Host: localhost    Database: farmart
-- ------------------------------------------------------
-- Server version	8.0.33

/*!40101 SET @OLD_CHARACTER_SET_CLIENT=@@CHARACTER_SET_CLIENT */;
/*!40101 SET @OLD_CHARACTER_SET_RESULTS=@@CHARACTER_SET_RESULTS */;
/*!40101 SET @OLD_COLLATION_CONNECTION=@@COLLATION_CONNECTION */;
/*!50503 SET NAMES utf8mb4 */;
/*!40103 SET @OLD_TIME_ZONE=@@TIME_ZONE */;
/*!40103 SET TIME_ZONE='+00:00' */;
/*!40014 SET @OLD_UNIQUE_CHECKS=@@UNIQUE_CHECKS, UNIQUE_CHECKS=0 */;
/*!40014 SET @OLD_FOREIGN_KEY_CHECKS=@@FOREIGN_KEY_CHECKS, FOREIGN_KEY_CHECKS=0 */;
/*!40101 SET @OLD_SQL_MODE=@@SQL_MODE, SQL_MODE='NO_AUTO_VALUE_ON_ZERO' */;
/*!40111 SET @OLD_SQL_NOTES=@@SQL_NOTES, SQL_NOTES=0 */;

--
-- Table structure for table `activations`
--

DROP TABLE IF EXISTS `activations`;
/*!40101 SET @saved_cs_client     = @@character_set_client */;
/*!50503 SET character_set_client = utf8mb4 */;
CREATE TABLE `activations` (
  `id` bigint unsigned NOT NULL AUTO_INCREMENT,
  `user_id` bigint unsigned NOT NULL,
  `code` varchar(120) COLLATE utf8mb4_unicode_ci NOT NULL,
  `completed` tinyint(1) NOT NULL DEFAULT '0',
  `completed_at` timestamp NULL DEFAULT NULL,
  `created_at` timestamp NULL DEFAULT NULL,
  `updated_at` timestamp NULL DEFAULT NULL,
  PRIMARY KEY (`id`),
  KEY `activations_user_id_index` (`user_id`)
) ENGINE=InnoDB AUTO_INCREMENT=3 DEFAULT CHARSET=utf8mb4 COLLATE=utf8mb4_unicode_ci;
/*!40101 SET character_set_client = @saved_cs_client */;

--
-- Dumping data for table `activations`
--

LOCK TABLES `activations` WRITE;
/*!40000 ALTER TABLE `activations` DISABLE KEYS */;
INSERT INTO `activations` VALUES (1,1,'0buTu2CxAo0kMBGVvos0IJCiQWyFMAyV',1,'2023-05-28 21:29:51','2023-05-28 21:29:51','2023-05-28 21:29:51'),(2,2,'V1iS1DAxTKvaMkxb3DsPnFoHGkBEQ0UV',1,'2023-05-28 21:29:51','2023-05-28 21:29:51','2023-05-28 21:29:51');
/*!40000 ALTER TABLE `activations` ENABLE KEYS */;
UNLOCK TABLES;

--
-- Table structure for table `admin_notifications`
--

DROP TABLE IF EXISTS `admin_notifications`;
/*!40101 SET @saved_cs_client     = @@character_set_client */;
/*!50503 SET character_set_client = utf8mb4 */;
CREATE TABLE `admin_notifications` (
  `id` bigint unsigned NOT NULL AUTO_INCREMENT,
  `title` varchar(191) COLLATE utf8mb4_unicode_ci NOT NULL,
  `action_label` varchar(191) COLLATE utf8mb4_unicode_ci DEFAULT NULL,
  `action_url` varchar(191) COLLATE utf8mb4_unicode_ci DEFAULT NULL,
  `description` varchar(400) COLLATE utf8mb4_unicode_ci NOT NULL,
  `read_at` timestamp NULL DEFAULT NULL,
  `created_at` timestamp NULL DEFAULT NULL,
  `updated_at` timestamp NULL DEFAULT NULL,
  `permission` varchar(191) COLLATE utf8mb4_unicode_ci DEFAULT NULL,
  PRIMARY KEY (`id`)
) ENGINE=InnoDB DEFAULT CHARSET=utf8mb4 COLLATE=utf8mb4_unicode_ci;
/*!40101 SET character_set_client = @saved_cs_client */;

--
-- Dumping data for table `admin_notifications`
--

LOCK TABLES `admin_notifications` WRITE;
/*!40000 ALTER TABLE `admin_notifications` DISABLE KEYS */;
/*!40000 ALTER TABLE `admin_notifications` ENABLE KEYS */;
UNLOCK TABLES;

--
-- Table structure for table `ads`
--

DROP TABLE IF EXISTS `ads`;
/*!40101 SET @saved_cs_client     = @@character_set_client */;
/*!50503 SET character_set_client = utf8mb4 */;
CREATE TABLE `ads` (
  `id` bigint unsigned NOT NULL AUTO_INCREMENT,
  `name` varchar(255) COLLATE utf8mb4_unicode_ci NOT NULL,
  `expired_at` datetime DEFAULT NULL,
  `location` varchar(120) COLLATE utf8mb4_unicode_ci DEFAULT NULL,
  `key` varchar(120) COLLATE utf8mb4_unicode_ci NOT NULL,
  `image` varchar(255) COLLATE utf8mb4_unicode_ci DEFAULT NULL,
  `url` varchar(255) COLLATE utf8mb4_unicode_ci DEFAULT NULL,
  `clicked` bigint NOT NULL DEFAULT '0',
  `order` int DEFAULT '0',
  `status` varchar(60) COLLATE utf8mb4_unicode_ci NOT NULL DEFAULT 'published',
  `created_at` timestamp NULL DEFAULT NULL,
  `updated_at` timestamp NULL DEFAULT NULL,
  `open_in_new_tab` tinyint(1) NOT NULL DEFAULT '1',
  PRIMARY KEY (`id`),
  UNIQUE KEY `ads_key_unique` (`key`)
) ENGINE=InnoDB AUTO_INCREMENT=6 DEFAULT CHARSET=utf8mb4 COLLATE=utf8mb4_unicode_ci;
/*!40101 SET character_set_client = @saved_cs_client */;

--
-- Dumping data for table `ads`
--

LOCK TABLES `ads` WRITE;
/*!40000 ALTER TABLE `ads` DISABLE KEYS */;
INSERT INTO `ads` VALUES (1,'Top Slider Image 1','2028-05-29 00:00:00','not_set','VC2C8Q1UGCBG','promotion/1.jpg','/products',0,1,'published','2023-05-28 21:30:02','2023-05-28 21:30:02',1),(2,'Homepage middle 1','2028-05-29 00:00:00','not_set','IZ6WU8KUALYD','promotion/2.png','/products',0,2,'published','2023-05-28 21:30:02','2023-05-28 21:30:02',1),(3,'Homepage middle 2','2028-05-29 00:00:00','not_set','ILSFJVYFGCPZ','promotion/3.png','/products',0,3,'published','2023-05-28 21:30:02','2023-05-28 21:30:02',1),(4,'Homepage middle 3','2028-05-29 00:00:00','not_set','ZDOZUZZIU7FT','promotion/4.png','/products',0,4,'published','2023-05-28 21:30:02','2023-05-28 21:30:02',1),(5,'Products list 1','2028-05-29 00:00:00','not_set','ZDOZUZZIU7FZ','promotion/5.png','/products/beat-headphone',0,5,'published','2023-05-28 21:30:02','2023-05-28 21:30:02',1);
/*!40000 ALTER TABLE `ads` ENABLE KEYS */;
UNLOCK TABLES;

--
-- Table structure for table `ads_translations`
--

DROP TABLE IF EXISTS `ads_translations`;
/*!40101 SET @saved_cs_client     = @@character_set_client */;
/*!50503 SET character_set_client = utf8mb4 */;
CREATE TABLE `ads_translations` (
  `lang_code` varchar(191) COLLATE utf8mb4_unicode_ci NOT NULL,
  `ads_id` bigint unsigned NOT NULL,
  `name` varchar(255) COLLATE utf8mb4_unicode_ci DEFAULT NULL,
  `image` varchar(255) COLLATE utf8mb4_unicode_ci DEFAULT NULL,
  `url` varchar(255) COLLATE utf8mb4_unicode_ci DEFAULT NULL,
  PRIMARY KEY (`lang_code`,`ads_id`)
) ENGINE=InnoDB DEFAULT CHARSET=utf8mb4 COLLATE=utf8mb4_unicode_ci;
/*!40101 SET character_set_client = @saved_cs_client */;

--
-- Dumping data for table `ads_translations`
--

LOCK TABLES `ads_translations` WRITE;
/*!40000 ALTER TABLE `ads_translations` DISABLE KEYS */;
INSERT INTO `ads_translations` VALUES ('vi',1,'Top Slider Image 1','promotion/1.jpg','/vi/products'),('vi',2,'Homepage middle 1','promotion/2.png','/vi/products'),('vi',3,'Homepage middle 2','promotion/3.png','/vi/products'),('vi',4,'Homepage middle 3','promotion/4.png','/vi/products'),('vi',5,'Products list 1','promotion/5.png','/vi/products');
/*!40000 ALTER TABLE `ads_translations` ENABLE KEYS */;
UNLOCK TABLES;

--
-- Table structure for table `audit_histories`
--

DROP TABLE IF EXISTS `audit_histories`;
/*!40101 SET @saved_cs_client     = @@character_set_client */;
/*!50503 SET character_set_client = utf8mb4 */;
CREATE TABLE `audit_histories` (
  `id` bigint unsigned NOT NULL AUTO_INCREMENT,
  `user_id` bigint unsigned NOT NULL,
  `module` varchar(60) COLLATE utf8mb4_unicode_ci NOT NULL,
  `request` text COLLATE utf8mb4_unicode_ci,
  `action` varchar(120) COLLATE utf8mb4_unicode_ci NOT NULL,
  `user_agent` text COLLATE utf8mb4_unicode_ci,
  `ip_address` varchar(39) COLLATE utf8mb4_unicode_ci DEFAULT NULL,
  `reference_user` bigint unsigned NOT NULL,
  `reference_id` bigint unsigned NOT NULL,
  `reference_name` varchar(255) COLLATE utf8mb4_unicode_ci NOT NULL,
  `type` varchar(20) COLLATE utf8mb4_unicode_ci NOT NULL,
  `created_at` timestamp NULL DEFAULT NULL,
  `updated_at` timestamp NULL DEFAULT NULL,
  PRIMARY KEY (`id`),
  KEY `audit_histories_user_id_index` (`user_id`),
  KEY `audit_histories_module_index` (`module`)
) ENGINE=InnoDB DEFAULT CHARSET=utf8mb4 COLLATE=utf8mb4_unicode_ci;
/*!40101 SET character_set_client = @saved_cs_client */;

--
-- Dumping data for table `audit_histories`
--

LOCK TABLES `audit_histories` WRITE;
/*!40000 ALTER TABLE `audit_histories` DISABLE KEYS */;
/*!40000 ALTER TABLE `audit_histories` ENABLE KEYS */;
UNLOCK TABLES;

--
-- Table structure for table `categories`
--

DROP TABLE IF EXISTS `categories`;
/*!40101 SET @saved_cs_client     = @@character_set_client */;
/*!50503 SET character_set_client = utf8mb4 */;
CREATE TABLE `categories` (
  `id` bigint unsigned NOT NULL AUTO_INCREMENT,
  `name` varchar(120) COLLATE utf8mb4_unicode_ci NOT NULL,
  `parent_id` bigint unsigned NOT NULL DEFAULT '0',
  `description` varchar(400) COLLATE utf8mb4_unicode_ci DEFAULT NULL,
  `status` varchar(60) COLLATE utf8mb4_unicode_ci NOT NULL DEFAULT 'published',
  `author_id` bigint unsigned NOT NULL,
  `author_type` varchar(255) CHARACTER SET utf8mb4 COLLATE utf8mb4_unicode_ci NOT NULL DEFAULT 'Botble\\ACL\\Models\\User',
  `icon` varchar(60) COLLATE utf8mb4_unicode_ci DEFAULT NULL,
  `order` tinyint NOT NULL DEFAULT '0',
  `is_featured` tinyint NOT NULL DEFAULT '0',
  `is_default` tinyint unsigned NOT NULL DEFAULT '0',
  `created_at` timestamp NULL DEFAULT NULL,
  `updated_at` timestamp NULL DEFAULT NULL,
  PRIMARY KEY (`id`),
  KEY `parent_id` (`parent_id`),
  KEY `status` (`status`),
  KEY `created_at` (`created_at`)
) ENGINE=InnoDB AUTO_INCREMENT=5 DEFAULT CHARSET=utf8mb4 COLLATE=utf8mb4_unicode_ci;
/*!40101 SET character_set_client = @saved_cs_client */;

--
-- Dumping data for table `categories`
--

LOCK TABLES `categories` WRITE;
/*!40000 ALTER TABLE `categories` DISABLE KEYS */;
INSERT INTO `categories` VALUES (1,'Ecommerce',0,'Dolor dolorem sequi ducimus accusantium tempora nisi inventore. Qui deserunt et minus magni vel repellat sit. Qui aliquam qui sapiente animi in. Accusamus nam ad ut.','published',2,'Botble\\ACL\\Models\\User',NULL,0,0,1,'2023-05-28 21:30:02','2023-05-28 21:30:02'),(2,'Fashion',0,'Et voluptas sed voluptatem. Aut ut in unde non iusto. Voluptatem ea expedita laudantium corrupti totam autem natus eos.','published',2,'Botble\\ACL\\Models\\User',NULL,0,1,0,'2023-05-28 21:30:02','2023-05-28 21:30:02'),(3,'Electronic',0,'Ipsam tempora molestias nihil et. Eius omnis debitis quibusdam itaque. Laboriosam illo quaerat quia dolorum minima dolore et. In labore qui et harum est. Voluptatum qui et non exercitationem et qui.','published',2,'Botble\\ACL\\Models\\User',NULL,0,1,0,'2023-05-28 21:30:02','2023-05-28 21:30:02'),(4,'Commercial',0,'Tempore neque laboriosam quos voluptas sapiente quis. Aut quaerat quia rem sint odio porro. Vel dolore veniam quia non.','published',2,'Botble\\ACL\\Models\\User',NULL,0,1,0,'2023-05-28 21:30:02','2023-05-28 21:30:02');
/*!40000 ALTER TABLE `categories` ENABLE KEYS */;
UNLOCK TABLES;

--
-- Table structure for table `categories_translations`
--

DROP TABLE IF EXISTS `categories_translations`;
/*!40101 SET @saved_cs_client     = @@character_set_client */;
/*!50503 SET character_set_client = utf8mb4 */;
CREATE TABLE `categories_translations` (
  `lang_code` varchar(191) COLLATE utf8mb4_unicode_ci NOT NULL,
  `categories_id` bigint unsigned NOT NULL,
  `name` varchar(255) COLLATE utf8mb4_unicode_ci DEFAULT NULL,
  `description` varchar(400) COLLATE utf8mb4_unicode_ci DEFAULT NULL,
  PRIMARY KEY (`lang_code`,`categories_id`)
) ENGINE=InnoDB DEFAULT CHARSET=utf8mb4 COLLATE=utf8mb4_unicode_ci;
/*!40101 SET character_set_client = @saved_cs_client */;

--
-- Dumping data for table `categories_translations`
--

LOCK TABLES `categories_translations` WRITE;
/*!40000 ALTER TABLE `categories_translations` DISABLE KEYS */;
INSERT INTO `categories_translations` VALUES ('vi',1,'Thương mại điện tử',NULL),('vi',2,'Thời trang',NULL),('vi',3,'Điện tử',NULL),('vi',4,'Thương mại',NULL);
/*!40000 ALTER TABLE `categories_translations` ENABLE KEYS */;
UNLOCK TABLES;

--
-- Table structure for table `cities`
--

DROP TABLE IF EXISTS `cities`;
/*!40101 SET @saved_cs_client     = @@character_set_client */;
/*!50503 SET character_set_client = utf8mb4 */;
CREATE TABLE `cities` (
  `id` bigint unsigned NOT NULL AUTO_INCREMENT,
  `name` varchar(120) COLLATE utf8mb4_unicode_ci NOT NULL,
  `state_id` bigint unsigned NOT NULL,
  `country_id` bigint unsigned DEFAULT NULL,
  `record_id` varchar(40) COLLATE utf8mb4_unicode_ci DEFAULT NULL,
  `order` tinyint NOT NULL DEFAULT '0',
  `is_default` tinyint unsigned NOT NULL DEFAULT '0',
  `status` varchar(60) COLLATE utf8mb4_unicode_ci NOT NULL DEFAULT 'published',
  `created_at` timestamp NULL DEFAULT NULL,
  `updated_at` timestamp NULL DEFAULT NULL,
  PRIMARY KEY (`id`)
) ENGINE=InnoDB DEFAULT CHARSET=utf8mb4 COLLATE=utf8mb4_unicode_ci;
/*!40101 SET character_set_client = @saved_cs_client */;

--
-- Dumping data for table `cities`
--

LOCK TABLES `cities` WRITE;
/*!40000 ALTER TABLE `cities` DISABLE KEYS */;
/*!40000 ALTER TABLE `cities` ENABLE KEYS */;
UNLOCK TABLES;

--
-- Table structure for table `cities_translations`
--

DROP TABLE IF EXISTS `cities_translations`;
/*!40101 SET @saved_cs_client     = @@character_set_client */;
/*!50503 SET character_set_client = utf8mb4 */;
CREATE TABLE `cities_translations` (
  `lang_code` varchar(191) COLLATE utf8mb4_unicode_ci NOT NULL,
  `cities_id` bigint unsigned NOT NULL,
  `name` varchar(120) COLLATE utf8mb4_unicode_ci DEFAULT NULL,
  PRIMARY KEY (`lang_code`,`cities_id`)
) ENGINE=InnoDB DEFAULT CHARSET=utf8mb4 COLLATE=utf8mb4_unicode_ci;
/*!40101 SET character_set_client = @saved_cs_client */;

--
-- Dumping data for table `cities_translations`
--

LOCK TABLES `cities_translations` WRITE;
/*!40000 ALTER TABLE `cities_translations` DISABLE KEYS */;
/*!40000 ALTER TABLE `cities_translations` ENABLE KEYS */;
UNLOCK TABLES;

--
-- Table structure for table `contact_replies`
--

DROP TABLE IF EXISTS `contact_replies`;
/*!40101 SET @saved_cs_client     = @@character_set_client */;
/*!50503 SET character_set_client = utf8mb4 */;
CREATE TABLE `contact_replies` (
  `id` bigint unsigned NOT NULL AUTO_INCREMENT,
  `message` longtext COLLATE utf8mb4_unicode_ci NOT NULL,
  `contact_id` bigint unsigned NOT NULL,
  `created_at` timestamp NULL DEFAULT NULL,
  `updated_at` timestamp NULL DEFAULT NULL,
  PRIMARY KEY (`id`)
) ENGINE=InnoDB DEFAULT CHARSET=utf8mb4 COLLATE=utf8mb4_unicode_ci;
/*!40101 SET character_set_client = @saved_cs_client */;

--
-- Dumping data for table `contact_replies`
--

LOCK TABLES `contact_replies` WRITE;
/*!40000 ALTER TABLE `contact_replies` DISABLE KEYS */;
/*!40000 ALTER TABLE `contact_replies` ENABLE KEYS */;
UNLOCK TABLES;

--
-- Table structure for table `contacts`
--

DROP TABLE IF EXISTS `contacts`;
/*!40101 SET @saved_cs_client     = @@character_set_client */;
/*!50503 SET character_set_client = utf8mb4 */;
CREATE TABLE `contacts` (
  `id` bigint unsigned NOT NULL AUTO_INCREMENT,
  `name` varchar(60) COLLATE utf8mb4_unicode_ci NOT NULL,
  `email` varchar(60) COLLATE utf8mb4_unicode_ci NOT NULL,
  `phone` varchar(60) COLLATE utf8mb4_unicode_ci DEFAULT NULL,
  `address` varchar(120) COLLATE utf8mb4_unicode_ci DEFAULT NULL,
  `subject` varchar(120) COLLATE utf8mb4_unicode_ci DEFAULT NULL,
  `content` longtext COLLATE utf8mb4_unicode_ci NOT NULL,
  `status` varchar(60) COLLATE utf8mb4_unicode_ci NOT NULL DEFAULT 'unread',
  `created_at` timestamp NULL DEFAULT NULL,
  `updated_at` timestamp NULL DEFAULT NULL,
  PRIMARY KEY (`id`)
) ENGINE=InnoDB AUTO_INCREMENT=11 DEFAULT CHARSET=utf8mb4 COLLATE=utf8mb4_unicode_ci;
/*!40101 SET character_set_client = @saved_cs_client */;

--
-- Dumping data for table `contacts`
--

LOCK TABLES `contacts` WRITE;
/*!40000 ALTER TABLE `contacts` DISABLE KEYS */;
INSERT INTO `contacts` VALUES (1,'Landen Friesen','lesch.zion@example.net','+1 (986) 991-6657','986 Susanna Spurs Apt. 387\nEast Dewaynechester, CO 65228','Consequatur sit error reprehenderit eaque aut et.','Omnis sint ut quaerat officiis magni dolores mollitia. Odit suscipit voluptates molestiae maiores quia. Beatae aliquam delectus non et sed sit ut quam. Dolor voluptatibus ut ut nesciunt ad. Voluptas molestiae odit deserunt qui. Eum exercitationem quidem autem rerum dolorem ut. Ab dolores alias molestiae officia est veritatis quia et. Incidunt vel itaque voluptatum ipsum et cum.','unread','2023-05-28 21:30:02','2023-05-28 21:30:02'),(2,'Mona Hodkiewicz Jr.','myrl18@example.net','+1-269-961-4560','80150 Adams Mills Suite 815\nNorth Sallymouth, OR 89822','Sapiente ad sit minus earum iure tempore placeat.','Et nemo dolorem in ut nostrum excepturi. Minima rerum ducimus dolores eligendi necessitatibus. Quia rerum consequatur possimus. Recusandae pariatur aut reprehenderit sint laudantium nihil quis et. Maxime laudantium sed exercitationem quod ut molestiae sit. Saepe natus dolores rerum ut. Aliquam dolore accusantium voluptatem. Ipsam vitae quasi aperiam qui. Sunt iure ea illum neque culpa.','read','2023-05-28 21:30:02','2023-05-28 21:30:02'),(3,'Prof. Madison Price','jenkins.valentina@example.com','+14846927994','5375 Ara Rapids\nGarrickview, AK 50119-5875','Velit est corrupti quod temporibus.','Quasi consequatur laboriosam ea. Ut voluptate maiores sint quia optio molestiae eum doloremque. Autem dicta aspernatur repellat id. Repellendus ea impedit cupiditate ea possimus porro nihil. Quasi voluptas sunt molestiae voluptates explicabo rem. Molestiae neque omnis fuga voluptas aut dolores enim. Earum tempora saepe doloremque quis.','unread','2023-05-28 21:30:02','2023-05-28 21:30:02'),(4,'Ward Mitchell','dach.abbey@example.org','+12235722308','79665 Faye Mountain\nSatterfieldport, WA 42884-5027','Quidem tenetur deserunt nihil quasi harum.','Possimus veniam debitis a quia nihil odio. Cupiditate dolor recusandae doloremque delectus. Omnis dicta molestiae repellendus saepe enim maiores sequi aliquam. Nam autem rem voluptatibus aut impedit voluptate nihil. Enim officia vel et saepe repellat asperiores. Aliquam quod est harum odio aliquam. Aut deleniti ea cupiditate animi ea est et. Ea officiis quibusdam laboriosam accusamus eos occaecati quia quia.','unread','2023-05-28 21:30:02','2023-05-28 21:30:02'),(5,'Kirk Bayer','ruecker.camilla@example.org','608.367.5265','555 Kuhlman Hollow\nNorth Orrinshire, NH 15091','Debitis praesentium dolor eius rerum vel.','Laudantium asperiores laborum necessitatibus ipsam. Dignissimos cupiditate non consequatur. Quas et culpa fugiat quam quos cumque. Nihil fugit dolor expedita id vel maxime qui voluptas. Velit aspernatur labore et recusandae est ad. Expedita totam similique quas assumenda beatae est minima.','read','2023-05-28 21:30:02','2023-05-28 21:30:02'),(6,'Reese Grady III','troberts@example.net','681-740-8279','459 Bednar Estate Suite 357\nEast Felipe, AZ 34758','Delectus natus in nobis similique sit et.','Dicta recusandae doloribus et consectetur id. Provident eaque voluptatibus aut autem. Amet cum est fugiat maxime ullam in illo at. Quia sed minima autem sunt voluptatem suscipit. Est et velit totam nihil dolorem iure. Excepturi corrupti magni quibusdam nisi. At dolor modi est autem sit temporibus ab. Iure reiciendis eveniet sed nemo dolorum quas quia. Maiores aperiam quia consequuntur magni accusamus ex laudantium.','read','2023-05-28 21:30:02','2023-05-28 21:30:02'),(7,'Else Emard','gjones@example.net','+1-346-430-1614','851 Shanahan Plaza\nKozeymouth, MT 58972','Culpa accusamus ea temporibus et quia ad.','Voluptas adipisci possimus doloremque dolorem. Error est itaque unde ex. Ut omnis mollitia quo voluptas. Qui fugit assumenda labore in. Eos incidunt et quod vel totam voluptatem fuga optio. Nobis ut cupiditate atque dolorem qui. Excepturi rerum laudantium sed fugit. Ipsum commodi quis consectetur suscipit. Non dignissimos dolorum doloremque dolorem ut voluptas sequi. Velit blanditiis dignissimos assumenda eos.','unread','2023-05-28 21:30:02','2023-05-28 21:30:02'),(8,'Ally Wyman','harold86@example.com','689-365-8922','18596 Darion Pines\nJazmynton, OH 85555','Est sed illo quo omnis sunt perferendis.','Quia quasi nesciunt fugit qui consequatur et. Quo quo maxime enim neque inventore. Vel alias accusamus placeat ut. Eveniet non doloribus sint qui. Nemo repudiandae officiis explicabo sunt id nulla. Sit unde doloribus nisi nesciunt suscipit facere ut ratione. Vero aut animi velit non aut placeat. Est officia est dolores nobis. Velit tempore rem ab inventore similique. Rem doloribus eaque deleniti eaque dolores. Aut nihil perferendis esse cupiditate sit. Aliquid quia exercitationem ut ut quis ut.','unread','2023-05-28 21:30:02','2023-05-28 21:30:02'),(9,'Jaclyn Howe','luella71@example.com','1-424-951-8326','9746 Virginia Run\nDavidberg, MT 69433','Repellat quaerat consectetur neque quis.','Illum consequatur tenetur aliquid dolorum explicabo nesciunt et. Ipsam laborum quia sit et et. Laboriosam dolorem pariatur modi dicta aut voluptate vero omnis. Accusantium ea ut quia et ex ex nihil. Blanditiis nihil id aut et. Consequuntur mollitia et ea quasi et. Eum ipsa rerum deleniti beatae eligendi necessitatibus consectetur. Id ex et quia sint cupiditate. Dolor neque voluptatem sit iusto qui est.','unread','2023-05-28 21:30:02','2023-05-28 21:30:02'),(10,'Dr. Katharina Kuhn','ipfannerstill@example.net','+1.704.330.8203','54000 Spencer Unions\nPredovicberg, SD 06272-7116','Quisquam qui neque ipsum odit aliquam.','Saepe iure sit sint non eaque aut. Quis nesciunt aut ex amet. Modi voluptas rerum laborum voluptatem. Voluptas sit optio recusandae praesentium maxime pariatur. Error consequatur qui earum et ducimus possimus. In earum aperiam natus rerum a. Ut hic dolorem ratione eos enim quidem suscipit et. Dolorem id et temporibus ex amet reprehenderit. Aut fugit sed enim qui natus culpa animi. Id vitae eum atque sequi quis.','read','2023-05-28 21:30:02','2023-05-28 21:30:02');
/*!40000 ALTER TABLE `contacts` ENABLE KEYS */;
UNLOCK TABLES;

--
-- Table structure for table `countries`
--

DROP TABLE IF EXISTS `countries`;
/*!40101 SET @saved_cs_client     = @@character_set_client */;
/*!50503 SET character_set_client = utf8mb4 */;
CREATE TABLE `countries` (
  `id` bigint unsigned NOT NULL AUTO_INCREMENT,
  `name` varchar(120) COLLATE utf8mb4_unicode_ci NOT NULL,
  `nationality` varchar(120) CHARACTER SET utf8mb4 COLLATE utf8mb4_unicode_ci DEFAULT NULL,
  `order` tinyint NOT NULL DEFAULT '0',
  `is_default` tinyint unsigned NOT NULL DEFAULT '0',
  `status` varchar(60) COLLATE utf8mb4_unicode_ci NOT NULL DEFAULT 'published',
  `created_at` timestamp NULL DEFAULT NULL,
  `updated_at` timestamp NULL DEFAULT NULL,
  `code` varchar(10) COLLATE utf8mb4_unicode_ci DEFAULT NULL,
  PRIMARY KEY (`id`)
) ENGINE=InnoDB DEFAULT CHARSET=utf8mb4 COLLATE=utf8mb4_unicode_ci;
/*!40101 SET character_set_client = @saved_cs_client */;

--
-- Dumping data for table `countries`
--

LOCK TABLES `countries` WRITE;
/*!40000 ALTER TABLE `countries` DISABLE KEYS */;
/*!40000 ALTER TABLE `countries` ENABLE KEYS */;
UNLOCK TABLES;

--
-- Table structure for table `countries_translations`
--

DROP TABLE IF EXISTS `countries_translations`;
/*!40101 SET @saved_cs_client     = @@character_set_client */;
/*!50503 SET character_set_client = utf8mb4 */;
CREATE TABLE `countries_translations` (
  `lang_code` varchar(191) COLLATE utf8mb4_unicode_ci NOT NULL,
  `countries_id` bigint unsigned NOT NULL,
  `name` varchar(120) COLLATE utf8mb4_unicode_ci DEFAULT NULL,
  `nationality` varchar(120) COLLATE utf8mb4_unicode_ci DEFAULT NULL,
  PRIMARY KEY (`lang_code`,`countries_id`)
) ENGINE=InnoDB DEFAULT CHARSET=utf8mb4 COLLATE=utf8mb4_unicode_ci;
/*!40101 SET character_set_client = @saved_cs_client */;

--
-- Dumping data for table `countries_translations`
--

LOCK TABLES `countries_translations` WRITE;
/*!40000 ALTER TABLE `countries_translations` DISABLE KEYS */;
/*!40000 ALTER TABLE `countries_translations` ENABLE KEYS */;
UNLOCK TABLES;

--
-- Table structure for table `dashboard_widget_settings`
--

DROP TABLE IF EXISTS `dashboard_widget_settings`;
/*!40101 SET @saved_cs_client     = @@character_set_client */;
/*!50503 SET character_set_client = utf8mb4 */;
CREATE TABLE `dashboard_widget_settings` (
  `id` bigint unsigned NOT NULL AUTO_INCREMENT,
  `settings` text COLLATE utf8mb4_unicode_ci,
  `user_id` bigint unsigned NOT NULL,
  `widget_id` bigint unsigned NOT NULL,
  `order` tinyint unsigned NOT NULL DEFAULT '0',
  `status` tinyint unsigned NOT NULL DEFAULT '1',
  `created_at` timestamp NULL DEFAULT NULL,
  `updated_at` timestamp NULL DEFAULT NULL,
  PRIMARY KEY (`id`),
  KEY `dashboard_widget_settings_user_id_index` (`user_id`),
  KEY `dashboard_widget_settings_widget_id_index` (`widget_id`)
) ENGINE=InnoDB DEFAULT CHARSET=utf8mb4 COLLATE=utf8mb4_unicode_ci;
/*!40101 SET character_set_client = @saved_cs_client */;

--
-- Dumping data for table `dashboard_widget_settings`
--

LOCK TABLES `dashboard_widget_settings` WRITE;
/*!40000 ALTER TABLE `dashboard_widget_settings` DISABLE KEYS */;
/*!40000 ALTER TABLE `dashboard_widget_settings` ENABLE KEYS */;
UNLOCK TABLES;

--
-- Table structure for table `dashboard_widgets`
--

DROP TABLE IF EXISTS `dashboard_widgets`;
/*!40101 SET @saved_cs_client     = @@character_set_client */;
/*!50503 SET character_set_client = utf8mb4 */;
CREATE TABLE `dashboard_widgets` (
  `id` bigint unsigned NOT NULL AUTO_INCREMENT,
  `name` varchar(120) COLLATE utf8mb4_unicode_ci NOT NULL,
  `created_at` timestamp NULL DEFAULT NULL,
  `updated_at` timestamp NULL DEFAULT NULL,
  PRIMARY KEY (`id`)
) ENGINE=InnoDB DEFAULT CHARSET=utf8mb4 COLLATE=utf8mb4_unicode_ci;
/*!40101 SET character_set_client = @saved_cs_client */;

--
-- Dumping data for table `dashboard_widgets`
--

LOCK TABLES `dashboard_widgets` WRITE;
/*!40000 ALTER TABLE `dashboard_widgets` DISABLE KEYS */;
/*!40000 ALTER TABLE `dashboard_widgets` ENABLE KEYS */;
UNLOCK TABLES;

--
-- Table structure for table `ec_brands`
--

DROP TABLE IF EXISTS `ec_brands`;
/*!40101 SET @saved_cs_client     = @@character_set_client */;
/*!50503 SET character_set_client = utf8mb4 */;
CREATE TABLE `ec_brands` (
  `id` bigint unsigned NOT NULL AUTO_INCREMENT,
  `name` varchar(191) COLLATE utf8mb4_unicode_ci NOT NULL,
  `description` mediumtext COLLATE utf8mb4_unicode_ci,
  `website` varchar(255) COLLATE utf8mb4_unicode_ci DEFAULT NULL,
  `logo` varchar(255) COLLATE utf8mb4_unicode_ci DEFAULT NULL,
  `status` varchar(60) COLLATE utf8mb4_unicode_ci NOT NULL DEFAULT 'published',
  `order` tinyint unsigned NOT NULL DEFAULT '0',
  `is_featured` tinyint unsigned NOT NULL DEFAULT '0',
  `created_at` timestamp NULL DEFAULT NULL,
  `updated_at` timestamp NULL DEFAULT NULL,
  PRIMARY KEY (`id`)
) ENGINE=InnoDB AUTO_INCREMENT=6 DEFAULT CHARSET=utf8mb4 COLLATE=utf8mb4_unicode_ci;
/*!40101 SET character_set_client = @saved_cs_client */;

--
-- Dumping data for table `ec_brands`
--

LOCK TABLES `ec_brands` WRITE;
/*!40000 ALTER TABLE `ec_brands` DISABLE KEYS */;
INSERT INTO `ec_brands` VALUES (1,'FoodPound','New Snacks Release',NULL,'brands/1.png','published',0,1,'2023-05-28 21:29:51','2023-05-28 21:29:51'),(2,'iTea JSC','Happy Tea 100% Organic. From $29.9',NULL,'brands/2.png','published',1,1,'2023-05-28 21:29:51','2023-05-28 21:29:51'),(3,'Soda Brand','Fresh Meat Sausage. BUY 2 GET 1!',NULL,'brands/3.png','published',2,1,'2023-05-28 21:29:51','2023-05-28 21:29:51'),(4,'Farmart','Fresh Meat Sausage. BUY 2 GET 1!',NULL,'brands/4.png','published',3,1,'2023-05-28 21:29:51','2023-05-28 21:29:51'),(5,'Soda Brand','Fresh Meat Sausage. BUY 2 GET 1!',NULL,'brands/3.png','published',4,1,'2023-05-28 21:29:51','2023-05-28 21:29:51');
/*!40000 ALTER TABLE `ec_brands` ENABLE KEYS */;
UNLOCK TABLES;

--
-- Table structure for table `ec_brands_translations`
--

DROP TABLE IF EXISTS `ec_brands_translations`;
/*!40101 SET @saved_cs_client     = @@character_set_client */;
/*!50503 SET character_set_client = utf8mb4 */;
CREATE TABLE `ec_brands_translations` (
  `lang_code` varchar(191) COLLATE utf8mb4_unicode_ci NOT NULL,
  `ec_brands_id` bigint unsigned NOT NULL,
  `name` varchar(191) COLLATE utf8mb4_unicode_ci DEFAULT NULL,
  `description` varchar(191) COLLATE utf8mb4_unicode_ci DEFAULT NULL,
  PRIMARY KEY (`lang_code`,`ec_brands_id`)
) ENGINE=InnoDB DEFAULT CHARSET=utf8mb4 COLLATE=utf8mb4_unicode_ci;
/*!40101 SET character_set_client = @saved_cs_client */;

--
-- Dumping data for table `ec_brands_translations`
--

LOCK TABLES `ec_brands_translations` WRITE;
/*!40000 ALTER TABLE `ec_brands_translations` DISABLE KEYS */;
INSERT INTO `ec_brands_translations` VALUES ('vi',1,'FoodPound','New Snacks Release'),('vi',2,'iTea JSC','Happy Tea 100% Organic. From $29.9'),('vi',3,'Soda Brand','Fresh Meat Sausage. BUY 2 GET 1!'),('vi',4,'Farmart','Fresh Meat Sausage. BUY 2 GET 1!'),('vi',5,'Soda Brand','Fresh Meat Sausage. BUY 2 GET 1!');
/*!40000 ALTER TABLE `ec_brands_translations` ENABLE KEYS */;
UNLOCK TABLES;

--
-- Table structure for table `ec_cart`
--

DROP TABLE IF EXISTS `ec_cart`;
/*!40101 SET @saved_cs_client     = @@character_set_client */;
/*!50503 SET character_set_client = utf8mb4 */;
CREATE TABLE `ec_cart` (
  `identifier` varchar(60) COLLATE utf8mb4_unicode_ci NOT NULL,
  `instance` varchar(60) COLLATE utf8mb4_unicode_ci NOT NULL,
  `content` longtext COLLATE utf8mb4_unicode_ci NOT NULL,
  `created_at` timestamp NULL DEFAULT NULL,
  `updated_at` timestamp NULL DEFAULT NULL,
  PRIMARY KEY (`identifier`,`instance`)
) ENGINE=InnoDB DEFAULT CHARSET=utf8mb4 COLLATE=utf8mb4_unicode_ci;
/*!40101 SET character_set_client = @saved_cs_client */;

--
-- Dumping data for table `ec_cart`
--

LOCK TABLES `ec_cart` WRITE;
/*!40000 ALTER TABLE `ec_cart` DISABLE KEYS */;
/*!40000 ALTER TABLE `ec_cart` ENABLE KEYS */;
UNLOCK TABLES;

--
-- Table structure for table `ec_currencies`
--

DROP TABLE IF EXISTS `ec_currencies`;
/*!40101 SET @saved_cs_client     = @@character_set_client */;
/*!50503 SET character_set_client = utf8mb4 */;
CREATE TABLE `ec_currencies` (
  `id` bigint unsigned NOT NULL AUTO_INCREMENT,
  `title` varchar(191) COLLATE utf8mb4_unicode_ci NOT NULL,
  `symbol` varchar(10) COLLATE utf8mb4_unicode_ci NOT NULL,
  `is_prefix_symbol` tinyint unsigned NOT NULL DEFAULT '0',
  `decimals` tinyint unsigned DEFAULT '0',
  `order` int unsigned DEFAULT '0',
  `is_default` tinyint NOT NULL DEFAULT '0',
  `exchange_rate` double NOT NULL DEFAULT '1',
  `created_at` timestamp NULL DEFAULT NULL,
  `updated_at` timestamp NULL DEFAULT NULL,
  PRIMARY KEY (`id`)
) ENGINE=InnoDB AUTO_INCREMENT=4 DEFAULT CHARSET=utf8mb4 COLLATE=utf8mb4_unicode_ci;
/*!40101 SET character_set_client = @saved_cs_client */;

--
-- Dumping data for table `ec_currencies`
--

LOCK TABLES `ec_currencies` WRITE;
/*!40000 ALTER TABLE `ec_currencies` DISABLE KEYS */;
INSERT INTO `ec_currencies` VALUES (1,'USD','$',1,2,0,1,1,'2023-05-28 21:29:51','2023-05-28 21:29:51'),(2,'EUR','€',0,2,1,0,0.84,'2023-05-28 21:29:51','2023-05-28 21:29:51'),(3,'VND','₫',0,0,2,0,23203,'2023-05-28 21:29:51','2023-05-28 21:29:51');
/*!40000 ALTER TABLE `ec_currencies` ENABLE KEYS */;
UNLOCK TABLES;

--
-- Table structure for table `ec_customer_addresses`
--

DROP TABLE IF EXISTS `ec_customer_addresses`;
/*!40101 SET @saved_cs_client     = @@character_set_client */;
/*!50503 SET character_set_client = utf8mb4 */;
CREATE TABLE `ec_customer_addresses` (
  `id` bigint unsigned NOT NULL AUTO_INCREMENT,
  `name` varchar(191) COLLATE utf8mb4_unicode_ci NOT NULL,
  `email` varchar(60) COLLATE utf8mb4_unicode_ci DEFAULT NULL,
  `phone` varchar(20) CHARACTER SET utf8mb4 COLLATE utf8mb4_unicode_ci DEFAULT NULL,
  `country` varchar(120) COLLATE utf8mb4_unicode_ci DEFAULT NULL,
  `state` varchar(120) COLLATE utf8mb4_unicode_ci DEFAULT NULL,
  `city` varchar(120) COLLATE utf8mb4_unicode_ci DEFAULT NULL,
  `address` varchar(191) COLLATE utf8mb4_unicode_ci NOT NULL,
  `customer_id` bigint unsigned NOT NULL,
  `is_default` tinyint unsigned NOT NULL DEFAULT '0',
  `created_at` timestamp NULL DEFAULT NULL,
  `updated_at` timestamp NULL DEFAULT NULL,
  `zip_code` varchar(20) COLLATE utf8mb4_unicode_ci DEFAULT NULL,
  PRIMARY KEY (`id`)
) ENGINE=InnoDB AUTO_INCREMENT=13 DEFAULT CHARSET=utf8mb4 COLLATE=utf8mb4_unicode_ci;
/*!40101 SET character_set_client = @saved_cs_client */;

--
-- Dumping data for table `ec_customer_addresses`
--

LOCK TABLES `ec_customer_addresses` WRITE;
/*!40000 ALTER TABLE `ec_customer_addresses` DISABLE KEYS */;
INSERT INTO `ec_customer_addresses` VALUES (1,'Paris Bayer','customer@botble.com','+17622124387','BA','Pennsylvania','West Enriquebury','17181 Sarai Orchard',1,1,'2023-05-28 21:30:01','2023-05-28 21:30:01','32419'),(2,'Paris Bayer','customer@botble.com','+16156813836','HR','Pennsylvania','Anissachester','5801 Benjamin Stream',1,0,'2023-05-28 21:30:01','2023-05-28 21:30:01','99461'),(3,'Reed Beahan','vendor@botble.com','+13516504543','DE','Louisiana','West Assunta','61706 Agnes Stravenue Apt. 881',2,1,'2023-05-28 21:30:01','2023-05-28 21:30:01','14126'),(4,'Reed Beahan','vendor@botble.com','+15756652835','MG','West Virginia','New Maureenburgh','1494 Rau Gardens',2,0,'2023-05-28 21:30:01','2023-05-28 21:30:01','34841-0562'),(5,'Miss Dina Yundt','ohara.alene@example.com','+13478625507','CY','Montana','Luigiville','56032 Mante Isle',3,1,'2023-05-28 21:30:01','2023-05-28 21:30:01','45656-1101'),(6,'Precious Dietrich','rodriguez.jeramie@example.com','+13614512679','LK','Arizona','Valentinamouth','49058 Orn Glens Suite 808',4,1,'2023-05-28 21:30:01','2023-05-28 21:30:01','66795'),(7,'Jaylon Gislason','zoila.white@example.org','+14803038334','MH','Vermont','Kingberg','694 Flatley Pines Apt. 200',5,1,'2023-05-28 21:30:01','2023-05-28 21:30:01','14647'),(8,'Mr. Ethan Pouros I','williamson.friedrich@example.com','+15109426866','SA','Delaware','Franeckiville','33629 Hill Mission Suite 921',6,1,'2023-05-28 21:30:01','2023-05-28 21:30:01','16767-0480'),(9,'Clotilde Bartell','jailyn94@example.com','+16692869460','BN','Illinois','Lupeborough','92727 Kelsie Islands',7,1,'2023-05-28 21:30:01','2023-05-28 21:30:01','57361-8678'),(10,'Desmond Bradtke','matilda90@example.com','+15407135695','NO','Nebraska','West Keshawntown','3404 Hegmann Shoals Apt. 720',8,1,'2023-05-28 21:30:01','2023-05-28 21:30:01','25008-6081'),(11,'Carmine Keebler','owen.skiles@example.com','+16269195653','CY','New York','Port Jodiebury','80769 Baylee Mews',9,1,'2023-05-28 21:30:01','2023-05-28 21:30:01','83014'),(12,'Ahmad Sawayn','kboehm@example.org','+18435044935','KY','Washington','Julianneland','533 Orie Point Apt. 761',10,1,'2023-05-28 21:30:01','2023-05-28 21:30:01','98557');
/*!40000 ALTER TABLE `ec_customer_addresses` ENABLE KEYS */;
UNLOCK TABLES;

--
-- Table structure for table `ec_customer_password_resets`
--

DROP TABLE IF EXISTS `ec_customer_password_resets`;
/*!40101 SET @saved_cs_client     = @@character_set_client */;
/*!50503 SET character_set_client = utf8mb4 */;
CREATE TABLE `ec_customer_password_resets` (
  `email` varchar(191) COLLATE utf8mb4_unicode_ci NOT NULL,
  `token` varchar(191) COLLATE utf8mb4_unicode_ci NOT NULL,
  `created_at` timestamp NULL DEFAULT NULL,
  KEY `ec_customer_password_resets_email_index` (`email`),
  KEY `ec_customer_password_resets_token_index` (`token`)
) ENGINE=InnoDB DEFAULT CHARSET=utf8mb4 COLLATE=utf8mb4_unicode_ci;
/*!40101 SET character_set_client = @saved_cs_client */;

--
-- Dumping data for table `ec_customer_password_resets`
--

LOCK TABLES `ec_customer_password_resets` WRITE;
/*!40000 ALTER TABLE `ec_customer_password_resets` DISABLE KEYS */;
/*!40000 ALTER TABLE `ec_customer_password_resets` ENABLE KEYS */;
UNLOCK TABLES;

--
-- Table structure for table `ec_customer_recently_viewed_products`
--

DROP TABLE IF EXISTS `ec_customer_recently_viewed_products`;
/*!40101 SET @saved_cs_client     = @@character_set_client */;
/*!50503 SET character_set_client = utf8mb4 */;
CREATE TABLE `ec_customer_recently_viewed_products` (
  `id` bigint unsigned NOT NULL AUTO_INCREMENT,
  `customer_id` bigint unsigned NOT NULL,
  `product_id` bigint unsigned NOT NULL,
  PRIMARY KEY (`id`)
) ENGINE=InnoDB DEFAULT CHARSET=utf8mb4 COLLATE=utf8mb4_unicode_ci;
/*!40101 SET character_set_client = @saved_cs_client */;

--
-- Dumping data for table `ec_customer_recently_viewed_products`
--

LOCK TABLES `ec_customer_recently_viewed_products` WRITE;
/*!40000 ALTER TABLE `ec_customer_recently_viewed_products` DISABLE KEYS */;
/*!40000 ALTER TABLE `ec_customer_recently_viewed_products` ENABLE KEYS */;
UNLOCK TABLES;

--
-- Table structure for table `ec_customer_used_coupons`
--

DROP TABLE IF EXISTS `ec_customer_used_coupons`;
/*!40101 SET @saved_cs_client     = @@character_set_client */;
/*!50503 SET character_set_client = utf8mb4 */;
CREATE TABLE `ec_customer_used_coupons` (
  `discount_id` bigint unsigned NOT NULL,
  `customer_id` bigint unsigned NOT NULL,
  PRIMARY KEY (`discount_id`,`customer_id`)
) ENGINE=InnoDB DEFAULT CHARSET=utf8mb4 COLLATE=utf8mb4_unicode_ci;
/*!40101 SET character_set_client = @saved_cs_client */;

--
-- Dumping data for table `ec_customer_used_coupons`
--

LOCK TABLES `ec_customer_used_coupons` WRITE;
/*!40000 ALTER TABLE `ec_customer_used_coupons` DISABLE KEYS */;
/*!40000 ALTER TABLE `ec_customer_used_coupons` ENABLE KEYS */;
UNLOCK TABLES;

--
-- Table structure for table `ec_customers`
--

DROP TABLE IF EXISTS `ec_customers`;
/*!40101 SET @saved_cs_client     = @@character_set_client */;
/*!50503 SET character_set_client = utf8mb4 */;
CREATE TABLE `ec_customers` (
  `id` bigint unsigned NOT NULL AUTO_INCREMENT,
  `name` varchar(191) COLLATE utf8mb4_unicode_ci NOT NULL,
  `email` varchar(191) COLLATE utf8mb4_unicode_ci NOT NULL,
  `password` varchar(191) COLLATE utf8mb4_unicode_ci NOT NULL,
  `avatar` varchar(255) COLLATE utf8mb4_unicode_ci DEFAULT NULL,
  `dob` date DEFAULT NULL,
  `phone` varchar(25) COLLATE utf8mb4_unicode_ci DEFAULT NULL,
  `remember_token` varchar(100) COLLATE utf8mb4_unicode_ci DEFAULT NULL,
  `created_at` timestamp NULL DEFAULT NULL,
  `updated_at` timestamp NULL DEFAULT NULL,
  `confirmed_at` datetime DEFAULT NULL,
  `email_verify_token` varchar(120) COLLATE utf8mb4_unicode_ci DEFAULT NULL,
  `status` varchar(60) COLLATE utf8mb4_unicode_ci NOT NULL DEFAULT 'activated',
  `is_vendor` tinyint(1) NOT NULL DEFAULT '0',
  `vendor_verified_at` datetime DEFAULT NULL,
  PRIMARY KEY (`id`),
  UNIQUE KEY `ec_customers_email_unique` (`email`)
) ENGINE=InnoDB AUTO_INCREMENT=11 DEFAULT CHARSET=utf8mb4 COLLATE=utf8mb4_unicode_ci;
/*!40101 SET character_set_client = @saved_cs_client */;

--
-- Dumping data for table `ec_customers`
--

LOCK TABLES `ec_customers` WRITE;
/*!40000 ALTER TABLE `ec_customers` DISABLE KEYS */;
INSERT INTO `ec_customers` VALUES (1,'Paris Bayer','customer@botble.com','$2y$10$g9Ai3PiibzKhqL79N1BliOwl9WrM7xYIk6ExPXiK6iiAEJiueiNcW','customers/9.jpg','1974-05-02','+14456261587',NULL,'2023-05-28 21:30:01','2023-05-28 21:30:04','2023-05-29 04:30:01',NULL,'activated',1,'2023-05-29 04:30:04'),(2,'Reed Beahan','vendor@botble.com','$2y$10$PATp0IUiMb9aAYIe2Lw05egZLpabxb92jCsXvFcdmOXZXU641u41S','customers/8.jpg','1984-05-24','+14126512952',NULL,'2023-05-28 21:30:01','2023-05-28 21:30:04','2023-05-29 04:30:01',NULL,'activated',1,'2023-05-29 04:30:04'),(3,'Miss Dina Yundt','ohara.alene@example.com','$2y$10$QDcpwhoATwlROALae8Oo3u95ZQT4E5CmCUPpFVWtKY.ZB1lcR8Ttu','customers/1.jpg','1974-05-22','+16822151529',NULL,'2023-05-28 21:30:01','2023-05-28 21:30:04','2023-05-29 04:30:01',NULL,'activated',1,'2023-05-29 04:30:04'),(4,'Precious Dietrich','rodriguez.jeramie@example.com','$2y$10$MpDUVtrA9cva9qby/0nmOuFqtShN.LQe/QjeOX1jkRmzfDtWVNL4e','customers/2.jpg','1990-05-15','+13524552627',NULL,'2023-05-28 21:30:01','2023-05-28 21:30:04','2023-05-29 04:30:01',NULL,'activated',1,'2023-05-29 04:30:04'),(5,'Jaylon Gislason','zoila.white@example.org','$2y$10$dvQjr6sN78hq114GrsMxbOnbOkzd0tu3ZeEjoDazeoCHhBF66cNbC','customers/3.jpg','1997-05-02','+12486019557',NULL,'2023-05-28 21:30:01','2023-05-28 21:30:04','2023-05-29 04:30:01',NULL,'activated',1,'2023-05-29 04:30:04'),(6,'Mr. Ethan Pouros I','williamson.friedrich@example.com','$2y$10$tRmY0QCAqXtVv6HRipkNBe1pAobkzsvrEKYLB8Vq1RUZmiYwLQ.1G','customers/4.jpg','1973-05-13','+18433356659',NULL,'2023-05-28 21:30:01','2023-05-28 21:30:04','2023-05-29 04:30:01',NULL,'activated',1,'2023-05-29 04:30:04'),(7,'Clotilde Bartell','jailyn94@example.com','$2y$10$QihPEOG1wK662yesm91ndO/BGQZ3nY3wF7baVex725kvhBehQJnhi','customers/5.jpg','1976-05-09','+15807439340',NULL,'2023-05-28 21:30:01','2023-05-28 21:30:04','2023-05-29 04:30:01',NULL,'activated',1,'2023-05-29 04:30:04'),(8,'Desmond Bradtke','matilda90@example.com','$2y$10$T0o9LyJt2jILYwsrsCABnOxv/VI3wN0CK7cOTXQyQvyKbf1C6v.aq','customers/6.jpg','1978-05-17','+14842491791',NULL,'2023-05-28 21:30:01','2023-05-28 21:30:04','2023-05-29 04:30:01',NULL,'activated',1,'2023-05-29 04:30:04'),(9,'Carmine Keebler','owen.skiles@example.com','$2y$10$y5KDmmY/6ZL/wocOxhMSSevFpGx330PFqSBdXoZDEMo/cOPupUqCi','customers/7.jpg','1991-05-02','+17243191460',NULL,'2023-05-28 21:30:01','2023-05-28 21:30:04','2023-05-29 04:30:01',NULL,'activated',0,NULL),(10,'Ahmad Sawayn','kboehm@example.org','$2y$10$qV1BFfM6jADQT7ndVj8T0.ReWkYW3tAHhnrCYDPmnTeIiafpmq5oy','customers/8.jpg','1990-05-24','+15202647991',NULL,'2023-05-28 21:30:01','2023-05-28 21:30:04','2023-05-29 04:30:01',NULL,'activated',0,NULL);
/*!40000 ALTER TABLE `ec_customers` ENABLE KEYS */;
UNLOCK TABLES;

--
-- Table structure for table `ec_discount_customers`
--

DROP TABLE IF EXISTS `ec_discount_customers`;
/*!40101 SET @saved_cs_client     = @@character_set_client */;
/*!50503 SET character_set_client = utf8mb4 */;
CREATE TABLE `ec_discount_customers` (
  `discount_id` bigint unsigned NOT NULL,
  `customer_id` bigint unsigned NOT NULL,
  PRIMARY KEY (`discount_id`,`customer_id`)
) ENGINE=InnoDB DEFAULT CHARSET=utf8mb4 COLLATE=utf8mb4_unicode_ci;
/*!40101 SET character_set_client = @saved_cs_client */;

--
-- Dumping data for table `ec_discount_customers`
--

LOCK TABLES `ec_discount_customers` WRITE;
/*!40000 ALTER TABLE `ec_discount_customers` DISABLE KEYS */;
/*!40000 ALTER TABLE `ec_discount_customers` ENABLE KEYS */;
UNLOCK TABLES;

--
-- Table structure for table `ec_discount_product_collections`
--

DROP TABLE IF EXISTS `ec_discount_product_collections`;
/*!40101 SET @saved_cs_client     = @@character_set_client */;
/*!50503 SET character_set_client = utf8mb4 */;
CREATE TABLE `ec_discount_product_collections` (
  `discount_id` bigint unsigned NOT NULL,
  `product_collection_id` bigint unsigned NOT NULL,
  PRIMARY KEY (`discount_id`,`product_collection_id`)
) ENGINE=InnoDB DEFAULT CHARSET=utf8mb4 COLLATE=utf8mb4_unicode_ci;
/*!40101 SET character_set_client = @saved_cs_client */;

--
-- Dumping data for table `ec_discount_product_collections`
--

LOCK TABLES `ec_discount_product_collections` WRITE;
/*!40000 ALTER TABLE `ec_discount_product_collections` DISABLE KEYS */;
/*!40000 ALTER TABLE `ec_discount_product_collections` ENABLE KEYS */;
UNLOCK TABLES;

--
-- Table structure for table `ec_discount_products`
--

DROP TABLE IF EXISTS `ec_discount_products`;
/*!40101 SET @saved_cs_client     = @@character_set_client */;
/*!50503 SET character_set_client = utf8mb4 */;
CREATE TABLE `ec_discount_products` (
  `discount_id` bigint unsigned NOT NULL,
  `product_id` bigint unsigned NOT NULL,
  PRIMARY KEY (`discount_id`,`product_id`)
) ENGINE=InnoDB DEFAULT CHARSET=utf8mb4 COLLATE=utf8mb4_unicode_ci;
/*!40101 SET character_set_client = @saved_cs_client */;

--
-- Dumping data for table `ec_discount_products`
--

LOCK TABLES `ec_discount_products` WRITE;
/*!40000 ALTER TABLE `ec_discount_products` DISABLE KEYS */;
/*!40000 ALTER TABLE `ec_discount_products` ENABLE KEYS */;
UNLOCK TABLES;

--
-- Table structure for table `ec_discounts`
--

DROP TABLE IF EXISTS `ec_discounts`;
/*!40101 SET @saved_cs_client     = @@character_set_client */;
/*!50503 SET character_set_client = utf8mb4 */;
CREATE TABLE `ec_discounts` (
  `id` bigint unsigned NOT NULL AUTO_INCREMENT,
  `title` varchar(120) COLLATE utf8mb4_unicode_ci DEFAULT NULL,
  `code` varchar(20) COLLATE utf8mb4_unicode_ci DEFAULT NULL,
  `start_date` datetime DEFAULT NULL,
  `end_date` datetime DEFAULT NULL,
  `quantity` int DEFAULT NULL,
  `total_used` int unsigned NOT NULL DEFAULT '0',
  `value` double DEFAULT NULL,
  `type` varchar(60) COLLATE utf8mb4_unicode_ci DEFAULT 'coupon',
  `can_use_with_promotion` tinyint(1) NOT NULL DEFAULT '0',
  `discount_on` varchar(20) COLLATE utf8mb4_unicode_ci DEFAULT NULL,
  `product_quantity` int unsigned DEFAULT NULL,
  `type_option` varchar(100) COLLATE utf8mb4_unicode_ci NOT NULL DEFAULT 'amount',
  `target` varchar(100) COLLATE utf8mb4_unicode_ci NOT NULL DEFAULT 'all-orders',
  `min_order_price` decimal(15,2) DEFAULT NULL,
  `created_at` timestamp NULL DEFAULT NULL,
  `updated_at` timestamp NULL DEFAULT NULL,
  `store_id` bigint unsigned DEFAULT NULL,
  PRIMARY KEY (`id`),
  UNIQUE KEY `ec_discounts_code_unique` (`code`)
) ENGINE=InnoDB DEFAULT CHARSET=utf8mb4 COLLATE=utf8mb4_unicode_ci;
/*!40101 SET character_set_client = @saved_cs_client */;

--
-- Dumping data for table `ec_discounts`
--

LOCK TABLES `ec_discounts` WRITE;
/*!40000 ALTER TABLE `ec_discounts` DISABLE KEYS */;
/*!40000 ALTER TABLE `ec_discounts` ENABLE KEYS */;
UNLOCK TABLES;

--
-- Table structure for table `ec_flash_sale_products`
--

DROP TABLE IF EXISTS `ec_flash_sale_products`;
/*!40101 SET @saved_cs_client     = @@character_set_client */;
/*!50503 SET character_set_client = utf8mb4 */;
CREATE TABLE `ec_flash_sale_products` (
  `flash_sale_id` bigint unsigned NOT NULL,
  `product_id` bigint unsigned NOT NULL,
  `price` double unsigned DEFAULT NULL,
  `quantity` int unsigned DEFAULT NULL,
  `sold` int unsigned NOT NULL DEFAULT '0'
) ENGINE=InnoDB DEFAULT CHARSET=utf8mb4 COLLATE=utf8mb4_unicode_ci;
/*!40101 SET character_set_client = @saved_cs_client */;

--
-- Dumping data for table `ec_flash_sale_products`
--

LOCK TABLES `ec_flash_sale_products` WRITE;
/*!40000 ALTER TABLE `ec_flash_sale_products` DISABLE KEYS */;
INSERT INTO `ec_flash_sale_products` VALUES (1,1,47.3475,15,1),(1,2,14.985,17,3),(1,3,14.2,11,5),(1,4,438.48,15,4),(1,5,228.16,20,5),(1,6,388.45,12,3),(1,7,194.04,20,1),(1,8,457.758,19,5),(1,9,292.32,16,5),(1,10,371.58,6,2);
/*!40000 ALTER TABLE `ec_flash_sale_products` ENABLE KEYS */;
UNLOCK TABLES;

--
-- Table structure for table `ec_flash_sales`
--

DROP TABLE IF EXISTS `ec_flash_sales`;
/*!40101 SET @saved_cs_client     = @@character_set_client */;
/*!50503 SET character_set_client = utf8mb4 */;
CREATE TABLE `ec_flash_sales` (
  `id` bigint unsigned NOT NULL AUTO_INCREMENT,
  `name` varchar(255) COLLATE utf8mb4_unicode_ci NOT NULL,
  `end_date` datetime NOT NULL,
  `status` varchar(60) COLLATE utf8mb4_unicode_ci NOT NULL DEFAULT 'published',
  `created_at` timestamp NULL DEFAULT NULL,
  `updated_at` timestamp NULL DEFAULT NULL,
  PRIMARY KEY (`id`)
) ENGINE=InnoDB AUTO_INCREMENT=2 DEFAULT CHARSET=utf8mb4 COLLATE=utf8mb4_unicode_ci;
/*!40101 SET character_set_client = @saved_cs_client */;

--
-- Dumping data for table `ec_flash_sales`
--

LOCK TABLES `ec_flash_sales` WRITE;
/*!40000 ALTER TABLE `ec_flash_sales` DISABLE KEYS */;
INSERT INTO `ec_flash_sales` VALUES (1,'Winter Sale','2023-06-28 00:00:00','published','2023-05-28 21:30:02','2023-05-28 21:30:02');
/*!40000 ALTER TABLE `ec_flash_sales` ENABLE KEYS */;
UNLOCK TABLES;

--
-- Table structure for table `ec_flash_sales_translations`
--

DROP TABLE IF EXISTS `ec_flash_sales_translations`;
/*!40101 SET @saved_cs_client     = @@character_set_client */;
/*!50503 SET character_set_client = utf8mb4 */;
CREATE TABLE `ec_flash_sales_translations` (
  `lang_code` varchar(191) COLLATE utf8mb4_unicode_ci NOT NULL,
  `ec_flash_sales_id` bigint unsigned NOT NULL,
  `name` varchar(191) COLLATE utf8mb4_unicode_ci DEFAULT NULL,
  PRIMARY KEY (`lang_code`,`ec_flash_sales_id`)
) ENGINE=InnoDB DEFAULT CHARSET=utf8mb4 COLLATE=utf8mb4_unicode_ci;
/*!40101 SET character_set_client = @saved_cs_client */;

--
-- Dumping data for table `ec_flash_sales_translations`
--

LOCK TABLES `ec_flash_sales_translations` WRITE;
/*!40000 ALTER TABLE `ec_flash_sales_translations` DISABLE KEYS */;
INSERT INTO `ec_flash_sales_translations` VALUES ('vi',1,'Khuyến mãi mùa đông.');
/*!40000 ALTER TABLE `ec_flash_sales_translations` ENABLE KEYS */;
UNLOCK TABLES;

--
-- Table structure for table `ec_global_option_value`
--

DROP TABLE IF EXISTS `ec_global_option_value`;
/*!40101 SET @saved_cs_client     = @@character_set_client */;
/*!50503 SET character_set_client = utf8mb4 */;
CREATE TABLE `ec_global_option_value` (
  `option_id` bigint unsigned NOT NULL COMMENT 'option id',
  `id` bigint unsigned NOT NULL AUTO_INCREMENT,
  `option_value` tinytext COLLATE utf8mb4_unicode_ci COMMENT 'option value',
  `affect_price` double DEFAULT NULL COMMENT 'value of price of this option affect',
  `order` int NOT NULL DEFAULT '9999',
  `affect_type` tinyint NOT NULL DEFAULT '0' COMMENT '0. fixed 1. percent',
  `created_at` timestamp NULL DEFAULT NULL,
  `updated_at` timestamp NULL DEFAULT NULL,
  PRIMARY KEY (`id`)
) ENGINE=InnoDB AUTO_INCREMENT=13 DEFAULT CHARSET=utf8mb4 COLLATE=utf8mb4_unicode_ci;
/*!40101 SET character_set_client = @saved_cs_client */;

--
-- Dumping data for table `ec_global_option_value`
--

LOCK TABLES `ec_global_option_value` WRITE;
/*!40000 ALTER TABLE `ec_global_option_value` DISABLE KEYS */;
INSERT INTO `ec_global_option_value` VALUES (1,1,'1 Year',0,9999,0,'2023-05-28 21:30:03','2023-05-28 21:30:03'),(1,2,'2 Year',10,9999,0,'2023-05-28 21:30:03','2023-05-28 21:30:03'),(1,3,'3 Year',20,9999,0,'2023-05-28 21:30:03','2023-05-28 21:30:03'),(2,4,'4GB',0,9999,0,'2023-05-28 21:30:03','2023-05-28 21:30:03'),(2,5,'8GB',10,9999,0,'2023-05-28 21:30:03','2023-05-28 21:30:03'),(2,6,'16GB',20,9999,0,'2023-05-28 21:30:03','2023-05-28 21:30:03'),(3,7,'Core i5',0,9999,0,'2023-05-28 21:30:03','2023-05-28 21:30:03'),(3,8,'Core i7',10,9999,0,'2023-05-28 21:30:03','2023-05-28 21:30:03'),(3,9,'Core i9',20,9999,0,'2023-05-28 21:30:03','2023-05-28 21:30:03'),(4,10,'128GB',0,9999,0,'2023-05-28 21:30:03','2023-05-28 21:30:03'),(4,11,'256GB',10,9999,0,'2023-05-28 21:30:03','2023-05-28 21:30:03'),(4,12,'512GB',20,9999,0,'2023-05-28 21:30:03','2023-05-28 21:30:03');
/*!40000 ALTER TABLE `ec_global_option_value` ENABLE KEYS */;
UNLOCK TABLES;

--
-- Table structure for table `ec_global_option_value_translations`
--

DROP TABLE IF EXISTS `ec_global_option_value_translations`;
/*!40101 SET @saved_cs_client     = @@character_set_client */;
/*!50503 SET character_set_client = utf8mb4 */;
CREATE TABLE `ec_global_option_value_translations` (
  `lang_code` varchar(191) COLLATE utf8mb4_unicode_ci NOT NULL,
  `ec_global_option_value_id` bigint unsigned NOT NULL,
  `option_value` varchar(255) COLLATE utf8mb4_unicode_ci DEFAULT NULL,
  PRIMARY KEY (`lang_code`,`ec_global_option_value_id`)
) ENGINE=InnoDB DEFAULT CHARSET=utf8mb4 COLLATE=utf8mb4_unicode_ci;
/*!40101 SET character_set_client = @saved_cs_client */;

--
-- Dumping data for table `ec_global_option_value_translations`
--

LOCK TABLES `ec_global_option_value_translations` WRITE;
/*!40000 ALTER TABLE `ec_global_option_value_translations` DISABLE KEYS */;
/*!40000 ALTER TABLE `ec_global_option_value_translations` ENABLE KEYS */;
UNLOCK TABLES;

--
-- Table structure for table `ec_global_options`
--

DROP TABLE IF EXISTS `ec_global_options`;
/*!40101 SET @saved_cs_client     = @@character_set_client */;
/*!50503 SET character_set_client = utf8mb4 */;
CREATE TABLE `ec_global_options` (
  `id` bigint unsigned NOT NULL AUTO_INCREMENT,
  `name` varchar(191) COLLATE utf8mb4_unicode_ci NOT NULL COMMENT 'Name of options',
  `option_type` varchar(191) COLLATE utf8mb4_unicode_ci NOT NULL COMMENT 'option type',
  `required` tinyint(1) NOT NULL DEFAULT '0' COMMENT 'Checked if this option is required',
  `created_at` timestamp NULL DEFAULT NULL,
  `updated_at` timestamp NULL DEFAULT NULL,
  PRIMARY KEY (`id`)
) ENGINE=InnoDB AUTO_INCREMENT=5 DEFAULT CHARSET=utf8mb4 COLLATE=utf8mb4_unicode_ci;
/*!40101 SET character_set_client = @saved_cs_client */;

--
-- Dumping data for table `ec_global_options`
--

LOCK TABLES `ec_global_options` WRITE;
/*!40000 ALTER TABLE `ec_global_options` DISABLE KEYS */;
INSERT INTO `ec_global_options` VALUES (1,'Warranty','Botble\\Ecommerce\\Option\\OptionType\\RadioButton',1,'2023-05-28 21:30:03','2023-05-28 21:30:03'),(2,'RAM','Botble\\Ecommerce\\Option\\OptionType\\RadioButton',1,'2023-05-28 21:30:03','2023-05-28 21:30:03'),(3,'CPU','Botble\\Ecommerce\\Option\\OptionType\\RadioButton',1,'2023-05-28 21:30:03','2023-05-28 21:30:03'),(4,'HDD','Botble\\Ecommerce\\Option\\OptionType\\Dropdown',0,'2023-05-28 21:30:03','2023-05-28 21:30:03');
/*!40000 ALTER TABLE `ec_global_options` ENABLE KEYS */;
UNLOCK TABLES;

--
-- Table structure for table `ec_global_options_translations`
--

DROP TABLE IF EXISTS `ec_global_options_translations`;
/*!40101 SET @saved_cs_client     = @@character_set_client */;
/*!50503 SET character_set_client = utf8mb4 */;
CREATE TABLE `ec_global_options_translations` (
  `lang_code` varchar(191) COLLATE utf8mb4_unicode_ci NOT NULL,
  `ec_global_options_id` bigint unsigned NOT NULL,
  `name` varchar(255) COLLATE utf8mb4_unicode_ci DEFAULT NULL,
  PRIMARY KEY (`lang_code`,`ec_global_options_id`)
) ENGINE=InnoDB DEFAULT CHARSET=utf8mb4 COLLATE=utf8mb4_unicode_ci;
/*!40101 SET character_set_client = @saved_cs_client */;

--
-- Dumping data for table `ec_global_options_translations`
--

LOCK TABLES `ec_global_options_translations` WRITE;
/*!40000 ALTER TABLE `ec_global_options_translations` DISABLE KEYS */;
/*!40000 ALTER TABLE `ec_global_options_translations` ENABLE KEYS */;
UNLOCK TABLES;

--
-- Table structure for table `ec_grouped_products`
--

DROP TABLE IF EXISTS `ec_grouped_products`;
/*!40101 SET @saved_cs_client     = @@character_set_client */;
/*!50503 SET character_set_client = utf8mb4 */;
CREATE TABLE `ec_grouped_products` (
  `id` bigint unsigned NOT NULL AUTO_INCREMENT,
  `parent_product_id` bigint unsigned NOT NULL,
  `product_id` bigint unsigned NOT NULL,
  `fixed_qty` int NOT NULL DEFAULT '1',
  PRIMARY KEY (`id`)
) ENGINE=InnoDB DEFAULT CHARSET=utf8mb4 COLLATE=utf8mb4_unicode_ci;
/*!40101 SET character_set_client = @saved_cs_client */;

--
-- Dumping data for table `ec_grouped_products`
--

LOCK TABLES `ec_grouped_products` WRITE;
/*!40000 ALTER TABLE `ec_grouped_products` DISABLE KEYS */;
/*!40000 ALTER TABLE `ec_grouped_products` ENABLE KEYS */;
UNLOCK TABLES;

--
-- Table structure for table `ec_invoice_items`
--

DROP TABLE IF EXISTS `ec_invoice_items`;
/*!40101 SET @saved_cs_client     = @@character_set_client */;
/*!50503 SET character_set_client = utf8mb4 */;
CREATE TABLE `ec_invoice_items` (
  `id` bigint unsigned NOT NULL AUTO_INCREMENT,
  `invoice_id` bigint unsigned NOT NULL,
  `reference_type` varchar(191) COLLATE utf8mb4_unicode_ci NOT NULL,
  `reference_id` bigint unsigned NOT NULL,
  `name` varchar(191) COLLATE utf8mb4_unicode_ci NOT NULL,
  `description` varchar(191) COLLATE utf8mb4_unicode_ci DEFAULT NULL,
  `image` varchar(191) COLLATE utf8mb4_unicode_ci DEFAULT NULL,
  `qty` int unsigned NOT NULL,
  `price` decimal(15,2) NOT NULL DEFAULT '0.00',
  `sub_total` decimal(15,2) unsigned NOT NULL,
  `tax_amount` decimal(15,2) unsigned NOT NULL DEFAULT '0.00',
  `discount_amount` decimal(15,2) unsigned NOT NULL DEFAULT '0.00',
  `amount` decimal(15,2) unsigned NOT NULL,
  `options` text COLLATE utf8mb4_unicode_ci,
  `created_at` timestamp NULL DEFAULT NULL,
  `updated_at` timestamp NULL DEFAULT NULL,
  PRIMARY KEY (`id`),
  KEY `ec_invoice_items_reference_type_reference_id_index` (`reference_type`,`reference_id`)
) ENGINE=InnoDB AUTO_INCREMENT=55 DEFAULT CHARSET=utf8mb4 COLLATE=utf8mb4_unicode_ci;
/*!40101 SET character_set_client = @saved_cs_client */;

--
-- Dumping data for table `ec_invoice_items`
--

LOCK TABLES `ec_invoice_items` WRITE;
/*!40000 ALTER TABLE `ec_invoice_items` DISABLE KEYS */;
INSERT INTO `ec_invoice_items` VALUES (1,1,'Botble\\Ecommerce\\Models\\Product',128,'Vimto Squash Remix Apple 1.5 Litres',NULL,'products/24-2.jpg',2,599.00,1198.00,0.00,0.00,1198.00,'[]','2023-05-28 21:30:05','2023-05-28 21:30:05'),(2,2,'Botble\\Ecommerce\\Models\\Product',176,'Miko The Panda Water Bottle',NULL,'products/40-1.jpg',1,680.00,680.00,0.00,0.00,680.00,'[]','2023-05-28 21:30:05','2023-05-28 21:30:05'),(3,3,'Botble\\Ecommerce\\Models\\Product',96,'Xbox One Wireless Controller Black Color',NULL,'products/11-2.jpg',2,1281.00,2562.00,0.00,0.00,2562.00,'[]','2023-05-28 21:30:05','2023-05-28 21:30:05'),(4,4,'Botble\\Ecommerce\\Models\\Product',179,'Miko The Panda Water Bottle',NULL,'products/40.jpg',2,680.00,1360.00,0.00,0.00,1360.00,'[]','2023-05-28 21:30:05','2023-05-28 21:30:05'),(5,5,'Botble\\Ecommerce\\Models\\Product',247,'Province Piece Glass Drinking Glass (Digital)',NULL,'products/65.jpg',2,927.00,1854.00,0.00,0.00,1854.00,'[]','2023-05-28 21:30:05','2023-05-28 21:30:05'),(6,6,'Botble\\Ecommerce\\Models\\Product',128,'Vimto Squash Remix Apple 1.5 Litres',NULL,'products/24-2.jpg',3,599.00,1797.00,0.00,0.00,1797.00,'[]','2023-05-28 21:30:05','2023-05-28 21:30:05'),(7,7,'Botble\\Ecommerce\\Models\\Product',143,'Bar S – Classic Bun Length Franks',NULL,'products/30-1.jpg',3,891.00,2673.00,0.00,0.00,2673.00,'[]','2023-05-28 21:30:05','2023-05-28 21:30:05'),(8,8,'Botble\\Ecommerce\\Models\\Product',161,'Iceland Macaroni Cheese Traybake',NULL,'products/36-1.jpg',3,698.00,2094.00,0.00,0.00,2094.00,'[]','2023-05-28 21:30:05','2023-05-28 21:30:05'),(9,9,'Botble\\Ecommerce\\Models\\Product',202,'Coca-Cola Original Taste',NULL,'products/48-1.jpg',3,944.00,2832.00,0.00,0.00,2832.00,'[]','2023-05-28 21:30:05','2023-05-28 21:30:05'),(10,9,'Botble\\Ecommerce\\Models\\Product',235,'Iceland Soft Scoop Vanilla',NULL,'products/59-2.jpg',2,719.00,1438.00,0.00,0.00,1438.00,'[]','2023-05-28 21:30:05','2023-05-28 21:30:05'),(11,10,'Botble\\Ecommerce\\Models\\Product',125,'Ciate Palemore Lipstick Bold Red Color',NULL,'products/23-1.jpg',3,1172.00,3516.00,0.00,0.00,3516.00,'[]','2023-05-28 21:30:05','2023-05-28 21:30:05'),(12,11,'Botble\\Ecommerce\\Models\\Product',176,'Miko The Panda Water Bottle',NULL,'products/40-1.jpg',2,680.00,1360.00,0.00,0.00,1360.00,'[]','2023-05-28 21:30:05','2023-05-28 21:30:05'),(13,12,'Botble\\Ecommerce\\Models\\Product',209,'Aptamil Follow On Baby Milk',NULL,'products/51.jpg',2,1075.00,2150.00,0.00,0.00,2150.00,'[]','2023-05-28 21:30:05','2023-05-28 21:30:05'),(14,13,'Botble\\Ecommerce\\Models\\Product',135,'Soft Mochi &amp; Galeto Ice Cream',NULL,'products/27.jpg',1,1291.00,1291.00,0.00,0.00,1291.00,'[]','2023-05-28 21:30:05','2023-05-28 21:30:05'),(15,14,'Botble\\Ecommerce\\Models\\Product',235,'Iceland Soft Scoop Vanilla',NULL,'products/59-2.jpg',3,719.00,2157.00,0.00,0.00,2157.00,'[]','2023-05-28 21:30:05','2023-05-28 21:30:05'),(16,15,'Botble\\Ecommerce\\Models\\Product',202,'Coca-Cola Original Taste',NULL,'products/48-1.jpg',2,944.00,1888.00,0.00,0.00,1888.00,'[]','2023-05-28 21:30:05','2023-05-28 21:30:05'),(17,16,'Botble\\Ecommerce\\Models\\Product',220,'Honest Organic Still Lemonade',NULL,'products/55.jpg',2,516.00,1032.00,0.00,0.00,1032.00,'[]','2023-05-28 21:30:05','2023-05-28 21:30:05'),(18,17,'Botble\\Ecommerce\\Models\\Product',67,'Dual Camera 20MP (Digital)',NULL,'products/1.jpg',1,80.25,80.25,0.00,0.00,80.25,'[]','2023-05-28 21:30:05','2023-05-28 21:30:05'),(19,18,'Botble\\Ecommerce\\Models\\Product',86,'Smart Televisions',NULL,'products/8-2.jpg',3,1211.00,3633.00,0.00,0.00,3633.00,'[]','2023-05-28 21:30:05','2023-05-28 21:30:05'),(20,19,'Botble\\Ecommerce\\Models\\Product',196,'Bottled Pure Water 500ml',NULL,'products/46.jpg',2,889.00,1778.00,0.00,0.00,1778.00,'[]','2023-05-28 21:30:05','2023-05-28 21:30:05'),(21,20,'Botble\\Ecommerce\\Models\\Product',67,'Dual Camera 20MP (Digital)',NULL,'products/1.jpg',1,80.25,80.25,0.00,0.00,80.25,'[]','2023-05-28 21:30:05','2023-05-28 21:30:05'),(22,21,'Botble\\Ecommerce\\Models\\Product',227,'Iceland 6 Hot Cross Buns (Digital)',NULL,'products/57.jpg',3,539.00,1617.00,0.00,0.00,1617.00,'[]','2023-05-28 21:30:05','2023-05-28 21:30:05'),(23,22,'Botble\\Ecommerce\\Models\\Product',88,'Samsung Smart Phone (Digital)',NULL,'products/9-1.jpg',1,522.00,522.00,0.00,0.00,522.00,'[]','2023-05-28 21:30:05','2023-05-28 21:30:05'),(24,23,'Botble\\Ecommerce\\Models\\Product',151,'Häagen-Dazs Salted Caramel (Digital)',NULL,'products/33-2.jpg',2,598.00,1196.00,0.00,0.00,1196.00,'[]','2023-05-28 21:30:05','2023-05-28 21:30:05'),(25,24,'Botble\\Ecommerce\\Models\\Product',215,'Hobnobs The Nobbly Biscuit',NULL,'products/54-1.jpg',3,766.00,2298.00,0.00,0.00,2298.00,'[]','2023-05-28 21:30:05','2023-05-28 21:30:05'),(26,25,'Botble\\Ecommerce\\Models\\Product',78,'Nikon HD camera',NULL,'products/6.jpg',2,457.00,914.00,0.00,0.00,914.00,'[]','2023-05-28 21:30:06','2023-05-28 21:30:06'),(27,25,'Botble\\Ecommerce\\Models\\Product',129,'Crock Pot Slow Cooker (Digital)',NULL,'products/25.jpg',3,825.00,2475.00,0.00,0.00,2475.00,'[]','2023-05-28 21:30:06','2023-05-28 21:30:06'),(28,25,'Botble\\Ecommerce\\Models\\Product',170,'Sitema BakeIT Plastic Box',NULL,'products/38-1.jpg',2,922.00,1844.00,0.00,0.00,1844.00,'[]','2023-05-28 21:30:06','2023-05-28 21:30:06'),(29,26,'Botble\\Ecommerce\\Models\\Product',172,'Wayfair Basics Dinner Plate Storage',NULL,'products/39-1.jpg',2,923.00,1846.00,0.00,0.00,1846.00,'[]','2023-05-28 21:30:06','2023-05-28 21:30:06'),(30,27,'Botble\\Ecommerce\\Models\\Product',134,'Soft Mochi &amp; Galeto Ice Cream',NULL,'products/27-1.jpg',1,1291.00,1291.00,0.00,0.00,1291.00,'[]','2023-05-28 21:30:06','2023-05-28 21:30:06'),(31,27,'Botble\\Ecommerce\\Models\\Product',181,'Sesame Seed Bread (Digital)',NULL,'products/41-1.jpg',2,1024.00,2048.00,0.00,0.00,2048.00,'[]','2023-05-28 21:30:06','2023-05-28 21:30:06'),(32,28,'Botble\\Ecommerce\\Models\\Product',203,'Coca-Cola Original Taste',NULL,'products/48-2.jpg',1,944.00,944.00,0.00,0.00,944.00,'[]','2023-05-28 21:30:06','2023-05-28 21:30:06'),(33,29,'Botble\\Ecommerce\\Models\\Product',210,'Aptamil Follow On Baby Milk',NULL,'products/51.jpg',3,1075.00,3225.00,0.00,0.00,3225.00,'[]','2023-05-28 21:30:06','2023-05-28 21:30:06'),(34,30,'Botble\\Ecommerce\\Models\\Product',174,'Wayfair Basics Dinner Plate Storage',NULL,'products/39.jpg',3,923.00,2769.00,0.00,0.00,2769.00,'[]','2023-05-28 21:30:06','2023-05-28 21:30:06'),(35,31,'Botble\\Ecommerce\\Models\\Product',201,'Coca-Cola Original Taste',NULL,'products/48.jpg',3,944.00,2832.00,0.00,0.00,2832.00,'[]','2023-05-28 21:30:06','2023-05-28 21:30:06'),(36,32,'Botble\\Ecommerce\\Models\\Product',121,'Baxter Care Hair Kit For Bearded Mens',NULL,'products/22-1.jpg',2,620.00,1240.00,0.00,0.00,1240.00,'[]','2023-05-28 21:30:06','2023-05-28 21:30:06'),(37,32,'Botble\\Ecommerce\\Models\\Product',165,'Dolmio Bolognese Pasta Sauce (Digital)',NULL,'products/37-1.jpg',1,769.00,769.00,0.00,0.00,769.00,'[]','2023-05-28 21:30:06','2023-05-28 21:30:06'),(38,33,'Botble\\Ecommerce\\Models\\Product',124,'Ciate Palemore Lipstick Bold Red Color',NULL,'products/23.jpg',1,1172.00,1172.00,0.00,0.00,1172.00,'[]','2023-05-28 21:30:06','2023-05-28 21:30:06'),(39,34,'Botble\\Ecommerce\\Models\\Product',219,'Honest Organic Still Lemonade',NULL,'products/55-2.jpg',2,516.00,1032.00,0.00,0.00,1032.00,'[]','2023-05-28 21:30:06','2023-05-28 21:30:06'),(40,35,'Botble\\Ecommerce\\Models\\Product',107,'Samsung Gear VR Virtual Reality Headset (Digital)',NULL,'products/17.jpg',1,590.00,590.00,0.00,0.00,590.00,'[]','2023-05-28 21:30:06','2023-05-28 21:30:06'),(41,36,'Botble\\Ecommerce\\Models\\Product',118,'NYX Beauty Couton Pallete Makeup 12',NULL,'products/20-2.jpg',3,785.00,2355.00,0.00,0.00,2355.00,'[]','2023-05-28 21:30:06','2023-05-28 21:30:06'),(42,37,'Botble\\Ecommerce\\Models\\Product',114,'NYX Beauty Couton Pallete Makeup 12',NULL,'products/19-2.jpg',3,1193.00,3579.00,0.00,0.00,3579.00,'[]','2023-05-28 21:30:06','2023-05-28 21:30:06'),(43,38,'Botble\\Ecommerce\\Models\\Product',200,'Famart Farmhouse Soft White',NULL,'products/47-1.jpg',3,1156.00,3468.00,0.00,0.00,3468.00,'[]','2023-05-28 21:30:06','2023-05-28 21:30:06'),(44,39,'Botble\\Ecommerce\\Models\\Product',68,'Dual Camera 20MP (Digital)',NULL,'products/1.jpg',1,80.25,80.25,0.00,0.00,80.25,'[]','2023-05-28 21:30:07','2023-05-28 21:30:07'),(45,40,'Botble\\Ecommerce\\Models\\Product',123,'Baxter Care Hair Kit For Bearded Mens',NULL,'products/22-3.jpg',2,620.00,1240.00,0.00,0.00,1240.00,'[]','2023-05-28 21:30:07','2023-05-28 21:30:07'),(46,41,'Botble\\Ecommerce\\Models\\Product',158,'Extreme Budweiser Light Can',NULL,'products/35.jpg',1,1003.00,1003.00,0.00,0.00,1003.00,'[]','2023-05-28 21:30:07','2023-05-28 21:30:07'),(47,42,'Botble\\Ecommerce\\Models\\Product',195,'Maxwell House Classic Roast Mocha (Digital)',NULL,'products/45-1.jpg',3,994.00,2982.00,0.00,0.00,2982.00,'[]','2023-05-28 21:30:07','2023-05-28 21:30:07'),(48,43,'Botble\\Ecommerce\\Models\\Product',81,'Nikon HD camera',NULL,'products/6.jpg',1,457.00,457.00,0.00,0.00,457.00,'[]','2023-05-28 21:30:07','2023-05-28 21:30:07'),(49,43,'Botble\\Ecommerce\\Models\\Product',196,'Bottled Pure Water 500ml',NULL,'products/46.jpg',1,889.00,889.00,0.00,0.00,889.00,'[]','2023-05-28 21:30:07','2023-05-28 21:30:07'),(50,44,'Botble\\Ecommerce\\Models\\Product',100,'Sound Intone I65 Earphone White Version (Digital)',NULL,'products/13.jpg',2,553.00,1106.00,0.00,0.00,1106.00,'[]','2023-05-28 21:30:07','2023-05-28 21:30:07'),(51,45,'Botble\\Ecommerce\\Models\\Product',170,'Sitema BakeIT Plastic Box',NULL,'products/38-1.jpg',3,922.00,2766.00,0.00,0.00,2766.00,'[]','2023-05-28 21:30:07','2023-05-28 21:30:07'),(52,46,'Botble\\Ecommerce\\Models\\Product',172,'Wayfair Basics Dinner Plate Storage',NULL,'products/39-1.jpg',3,923.00,2769.00,0.00,0.00,2769.00,'[]','2023-05-28 21:30:07','2023-05-28 21:30:07'),(53,47,'Botble\\Ecommerce\\Models\\Product',82,'Audio Equipment',NULL,'products/7.jpg',1,539.00,539.00,0.00,0.00,539.00,'[]','2023-05-28 21:30:07','2023-05-28 21:30:07'),(54,48,'Botble\\Ecommerce\\Models\\Product',149,'Häagen-Dazs Salted Caramel (Digital)',NULL,'products/33.jpg',3,598.00,1794.00,0.00,0.00,1794.00,'[]','2023-05-28 21:30:07','2023-05-28 21:30:07');
/*!40000 ALTER TABLE `ec_invoice_items` ENABLE KEYS */;
UNLOCK TABLES;

--
-- Table structure for table `ec_invoices`
--

DROP TABLE IF EXISTS `ec_invoices`;
/*!40101 SET @saved_cs_client     = @@character_set_client */;
/*!50503 SET character_set_client = utf8mb4 */;
CREATE TABLE `ec_invoices` (
  `id` bigint unsigned NOT NULL AUTO_INCREMENT,
  `reference_type` varchar(191) COLLATE utf8mb4_unicode_ci NOT NULL,
  `reference_id` bigint unsigned NOT NULL,
  `code` varchar(191) COLLATE utf8mb4_unicode_ci NOT NULL,
  `customer_name` varchar(191) COLLATE utf8mb4_unicode_ci DEFAULT NULL,
  `company_name` varchar(191) COLLATE utf8mb4_unicode_ci DEFAULT NULL,
  `company_logo` varchar(191) COLLATE utf8mb4_unicode_ci DEFAULT NULL,
  `customer_email` varchar(191) COLLATE utf8mb4_unicode_ci DEFAULT NULL,
  `customer_phone` varchar(191) COLLATE utf8mb4_unicode_ci DEFAULT NULL,
  `customer_address` varchar(191) COLLATE utf8mb4_unicode_ci DEFAULT NULL,
  `customer_tax_id` varchar(191) COLLATE utf8mb4_unicode_ci DEFAULT NULL,
  `sub_total` decimal(15,2) unsigned NOT NULL,
  `tax_amount` decimal(15,2) unsigned NOT NULL DEFAULT '0.00',
  `shipping_amount` decimal(15,2) unsigned NOT NULL DEFAULT '0.00',
  `discount_amount` decimal(15,2) unsigned NOT NULL DEFAULT '0.00',
  `shipping_option` varchar(60) COLLATE utf8mb4_unicode_ci DEFAULT NULL,
  `shipping_method` varchar(60) COLLATE utf8mb4_unicode_ci NOT NULL DEFAULT 'default',
  `coupon_code` varchar(120) COLLATE utf8mb4_unicode_ci DEFAULT NULL,
  `discount_description` varchar(255) COLLATE utf8mb4_unicode_ci DEFAULT NULL,
  `amount` decimal(15,2) unsigned NOT NULL,
  `description` text COLLATE utf8mb4_unicode_ci,
  `payment_id` bigint unsigned DEFAULT NULL,
  `status` varchar(191) COLLATE utf8mb4_unicode_ci NOT NULL DEFAULT 'pending',
  `paid_at` timestamp NULL DEFAULT NULL,
  `created_at` timestamp NULL DEFAULT NULL,
  `updated_at` timestamp NULL DEFAULT NULL,
  PRIMARY KEY (`id`),
  UNIQUE KEY `ec_invoices_code_unique` (`code`),
  KEY `ec_invoices_reference_type_reference_id_index` (`reference_type`,`reference_id`),
  KEY `ec_invoices_payment_id_index` (`payment_id`),
  KEY `ec_invoices_status_index` (`status`)
) ENGINE=InnoDB AUTO_INCREMENT=49 DEFAULT CHARSET=utf8mb4 COLLATE=utf8mb4_unicode_ci;
/*!40101 SET character_set_client = @saved_cs_client */;

--
-- Dumping data for table `ec_invoices`
--

LOCK TABLES `ec_invoices` WRITE;
/*!40000 ALTER TABLE `ec_invoices` DISABLE KEYS */;
INSERT INTO `ec_invoices` VALUES (1,'Botble\\Ecommerce\\Models\\Order',1,'INV-1','Ahmad Sawayn','',NULL,'kboehm@example.org','+18435044935','533 Orie Point Apt. 761, Julianneland, Washington, KY',NULL,1198.00,0.00,0.00,0.00,'1','default',NULL,NULL,1198.00,NULL,1,'pending',NULL,'2023-05-17 05:30:05','2023-05-28 21:30:05'),(2,'Botble\\Ecommerce\\Models\\Order',2,'INV-2','Ahmad Sawayn','',NULL,'kboehm@example.org','+18435044935','533 Orie Point Apt. 761, Julianneland, Washington, KY',NULL,680.00,0.00,0.00,0.00,'1','default',NULL,NULL,680.00,NULL,2,'completed','2023-05-28 21:30:05','2023-05-13 21:30:05','2023-05-28 21:30:05'),(3,'Botble\\Ecommerce\\Models\\Order',3,'INV-3','Carmine Keebler','',NULL,'owen.skiles@example.com','+16269195653','80769 Baylee Mews, Port Jodiebury, New York, CY',NULL,2562.00,0.00,0.00,0.00,'1','default',NULL,NULL,2562.00,NULL,3,'pending',NULL,'2023-05-22 13:30:05','2023-05-28 21:30:05'),(4,'Botble\\Ecommerce\\Models\\Order',4,'INV-4','Carmine Keebler','',NULL,'owen.skiles@example.com','+16269195653','80769 Baylee Mews, Port Jodiebury, New York, CY',NULL,1360.00,0.00,0.00,0.00,'1','default',NULL,NULL,1360.00,NULL,4,'completed','2023-05-28 21:30:05','2023-05-17 19:30:05','2023-05-28 21:30:05'),(5,'Botble\\Ecommerce\\Models\\Order',5,'INV-5','Carmine Keebler','',NULL,'owen.skiles@example.com','+16269195653','80769 Baylee Mews, Port Jodiebury, New York, CY',NULL,1854.00,0.00,0.00,0.00,NULL,'',NULL,NULL,1854.00,NULL,5,'pending',NULL,'2023-05-19 09:30:05','2023-05-28 21:30:05'),(6,'Botble\\Ecommerce\\Models\\Order',6,'INV-6','Ahmad Sawayn','',NULL,'kboehm@example.org','+18435044935','533 Orie Point Apt. 761, Julianneland, Washington, KY',NULL,1797.00,0.00,0.00,0.00,'1','default',NULL,NULL,1797.00,NULL,6,'completed','2023-05-28 21:30:05','2023-05-18 09:30:05','2023-05-28 21:30:05'),(7,'Botble\\Ecommerce\\Models\\Order',7,'INV-7','Ahmad Sawayn','',NULL,'kboehm@example.org','+18435044935','533 Orie Point Apt. 761, Julianneland, Washington, KY',NULL,2673.00,0.00,0.00,0.00,'1','default',NULL,NULL,2673.00,NULL,7,'completed','2023-05-28 21:30:05','2023-05-27 09:30:05','2023-05-28 21:30:05'),(8,'Botble\\Ecommerce\\Models\\Order',8,'INV-8','Ahmad Sawayn','',NULL,'kboehm@example.org','+18435044935','533 Orie Point Apt. 761, Julianneland, Washington, KY',NULL,2094.00,0.00,0.00,0.00,'1','default',NULL,NULL,2094.00,NULL,8,'completed','2023-05-28 21:30:05','2023-05-14 17:30:05','2023-05-28 21:30:05'),(9,'Botble\\Ecommerce\\Models\\Order',9,'INV-9','Ahmad Sawayn','',NULL,'kboehm@example.org','+18435044935','533 Orie Point Apt. 761, Julianneland, Washington, KY',NULL,4270.00,0.00,0.00,0.00,'1','default',NULL,NULL,4270.00,NULL,9,'pending',NULL,'2023-05-21 19:30:05','2023-05-28 21:30:05'),(10,'Botble\\Ecommerce\\Models\\Order',10,'INV-10','Carmine Keebler','',NULL,'owen.skiles@example.com','+16269195653','80769 Baylee Mews, Port Jodiebury, New York, CY',NULL,3516.00,0.00,0.00,0.00,'1','default',NULL,NULL,3516.00,NULL,10,'completed','2023-05-28 21:30:05','2023-05-26 05:30:05','2023-05-28 21:30:05'),(11,'Botble\\Ecommerce\\Models\\Order',11,'INV-11','Carmine Keebler','',NULL,'owen.skiles@example.com','+16269195653','80769 Baylee Mews, Port Jodiebury, New York, CY',NULL,1360.00,0.00,0.00,0.00,'1','default',NULL,NULL,1360.00,NULL,11,'completed','2023-05-28 21:30:05','2023-05-18 05:30:05','2023-05-28 21:30:05'),(12,'Botble\\Ecommerce\\Models\\Order',12,'INV-12','Carmine Keebler','',NULL,'owen.skiles@example.com','+16269195653','80769 Baylee Mews, Port Jodiebury, New York, CY',NULL,2150.00,0.00,0.00,0.00,'1','default',NULL,NULL,2150.00,NULL,12,'completed','2023-05-28 21:30:05','2023-05-19 13:30:05','2023-05-28 21:30:05'),(13,'Botble\\Ecommerce\\Models\\Order',13,'INV-13','Carmine Keebler','',NULL,'owen.skiles@example.com','+16269195653','80769 Baylee Mews, Port Jodiebury, New York, CY',NULL,1291.00,0.00,0.00,0.00,'1','default',NULL,NULL,1291.00,NULL,13,'completed','2023-05-28 21:30:05','2023-05-26 09:30:05','2023-05-28 21:30:05'),(14,'Botble\\Ecommerce\\Models\\Order',14,'INV-14','Carmine Keebler','',NULL,'owen.skiles@example.com','+16269195653','80769 Baylee Mews, Port Jodiebury, New York, CY',NULL,2157.00,0.00,0.00,0.00,'1','default',NULL,NULL,2157.00,NULL,14,'completed','2023-05-28 21:30:05','2023-05-18 21:30:05','2023-05-28 21:30:05'),(15,'Botble\\Ecommerce\\Models\\Order',15,'INV-15','Ahmad Sawayn','',NULL,'kboehm@example.org','+18435044935','533 Orie Point Apt. 761, Julianneland, Washington, KY',NULL,1888.00,0.00,0.00,0.00,'1','default',NULL,NULL,1888.00,NULL,15,'completed','2023-05-28 21:30:05','2023-05-23 01:30:05','2023-05-28 21:30:05'),(16,'Botble\\Ecommerce\\Models\\Order',16,'INV-16','Ahmad Sawayn','',NULL,'kboehm@example.org','+18435044935','533 Orie Point Apt. 761, Julianneland, Washington, KY',NULL,1032.00,0.00,0.00,0.00,'1','default',NULL,NULL,1032.00,NULL,16,'completed','2023-05-28 21:30:05','2023-05-18 09:30:05','2023-05-28 21:30:05'),(17,'Botble\\Ecommerce\\Models\\Order',17,'INV-17','Carmine Keebler','',NULL,'owen.skiles@example.com','+16269195653','80769 Baylee Mews, Port Jodiebury, New York, CY',NULL,80.25,0.00,0.00,0.00,NULL,'',NULL,NULL,80.25,NULL,17,'pending',NULL,'2023-05-23 11:30:05','2023-05-28 21:30:05'),(18,'Botble\\Ecommerce\\Models\\Order',18,'INV-18','Carmine Keebler','',NULL,'owen.skiles@example.com','+16269195653','80769 Baylee Mews, Port Jodiebury, New York, CY',NULL,3633.00,0.00,0.00,0.00,'1','default',NULL,NULL,3633.00,NULL,18,'completed','2023-05-28 21:30:05','2023-05-19 03:30:05','2023-05-28 21:30:05'),(19,'Botble\\Ecommerce\\Models\\Order',19,'INV-19','Carmine Keebler','',NULL,'owen.skiles@example.com','+16269195653','80769 Baylee Mews, Port Jodiebury, New York, CY',NULL,1778.00,0.00,0.00,0.00,'1','default',NULL,NULL,1778.00,NULL,19,'completed','2023-05-28 21:30:05','2023-05-26 17:30:05','2023-05-28 21:30:05'),(20,'Botble\\Ecommerce\\Models\\Order',20,'INV-20','Ahmad Sawayn','',NULL,'kboehm@example.org','+18435044935','533 Orie Point Apt. 761, Julianneland, Washington, KY',NULL,80.25,0.00,0.00,0.00,NULL,'',NULL,NULL,80.25,NULL,20,'completed','2023-05-28 21:30:05','2023-05-26 21:30:05','2023-05-28 21:30:05'),(21,'Botble\\Ecommerce\\Models\\Order',21,'INV-21','Ahmad Sawayn','',NULL,'kboehm@example.org','+18435044935','533 Orie Point Apt. 761, Julianneland, Washington, KY',NULL,1617.00,0.00,0.00,0.00,NULL,'',NULL,NULL,1617.00,NULL,21,'pending',NULL,'2023-05-23 21:30:05','2023-05-28 21:30:05'),(22,'Botble\\Ecommerce\\Models\\Order',22,'INV-22','Carmine Keebler','',NULL,'owen.skiles@example.com','+16269195653','80769 Baylee Mews, Port Jodiebury, New York, CY',NULL,522.00,0.00,0.00,0.00,NULL,'',NULL,NULL,522.00,NULL,22,'completed','2023-05-28 21:30:05','2023-05-27 01:30:05','2023-05-28 21:30:05'),(23,'Botble\\Ecommerce\\Models\\Order',23,'INV-23','Carmine Keebler','',NULL,'owen.skiles@example.com','+16269195653','80769 Baylee Mews, Port Jodiebury, New York, CY',NULL,1196.00,0.00,0.00,0.00,NULL,'',NULL,NULL,1196.00,NULL,23,'pending',NULL,'2023-05-24 07:30:05','2023-05-28 21:30:05'),(24,'Botble\\Ecommerce\\Models\\Order',24,'INV-24','Carmine Keebler','',NULL,'owen.skiles@example.com','+16269195653','80769 Baylee Mews, Port Jodiebury, New York, CY',NULL,2298.00,0.00,0.00,0.00,'1','default',NULL,NULL,2298.00,NULL,24,'completed','2023-05-28 21:30:05','2023-05-26 03:30:05','2023-05-28 21:30:05'),(25,'Botble\\Ecommerce\\Models\\Order',25,'INV-25','Ahmad Sawayn','',NULL,'kboehm@example.org','+18435044935','533 Orie Point Apt. 761, Julianneland, Washington, KY',NULL,5233.00,0.00,0.00,0.00,'1','default',NULL,NULL,5233.00,NULL,25,'pending',NULL,'2023-05-23 01:30:06','2023-05-28 21:30:06'),(26,'Botble\\Ecommerce\\Models\\Order',26,'INV-26','Ahmad Sawayn','',NULL,'kboehm@example.org','+18435044935','533 Orie Point Apt. 761, Julianneland, Washington, KY',NULL,1846.00,0.00,0.00,0.00,'1','default',NULL,NULL,1846.00,NULL,26,'completed','2023-05-28 21:30:06','2023-05-27 05:30:06','2023-05-28 21:30:06'),(27,'Botble\\Ecommerce\\Models\\Order',27,'INV-27','Ahmad Sawayn','',NULL,'kboehm@example.org','+18435044935','533 Orie Point Apt. 761, Julianneland, Washington, KY',NULL,3339.00,0.00,0.00,0.00,'1','default',NULL,NULL,3339.00,NULL,27,'pending',NULL,'2023-05-24 09:30:06','2023-05-28 21:30:06'),(28,'Botble\\Ecommerce\\Models\\Order',28,'INV-28','Ahmad Sawayn','',NULL,'kboehm@example.org','+18435044935','533 Orie Point Apt. 761, Julianneland, Washington, KY',NULL,944.00,0.00,0.00,0.00,'1','default',NULL,NULL,944.00,NULL,28,'completed','2023-05-28 21:30:06','2023-05-22 03:30:06','2023-05-28 21:30:06'),(29,'Botble\\Ecommerce\\Models\\Order',29,'INV-29','Ahmad Sawayn','',NULL,'kboehm@example.org','+18435044935','533 Orie Point Apt. 761, Julianneland, Washington, KY',NULL,3225.00,0.00,0.00,0.00,'1','default',NULL,NULL,3225.00,NULL,29,'completed','2023-05-28 21:30:06','2023-05-24 09:30:06','2023-05-28 21:30:06'),(30,'Botble\\Ecommerce\\Models\\Order',30,'INV-30','Ahmad Sawayn','',NULL,'kboehm@example.org','+18435044935','533 Orie Point Apt. 761, Julianneland, Washington, KY',NULL,2769.00,0.00,0.00,0.00,'1','default',NULL,NULL,2769.00,NULL,30,'completed','2023-05-28 21:30:06','2023-05-22 21:30:06','2023-05-28 21:30:06'),(31,'Botble\\Ecommerce\\Models\\Order',31,'INV-31','Ahmad Sawayn','',NULL,'kboehm@example.org','+18435044935','533 Orie Point Apt. 761, Julianneland, Washington, KY',NULL,2832.00,0.00,0.00,0.00,'1','default',NULL,NULL,2832.00,NULL,31,'completed','2023-05-28 21:30:06','2023-05-22 05:30:06','2023-05-28 21:30:06'),(32,'Botble\\Ecommerce\\Models\\Order',32,'INV-32','Carmine Keebler','',NULL,'owen.skiles@example.com','+16269195653','80769 Baylee Mews, Port Jodiebury, New York, CY',NULL,2009.00,0.00,0.00,0.00,'1','default',NULL,NULL,2009.00,NULL,32,'completed','2023-05-28 21:30:06','2023-05-27 17:30:06','2023-05-28 21:30:06'),(33,'Botble\\Ecommerce\\Models\\Order',33,'INV-33','Carmine Keebler','',NULL,'owen.skiles@example.com','+16269195653','80769 Baylee Mews, Port Jodiebury, New York, CY',NULL,1172.00,0.00,0.00,0.00,'1','default',NULL,NULL,1172.00,NULL,33,'pending',NULL,'2023-05-23 15:30:06','2023-05-28 21:30:06'),(34,'Botble\\Ecommerce\\Models\\Order',34,'INV-34','Carmine Keebler','',NULL,'owen.skiles@example.com','+16269195653','80769 Baylee Mews, Port Jodiebury, New York, CY',NULL,1032.00,0.00,0.00,0.00,'1','default',NULL,NULL,1032.00,NULL,34,'completed','2023-05-28 21:30:06','2023-05-23 01:30:06','2023-05-28 21:30:06'),(35,'Botble\\Ecommerce\\Models\\Order',35,'INV-35','Ahmad Sawayn','',NULL,'kboehm@example.org','+18435044935','533 Orie Point Apt. 761, Julianneland, Washington, KY',NULL,590.00,0.00,0.00,0.00,NULL,'',NULL,NULL,590.00,NULL,35,'completed','2023-05-28 21:30:06','2023-05-27 09:30:06','2023-05-28 21:30:06'),(36,'Botble\\Ecommerce\\Models\\Order',36,'INV-36','Ahmad Sawayn','',NULL,'kboehm@example.org','+18435044935','533 Orie Point Apt. 761, Julianneland, Washington, KY',NULL,2355.00,0.00,0.00,0.00,'1','default',NULL,NULL,2355.00,NULL,36,'completed','2023-05-28 21:30:06','2023-05-25 21:30:06','2023-05-28 21:30:06'),(37,'Botble\\Ecommerce\\Models\\Order',37,'INV-37','Ahmad Sawayn','',NULL,'kboehm@example.org','+18435044935','533 Orie Point Apt. 761, Julianneland, Washington, KY',NULL,3579.00,0.00,0.00,0.00,'1','default',NULL,NULL,3579.00,NULL,37,'completed','2023-05-28 21:30:06','2023-05-24 17:30:06','2023-05-28 21:30:06'),(38,'Botble\\Ecommerce\\Models\\Order',38,'INV-38','Ahmad Sawayn','',NULL,'kboehm@example.org','+18435044935','533 Orie Point Apt. 761, Julianneland, Washington, KY',NULL,3468.00,0.00,0.00,0.00,'1','default',NULL,NULL,3468.00,NULL,38,'completed','2023-05-28 21:30:06','2023-05-27 15:30:06','2023-05-28 21:30:06'),(39,'Botble\\Ecommerce\\Models\\Order',39,'INV-39','Ahmad Sawayn','',NULL,'kboehm@example.org','+18435044935','533 Orie Point Apt. 761, Julianneland, Washington, KY',NULL,80.25,0.00,0.00,0.00,NULL,'',NULL,NULL,80.25,NULL,39,'completed','2023-05-28 21:30:07','2023-05-28 13:30:06','2023-05-28 21:30:07'),(40,'Botble\\Ecommerce\\Models\\Order',40,'INV-40','Ahmad Sawayn','',NULL,'kboehm@example.org','+18435044935','533 Orie Point Apt. 761, Julianneland, Washington, KY',NULL,1240.00,0.00,0.00,0.00,'1','default',NULL,NULL,1240.00,NULL,40,'completed','2023-05-28 21:30:07','2023-05-27 21:30:07','2023-05-28 21:30:07'),(41,'Botble\\Ecommerce\\Models\\Order',41,'INV-41','Ahmad Sawayn','',NULL,'kboehm@example.org','+18435044935','533 Orie Point Apt. 761, Julianneland, Washington, KY',NULL,1003.00,0.00,0.00,0.00,'1','default',NULL,NULL,1003.00,NULL,41,'pending',NULL,'2023-05-28 13:30:07','2023-05-28 21:30:07'),(42,'Botble\\Ecommerce\\Models\\Order',42,'INV-42','Ahmad Sawayn','',NULL,'kboehm@example.org','+18435044935','533 Orie Point Apt. 761, Julianneland, Washington, KY',NULL,2982.00,0.00,0.00,0.00,NULL,'',NULL,NULL,2982.00,NULL,42,'completed','2023-05-28 21:30:07','2023-05-28 05:30:07','2023-05-28 21:30:07'),(43,'Botble\\Ecommerce\\Models\\Order',43,'INV-43','Carmine Keebler','',NULL,'owen.skiles@example.com','+16269195653','80769 Baylee Mews, Port Jodiebury, New York, CY',NULL,1346.00,0.00,0.00,0.00,'1','default',NULL,NULL,1346.00,NULL,43,'completed','2023-05-28 21:30:07','2023-05-26 21:30:07','2023-05-28 21:30:07'),(44,'Botble\\Ecommerce\\Models\\Order',44,'INV-44','Carmine Keebler','',NULL,'owen.skiles@example.com','+16269195653','80769 Baylee Mews, Port Jodiebury, New York, CY',NULL,1106.00,0.00,0.00,0.00,NULL,'',NULL,NULL,1106.00,NULL,44,'completed','2023-05-28 21:30:07','2023-05-27 09:30:07','2023-05-28 21:30:07'),(45,'Botble\\Ecommerce\\Models\\Order',45,'INV-45','Carmine Keebler','',NULL,'owen.skiles@example.com','+16269195653','80769 Baylee Mews, Port Jodiebury, New York, CY',NULL,2766.00,0.00,0.00,0.00,'1','default',NULL,NULL,2766.00,NULL,45,'completed','2023-05-28 21:30:07','2023-05-27 05:30:07','2023-05-28 21:30:07'),(46,'Botble\\Ecommerce\\Models\\Order',46,'INV-46','Carmine Keebler','',NULL,'owen.skiles@example.com','+16269195653','80769 Baylee Mews, Port Jodiebury, New York, CY',NULL,2769.00,0.00,0.00,0.00,'1','default',NULL,NULL,2769.00,NULL,46,'completed','2023-05-28 21:30:07','2023-05-28 09:30:07','2023-05-28 21:30:07'),(47,'Botble\\Ecommerce\\Models\\Order',47,'INV-47','Ahmad Sawayn','',NULL,'kboehm@example.org','+18435044935','533 Orie Point Apt. 761, Julianneland, Washington, KY',NULL,539.00,0.00,0.00,0.00,'1','default',NULL,NULL,539.00,NULL,47,'completed','2023-05-28 21:30:07','2023-05-28 11:30:07','2023-05-28 21:30:07'),(48,'Botble\\Ecommerce\\Models\\Order',48,'INV-48','Ahmad Sawayn','',NULL,'kboehm@example.org','+18435044935','533 Orie Point Apt. 761, Julianneland, Washington, KY',NULL,1794.00,0.00,0.00,0.00,NULL,'',NULL,NULL,1794.00,NULL,48,'pending',NULL,'2023-05-28 09:30:07','2023-05-28 21:30:07');
/*!40000 ALTER TABLE `ec_invoices` ENABLE KEYS */;
UNLOCK TABLES;

--
-- Table structure for table `ec_option_value`
--

DROP TABLE IF EXISTS `ec_option_value`;
/*!40101 SET @saved_cs_client     = @@character_set_client */;
/*!50503 SET character_set_client = utf8mb4 */;
CREATE TABLE `ec_option_value` (
  `option_id` bigint unsigned NOT NULL COMMENT 'option id',
  `id` bigint unsigned NOT NULL AUTO_INCREMENT,
  `option_value` tinytext COLLATE utf8mb4_unicode_ci COMMENT 'option value',
  `affect_price` double DEFAULT NULL COMMENT 'value of price of this option affect',
  `order` int NOT NULL DEFAULT '9999',
  `affect_type` tinyint NOT NULL DEFAULT '0' COMMENT '0. fixed 1. percent',
  `created_at` timestamp NULL DEFAULT NULL,
  `updated_at` timestamp NULL DEFAULT NULL,
  PRIMARY KEY (`id`)
) ENGINE=InnoDB DEFAULT CHARSET=utf8mb4 COLLATE=utf8mb4_unicode_ci;
/*!40101 SET character_set_client = @saved_cs_client */;

--
-- Dumping data for table `ec_option_value`
--

LOCK TABLES `ec_option_value` WRITE;
/*!40000 ALTER TABLE `ec_option_value` DISABLE KEYS */;
/*!40000 ALTER TABLE `ec_option_value` ENABLE KEYS */;
UNLOCK TABLES;

--
-- Table structure for table `ec_option_value_translations`
--

DROP TABLE IF EXISTS `ec_option_value_translations`;
/*!40101 SET @saved_cs_client     = @@character_set_client */;
/*!50503 SET character_set_client = utf8mb4 */;
CREATE TABLE `ec_option_value_translations` (
  `lang_code` varchar(191) COLLATE utf8mb4_unicode_ci NOT NULL,
  `ec_option_value_id` bigint unsigned NOT NULL,
  `option_value` varchar(255) COLLATE utf8mb4_unicode_ci DEFAULT NULL,
  PRIMARY KEY (`lang_code`,`ec_option_value_id`)
) ENGINE=InnoDB DEFAULT CHARSET=utf8mb4 COLLATE=utf8mb4_unicode_ci;
/*!40101 SET character_set_client = @saved_cs_client */;

--
-- Dumping data for table `ec_option_value_translations`
--

LOCK TABLES `ec_option_value_translations` WRITE;
/*!40000 ALTER TABLE `ec_option_value_translations` DISABLE KEYS */;
/*!40000 ALTER TABLE `ec_option_value_translations` ENABLE KEYS */;
UNLOCK TABLES;

--
-- Table structure for table `ec_options`
--

DROP TABLE IF EXISTS `ec_options`;
/*!40101 SET @saved_cs_client     = @@character_set_client */;
/*!50503 SET character_set_client = utf8mb4 */;
CREATE TABLE `ec_options` (
  `id` bigint unsigned NOT NULL AUTO_INCREMENT,
  `name` varchar(191) COLLATE utf8mb4_unicode_ci NOT NULL COMMENT 'Name of options',
  `option_type` varchar(191) COLLATE utf8mb4_unicode_ci DEFAULT NULL COMMENT 'option type',
  `product_id` bigint unsigned NOT NULL DEFAULT '0',
  `order` int NOT NULL DEFAULT '9999',
  `required` tinyint(1) NOT NULL DEFAULT '0' COMMENT 'Checked if this option is required',
  `created_at` timestamp NULL DEFAULT NULL,
  `updated_at` timestamp NULL DEFAULT NULL,
  PRIMARY KEY (`id`)
) ENGINE=InnoDB DEFAULT CHARSET=utf8mb4 COLLATE=utf8mb4_unicode_ci;
/*!40101 SET character_set_client = @saved_cs_client */;

--
-- Dumping data for table `ec_options`
--

LOCK TABLES `ec_options` WRITE;
/*!40000 ALTER TABLE `ec_options` DISABLE KEYS */;
/*!40000 ALTER TABLE `ec_options` ENABLE KEYS */;
UNLOCK TABLES;

--
-- Table structure for table `ec_options_translations`
--

DROP TABLE IF EXISTS `ec_options_translations`;
/*!40101 SET @saved_cs_client     = @@character_set_client */;
/*!50503 SET character_set_client = utf8mb4 */;
CREATE TABLE `ec_options_translations` (
  `lang_code` varchar(191) COLLATE utf8mb4_unicode_ci NOT NULL,
  `ec_options_id` bigint unsigned NOT NULL,
  `name` varchar(255) COLLATE utf8mb4_unicode_ci DEFAULT NULL,
  PRIMARY KEY (`lang_code`,`ec_options_id`)
) ENGINE=InnoDB DEFAULT CHARSET=utf8mb4 COLLATE=utf8mb4_unicode_ci;
/*!40101 SET character_set_client = @saved_cs_client */;

--
-- Dumping data for table `ec_options_translations`
--

LOCK TABLES `ec_options_translations` WRITE;
/*!40000 ALTER TABLE `ec_options_translations` DISABLE KEYS */;
/*!40000 ALTER TABLE `ec_options_translations` ENABLE KEYS */;
UNLOCK TABLES;

--
-- Table structure for table `ec_order_addresses`
--

DROP TABLE IF EXISTS `ec_order_addresses`;
/*!40101 SET @saved_cs_client     = @@character_set_client */;
/*!50503 SET character_set_client = utf8mb4 */;
CREATE TABLE `ec_order_addresses` (
  `id` bigint unsigned NOT NULL AUTO_INCREMENT,
  `name` varchar(191) COLLATE utf8mb4_unicode_ci NOT NULL,
  `phone` varchar(20) COLLATE utf8mb4_unicode_ci DEFAULT NULL,
  `email` varchar(191) COLLATE utf8mb4_unicode_ci DEFAULT NULL,
  `country` varchar(120) COLLATE utf8mb4_unicode_ci DEFAULT NULL,
  `state` varchar(120) COLLATE utf8mb4_unicode_ci DEFAULT NULL,
  `city` varchar(120) COLLATE utf8mb4_unicode_ci DEFAULT NULL,
  `address` varchar(255) COLLATE utf8mb4_unicode_ci DEFAULT NULL,
  `order_id` bigint unsigned NOT NULL,
  `zip_code` varchar(20) COLLATE utf8mb4_unicode_ci DEFAULT NULL,
  `type` varchar(60) COLLATE utf8mb4_unicode_ci NOT NULL DEFAULT 'shipping_address',
  PRIMARY KEY (`id`)
) ENGINE=InnoDB AUTO_INCREMENT=49 DEFAULT CHARSET=utf8mb4 COLLATE=utf8mb4_unicode_ci;
/*!40101 SET character_set_client = @saved_cs_client */;

--
-- Dumping data for table `ec_order_addresses`
--

LOCK TABLES `ec_order_addresses` WRITE;
/*!40000 ALTER TABLE `ec_order_addresses` DISABLE KEYS */;
INSERT INTO `ec_order_addresses` VALUES (1,'Ahmad Sawayn','+18435044935','kboehm@example.org','KY','Washington','Julianneland','533 Orie Point Apt. 761',1,'98557','shipping_address'),(2,'Ahmad Sawayn','+18435044935','kboehm@example.org','KY','Washington','Julianneland','533 Orie Point Apt. 761',2,'98557','shipping_address'),(3,'Carmine Keebler','+16269195653','owen.skiles@example.com','CY','New York','Port Jodiebury','80769 Baylee Mews',3,'83014','shipping_address'),(4,'Carmine Keebler','+16269195653','owen.skiles@example.com','CY','New York','Port Jodiebury','80769 Baylee Mews',4,'83014','shipping_address'),(5,'Carmine Keebler','+16269195653','owen.skiles@example.com','CY','New York','Port Jodiebury','80769 Baylee Mews',5,'83014','shipping_address'),(6,'Ahmad Sawayn','+18435044935','kboehm@example.org','KY','Washington','Julianneland','533 Orie Point Apt. 761',6,'98557','shipping_address'),(7,'Ahmad Sawayn','+18435044935','kboehm@example.org','KY','Washington','Julianneland','533 Orie Point Apt. 761',7,'98557','shipping_address'),(8,'Ahmad Sawayn','+18435044935','kboehm@example.org','KY','Washington','Julianneland','533 Orie Point Apt. 761',8,'98557','shipping_address'),(9,'Ahmad Sawayn','+18435044935','kboehm@example.org','KY','Washington','Julianneland','533 Orie Point Apt. 761',9,'98557','shipping_address'),(10,'Carmine Keebler','+16269195653','owen.skiles@example.com','CY','New York','Port Jodiebury','80769 Baylee Mews',10,'83014','shipping_address'),(11,'Carmine Keebler','+16269195653','owen.skiles@example.com','CY','New York','Port Jodiebury','80769 Baylee Mews',11,'83014','shipping_address'),(12,'Carmine Keebler','+16269195653','owen.skiles@example.com','CY','New York','Port Jodiebury','80769 Baylee Mews',12,'83014','shipping_address'),(13,'Carmine Keebler','+16269195653','owen.skiles@example.com','CY','New York','Port Jodiebury','80769 Baylee Mews',13,'83014','shipping_address'),(14,'Carmine Keebler','+16269195653','owen.skiles@example.com','CY','New York','Port Jodiebury','80769 Baylee Mews',14,'83014','shipping_address'),(15,'Ahmad Sawayn','+18435044935','kboehm@example.org','KY','Washington','Julianneland','533 Orie Point Apt. 761',15,'98557','shipping_address'),(16,'Ahmad Sawayn','+18435044935','kboehm@example.org','KY','Washington','Julianneland','533 Orie Point Apt. 761',16,'98557','shipping_address'),(17,'Carmine Keebler','+16269195653','owen.skiles@example.com','CY','New York','Port Jodiebury','80769 Baylee Mews',17,'83014','shipping_address'),(18,'Carmine Keebler','+16269195653','owen.skiles@example.com','CY','New York','Port Jodiebury','80769 Baylee Mews',18,'83014','shipping_address'),(19,'Carmine Keebler','+16269195653','owen.skiles@example.com','CY','New York','Port Jodiebury','80769 Baylee Mews',19,'83014','shipping_address'),(20,'Ahmad Sawayn','+18435044935','kboehm@example.org','KY','Washington','Julianneland','533 Orie Point Apt. 761',20,'98557','shipping_address'),(21,'Ahmad Sawayn','+18435044935','kboehm@example.org','KY','Washington','Julianneland','533 Orie Point Apt. 761',21,'98557','shipping_address'),(22,'Carmine Keebler','+16269195653','owen.skiles@example.com','CY','New York','Port Jodiebury','80769 Baylee Mews',22,'83014','shipping_address'),(23,'Carmine Keebler','+16269195653','owen.skiles@example.com','CY','New York','Port Jodiebury','80769 Baylee Mews',23,'83014','shipping_address'),(24,'Carmine Keebler','+16269195653','owen.skiles@example.com','CY','New York','Port Jodiebury','80769 Baylee Mews',24,'83014','shipping_address'),(25,'Ahmad Sawayn','+18435044935','kboehm@example.org','KY','Washington','Julianneland','533 Orie Point Apt. 761',25,'98557','shipping_address'),(26,'Ahmad Sawayn','+18435044935','kboehm@example.org','KY','Washington','Julianneland','533 Orie Point Apt. 761',26,'98557','shipping_address'),(27,'Ahmad Sawayn','+18435044935','kboehm@example.org','KY','Washington','Julianneland','533 Orie Point Apt. 761',27,'98557','shipping_address'),(28,'Ahmad Sawayn','+18435044935','kboehm@example.org','KY','Washington','Julianneland','533 Orie Point Apt. 761',28,'98557','shipping_address'),(29,'Ahmad Sawayn','+18435044935','kboehm@example.org','KY','Washington','Julianneland','533 Orie Point Apt. 761',29,'98557','shipping_address'),(30,'Ahmad Sawayn','+18435044935','kboehm@example.org','KY','Washington','Julianneland','533 Orie Point Apt. 761',30,'98557','shipping_address'),(31,'Ahmad Sawayn','+18435044935','kboehm@example.org','KY','Washington','Julianneland','533 Orie Point Apt. 761',31,'98557','shipping_address'),(32,'Carmine Keebler','+16269195653','owen.skiles@example.com','CY','New York','Port Jodiebury','80769 Baylee Mews',32,'83014','shipping_address'),(33,'Carmine Keebler','+16269195653','owen.skiles@example.com','CY','New York','Port Jodiebury','80769 Baylee Mews',33,'83014','shipping_address'),(34,'Carmine Keebler','+16269195653','owen.skiles@example.com','CY','New York','Port Jodiebury','80769 Baylee Mews',34,'83014','shipping_address'),(35,'Ahmad Sawayn','+18435044935','kboehm@example.org','KY','Washington','Julianneland','533 Orie Point Apt. 761',35,'98557','shipping_address'),(36,'Ahmad Sawayn','+18435044935','kboehm@example.org','KY','Washington','Julianneland','533 Orie Point Apt. 761',36,'98557','shipping_address'),(37,'Ahmad Sawayn','+18435044935','kboehm@example.org','KY','Washington','Julianneland','533 Orie Point Apt. 761',37,'98557','shipping_address'),(38,'Ahmad Sawayn','+18435044935','kboehm@example.org','KY','Washington','Julianneland','533 Orie Point Apt. 761',38,'98557','shipping_address'),(39,'Ahmad Sawayn','+18435044935','kboehm@example.org','KY','Washington','Julianneland','533 Orie Point Apt. 761',39,'98557','shipping_address'),(40,'Ahmad Sawayn','+18435044935','kboehm@example.org','KY','Washington','Julianneland','533 Orie Point Apt. 761',40,'98557','shipping_address'),(41,'Ahmad Sawayn','+18435044935','kboehm@example.org','KY','Washington','Julianneland','533 Orie Point Apt. 761',41,'98557','shipping_address'),(42,'Ahmad Sawayn','+18435044935','kboehm@example.org','KY','Washington','Julianneland','533 Orie Point Apt. 761',42,'98557','shipping_address'),(43,'Carmine Keebler','+16269195653','owen.skiles@example.com','CY','New York','Port Jodiebury','80769 Baylee Mews',43,'83014','shipping_address'),(44,'Carmine Keebler','+16269195653','owen.skiles@example.com','CY','New York','Port Jodiebury','80769 Baylee Mews',44,'83014','shipping_address'),(45,'Carmine Keebler','+16269195653','owen.skiles@example.com','CY','New York','Port Jodiebury','80769 Baylee Mews',45,'83014','shipping_address'),(46,'Carmine Keebler','+16269195653','owen.skiles@example.com','CY','New York','Port Jodiebury','80769 Baylee Mews',46,'83014','shipping_address'),(47,'Ahmad Sawayn','+18435044935','kboehm@example.org','KY','Washington','Julianneland','533 Orie Point Apt. 761',47,'98557','shipping_address'),(48,'Ahmad Sawayn','+18435044935','kboehm@example.org','KY','Washington','Julianneland','533 Orie Point Apt. 761',48,'98557','shipping_address');
/*!40000 ALTER TABLE `ec_order_addresses` ENABLE KEYS */;
UNLOCK TABLES;

--
-- Table structure for table `ec_order_histories`
--

DROP TABLE IF EXISTS `ec_order_histories`;
/*!40101 SET @saved_cs_client     = @@character_set_client */;
/*!50503 SET character_set_client = utf8mb4 */;
CREATE TABLE `ec_order_histories` (
  `id` bigint unsigned NOT NULL AUTO_INCREMENT,
  `action` varchar(120) COLLATE utf8mb4_unicode_ci NOT NULL,
  `description` varchar(255) COLLATE utf8mb4_unicode_ci NOT NULL,
  `user_id` bigint unsigned DEFAULT NULL,
  `order_id` bigint unsigned NOT NULL,
  `extras` text COLLATE utf8mb4_unicode_ci,
  `created_at` timestamp NULL DEFAULT NULL,
  `updated_at` timestamp NULL DEFAULT NULL,
  PRIMARY KEY (`id`)
) ENGINE=InnoDB AUTO_INCREMENT=205 DEFAULT CHARSET=utf8mb4 COLLATE=utf8mb4_unicode_ci;
/*!40101 SET character_set_client = @saved_cs_client */;

--
-- Dumping data for table `ec_order_histories`
--

LOCK TABLES `ec_order_histories` WRITE;
/*!40000 ALTER TABLE `ec_order_histories` DISABLE KEYS */;
INSERT INTO `ec_order_histories` VALUES (1,'create_order_from_seeder','Order is created from the checkout page',NULL,1,NULL,'2023-05-17 05:30:05','2023-05-17 05:30:05'),(2,'confirm_order','Order was verified by %user_name%',0,1,NULL,'2023-05-17 05:30:05','2023-05-17 05:30:05'),(3,'create_shipment','Created shipment for order',0,1,NULL,'2023-05-28 21:30:05','2023-05-28 21:30:05'),(4,'create_order_from_seeder','Order is created from the checkout page',NULL,2,NULL,'2023-05-13 21:30:05','2023-05-13 21:30:05'),(5,'confirm_order','Order was verified by %user_name%',0,2,NULL,'2023-05-13 21:30:05','2023-05-13 21:30:05'),(6,'confirm_payment','Payment was confirmed (amount $680.00) by %user_name%',0,2,NULL,'2023-05-28 21:30:05','2023-05-28 21:30:05'),(7,'create_shipment','Created shipment for order',0,2,NULL,'2023-05-28 21:30:05','2023-05-28 21:30:05'),(8,'update_status','Changed status of shipping to: Delivered. Updated by: %user_name%',0,2,NULL,'2023-05-28 21:30:05','2023-05-28 21:30:05'),(9,'create_order_from_seeder','Order is created from the checkout page',NULL,3,NULL,'2023-05-22 13:30:05','2023-05-22 13:30:05'),(10,'confirm_order','Order was verified by %user_name%',0,3,NULL,'2023-05-22 13:30:05','2023-05-22 13:30:05'),(11,'create_shipment','Created shipment for order',0,3,NULL,'2023-05-28 21:30:05','2023-05-28 21:30:05'),(12,'update_status','Changed status of shipping to: Delivered. Updated by: %user_name%',0,3,NULL,'2023-05-28 21:30:05','2023-05-28 21:30:05'),(13,'create_order_from_seeder','Order is created from the checkout page',NULL,4,NULL,'2023-05-17 19:30:05','2023-05-17 19:30:05'),(14,'confirm_order','Order was verified by %user_name%',0,4,NULL,'2023-05-17 19:30:05','2023-05-17 19:30:05'),(15,'confirm_payment','Payment was confirmed (amount $1,360.00) by %user_name%',0,4,NULL,'2023-05-28 21:30:05','2023-05-28 21:30:05'),(16,'create_shipment','Created shipment for order',0,4,NULL,'2023-05-28 21:30:05','2023-05-28 21:30:05'),(17,'create_order_from_seeder','Order is created from the checkout page',NULL,5,NULL,'2023-05-19 09:30:05','2023-05-19 09:30:05'),(18,'confirm_order','Order was verified by %user_name%',0,5,NULL,'2023-05-19 09:30:05','2023-05-19 09:30:05'),(19,'create_order_from_seeder','Order is created from the checkout page',NULL,6,NULL,'2023-05-18 09:30:05','2023-05-18 09:30:05'),(20,'confirm_order','Order was verified by %user_name%',0,6,NULL,'2023-05-18 09:30:05','2023-05-18 09:30:05'),(21,'confirm_payment','Payment was confirmed (amount $1,797.00) by %user_name%',0,6,NULL,'2023-05-28 21:30:05','2023-05-28 21:30:05'),(22,'create_shipment','Created shipment for order',0,6,NULL,'2023-05-28 21:30:05','2023-05-28 21:30:05'),(23,'create_order_from_seeder','Order is created from the checkout page',NULL,7,NULL,'2023-05-27 09:30:05','2023-05-27 09:30:05'),(24,'confirm_order','Order was verified by %user_name%',0,7,NULL,'2023-05-27 09:30:05','2023-05-27 09:30:05'),(25,'confirm_payment','Payment was confirmed (amount $2,673.00) by %user_name%',0,7,NULL,'2023-05-28 21:30:05','2023-05-28 21:30:05'),(26,'create_shipment','Created shipment for order',0,7,NULL,'2023-05-28 21:30:05','2023-05-28 21:30:05'),(27,'create_order_from_seeder','Order is created from the checkout page',NULL,8,NULL,'2023-05-14 17:30:05','2023-05-14 17:30:05'),(28,'confirm_order','Order was verified by %user_name%',0,8,NULL,'2023-05-14 17:30:05','2023-05-14 17:30:05'),(29,'confirm_payment','Payment was confirmed (amount $2,094.00) by %user_name%',0,8,NULL,'2023-05-28 21:30:05','2023-05-28 21:30:05'),(30,'create_shipment','Created shipment for order',0,8,NULL,'2023-05-28 21:30:05','2023-05-28 21:30:05'),(31,'update_status','Changed status of shipping to: Delivered. Updated by: %user_name%',0,8,NULL,'2023-05-28 21:30:05','2023-05-28 21:30:05'),(32,'create_order_from_seeder','Order is created from the checkout page',NULL,9,NULL,'2023-05-21 19:30:05','2023-05-21 19:30:05'),(33,'confirm_order','Order was verified by %user_name%',0,9,NULL,'2023-05-21 19:30:05','2023-05-21 19:30:05'),(34,'create_shipment','Created shipment for order',0,9,NULL,'2023-05-28 21:30:05','2023-05-28 21:30:05'),(35,'create_order_from_seeder','Order is created from the checkout page',NULL,10,NULL,'2023-05-26 05:30:05','2023-05-26 05:30:05'),(36,'confirm_order','Order was verified by %user_name%',0,10,NULL,'2023-05-26 05:30:05','2023-05-26 05:30:05'),(37,'confirm_payment','Payment was confirmed (amount $3,516.00) by %user_name%',0,10,NULL,'2023-05-28 21:30:05','2023-05-28 21:30:05'),(38,'create_shipment','Created shipment for order',0,10,NULL,'2023-05-28 21:30:05','2023-05-28 21:30:05'),(39,'create_order_from_seeder','Order is created from the checkout page',NULL,11,NULL,'2023-05-18 05:30:05','2023-05-18 05:30:05'),(40,'confirm_order','Order was verified by %user_name%',0,11,NULL,'2023-05-18 05:30:05','2023-05-18 05:30:05'),(41,'confirm_payment','Payment was confirmed (amount $1,360.00) by %user_name%',0,11,NULL,'2023-05-28 21:30:05','2023-05-28 21:30:05'),(42,'create_shipment','Created shipment for order',0,11,NULL,'2023-05-28 21:30:05','2023-05-28 21:30:05'),(43,'update_status','Changed status of shipping to: Delivered. Updated by: %user_name%',0,11,NULL,'2023-05-28 21:30:05','2023-05-28 21:30:05'),(44,'create_order_from_seeder','Order is created from the checkout page',NULL,12,NULL,'2023-05-19 13:30:05','2023-05-19 13:30:05'),(45,'confirm_order','Order was verified by %user_name%',0,12,NULL,'2023-05-19 13:30:05','2023-05-19 13:30:05'),(46,'confirm_payment','Payment was confirmed (amount $2,150.00) by %user_name%',0,12,NULL,'2023-05-28 21:30:05','2023-05-28 21:30:05'),(47,'create_shipment','Created shipment for order',0,12,NULL,'2023-05-28 21:30:05','2023-05-28 21:30:05'),(48,'create_order_from_seeder','Order is created from the checkout page',NULL,13,NULL,'2023-05-26 09:30:05','2023-05-26 09:30:05'),(49,'confirm_order','Order was verified by %user_name%',0,13,NULL,'2023-05-26 09:30:05','2023-05-26 09:30:05'),(50,'confirm_payment','Payment was confirmed (amount $1,291.00) by %user_name%',0,13,NULL,'2023-05-28 21:30:05','2023-05-28 21:30:05'),(51,'create_shipment','Created shipment for order',0,13,NULL,'2023-05-28 21:30:05','2023-05-28 21:30:05'),(52,'create_order_from_seeder','Order is created from the checkout page',NULL,14,NULL,'2023-05-18 21:30:05','2023-05-18 21:30:05'),(53,'confirm_order','Order was verified by %user_name%',0,14,NULL,'2023-05-18 21:30:05','2023-05-18 21:30:05'),(54,'confirm_payment','Payment was confirmed (amount $2,157.00) by %user_name%',0,14,NULL,'2023-05-28 21:30:05','2023-05-28 21:30:05'),(55,'create_shipment','Created shipment for order',0,14,NULL,'2023-05-28 21:30:05','2023-05-28 21:30:05'),(56,'create_order_from_seeder','Order is created from the checkout page',NULL,15,NULL,'2023-05-23 01:30:05','2023-05-23 01:30:05'),(57,'confirm_order','Order was verified by %user_name%',0,15,NULL,'2023-05-23 01:30:05','2023-05-23 01:30:05'),(58,'confirm_payment','Payment was confirmed (amount $1,888.00) by %user_name%',0,15,NULL,'2023-05-28 21:30:05','2023-05-28 21:30:05'),(59,'create_shipment','Created shipment for order',0,15,NULL,'2023-05-28 21:30:05','2023-05-28 21:30:05'),(60,'create_order_from_seeder','Order is created from the checkout page',NULL,16,NULL,'2023-05-18 09:30:05','2023-05-18 09:30:05'),(61,'confirm_order','Order was verified by %user_name%',0,16,NULL,'2023-05-18 09:30:05','2023-05-18 09:30:05'),(62,'confirm_payment','Payment was confirmed (amount $1,032.00) by %user_name%',0,16,NULL,'2023-05-28 21:30:05','2023-05-28 21:30:05'),(63,'create_shipment','Created shipment for order',0,16,NULL,'2023-05-28 21:30:05','2023-05-28 21:30:05'),(64,'create_order_from_seeder','Order is created from the checkout page',NULL,17,NULL,'2023-05-23 11:30:05','2023-05-23 11:30:05'),(65,'confirm_order','Order was verified by %user_name%',0,17,NULL,'2023-05-23 11:30:05','2023-05-23 11:30:05'),(66,'create_order_from_seeder','Order is created from the checkout page',NULL,18,NULL,'2023-05-19 03:30:05','2023-05-19 03:30:05'),(67,'confirm_order','Order was verified by %user_name%',0,18,NULL,'2023-05-19 03:30:05','2023-05-19 03:30:05'),(68,'confirm_payment','Payment was confirmed (amount $3,633.00) by %user_name%',0,18,NULL,'2023-05-28 21:30:05','2023-05-28 21:30:05'),(69,'create_shipment','Created shipment for order',0,18,NULL,'2023-05-28 21:30:05','2023-05-28 21:30:05'),(70,'update_status','Changed status of shipping to: Delivered. Updated by: %user_name%',0,18,NULL,'2023-05-28 21:30:05','2023-05-28 21:30:05'),(71,'create_order_from_seeder','Order is created from the checkout page',NULL,19,NULL,'2023-05-26 17:30:05','2023-05-26 17:30:05'),(72,'confirm_order','Order was verified by %user_name%',0,19,NULL,'2023-05-26 17:30:05','2023-05-26 17:30:05'),(73,'confirm_payment','Payment was confirmed (amount $1,778.00) by %user_name%',0,19,NULL,'2023-05-28 21:30:05','2023-05-28 21:30:05'),(74,'create_shipment','Created shipment for order',0,19,NULL,'2023-05-28 21:30:05','2023-05-28 21:30:05'),(75,'create_order_from_seeder','Order is created from the checkout page',NULL,20,NULL,'2023-05-26 21:30:05','2023-05-26 21:30:05'),(76,'confirm_order','Order was verified by %user_name%',0,20,NULL,'2023-05-26 21:30:05','2023-05-26 21:30:05'),(77,'confirm_payment','Payment was confirmed (amount $80.25) by %user_name%',0,20,NULL,'2023-05-28 21:30:05','2023-05-28 21:30:05'),(78,'update_status','Changed status of shipping to: . Updated by: %user_name%',0,20,NULL,'2023-05-28 21:30:05','2023-05-28 21:30:05'),(79,'create_order_from_seeder','Order is created from the checkout page',NULL,21,NULL,'2023-05-23 21:30:05','2023-05-23 21:30:05'),(80,'confirm_order','Order was verified by %user_name%',0,21,NULL,'2023-05-23 21:30:05','2023-05-23 21:30:05'),(81,'create_order_from_seeder','Order is created from the checkout page',NULL,22,NULL,'2023-05-27 01:30:05','2023-05-27 01:30:05'),(82,'confirm_order','Order was verified by %user_name%',0,22,NULL,'2023-05-27 01:30:05','2023-05-27 01:30:05'),(83,'confirm_payment','Payment was confirmed (amount $522.00) by %user_name%',0,22,NULL,'2023-05-28 21:30:05','2023-05-28 21:30:05'),(84,'update_status','Changed status of shipping to: . Updated by: %user_name%',0,22,NULL,'2023-05-28 21:30:05','2023-05-28 21:30:05'),(85,'create_order_from_seeder','Order is created from the checkout page',NULL,23,NULL,'2023-05-24 07:30:05','2023-05-24 07:30:05'),(86,'confirm_order','Order was verified by %user_name%',0,23,NULL,'2023-05-24 07:30:05','2023-05-24 07:30:05'),(87,'create_order_from_seeder','Order is created from the checkout page',NULL,24,NULL,'2023-05-26 03:30:05','2023-05-26 03:30:05'),(88,'confirm_order','Order was verified by %user_name%',0,24,NULL,'2023-05-26 03:30:05','2023-05-26 03:30:05'),(89,'confirm_payment','Payment was confirmed (amount $2,298.00) by %user_name%',0,24,NULL,'2023-05-28 21:30:05','2023-05-28 21:30:05'),(90,'create_shipment','Created shipment for order',0,24,NULL,'2023-05-28 21:30:05','2023-05-28 21:30:05'),(91,'create_order_from_seeder','Order is created from the checkout page',NULL,25,NULL,'2023-05-23 01:30:06','2023-05-23 01:30:06'),(92,'confirm_order','Order was verified by %user_name%',0,25,NULL,'2023-05-23 01:30:06','2023-05-23 01:30:06'),(93,'create_shipment','Created shipment for order',0,25,NULL,'2023-05-28 21:30:06','2023-05-28 21:30:06'),(94,'update_status','Changed status of shipping to: Delivered. Updated by: %user_name%',0,25,NULL,'2023-05-28 21:30:06','2023-05-28 21:30:06'),(95,'create_order_from_seeder','Order is created from the checkout page',NULL,26,NULL,'2023-05-27 05:30:06','2023-05-27 05:30:06'),(96,'confirm_order','Order was verified by %user_name%',0,26,NULL,'2023-05-27 05:30:06','2023-05-27 05:30:06'),(97,'confirm_payment','Payment was confirmed (amount $1,846.00) by %user_name%',0,26,NULL,'2023-05-28 21:30:06','2023-05-28 21:30:06'),(98,'create_shipment','Created shipment for order',0,26,NULL,'2023-05-28 21:30:06','2023-05-28 21:30:06'),(99,'update_status','Changed status of shipping to: Delivered. Updated by: %user_name%',0,26,NULL,'2023-05-28 21:30:06','2023-05-28 21:30:06'),(100,'create_order_from_seeder','Order is created from the checkout page',NULL,27,NULL,'2023-05-24 09:30:06','2023-05-24 09:30:06'),(101,'confirm_order','Order was verified by %user_name%',0,27,NULL,'2023-05-24 09:30:06','2023-05-24 09:30:06'),(102,'create_shipment','Created shipment for order',0,27,NULL,'2023-05-28 21:30:06','2023-05-28 21:30:06'),(103,'update_status','Changed status of shipping to: Delivered. Updated by: %user_name%',0,27,NULL,'2023-05-28 21:30:06','2023-05-28 21:30:06'),(104,'create_order_from_seeder','Order is created from the checkout page',NULL,28,NULL,'2023-05-22 03:30:06','2023-05-22 03:30:06'),(105,'confirm_order','Order was verified by %user_name%',0,28,NULL,'2023-05-22 03:30:06','2023-05-22 03:30:06'),(106,'confirm_payment','Payment was confirmed (amount $944.00) by %user_name%',0,28,NULL,'2023-05-28 21:30:06','2023-05-28 21:30:06'),(107,'create_shipment','Created shipment for order',0,28,NULL,'2023-05-28 21:30:06','2023-05-28 21:30:06'),(108,'update_status','Changed status of shipping to: Delivered. Updated by: %user_name%',0,28,NULL,'2023-05-28 21:30:06','2023-05-28 21:30:06'),(109,'create_order_from_seeder','Order is created from the checkout page',NULL,29,NULL,'2023-05-24 09:30:06','2023-05-24 09:30:06'),(110,'confirm_order','Order was verified by %user_name%',0,29,NULL,'2023-05-24 09:30:06','2023-05-24 09:30:06'),(111,'confirm_payment','Payment was confirmed (amount $3,225.00) by %user_name%',0,29,NULL,'2023-05-28 21:30:06','2023-05-28 21:30:06'),(112,'create_shipment','Created shipment for order',0,29,NULL,'2023-05-28 21:30:06','2023-05-28 21:30:06'),(113,'update_status','Changed status of shipping to: Delivered. Updated by: %user_name%',0,29,NULL,'2023-05-28 21:30:06','2023-05-28 21:30:06'),(114,'create_order_from_seeder','Order is created from the checkout page',NULL,30,NULL,'2023-05-22 21:30:06','2023-05-22 21:30:06'),(115,'confirm_order','Order was verified by %user_name%',0,30,NULL,'2023-05-22 21:30:06','2023-05-22 21:30:06'),(116,'confirm_payment','Payment was confirmed (amount $2,769.00) by %user_name%',0,30,NULL,'2023-05-28 21:30:06','2023-05-28 21:30:06'),(117,'create_shipment','Created shipment for order',0,30,NULL,'2023-05-28 21:30:06','2023-05-28 21:30:06'),(118,'update_status','Changed status of shipping to: Delivered. Updated by: %user_name%',0,30,NULL,'2023-05-28 21:30:06','2023-05-28 21:30:06'),(119,'create_order_from_seeder','Order is created from the checkout page',NULL,31,NULL,'2023-05-22 05:30:06','2023-05-22 05:30:06'),(120,'confirm_order','Order was verified by %user_name%',0,31,NULL,'2023-05-22 05:30:06','2023-05-22 05:30:06'),(121,'confirm_payment','Payment was confirmed (amount $2,832.00) by %user_name%',0,31,NULL,'2023-05-28 21:30:06','2023-05-28 21:30:06'),(122,'create_shipment','Created shipment for order',0,31,NULL,'2023-05-28 21:30:06','2023-05-28 21:30:06'),(123,'update_status','Changed status of shipping to: Delivered. Updated by: %user_name%',0,31,NULL,'2023-05-28 21:30:06','2023-05-28 21:30:06'),(124,'create_order_from_seeder','Order is created from the checkout page',NULL,32,NULL,'2023-05-27 17:30:06','2023-05-27 17:30:06'),(125,'confirm_order','Order was verified by %user_name%',0,32,NULL,'2023-05-27 17:30:06','2023-05-27 17:30:06'),(126,'confirm_payment','Payment was confirmed (amount $2,009.00) by %user_name%',0,32,NULL,'2023-05-28 21:30:06','2023-05-28 21:30:06'),(127,'create_shipment','Created shipment for order',0,32,NULL,'2023-05-28 21:30:06','2023-05-28 21:30:06'),(128,'create_order_from_seeder','Order is created from the checkout page',NULL,33,NULL,'2023-05-23 15:30:06','2023-05-23 15:30:06'),(129,'confirm_order','Order was verified by %user_name%',0,33,NULL,'2023-05-23 15:30:06','2023-05-23 15:30:06'),(130,'create_shipment','Created shipment for order',0,33,NULL,'2023-05-28 21:30:06','2023-05-28 21:30:06'),(131,'create_order_from_seeder','Order is created from the checkout page',NULL,34,NULL,'2023-05-23 01:30:06','2023-05-23 01:30:06'),(132,'confirm_order','Order was verified by %user_name%',0,34,NULL,'2023-05-23 01:30:06','2023-05-23 01:30:06'),(133,'confirm_payment','Payment was confirmed (amount $1,032.00) by %user_name%',0,34,NULL,'2023-05-28 21:30:06','2023-05-28 21:30:06'),(134,'create_shipment','Created shipment for order',0,34,NULL,'2023-05-28 21:30:06','2023-05-28 21:30:06'),(135,'update_status','Changed status of shipping to: Delivered. Updated by: %user_name%',0,34,NULL,'2023-05-28 21:30:06','2023-05-28 21:30:06'),(136,'create_order_from_seeder','Order is created from the checkout page',NULL,35,NULL,'2023-05-27 09:30:06','2023-05-27 09:30:06'),(137,'confirm_order','Order was verified by %user_name%',0,35,NULL,'2023-05-27 09:30:06','2023-05-27 09:30:06'),(138,'confirm_payment','Payment was confirmed (amount $590.00) by %user_name%',0,35,NULL,'2023-05-28 21:30:06','2023-05-28 21:30:06'),(139,'update_status','Changed status of shipping to: . Updated by: %user_name%',0,35,NULL,'2023-05-28 21:30:06','2023-05-28 21:30:06'),(140,'create_order_from_seeder','Order is created from the checkout page',NULL,36,NULL,'2023-05-25 21:30:06','2023-05-25 21:30:06'),(141,'confirm_order','Order was verified by %user_name%',0,36,NULL,'2023-05-25 21:30:06','2023-05-25 21:30:06'),(142,'confirm_payment','Payment was confirmed (amount $2,355.00) by %user_name%',0,36,NULL,'2023-05-28 21:30:06','2023-05-28 21:30:06'),(143,'create_shipment','Created shipment for order',0,36,NULL,'2023-05-28 21:30:06','2023-05-28 21:30:06'),(144,'create_order_from_seeder','Order is created from the checkout page',NULL,37,NULL,'2023-05-24 17:30:06','2023-05-24 17:30:06'),(145,'confirm_order','Order was verified by %user_name%',0,37,NULL,'2023-05-24 17:30:06','2023-05-24 17:30:06'),(146,'confirm_payment','Payment was confirmed (amount $3,579.00) by %user_name%',0,37,NULL,'2023-05-28 21:30:06','2023-05-28 21:30:06'),(147,'create_shipment','Created shipment for order',0,37,NULL,'2023-05-28 21:30:06','2023-05-28 21:30:06'),(148,'update_status','Changed status of shipping to: Delivered. Updated by: %user_name%',0,37,NULL,'2023-05-28 21:30:06','2023-05-28 21:30:06'),(149,'create_order_from_seeder','Order is created from the checkout page',NULL,38,NULL,'2023-05-27 15:30:06','2023-05-27 15:30:06'),(150,'confirm_order','Order was verified by %user_name%',0,38,NULL,'2023-05-27 15:30:06','2023-05-27 15:30:06'),(151,'confirm_payment','Payment was confirmed (amount $3,468.00) by %user_name%',0,38,NULL,'2023-05-28 21:30:06','2023-05-28 21:30:06'),(152,'create_shipment','Created shipment for order',0,38,NULL,'2023-05-28 21:30:06','2023-05-28 21:30:06'),(153,'create_order_from_seeder','Order is created from the checkout page',NULL,39,NULL,'2023-05-28 13:30:06','2023-05-28 13:30:06'),(154,'confirm_order','Order was verified by %user_name%',0,39,NULL,'2023-05-28 13:30:06','2023-05-28 13:30:06'),(155,'confirm_payment','Payment was confirmed (amount $80.25) by %user_name%',0,39,NULL,'2023-05-28 21:30:07','2023-05-28 21:30:07'),(156,'update_status','Changed status of shipping to: . Updated by: %user_name%',0,39,NULL,'2023-05-28 21:30:07','2023-05-28 21:30:07'),(157,'create_order_from_seeder','Order is created from the checkout page',NULL,40,NULL,'2023-05-27 21:30:07','2023-05-27 21:30:07'),(158,'confirm_order','Order was verified by %user_name%',0,40,NULL,'2023-05-27 21:30:07','2023-05-27 21:30:07'),(159,'confirm_payment','Payment was confirmed (amount $1,240.00) by %user_name%',0,40,NULL,'2023-05-28 21:30:07','2023-05-28 21:30:07'),(160,'create_shipment','Created shipment for order',0,40,NULL,'2023-05-28 21:30:07','2023-05-28 21:30:07'),(161,'update_status','Changed status of shipping to: Delivered. Updated by: %user_name%',0,40,NULL,'2023-05-28 21:30:07','2023-05-28 21:30:07'),(162,'create_order_from_seeder','Order is created from the checkout page',NULL,41,NULL,'2023-05-28 13:30:07','2023-05-28 13:30:07'),(163,'confirm_order','Order was verified by %user_name%',0,41,NULL,'2023-05-28 13:30:07','2023-05-28 13:30:07'),(164,'create_shipment','Created shipment for order',0,41,NULL,'2023-05-28 21:30:07','2023-05-28 21:30:07'),(165,'create_order_from_seeder','Order is created from the checkout page',NULL,42,NULL,'2023-05-28 05:30:07','2023-05-28 05:30:07'),(166,'confirm_order','Order was verified by %user_name%',0,42,NULL,'2023-05-28 05:30:07','2023-05-28 05:30:07'),(167,'confirm_payment','Payment was confirmed (amount $2,982.00) by %user_name%',0,42,NULL,'2023-05-28 21:30:07','2023-05-28 21:30:07'),(168,'update_status','Changed status of shipping to: . Updated by: %user_name%',0,42,NULL,'2023-05-28 21:30:07','2023-05-28 21:30:07'),(169,'create_order_from_seeder','Order is created from the checkout page',NULL,43,NULL,'2023-05-26 21:30:07','2023-05-26 21:30:07'),(170,'confirm_order','Order was verified by %user_name%',0,43,NULL,'2023-05-26 21:30:07','2023-05-26 21:30:07'),(171,'confirm_payment','Payment was confirmed (amount $1,346.00) by %user_name%',0,43,NULL,'2023-05-28 21:30:07','2023-05-28 21:30:07'),(172,'create_shipment','Created shipment for order',0,43,NULL,'2023-05-28 21:30:07','2023-05-28 21:30:07'),(173,'create_order_from_seeder','Order is created from the checkout page',NULL,44,NULL,'2023-05-27 09:30:07','2023-05-27 09:30:07'),(174,'confirm_order','Order was verified by %user_name%',0,44,NULL,'2023-05-27 09:30:07','2023-05-27 09:30:07'),(175,'confirm_payment','Payment was confirmed (amount $1,106.00) by %user_name%',0,44,NULL,'2023-05-28 21:30:07','2023-05-28 21:30:07'),(176,'update_status','Changed status of shipping to: . Updated by: %user_name%',0,44,NULL,'2023-05-28 21:30:07','2023-05-28 21:30:07'),(177,'create_order_from_seeder','Order is created from the checkout page',NULL,45,NULL,'2023-05-27 05:30:07','2023-05-27 05:30:07'),(178,'confirm_order','Order was verified by %user_name%',0,45,NULL,'2023-05-27 05:30:07','2023-05-27 05:30:07'),(179,'confirm_payment','Payment was confirmed (amount $2,766.00) by %user_name%',0,45,NULL,'2023-05-28 21:30:07','2023-05-28 21:30:07'),(180,'create_shipment','Created shipment for order',0,45,NULL,'2023-05-28 21:30:07','2023-05-28 21:30:07'),(181,'create_order_from_seeder','Order is created from the checkout page',NULL,46,NULL,'2023-05-28 09:30:07','2023-05-28 09:30:07'),(182,'confirm_order','Order was verified by %user_name%',0,46,NULL,'2023-05-28 09:30:07','2023-05-28 09:30:07'),(183,'confirm_payment','Payment was confirmed (amount $2,769.00) by %user_name%',0,46,NULL,'2023-05-28 21:30:07','2023-05-28 21:30:07'),(184,'create_shipment','Created shipment for order',0,46,NULL,'2023-05-28 21:30:07','2023-05-28 21:30:07'),(185,'update_status','Changed status of shipping to: Delivered. Updated by: %user_name%',0,46,NULL,'2023-05-28 21:30:07','2023-05-28 21:30:07'),(186,'create_order_from_seeder','Order is created from the checkout page',NULL,47,NULL,'2023-05-28 11:30:07','2023-05-28 11:30:07'),(187,'confirm_order','Order was verified by %user_name%',0,47,NULL,'2023-05-28 11:30:07','2023-05-28 11:30:07'),(188,'confirm_payment','Payment was confirmed (amount $539.00) by %user_name%',0,47,NULL,'2023-05-28 21:30:07','2023-05-28 21:30:07'),(189,'create_shipment','Created shipment for order',0,47,NULL,'2023-05-28 21:30:07','2023-05-28 21:30:07'),(190,'create_order_from_seeder','Order is created from the checkout page',NULL,48,NULL,'2023-05-28 09:30:07','2023-05-28 09:30:07'),(191,'confirm_order','Order was verified by %user_name%',0,48,NULL,'2023-05-28 09:30:07','2023-05-28 09:30:07'),(192,'update_status','Order confirmed by %user_name%',0,2,NULL,'2023-05-28 21:30:07','2023-05-28 21:30:07'),(193,'update_status','Order confirmed by %user_name%',0,8,NULL,'2023-05-28 21:30:07','2023-05-28 21:30:07'),(194,'update_status','Order confirmed by %user_name%',0,11,NULL,'2023-05-28 21:30:07','2023-05-28 21:30:07'),(195,'update_status','Order confirmed by %user_name%',0,18,NULL,'2023-05-28 21:30:08','2023-05-28 21:30:08'),(196,'update_status','Order confirmed by %user_name%',0,26,NULL,'2023-05-28 21:30:08','2023-05-28 21:30:08'),(197,'update_status','Order confirmed by %user_name%',0,28,NULL,'2023-05-28 21:30:08','2023-05-28 21:30:08'),(198,'update_status','Order confirmed by %user_name%',0,29,NULL,'2023-05-28 21:30:08','2023-05-28 21:30:08'),(199,'update_status','Order confirmed by %user_name%',0,30,NULL,'2023-05-28 21:30:08','2023-05-28 21:30:08'),(200,'update_status','Order confirmed by %user_name%',0,31,NULL,'2023-05-28 21:30:08','2023-05-28 21:30:08'),(201,'update_status','Order confirmed by %user_name%',0,34,NULL,'2023-05-28 21:30:08','2023-05-28 21:30:08'),(202,'update_status','Order confirmed by %user_name%',0,37,NULL,'2023-05-28 21:30:08','2023-05-28 21:30:08'),(203,'update_status','Order confirmed by %user_name%',0,40,NULL,'2023-05-28 21:30:09','2023-05-28 21:30:09'),(204,'update_status','Order confirmed by %user_name%',0,46,NULL,'2023-05-28 21:30:09','2023-05-28 21:30:09');
/*!40000 ALTER TABLE `ec_order_histories` ENABLE KEYS */;
UNLOCK TABLES;

--
-- Table structure for table `ec_order_product`
--

DROP TABLE IF EXISTS `ec_order_product`;
/*!40101 SET @saved_cs_client     = @@character_set_client */;
/*!50503 SET character_set_client = utf8mb4 */;
CREATE TABLE `ec_order_product` (
  `id` bigint unsigned NOT NULL AUTO_INCREMENT,
  `order_id` bigint unsigned NOT NULL,
  `qty` int NOT NULL,
  `price` decimal(15,2) NOT NULL,
  `tax_amount` decimal(15,2) NOT NULL,
  `options` text COLLATE utf8mb4_unicode_ci,
  `product_options` text COLLATE utf8mb4_unicode_ci COMMENT 'product option data',
  `product_id` bigint unsigned DEFAULT NULL,
  `product_name` varchar(191) COLLATE utf8mb4_unicode_ci NOT NULL,
  `product_image` varchar(191) COLLATE utf8mb4_unicode_ci DEFAULT NULL,
  `weight` double(8,2) DEFAULT '0.00',
  `restock_quantity` int unsigned DEFAULT '0',
  `created_at` timestamp NULL DEFAULT NULL,
  `updated_at` timestamp NULL DEFAULT NULL,
  `product_type` varchar(60) COLLATE utf8mb4_unicode_ci NOT NULL DEFAULT 'physical',
  `times_downloaded` int NOT NULL DEFAULT '0',
  PRIMARY KEY (`id`)
) ENGINE=InnoDB AUTO_INCREMENT=55 DEFAULT CHARSET=utf8mb4 COLLATE=utf8mb4_unicode_ci;
/*!40101 SET character_set_client = @saved_cs_client */;

--
-- Dumping data for table `ec_order_product`
--

LOCK TABLES `ec_order_product` WRITE;
/*!40000 ALTER TABLE `ec_order_product` DISABLE KEYS */;
INSERT INTO `ec_order_product` VALUES (1,1,2,599.00,0.00,'[]',NULL,128,'Vimto Squash Remix Apple 1.5 Litres','products/24-2.jpg',1232.00,0,'2023-05-28 21:30:05','2023-05-28 21:30:05','physical',0),(2,2,1,680.00,0.00,'[]',NULL,176,'Miko The Panda Water Bottle','products/40-1.jpg',581.00,0,'2023-05-28 21:30:05','2023-05-28 21:30:05','physical',0),(3,3,2,1281.00,0.00,'[]',NULL,96,'Xbox One Wireless Controller Black Color','products/11-2.jpg',1136.00,0,'2023-05-28 21:30:05','2023-05-28 21:30:05','physical',0),(4,4,2,680.00,0.00,'[]',NULL,179,'Miko The Panda Water Bottle','products/40.jpg',1162.00,0,'2023-05-28 21:30:05','2023-05-28 21:30:05','physical',0),(5,5,2,927.00,0.00,'[]',NULL,247,'Province Piece Glass Drinking Glass (Digital)','products/65.jpg',1050.00,0,'2023-05-28 21:30:05','2023-05-28 21:30:05','digital',3),(6,6,3,599.00,0.00,'[]',NULL,128,'Vimto Squash Remix Apple 1.5 Litres','products/24-2.jpg',1848.00,0,'2023-05-28 21:30:05','2023-05-28 21:30:05','physical',0),(7,7,3,891.00,0.00,'[]',NULL,143,'Bar S – Classic Bun Length Franks','products/30-1.jpg',2559.00,0,'2023-05-28 21:30:05','2023-05-28 21:30:05','physical',0),(8,8,3,698.00,0.00,'[]',NULL,161,'Iceland Macaroni Cheese Traybake','products/36-1.jpg',2598.00,0,'2023-05-28 21:30:05','2023-05-28 21:30:05','physical',0),(9,9,3,944.00,0.00,'[]',NULL,202,'Coca-Cola Original Taste','products/48-1.jpg',1989.00,0,'2023-05-28 21:30:05','2023-05-28 21:30:05','physical',0),(10,9,2,719.00,0.00,'[]',NULL,235,'Iceland Soft Scoop Vanilla','products/59-2.jpg',1422.00,0,'2023-05-28 21:30:05','2023-05-28 21:30:05','physical',0),(11,10,3,1172.00,0.00,'[]',NULL,125,'Ciate Palemore Lipstick Bold Red Color','products/23-1.jpg',1968.00,0,'2023-05-28 21:30:05','2023-05-28 21:30:05','physical',0),(12,11,2,680.00,0.00,'[]',NULL,176,'Miko The Panda Water Bottle','products/40-1.jpg',1162.00,0,'2023-05-28 21:30:05','2023-05-28 21:30:05','physical',0),(13,12,2,1075.00,0.00,'[]',NULL,209,'Aptamil Follow On Baby Milk','products/51.jpg',1314.00,0,'2023-05-28 21:30:05','2023-05-28 21:30:05','physical',0),(14,13,1,1291.00,0.00,'[]',NULL,135,'Soft Mochi & Galeto Ice Cream','products/27.jpg',755.00,0,'2023-05-28 21:30:05','2023-05-28 21:30:05','physical',0),(15,14,3,719.00,0.00,'[]',NULL,235,'Iceland Soft Scoop Vanilla','products/59-2.jpg',2133.00,0,'2023-05-28 21:30:05','2023-05-28 21:30:05','physical',0),(16,15,2,944.00,0.00,'[]',NULL,202,'Coca-Cola Original Taste','products/48-1.jpg',1326.00,0,'2023-05-28 21:30:05','2023-05-28 21:30:05','physical',0),(17,16,2,516.00,0.00,'[]',NULL,220,'Honest Organic Still Lemonade','products/55.jpg',1558.00,0,'2023-05-28 21:30:05','2023-05-28 21:30:05','physical',0),(18,17,1,80.25,0.00,'[]',NULL,67,'Dual Camera 20MP (Digital)','products/1.jpg',852.00,0,'2023-05-28 21:30:05','2023-05-28 21:30:05','digital',2),(19,18,3,1211.00,0.00,'[]',NULL,86,'Smart Televisions','products/8-2.jpg',2535.00,0,'2023-05-28 21:30:05','2023-05-28 21:30:05','physical',0),(20,19,2,889.00,0.00,'[]',NULL,196,'Bottled Pure Water 500ml','products/46.jpg',1156.00,0,'2023-05-28 21:30:05','2023-05-28 21:30:05','physical',0),(21,20,1,80.25,0.00,'[]',NULL,67,'Dual Camera 20MP (Digital)','products/1.jpg',852.00,0,'2023-05-28 21:30:05','2023-05-28 21:30:05','digital',4),(22,21,3,539.00,0.00,'[]',NULL,227,'Iceland 6 Hot Cross Buns (Digital)','products/57.jpg',2154.00,0,'2023-05-28 21:30:05','2023-05-28 21:30:05','digital',10),(23,22,1,522.00,0.00,'[]',NULL,88,'Samsung Smart Phone (Digital)','products/9-1.jpg',677.00,0,'2023-05-28 21:30:05','2023-05-28 21:30:05','digital',5),(24,23,2,598.00,0.00,'[]',NULL,151,'Häagen-Dazs Salted Caramel (Digital)','products/33-2.jpg',1114.00,0,'2023-05-28 21:30:05','2023-05-28 21:30:05','digital',6),(25,24,3,766.00,0.00,'[]',NULL,215,'Hobnobs The Nobbly Biscuit','products/54-1.jpg',2133.00,0,'2023-05-28 21:30:05','2023-05-28 21:30:05','physical',0),(26,25,2,457.00,0.00,'[]',NULL,78,'Nikon HD camera','products/6.jpg',1726.00,0,'2023-05-28 21:30:06','2023-05-28 21:30:06','physical',0),(27,25,3,825.00,0.00,'[]',NULL,129,'Crock Pot Slow Cooker (Digital)','products/25.jpg',2298.00,0,'2023-05-28 21:30:06','2023-05-28 21:30:06','digital',10),(28,25,2,922.00,0.00,'[]',NULL,170,'Sitema BakeIT Plastic Box','products/38-1.jpg',1696.00,0,'2023-05-28 21:30:06','2023-05-28 21:30:06','physical',0),(29,26,2,923.00,0.00,'[]',NULL,172,'Wayfair Basics Dinner Plate Storage','products/39-1.jpg',1006.00,0,'2023-05-28 21:30:06','2023-05-28 21:30:06','physical',0),(30,27,1,1291.00,0.00,'[]',NULL,134,'Soft Mochi & Galeto Ice Cream','products/27-1.jpg',755.00,0,'2023-05-28 21:30:06','2023-05-28 21:30:06','physical',0),(31,27,2,1024.00,0.00,'[]',NULL,181,'Sesame Seed Bread (Digital)','products/41-1.jpg',1448.00,0,'2023-05-28 21:30:06','2023-05-28 21:30:06','digital',0),(32,28,1,944.00,0.00,'[]',NULL,203,'Coca-Cola Original Taste','products/48-2.jpg',663.00,0,'2023-05-28 21:30:06','2023-05-28 21:30:06','physical',0),(33,29,3,1075.00,0.00,'[]',NULL,210,'Aptamil Follow On Baby Milk','products/51.jpg',1971.00,0,'2023-05-28 21:30:06','2023-05-28 21:30:06','physical',0),(34,30,3,923.00,0.00,'[]',NULL,174,'Wayfair Basics Dinner Plate Storage','products/39.jpg',1509.00,0,'2023-05-28 21:30:06','2023-05-28 21:30:06','physical',0),(35,31,3,944.00,0.00,'[]',NULL,201,'Coca-Cola Original Taste','products/48.jpg',1989.00,0,'2023-05-28 21:30:06','2023-05-28 21:30:06','physical',0),(36,32,2,620.00,0.00,'[]',NULL,121,'Baxter Care Hair Kit For Bearded Mens','products/22-1.jpg',1214.00,0,'2023-05-28 21:30:06','2023-05-28 21:30:06','physical',0),(37,32,1,769.00,0.00,'[]',NULL,165,'Dolmio Bolognese Pasta Sauce (Digital)','products/37-1.jpg',639.00,0,'2023-05-28 21:30:06','2023-05-28 21:30:06','digital',4),(38,33,1,1172.00,0.00,'[]',NULL,124,'Ciate Palemore Lipstick Bold Red Color','products/23.jpg',656.00,0,'2023-05-28 21:30:06','2023-05-28 21:30:06','physical',0),(39,34,2,516.00,0.00,'[]',NULL,219,'Honest Organic Still Lemonade','products/55-2.jpg',1558.00,0,'2023-05-28 21:30:06','2023-05-28 21:30:06','physical',0),(40,35,1,590.00,0.00,'[]',NULL,107,'Samsung Gear VR Virtual Reality Headset (Digital)','products/17.jpg',829.00,0,'2023-05-28 21:30:06','2023-05-28 21:30:06','digital',7),(41,36,3,785.00,0.00,'[]',NULL,118,'NYX Beauty Couton Pallete Makeup 12','products/20-2.jpg',1980.00,0,'2023-05-28 21:30:06','2023-05-28 21:30:06','physical',0),(42,37,3,1193.00,0.00,'[]',NULL,114,'NYX Beauty Couton Pallete Makeup 12','products/19-2.jpg',2211.00,0,'2023-05-28 21:30:06','2023-05-28 21:30:06','physical',0),(43,38,3,1156.00,0.00,'[]',NULL,200,'Famart Farmhouse Soft White','products/47-1.jpg',1986.00,0,'2023-05-28 21:30:06','2023-05-28 21:30:06','physical',0),(44,39,1,80.25,0.00,'[]',NULL,68,'Dual Camera 20MP (Digital)','products/1.jpg',852.00,0,'2023-05-28 21:30:06','2023-05-28 21:30:06','digital',2),(45,40,2,620.00,0.00,'[]',NULL,123,'Baxter Care Hair Kit For Bearded Mens','products/22-3.jpg',1214.00,0,'2023-05-28 21:30:07','2023-05-28 21:30:07','physical',0),(46,41,1,1003.00,0.00,'[]',NULL,158,'Extreme Budweiser Light Can','products/35.jpg',873.00,0,'2023-05-28 21:30:07','2023-05-28 21:30:07','physical',0),(47,42,3,994.00,0.00,'[]',NULL,195,'Maxwell House Classic Roast Mocha (Digital)','products/45-1.jpg',1551.00,0,'2023-05-28 21:30:07','2023-05-28 21:30:07','digital',0),(48,43,1,457.00,0.00,'[]',NULL,81,'Nikon HD camera','products/6.jpg',863.00,0,'2023-05-28 21:30:07','2023-05-28 21:30:07','physical',0),(49,43,1,889.00,0.00,'[]',NULL,196,'Bottled Pure Water 500ml','products/46.jpg',578.00,0,'2023-05-28 21:30:07','2023-05-28 21:30:07','physical',0),(50,44,2,553.00,0.00,'[]',NULL,100,'Sound Intone I65 Earphone White Version (Digital)','products/13.jpg',1776.00,0,'2023-05-28 21:30:07','2023-05-28 21:30:07','digital',5),(51,45,3,922.00,0.00,'[]',NULL,170,'Sitema BakeIT Plastic Box','products/38-1.jpg',2544.00,0,'2023-05-28 21:30:07','2023-05-28 21:30:07','physical',0),(52,46,3,923.00,0.00,'[]',NULL,172,'Wayfair Basics Dinner Plate Storage','products/39-1.jpg',1509.00,0,'2023-05-28 21:30:07','2023-05-28 21:30:07','physical',0),(53,47,1,539.00,0.00,'[]',NULL,82,'Audio Equipment','products/7.jpg',669.00,0,'2023-05-28 21:30:07','2023-05-28 21:30:07','physical',0),(54,48,3,598.00,0.00,'[]',NULL,149,'Häagen-Dazs Salted Caramel (Digital)','products/33.jpg',1671.00,0,'2023-05-28 21:30:07','2023-05-28 21:30:07','digital',5);
/*!40000 ALTER TABLE `ec_order_product` ENABLE KEYS */;
UNLOCK TABLES;

--
-- Table structure for table `ec_order_referrals`
--

DROP TABLE IF EXISTS `ec_order_referrals`;
/*!40101 SET @saved_cs_client     = @@character_set_client */;
/*!50503 SET character_set_client = utf8mb4 */;
CREATE TABLE `ec_order_referrals` (
  `id` bigint unsigned NOT NULL AUTO_INCREMENT,
  `ip` varchar(39) COLLATE utf8mb4_unicode_ci DEFAULT NULL,
  `landing_domain` varchar(255) COLLATE utf8mb4_unicode_ci DEFAULT NULL,
  `landing_page` varchar(255) COLLATE utf8mb4_unicode_ci DEFAULT NULL,
  `landing_params` varchar(255) COLLATE utf8mb4_unicode_ci DEFAULT NULL,
  `referral` varchar(255) COLLATE utf8mb4_unicode_ci DEFAULT NULL,
  `gclid` varchar(255) COLLATE utf8mb4_unicode_ci DEFAULT NULL,
  `fclid` varchar(255) COLLATE utf8mb4_unicode_ci DEFAULT NULL,
  `utm_source` varchar(255) COLLATE utf8mb4_unicode_ci DEFAULT NULL,
  `utm_campaign` varchar(255) COLLATE utf8mb4_unicode_ci DEFAULT NULL,
  `utm_medium` varchar(255) COLLATE utf8mb4_unicode_ci DEFAULT NULL,
  `utm_term` varchar(255) COLLATE utf8mb4_unicode_ci DEFAULT NULL,
  `utm_content` varchar(255) COLLATE utf8mb4_unicode_ci DEFAULT NULL,
  `referrer_url` text COLLATE utf8mb4_unicode_ci,
  `referrer_domain` varchar(255) COLLATE utf8mb4_unicode_ci DEFAULT NULL,
  `order_id` bigint unsigned DEFAULT NULL,
  `created_at` timestamp NULL DEFAULT NULL,
  `updated_at` timestamp NULL DEFAULT NULL,
  PRIMARY KEY (`id`),
  KEY `ec_order_referrals_order_id_index` (`order_id`)
) ENGINE=InnoDB DEFAULT CHARSET=utf8mb4 COLLATE=utf8mb4_unicode_ci;
/*!40101 SET character_set_client = @saved_cs_client */;

--
-- Dumping data for table `ec_order_referrals`
--

LOCK TABLES `ec_order_referrals` WRITE;
/*!40000 ALTER TABLE `ec_order_referrals` DISABLE KEYS */;
/*!40000 ALTER TABLE `ec_order_referrals` ENABLE KEYS */;
UNLOCK TABLES;

--
-- Table structure for table `ec_order_return_items`
--

DROP TABLE IF EXISTS `ec_order_return_items`;
/*!40101 SET @saved_cs_client     = @@character_set_client */;
/*!50503 SET character_set_client = utf8mb4 */;
CREATE TABLE `ec_order_return_items` (
  `id` bigint unsigned NOT NULL AUTO_INCREMENT,
  `order_return_id` bigint unsigned NOT NULL COMMENT 'Order return id',
  `order_product_id` bigint unsigned NOT NULL COMMENT 'Order product id',
  `product_id` bigint unsigned NOT NULL COMMENT 'Product id',
  `product_name` varchar(191) COLLATE utf8mb4_unicode_ci NOT NULL,
  `product_image` varchar(191) COLLATE utf8mb4_unicode_ci DEFAULT NULL,
  `qty` int NOT NULL COMMENT 'Quantity return',
  `price` decimal(15,2) NOT NULL COMMENT 'Price Product',
  `reason` text COLLATE utf8mb4_unicode_ci,
  `created_at` timestamp NULL DEFAULT NULL,
  `updated_at` timestamp NULL DEFAULT NULL,
  `refund_amount` decimal(12,2) DEFAULT '0.00',
  PRIMARY KEY (`id`)
) ENGINE=InnoDB DEFAULT CHARSET=utf8mb4 COLLATE=utf8mb4_unicode_ci;
/*!40101 SET character_set_client = @saved_cs_client */;

--
-- Dumping data for table `ec_order_return_items`
--

LOCK TABLES `ec_order_return_items` WRITE;
/*!40000 ALTER TABLE `ec_order_return_items` DISABLE KEYS */;
/*!40000 ALTER TABLE `ec_order_return_items` ENABLE KEYS */;
UNLOCK TABLES;

--
-- Table structure for table `ec_order_returns`
--

DROP TABLE IF EXISTS `ec_order_returns`;
/*!40101 SET @saved_cs_client     = @@character_set_client */;
/*!50503 SET character_set_client = utf8mb4 */;
CREATE TABLE `ec_order_returns` (
  `id` bigint unsigned NOT NULL AUTO_INCREMENT,
  `code` varchar(191) COLLATE utf8mb4_unicode_ci DEFAULT NULL,
  `order_id` bigint unsigned NOT NULL COMMENT 'Order ID',
  `store_id` bigint unsigned DEFAULT NULL COMMENT 'Store ID',
  `user_id` bigint unsigned NOT NULL COMMENT 'Customer ID',
  `reason` text COLLATE utf8mb4_unicode_ci COMMENT 'Reason return order',
  `order_status` varchar(191) COLLATE utf8mb4_unicode_ci DEFAULT NULL COMMENT 'Order current status',
  `return_status` varchar(191) COLLATE utf8mb4_unicode_ci NOT NULL COMMENT 'Return status',
  `created_at` timestamp NULL DEFAULT NULL,
  `updated_at` timestamp NULL DEFAULT NULL,
  PRIMARY KEY (`id`),
  UNIQUE KEY `ec_order_returns_code_unique` (`code`)
) ENGINE=InnoDB DEFAULT CHARSET=utf8mb4 COLLATE=utf8mb4_unicode_ci;
/*!40101 SET character_set_client = @saved_cs_client */;

--
-- Dumping data for table `ec_order_returns`
--

LOCK TABLES `ec_order_returns` WRITE;
/*!40000 ALTER TABLE `ec_order_returns` DISABLE KEYS */;
/*!40000 ALTER TABLE `ec_order_returns` ENABLE KEYS */;
UNLOCK TABLES;

--
-- Table structure for table `ec_orders`
--

DROP TABLE IF EXISTS `ec_orders`;
/*!40101 SET @saved_cs_client     = @@character_set_client */;
/*!50503 SET character_set_client = utf8mb4 */;
CREATE TABLE `ec_orders` (
  `id` bigint unsigned NOT NULL AUTO_INCREMENT,
  `code` varchar(191) COLLATE utf8mb4_unicode_ci DEFAULT NULL,
  `user_id` bigint unsigned NOT NULL,
  `shipping_option` varchar(60) COLLATE utf8mb4_unicode_ci DEFAULT NULL,
  `shipping_method` varchar(60) COLLATE utf8mb4_unicode_ci NOT NULL DEFAULT 'default',
  `status` varchar(120) COLLATE utf8mb4_unicode_ci NOT NULL DEFAULT 'pending',
  `amount` decimal(15,2) NOT NULL,
  `tax_amount` decimal(15,2) DEFAULT NULL,
  `shipping_amount` decimal(15,2) DEFAULT NULL,
  `description` text COLLATE utf8mb4_unicode_ci,
  `coupon_code` varchar(120) COLLATE utf8mb4_unicode_ci DEFAULT NULL,
  `discount_amount` decimal(15,2) DEFAULT NULL,
  `sub_total` decimal(15,2) NOT NULL,
  `is_confirmed` tinyint(1) NOT NULL DEFAULT '0',
  `discount_description` varchar(255) COLLATE utf8mb4_unicode_ci DEFAULT NULL,
  `is_finished` tinyint(1) DEFAULT '0',
  `completed_at` timestamp NULL DEFAULT NULL,
  `token` varchar(120) COLLATE utf8mb4_unicode_ci DEFAULT NULL,
  `payment_id` bigint unsigned DEFAULT NULL,
  `created_at` timestamp NULL DEFAULT NULL,
  `updated_at` timestamp NULL DEFAULT NULL,
  `store_id` bigint unsigned DEFAULT NULL,
  PRIMARY KEY (`id`),
  UNIQUE KEY `ec_orders_code_unique` (`code`),
  KEY `ec_orders_user_id_status_created_at_index` (`user_id`,`status`,`created_at`)
) ENGINE=InnoDB AUTO_INCREMENT=49 DEFAULT CHARSET=utf8mb4 COLLATE=utf8mb4_unicode_ci;
/*!40101 SET character_set_client = @saved_cs_client */;

--
-- Dumping data for table `ec_orders`
--

LOCK TABLES `ec_orders` WRITE;
/*!40000 ALTER TABLE `ec_orders` DISABLE KEYS */;
INSERT INTO `ec_orders` VALUES (1,'#10000001',10,'1','default','pending',1198.00,0.00,0.00,NULL,NULL,0.00,1198.00,1,NULL,1,NULL,'zjJMOkwIoxgpLUIxHQMYaTYbSoSew',1,'2023-05-17 05:30:05','2023-05-28 21:30:05',8),(2,'#10000002',10,'1','default','completed',680.00,0.00,0.00,NULL,NULL,0.00,680.00,1,NULL,1,'2023-05-28 21:30:07','DJ7VOnos3Qn55zER4tk2R48f0M48f',2,'2023-05-13 21:30:05','2023-05-28 21:30:07',7),(3,'#10000003',9,'1','default','completed',2562.00,0.00,0.00,NULL,NULL,0.00,2562.00,1,NULL,1,'2023-05-28 21:30:05','VJgwXdpOyUPxPA1iw1mzAHdhCUUkj',3,'2023-05-22 13:30:05','2023-05-28 21:30:05',1),(4,'#10000004',9,'1','default','pending',1360.00,0.00,0.00,NULL,NULL,0.00,1360.00,1,NULL,1,NULL,'taPE2FmHEwLouIWW168XUZcIkEzWl',4,'2023-05-17 19:30:05','2023-05-28 21:30:05',7),(5,'#10000005',9,NULL,'','pending',1854.00,0.00,0.00,NULL,NULL,0.00,1854.00,1,NULL,1,NULL,'9Q0Tr5TRqHOxoZ22eRktohQozuhPz',5,'2023-05-19 09:30:05','2023-05-28 21:30:05',6),(6,'#10000006',10,'1','default','pending',1797.00,0.00,0.00,NULL,NULL,0.00,1797.00,1,NULL,1,NULL,'1GCBVHfDvzwecigzYloJ6lbcnCQmi',6,'2023-05-18 09:30:05','2023-05-28 21:30:05',8),(7,'#10000007',10,'1','default','pending',2673.00,0.00,0.00,NULL,NULL,0.00,2673.00,1,NULL,1,NULL,'mCMtb8tWZORlHjFzsZIZfHWgyZerW',7,'2023-05-27 09:30:05','2023-05-28 21:30:05',2),(8,'#10000008',10,'1','default','completed',2094.00,0.00,0.00,NULL,NULL,0.00,2094.00,1,NULL,1,'2023-05-28 21:30:07','lyBYOqCnVPbZ0vvChYzqLSjexiSXM',8,'2023-05-14 17:30:05','2023-05-28 21:30:07',6),(9,'#10000009',10,'1','default','pending',4270.00,0.00,0.00,NULL,NULL,0.00,4270.00,1,NULL,1,NULL,'DoCOF5e13T01RAxqhoZSKzb8PCPjo',9,'2023-05-21 19:30:05','2023-05-28 21:30:05',2),(10,'#10000010',9,'1','default','pending',3516.00,0.00,0.00,NULL,NULL,0.00,3516.00,1,NULL,1,NULL,'lOgXP90ojUKvQo3tg4k4gQNuRwEz7',10,'2023-05-26 05:30:05','2023-05-28 21:30:05',8),(11,'#10000011',9,'1','default','completed',1360.00,0.00,0.00,NULL,NULL,0.00,1360.00,1,NULL,1,'2023-05-28 21:30:07','WiXPzLJJ55u1Zjor0VXskc6buNJby',11,'2023-05-18 05:30:05','2023-05-28 21:30:07',7),(12,'#10000012',9,'1','default','pending',2150.00,0.00,0.00,NULL,NULL,0.00,2150.00,1,NULL,1,NULL,'6lu9MMiC1qIIjJ68Q6vK3MF6kBym6',12,'2023-05-19 13:30:05','2023-05-28 21:30:05',5),(13,'#10000013',9,'1','default','pending',1291.00,0.00,0.00,NULL,NULL,0.00,1291.00,1,NULL,1,NULL,'tsqnIuAu5FqGh5sNj9GjwMCZRM5AT',13,'2023-05-26 09:30:05','2023-05-28 21:30:05',8),(14,'#10000014',9,'1','default','pending',2157.00,0.00,0.00,NULL,NULL,0.00,2157.00,1,NULL,1,NULL,'zV65jCgPHksGSRoz6qyh1J5ei3faA',14,'2023-05-18 21:30:05','2023-05-28 21:30:05',2),(15,'#10000015',10,'1','default','pending',1888.00,0.00,0.00,NULL,NULL,0.00,1888.00,1,NULL,1,NULL,'abIICuf2DtAbA1vhWa2qcdQDi1wmc',15,'2023-05-23 01:30:05','2023-05-28 21:30:05',2),(16,'#10000016',10,'1','default','pending',1032.00,0.00,0.00,NULL,NULL,0.00,1032.00,1,NULL,1,NULL,'vejsQwri637fCirhDO4VSh2YxuDIX',16,'2023-05-18 09:30:05','2023-05-28 21:30:05',7),(17,'#10000017',9,NULL,'','pending',80.25,0.00,0.00,NULL,NULL,0.00,80.25,1,NULL,1,NULL,'Xft0t4g3WFBnxMJ8M67WMvGvnrLkV',17,'2023-05-23 11:30:05','2023-05-28 21:30:05',7),(18,'#10000018',9,'1','default','completed',3633.00,0.00,0.00,NULL,NULL,0.00,3633.00,1,NULL,1,'2023-05-28 21:30:08','aE4zfBvVSlAVCOhUcMbNcvlf6ndnD',18,'2023-05-19 03:30:05','2023-05-28 21:30:08',4),(19,'#10000019',9,'1','default','pending',1778.00,0.00,0.00,NULL,NULL,0.00,1778.00,1,NULL,1,NULL,'OhgzzF0YZ0uBpA7VidtdDrtuFDCOj',19,'2023-05-26 17:30:05','2023-05-28 21:30:05',1),(20,'#10000020',10,NULL,'','completed',80.25,0.00,0.00,NULL,NULL,0.00,80.25,1,NULL,1,'2023-05-28 21:30:05','iKRLcdgJVrV2MVTl71knfySG2dKKj',20,'2023-05-26 21:30:05','2023-05-28 21:30:05',7),(21,'#10000021',10,NULL,'','pending',1617.00,0.00,0.00,NULL,NULL,0.00,1617.00,1,NULL,1,NULL,'2wD1dLVwglVGjqjWZGYSKe38wVtg5',21,'2023-05-23 21:30:05','2023-05-28 21:30:05',5),(22,'#10000022',9,NULL,'','completed',522.00,0.00,0.00,NULL,NULL,0.00,522.00,1,NULL,1,'2023-05-28 21:30:05','W5FAaCstEuikir70u7Dr5Ec6Wk6Dy',22,'2023-05-27 01:30:05','2023-05-28 21:30:05',5),(23,'#10000023',9,NULL,'','pending',1196.00,0.00,0.00,NULL,NULL,0.00,1196.00,1,NULL,1,NULL,'mBBUBq9pTgzq4Pay9nz8RBIwZ3JSd',23,'2023-05-24 07:30:05','2023-05-28 21:30:05',6),(24,'#10000024',9,'1','default','pending',2298.00,0.00,0.00,NULL,NULL,0.00,2298.00,1,NULL,1,NULL,'cKOXMfRO7kYcLta9wIM0PVkAWmq0K',24,'2023-05-26 03:30:05','2023-05-28 21:30:05',7),(25,'#10000025',10,'1','default','completed',5233.00,0.00,0.00,NULL,NULL,0.00,5233.00,1,NULL,1,'2023-05-28 21:30:06','EMQ8kiGywVnbvY5Y19wb5bQlaYMTg',25,'2023-05-23 01:30:06','2023-05-28 21:30:06',1),(26,'#10000026',10,'1','default','completed',1846.00,0.00,0.00,NULL,NULL,0.00,1846.00,1,NULL,1,'2023-05-28 21:30:08','yqmZHmy9yoQYDy0vy8QAGTHCErZ4b',26,'2023-05-27 05:30:06','2023-05-28 21:30:08',5),(27,'#10000027',10,'1','default','completed',3339.00,0.00,0.00,NULL,NULL,0.00,3339.00,1,NULL,1,'2023-05-28 21:30:06','sW7bu8WE0oo4IjWaerYIxxFGb0WhI',27,'2023-05-24 09:30:06','2023-05-28 21:30:06',8),(28,'#10000028',10,'1','default','completed',944.00,0.00,0.00,NULL,NULL,0.00,944.00,1,NULL,1,'2023-05-28 21:30:08','PqlOYX8C33gSw33jbNh5lAxrCb5fo',28,'2023-05-22 03:30:06','2023-05-28 21:30:08',2),(29,'#10000029',10,'1','default','completed',3225.00,0.00,0.00,NULL,NULL,0.00,3225.00,1,NULL,1,'2023-05-28 21:30:08','ZHr3Tl6SyxYZ8F2QfW0JhAQkrNgHI',29,'2023-05-24 09:30:06','2023-05-28 21:30:08',5),(30,'#10000030',10,'1','default','completed',2769.00,0.00,0.00,NULL,NULL,0.00,2769.00,1,NULL,1,'2023-05-28 21:30:08','v4jHhUnSWMHeyz1yQbX9QMhxSqSas',30,'2023-05-22 21:30:06','2023-05-28 21:30:08',5),(31,'#10000031',10,'1','default','completed',2832.00,0.00,0.00,NULL,NULL,0.00,2832.00,1,NULL,1,'2023-05-28 21:30:08','OMelvmDlP2y77qeNuI25CPvDPyf2V',31,'2023-05-22 05:30:06','2023-05-28 21:30:08',2),(32,'#10000032',9,'1','default','pending',2009.00,0.00,0.00,NULL,NULL,0.00,2009.00,1,NULL,1,NULL,'ypdC7TMIVIZ8VBfQ5e8ltb2goGhvv',32,'2023-05-27 17:30:06','2023-05-28 21:30:06',5),(33,'#10000033',9,'1','default','pending',1172.00,0.00,0.00,NULL,NULL,0.00,1172.00,1,NULL,1,NULL,'5qyyj9lOdqYWHdBAUWaVL8xFAw14p',33,'2023-05-23 15:30:06','2023-05-28 21:30:06',8),(34,'#10000034',9,'1','default','completed',1032.00,0.00,0.00,NULL,NULL,0.00,1032.00,1,NULL,1,'2023-05-28 21:30:08','CaLjdSdoVJvkS17GdYzPolsAJuiPd',34,'2023-05-23 01:30:06','2023-05-28 21:30:08',7),(35,'#10000035',10,NULL,'','completed',590.00,0.00,0.00,NULL,NULL,0.00,590.00,1,NULL,1,'2023-05-28 21:30:06','s5xpcRqX0rmCxa4YnrjGKZZG699ur',35,'2023-05-27 09:30:06','2023-05-28 21:30:06',3),(36,'#10000036',10,'1','default','pending',2355.00,0.00,0.00,NULL,NULL,0.00,2355.00,1,NULL,1,NULL,'yVwDmzO8W46noGRUh4HZyn6iTBRf5',36,'2023-05-25 21:30:06','2023-05-28 21:30:06',2),(37,'#10000037',10,'1','default','completed',3579.00,0.00,0.00,NULL,NULL,0.00,3579.00,1,NULL,1,'2023-05-28 21:30:08','0nB1MTD6LogCcy0Ku0yaQPHazv4NB',37,'2023-05-24 17:30:06','2023-05-28 21:30:08',8),(38,'#10000038',10,'1','default','pending',3468.00,0.00,0.00,NULL,NULL,0.00,3468.00,1,NULL,1,NULL,'FxrTYJ83xmAHIOVro47ugwdFPzSff',38,'2023-05-27 15:30:06','2023-05-28 21:30:06',4),(39,'#10000039',10,NULL,'','completed',80.25,0.00,0.00,NULL,NULL,0.00,80.25,1,NULL,1,'2023-05-28 21:30:07','Mmp9Jo17IgEMVdQNQ63sYFSnTT7f0',39,'2023-05-28 13:30:06','2023-05-28 21:30:07',7),(40,'#10000040',10,'1','default','completed',1240.00,0.00,0.00,NULL,NULL,0.00,1240.00,1,NULL,1,'2023-05-28 21:30:09','dyn19jnx1nrm4Hs95Yhe5VXqPL2AQ',40,'2023-05-27 21:30:07','2023-05-28 21:30:09',5),(41,'#10000041',10,'1','default','pending',1003.00,0.00,0.00,NULL,NULL,0.00,1003.00,1,NULL,1,NULL,'u9rght5pr04rXhyH2asobOmBQPO9U',41,'2023-05-28 13:30:07','2023-05-28 21:30:07',2),(42,'#10000042',10,NULL,'','completed',2982.00,0.00,0.00,NULL,NULL,0.00,2982.00,1,NULL,1,'2023-05-28 21:30:07','H6JRHO7BQBQgJB4CEhj07iyUz56WF',42,'2023-05-28 05:30:07','2023-05-28 21:30:07',4),(43,'#10000043',9,'1','default','pending',1346.00,0.00,0.00,NULL,NULL,0.00,1346.00,1,NULL,1,NULL,'lUJYNRYzTeucgTpwp7Mp3EPZDevHS',43,'2023-05-26 21:30:07','2023-05-28 21:30:07',1),(44,'#10000044',9,NULL,'','completed',1106.00,0.00,0.00,NULL,NULL,0.00,1106.00,1,NULL,1,'2023-05-28 21:30:07','Lqb5rzpKiwIkQiqiBYhezQjwEtL9s',44,'2023-05-27 09:30:07','2023-05-28 21:30:07',4),(45,'#10000045',9,'1','default','pending',2766.00,0.00,0.00,NULL,NULL,0.00,2766.00,1,NULL,1,NULL,'Gqst9f7OZiVYc7ZvwgRcakrruNPIv',45,'2023-05-27 05:30:07','2023-05-28 21:30:07',1),(46,'#10000046',9,'1','default','completed',2769.00,0.00,0.00,NULL,NULL,0.00,2769.00,1,NULL,1,'2023-05-28 21:30:09','xORejkhIBetwgTF7ivzcxRp17UwN3',46,'2023-05-28 09:30:07','2023-05-28 21:30:09',5),(47,'#10000047',10,'1','default','pending',539.00,0.00,0.00,NULL,NULL,0.00,539.00,1,NULL,1,NULL,'DQnWC1RIm4SEllDLrXjyihO0mdwsv',47,'2023-05-28 11:30:07','2023-05-28 21:30:07',3),(48,'#10000048',10,NULL,'','pending',1794.00,0.00,0.00,NULL,NULL,0.00,1794.00,1,NULL,1,NULL,'SJ8yUAWzXm7rFnLLQLhWZqnOS5aVa',48,'2023-05-28 09:30:07','2023-05-28 21:30:07',6);
/*!40000 ALTER TABLE `ec_orders` ENABLE KEYS */;
UNLOCK TABLES;

--
-- Table structure for table `ec_product_attribute_sets`
--

DROP TABLE IF EXISTS `ec_product_attribute_sets`;
/*!40101 SET @saved_cs_client     = @@character_set_client */;
/*!50503 SET character_set_client = utf8mb4 */;
CREATE TABLE `ec_product_attribute_sets` (
  `id` bigint unsigned NOT NULL AUTO_INCREMENT,
  `title` varchar(120) COLLATE utf8mb4_unicode_ci NOT NULL,
  `slug` varchar(120) COLLATE utf8mb4_unicode_ci DEFAULT NULL,
  `display_layout` varchar(191) COLLATE utf8mb4_unicode_ci NOT NULL DEFAULT 'swatch_dropdown',
  `is_searchable` tinyint unsigned NOT NULL DEFAULT '1',
  `is_comparable` tinyint unsigned NOT NULL DEFAULT '1',
  `is_use_in_product_listing` tinyint unsigned NOT NULL DEFAULT '0',
  `status` varchar(60) COLLATE utf8mb4_unicode_ci NOT NULL DEFAULT 'published',
  `order` tinyint unsigned NOT NULL DEFAULT '0',
  `created_at` timestamp NULL DEFAULT NULL,
  `updated_at` timestamp NULL DEFAULT NULL,
  `use_image_from_product_variation` tinyint unsigned NOT NULL DEFAULT '0',
  PRIMARY KEY (`id`)
) ENGINE=InnoDB AUTO_INCREMENT=5 DEFAULT CHARSET=utf8mb4 COLLATE=utf8mb4_unicode_ci;
/*!40101 SET character_set_client = @saved_cs_client */;

--
-- Dumping data for table `ec_product_attribute_sets`
--

LOCK TABLES `ec_product_attribute_sets` WRITE;
/*!40000 ALTER TABLE `ec_product_attribute_sets` DISABLE KEYS */;
INSERT INTO `ec_product_attribute_sets` VALUES (1,'Color','color','visual',1,1,1,'published',0,'2023-05-28 21:30:00','2023-05-28 21:30:00',0),(2,'Size','size','text',1,1,1,'published',1,'2023-05-28 21:30:00','2023-05-28 21:30:00',0),(3,'Weight','weight','text',1,1,1,'published',0,'2023-05-28 21:30:00','2023-05-28 21:30:00',0),(4,'Boxes','boxes','text',1,1,1,'published',1,'2023-05-28 21:30:00','2023-05-28 21:30:00',0);
/*!40000 ALTER TABLE `ec_product_attribute_sets` ENABLE KEYS */;
UNLOCK TABLES;

--
-- Table structure for table `ec_product_attribute_sets_translations`
--

DROP TABLE IF EXISTS `ec_product_attribute_sets_translations`;
/*!40101 SET @saved_cs_client     = @@character_set_client */;
/*!50503 SET character_set_client = utf8mb4 */;
CREATE TABLE `ec_product_attribute_sets_translations` (
  `lang_code` varchar(191) COLLATE utf8mb4_unicode_ci NOT NULL,
  `ec_product_attribute_sets_id` bigint unsigned NOT NULL,
  `title` varchar(191) COLLATE utf8mb4_unicode_ci DEFAULT NULL,
  PRIMARY KEY (`lang_code`,`ec_product_attribute_sets_id`)
) ENGINE=InnoDB DEFAULT CHARSET=utf8mb4 COLLATE=utf8mb4_unicode_ci;
/*!40101 SET character_set_client = @saved_cs_client */;

--
-- Dumping data for table `ec_product_attribute_sets_translations`
--

LOCK TABLES `ec_product_attribute_sets_translations` WRITE;
/*!40000 ALTER TABLE `ec_product_attribute_sets_translations` DISABLE KEYS */;
INSERT INTO `ec_product_attribute_sets_translations` VALUES ('vi',1,'Màu sắc'),('vi',2,'Kích thước');
/*!40000 ALTER TABLE `ec_product_attribute_sets_translations` ENABLE KEYS */;
UNLOCK TABLES;

--
-- Table structure for table `ec_product_attributes`
--

DROP TABLE IF EXISTS `ec_product_attributes`;
/*!40101 SET @saved_cs_client     = @@character_set_client */;
/*!50503 SET character_set_client = utf8mb4 */;
CREATE TABLE `ec_product_attributes` (
  `id` bigint unsigned NOT NULL AUTO_INCREMENT,
  `attribute_set_id` bigint unsigned NOT NULL,
  `title` varchar(120) COLLATE utf8mb4_unicode_ci NOT NULL,
  `slug` varchar(120) COLLATE utf8mb4_unicode_ci DEFAULT NULL,
  `color` varchar(50) COLLATE utf8mb4_unicode_ci DEFAULT NULL,
  `image` varchar(191) COLLATE utf8mb4_unicode_ci DEFAULT NULL,
  `is_default` tinyint unsigned NOT NULL DEFAULT '0',
  `order` tinyint unsigned NOT NULL DEFAULT '0',
  `status` varchar(60) COLLATE utf8mb4_unicode_ci NOT NULL DEFAULT 'published',
  `created_at` timestamp NULL DEFAULT NULL,
  `updated_at` timestamp NULL DEFAULT NULL,
  PRIMARY KEY (`id`),
  KEY `ec_product_attributes_attribute_set_id_status_index` (`attribute_set_id`,`status`)
) ENGINE=InnoDB AUTO_INCREMENT=21 DEFAULT CHARSET=utf8mb4 COLLATE=utf8mb4_unicode_ci;
/*!40101 SET character_set_client = @saved_cs_client */;

--
-- Dumping data for table `ec_product_attributes`
--

LOCK TABLES `ec_product_attributes` WRITE;
/*!40000 ALTER TABLE `ec_product_attributes` DISABLE KEYS */;
INSERT INTO `ec_product_attributes` VALUES (1,1,'Green','green','#5FB7D4',NULL,1,1,'published','2023-05-28 21:30:00','2023-05-28 21:30:00'),(2,1,'Blue','blue','#333333',NULL,0,2,'published','2023-05-28 21:30:00','2023-05-28 21:30:00'),(3,1,'Red','red','#DA323F',NULL,0,3,'published','2023-05-28 21:30:00','2023-05-28 21:30:00'),(4,1,'Black','black','#2F366C',NULL,0,4,'published','2023-05-28 21:30:00','2023-05-28 21:30:00'),(5,1,'Brown','brown','#87554B',NULL,0,5,'published','2023-05-28 21:30:00','2023-05-28 21:30:00'),(6,2,'S','s',NULL,NULL,1,1,'published','2023-05-28 21:30:00','2023-05-28 21:30:00'),(7,2,'M','m',NULL,NULL,0,2,'published','2023-05-28 21:30:00','2023-05-28 21:30:00'),(8,2,'L','l',NULL,NULL,0,3,'published','2023-05-28 21:30:00','2023-05-28 21:30:00'),(9,2,'XL','xl',NULL,NULL,0,4,'published','2023-05-28 21:30:00','2023-05-28 21:30:00'),(10,2,'XXL','xxl',NULL,NULL,0,5,'published','2023-05-28 21:30:00','2023-05-28 21:30:00'),(11,3,'1KG','1kg',NULL,NULL,1,1,'published','2023-05-28 21:30:00','2023-05-28 21:30:00'),(12,3,'2KG','2kg',NULL,NULL,0,2,'published','2023-05-28 21:30:00','2023-05-28 21:30:00'),(13,3,'3KG','3kg',NULL,NULL,0,3,'published','2023-05-28 21:30:00','2023-05-28 21:30:00'),(14,3,'4KG','4kg',NULL,NULL,0,4,'published','2023-05-28 21:30:00','2023-05-28 21:30:00'),(15,3,'5KG','5kg',NULL,NULL,0,5,'published','2023-05-28 21:30:00','2023-05-28 21:30:00'),(16,4,'1 Box','1box',NULL,NULL,1,1,'published','2023-05-28 21:30:00','2023-05-28 21:30:00'),(17,4,'2 Boxes','2boxes',NULL,NULL,0,2,'published','2023-05-28 21:30:00','2023-05-28 21:30:00'),(18,4,'3 Boxes','3boxes',NULL,NULL,0,3,'published','2023-05-28 21:30:00','2023-05-28 21:30:00'),(19,4,'4 Boxes','4boxes',NULL,NULL,0,4,'published','2023-05-28 21:30:00','2023-05-28 21:30:00'),(20,4,'5 Boxes','5boxes',NULL,NULL,0,5,'published','2023-05-28 21:30:00','2023-05-28 21:30:00');
/*!40000 ALTER TABLE `ec_product_attributes` ENABLE KEYS */;
UNLOCK TABLES;

--
-- Table structure for table `ec_product_attributes_translations`
--

DROP TABLE IF EXISTS `ec_product_attributes_translations`;
/*!40101 SET @saved_cs_client     = @@character_set_client */;
/*!50503 SET character_set_client = utf8mb4 */;
CREATE TABLE `ec_product_attributes_translations` (
  `lang_code` varchar(191) COLLATE utf8mb4_unicode_ci NOT NULL,
  `ec_product_attributes_id` bigint unsigned NOT NULL,
  `title` varchar(191) COLLATE utf8mb4_unicode_ci DEFAULT NULL,
  PRIMARY KEY (`lang_code`,`ec_product_attributes_id`)
) ENGINE=InnoDB DEFAULT CHARSET=utf8mb4 COLLATE=utf8mb4_unicode_ci;
/*!40101 SET character_set_client = @saved_cs_client */;

--
-- Dumping data for table `ec_product_attributes_translations`
--

LOCK TABLES `ec_product_attributes_translations` WRITE;
/*!40000 ALTER TABLE `ec_product_attributes_translations` DISABLE KEYS */;
INSERT INTO `ec_product_attributes_translations` VALUES ('vi',1,'Xanh lá cây'),('vi',2,'Xanh da trời'),('vi',3,'Đỏ'),('vi',4,'Đen'),('vi',5,'Nâu'),('vi',6,'S'),('vi',7,'M'),('vi',8,'L'),('vi',9,'XL'),('vi',10,'XXL'),('vi',11,'1KG'),('vi',12,'2KG'),('vi',13,'3KG'),('vi',14,'4KG'),('vi',15,'5KG'),('vi',16,'1 Hộp'),('vi',17,'2 Hộp'),('vi',18,'3 Hộp'),('vi',19,'4 Hộp'),('vi',20,'5 Hộp');
/*!40000 ALTER TABLE `ec_product_attributes_translations` ENABLE KEYS */;
UNLOCK TABLES;

--
-- Table structure for table `ec_product_categories`
--

DROP TABLE IF EXISTS `ec_product_categories`;
/*!40101 SET @saved_cs_client     = @@character_set_client */;
/*!50503 SET character_set_client = utf8mb4 */;
CREATE TABLE `ec_product_categories` (
  `id` bigint unsigned NOT NULL AUTO_INCREMENT,
  `name` varchar(191) COLLATE utf8mb4_unicode_ci NOT NULL,
  `parent_id` bigint unsigned NOT NULL DEFAULT '0',
  `description` mediumtext COLLATE utf8mb4_unicode_ci,
  `status` varchar(60) COLLATE utf8mb4_unicode_ci NOT NULL DEFAULT 'published',
  `order` int unsigned NOT NULL DEFAULT '0',
  `image` varchar(255) COLLATE utf8mb4_unicode_ci DEFAULT NULL,
  `is_featured` tinyint unsigned NOT NULL DEFAULT '0',
  `created_at` timestamp NULL DEFAULT NULL,
  `updated_at` timestamp NULL DEFAULT NULL,
  PRIMARY KEY (`id`),
  KEY `ec_product_categories_parent_id_status_created_at_index` (`parent_id`,`status`,`created_at`),
  KEY `ec_product_categories_parent_id_status_index` (`parent_id`,`status`)
) ENGINE=InnoDB AUTO_INCREMENT=84 DEFAULT CHARSET=utf8mb4 COLLATE=utf8mb4_unicode_ci;
/*!40101 SET character_set_client = @saved_cs_client */;

--
-- Dumping data for table `ec_product_categories`
--

LOCK TABLES `ec_product_categories` WRITE;
/*!40000 ALTER TABLE `ec_product_categories` DISABLE KEYS */;
INSERT INTO `ec_product_categories` VALUES (1,'Fruits & Vegetables',0,NULL,'published',0,'product-categories/1.png',1,'2023-05-28 21:29:51','2023-05-28 21:29:51'),(2,'Fruits',1,NULL,'published',0,NULL,0,'2023-05-28 21:29:51','2023-05-28 21:29:51'),(3,'Apples',2,NULL,'published',0,NULL,0,'2023-05-28 21:29:51','2023-05-28 21:29:51'),(4,'Bananas',2,NULL,'published',1,NULL,0,'2023-05-28 21:29:51','2023-05-28 21:29:51'),(5,'Berries',2,NULL,'published',2,NULL,0,'2023-05-28 21:29:51','2023-05-28 21:29:51'),(6,'Oranges & Easy Peelers',2,NULL,'published',3,NULL,0,'2023-05-28 21:29:51','2023-05-28 21:29:51'),(7,'Grapes',2,NULL,'published',4,NULL,0,'2023-05-28 21:29:51','2023-05-28 21:29:51'),(8,'Lemons & Limes',2,NULL,'published',5,NULL,0,'2023-05-28 21:29:51','2023-05-28 21:29:51'),(9,'Peaches & Nectarines',2,NULL,'published',6,NULL,0,'2023-05-28 21:29:51','2023-05-28 21:29:51'),(10,'Pears',2,NULL,'published',7,NULL,0,'2023-05-28 21:29:51','2023-05-28 21:29:51'),(11,'Melon',2,NULL,'published',8,NULL,0,'2023-05-28 21:29:51','2023-05-28 21:29:51'),(12,'Avocados',2,NULL,'published',9,NULL,0,'2023-05-28 21:29:51','2023-05-28 21:29:51'),(13,'Plums & Apricots',2,NULL,'published',10,NULL,0,'2023-05-28 21:29:51','2023-05-28 21:29:51'),(14,'Vegetables',1,NULL,'published',1,NULL,0,'2023-05-28 21:29:51','2023-05-28 21:29:51'),(15,'Potatoes',14,NULL,'published',0,NULL,0,'2023-05-28 21:29:51','2023-05-28 21:29:51'),(16,'Carrots & Root Vegetables',14,NULL,'published',1,NULL,0,'2023-05-28 21:29:51','2023-05-28 21:29:51'),(17,'Broccoli & Cauliflower',14,NULL,'published',2,NULL,0,'2023-05-28 21:29:51','2023-05-28 21:29:51'),(18,'Cabbage, Spinach & Greens',14,NULL,'published',3,NULL,0,'2023-05-28 21:29:51','2023-05-28 21:29:51'),(19,'Onions, Leeks & Garlic',14,NULL,'published',4,NULL,0,'2023-05-28 21:29:51','2023-05-28 21:29:51'),(20,'Mushrooms',14,NULL,'published',5,NULL,0,'2023-05-28 21:29:51','2023-05-28 21:29:51'),(21,'Tomatoes',14,NULL,'published',6,NULL,0,'2023-05-28 21:29:51','2023-05-28 21:29:51'),(22,'Beans, Peas & Sweetcorn',14,NULL,'published',7,NULL,0,'2023-05-28 21:29:51','2023-05-28 21:29:51'),(23,'Freshly Drink Orange Juice',14,NULL,'published',8,NULL,0,'2023-05-28 21:29:51','2023-05-28 21:29:51'),(24,'Breads Sweets',0,NULL,'published',1,'product-categories/2.png',1,'2023-05-28 21:29:51','2023-05-28 21:29:51'),(25,'Crisps, Snacks & Nuts',24,NULL,'published',0,NULL,0,'2023-05-28 21:29:51','2023-05-28 21:29:51'),(26,'Crisps & Popcorn',25,NULL,'published',0,NULL,0,'2023-05-28 21:29:51','2023-05-28 21:29:51'),(27,'Nuts & Seeds',25,NULL,'published',1,NULL,0,'2023-05-28 21:29:51','2023-05-28 21:29:51'),(28,'Lighter Options',25,NULL,'published',2,NULL,0,'2023-05-28 21:29:51','2023-05-28 21:29:51'),(29,'Cereal Bars',25,NULL,'published',3,NULL,0,'2023-05-28 21:29:51','2023-05-28 21:29:51'),(30,'Breadsticks & Pretzels',25,NULL,'published',4,NULL,0,'2023-05-28 21:29:51','2023-05-28 21:29:51'),(31,'Fruit Snacking',25,NULL,'published',5,NULL,0,'2023-05-28 21:29:51','2023-05-28 21:29:51'),(32,'Rice & Corn Cakes',25,NULL,'published',6,NULL,0,'2023-05-28 21:29:51','2023-05-28 21:29:51'),(33,'Protein & Energy Snacks',25,NULL,'published',7,NULL,0,'2023-05-28 21:29:51','2023-05-28 21:29:51'),(34,'Toddler Snacks',25,NULL,'published',8,NULL,0,'2023-05-28 21:29:51','2023-05-28 21:29:51'),(35,'Meat Snacks',25,NULL,'published',9,NULL,0,'2023-05-28 21:29:51','2023-05-28 21:29:51'),(36,'Beans',25,NULL,'published',10,NULL,0,'2023-05-28 21:29:51','2023-05-28 21:29:51'),(37,'Lentils',25,NULL,'published',11,NULL,0,'2023-05-28 21:29:51','2023-05-28 21:29:51'),(38,'Chickpeas',25,NULL,'published',12,NULL,0,'2023-05-28 21:29:51','2023-05-28 21:29:51'),(39,'Tins & Cans',24,NULL,'published',1,NULL,0,'2023-05-28 21:29:51','2023-05-28 21:29:51'),(40,'Tomatoes',39,NULL,'published',0,NULL,0,'2023-05-28 21:29:51','2023-05-28 21:29:51'),(41,'Baked Beans, Spaghetti',39,NULL,'published',1,NULL,0,'2023-05-28 21:29:51','2023-05-28 21:29:51'),(42,'Fish',39,NULL,'published',2,NULL,0,'2023-05-28 21:29:51','2023-05-28 21:29:51'),(43,'Beans & Pulses',39,NULL,'published',3,NULL,0,'2023-05-28 21:29:51','2023-05-28 21:29:51'),(44,'Fruit',39,NULL,'published',4,NULL,0,'2023-05-28 21:29:51','2023-05-28 21:29:51'),(45,'Coconut Milk & Cream',39,NULL,'published',5,NULL,0,'2023-05-28 21:29:51','2023-05-28 21:29:51'),(46,'Lighter Options',39,NULL,'published',6,NULL,0,'2023-05-28 21:29:51','2023-05-28 21:29:51'),(47,'Olives',39,NULL,'published',7,NULL,0,'2023-05-28 21:29:51','2023-05-28 21:29:51'),(48,'Sweetcorn',39,NULL,'published',8,NULL,0,'2023-05-28 21:29:51','2023-05-28 21:29:51'),(49,'Carrots',39,NULL,'published',9,NULL,0,'2023-05-28 21:29:51','2023-05-28 21:29:51'),(50,'Peas',39,NULL,'published',10,NULL,0,'2023-05-28 21:29:51','2023-05-28 21:29:51'),(51,'Mixed Vegetables',39,NULL,'published',11,NULL,0,'2023-05-28 21:29:51','2023-05-28 21:29:51'),(52,'Frozen Seafoods',0,NULL,'published',2,'product-categories/3.png',1,'2023-05-28 21:29:51','2023-05-28 21:29:51'),(53,'Raw Meats',0,NULL,'published',3,'product-categories/4.png',1,'2023-05-28 21:29:51','2023-05-28 21:29:51'),(54,'Wines & Alcohol Drinks',0,NULL,'published',4,'product-categories/5.png',1,'2023-05-28 21:29:51','2023-05-28 21:29:51'),(55,'Ready Meals',54,NULL,'published',0,NULL,0,'2023-05-28 21:29:51','2023-05-28 21:29:51'),(56,'Meals for 1',55,NULL,'published',0,NULL,0,'2023-05-28 21:29:51','2023-05-28 21:29:51'),(57,'Meals for 2',55,NULL,'published',1,NULL,0,'2023-05-28 21:29:51','2023-05-28 21:29:51'),(58,'Indian',55,NULL,'published',2,NULL,0,'2023-05-28 21:29:51','2023-05-28 21:29:51'),(59,'Italian',55,NULL,'published',3,NULL,0,'2023-05-28 21:29:51','2023-05-28 21:29:51'),(60,'Chinese',55,NULL,'published',4,NULL,0,'2023-05-28 21:29:51','2023-05-28 21:29:51'),(61,'Traditional British',55,NULL,'published',5,NULL,0,'2023-05-28 21:29:51','2023-05-28 21:29:51'),(62,'Thai & Oriental',55,NULL,'published',6,NULL,0,'2023-05-28 21:29:51','2023-05-28 21:29:51'),(63,'Mediterranean & Moroccan',55,NULL,'published',7,NULL,0,'2023-05-28 21:29:51','2023-05-28 21:29:51'),(64,'Mexican & Caribbean',55,NULL,'published',8,NULL,0,'2023-05-28 21:29:51','2023-05-28 21:29:51'),(65,'Lighter Meals',55,NULL,'published',9,NULL,0,'2023-05-28 21:29:51','2023-05-28 21:29:51'),(66,'Lunch & Veg Pots',55,NULL,'published',10,NULL,0,'2023-05-28 21:29:51','2023-05-28 21:29:51'),(67,'Salad & Herbs',54,NULL,'published',1,NULL,0,'2023-05-28 21:29:51','2023-05-28 21:29:51'),(68,'Salad Bags',67,NULL,'published',0,NULL,0,'2023-05-28 21:29:51','2023-05-28 21:29:51'),(69,'Cucumber',67,NULL,'published',1,NULL,0,'2023-05-28 21:29:51','2023-05-28 21:29:51'),(70,'Tomatoes',67,NULL,'published',2,NULL,0,'2023-05-28 21:29:51','2023-05-28 21:29:51'),(71,'Lettuce',67,NULL,'published',3,NULL,0,'2023-05-28 21:29:51','2023-05-28 21:29:51'),(72,'Lunch Salad Bowls',67,NULL,'published',4,NULL,0,'2023-05-28 21:29:51','2023-05-28 21:29:51'),(73,'Lunch Salad Bowls',67,NULL,'published',5,NULL,0,'2023-05-28 21:29:51','2023-05-28 21:29:51'),(74,'Fresh Herbs',67,NULL,'published',6,NULL,0,'2023-05-28 21:29:51','2023-05-28 21:29:51'),(75,'Avocados',67,NULL,'published',7,NULL,0,'2023-05-28 21:29:51','2023-05-28 21:29:51'),(76,'Peppers',67,NULL,'published',8,NULL,0,'2023-05-28 21:29:51','2023-05-28 21:29:51'),(77,'Coleslaw & Potato Salad',67,NULL,'published',9,NULL,0,'2023-05-28 21:29:51','2023-05-28 21:29:51'),(78,'Spring Onions',67,NULL,'published',10,NULL,0,'2023-05-28 21:29:51','2023-05-28 21:29:51'),(79,'Chilli, Ginger & Garlic',67,NULL,'published',11,NULL,0,'2023-05-28 21:29:51','2023-05-28 21:29:51'),(80,'Tea & Coffee',0,NULL,'published',5,'product-categories/6.png',1,'2023-05-28 21:29:51','2023-05-28 21:29:51'),(81,'Milks and Dairies',0,NULL,'published',6,'product-categories/7.png',1,'2023-05-28 21:29:51','2023-05-28 21:29:51'),(82,'Pet Foods',0,NULL,'published',7,'product-categories/8.png',1,'2023-05-28 21:29:51','2023-05-28 21:29:51'),(83,'Food Cupboard',0,NULL,'published',8,'product-categories/1.png',1,'2023-05-28 21:29:51','2023-05-28 21:29:51');
/*!40000 ALTER TABLE `ec_product_categories` ENABLE KEYS */;
UNLOCK TABLES;

--
-- Table structure for table `ec_product_categories_translations`
--

DROP TABLE IF EXISTS `ec_product_categories_translations`;
/*!40101 SET @saved_cs_client     = @@character_set_client */;
/*!50503 SET character_set_client = utf8mb4 */;
CREATE TABLE `ec_product_categories_translations` (
  `lang_code` varchar(191) COLLATE utf8mb4_unicode_ci NOT NULL,
  `ec_product_categories_id` bigint unsigned NOT NULL,
  `name` varchar(191) COLLATE utf8mb4_unicode_ci DEFAULT NULL,
  `description` text COLLATE utf8mb4_unicode_ci,
  PRIMARY KEY (`lang_code`,`ec_product_categories_id`)
) ENGINE=InnoDB DEFAULT CHARSET=utf8mb4 COLLATE=utf8mb4_unicode_ci;
/*!40101 SET character_set_client = @saved_cs_client */;

--
-- Dumping data for table `ec_product_categories_translations`
--

LOCK TABLES `ec_product_categories_translations` WRITE;
/*!40000 ALTER TABLE `ec_product_categories_translations` DISABLE KEYS */;
INSERT INTO `ec_product_categories_translations` VALUES ('vi',1,'Rau củ quả',NULL),('vi',2,'Trái cây',NULL),('vi',3,'Táo',NULL),('vi',4,'Chuối',NULL),('vi',5,'Quả Mọng',NULL),('vi',6,'Cam',NULL),('vi',7,'Nho',NULL),('vi',8,'Chanh',NULL),('vi',9,'Quả Đào',NULL),('vi',10,'Lê',NULL),('vi',11,'Dưa Gang',NULL),('vi',12,'Bơ',NULL),('vi',13,'Mận & Mơ',NULL),('vi',14,'Rau',NULL),('vi',15,'Khoai Tây',NULL),('vi',16,'Cà rốt',NULL),('vi',17,'Bông cải xanh & súp lơ trắng',NULL),('vi',18,'Bắp cải, rau bina & rau xanh',NULL),('vi',19,'Hành tây, tỏi tây',NULL),('vi',20,'Nấm',NULL),('vi',21,'Cà chua',NULL),('vi',22,'Đậu, Đậu Hà Lan & Bắp rang bơ',NULL),('vi',23,'Nước uống tươi',NULL),('vi',24,'Bánh mì kẹo',NULL),('vi',25,'Crisps, Snack & Nuts',NULL),('vi',26,'Khoai tây chiên giòn & bỏng ngô',NULL),('vi',27,'Nuts & Seeds',NULL),('vi',28,'Lighter Options',NULL),('vi',29,'Cereal Bars',NULL),('vi',30,'Bánh mì que & Pretzels',NULL),('vi',31,'Fruit Snacking',NULL),('vi',32,'Bánh gạo',NULL),('vi',33,'Protein & Energy Snacks',NULL),('vi',34,'Toddler Snacks',NULL),('vi',35,'Meat Snacks',NULL),('vi',36,'Đậu',NULL),('vi',37,'Lentils',NULL),('vi',38,'Chickpeas',NULL),('vi',39,'Tins & Cans',NULL),('vi',40,'Khoai tây',NULL),('vi',41,'Baked Beans, Spaghetti',NULL),('vi',42,'Cá',NULL),('vi',43,'Đậu & Pulses',NULL),('vi',44,'Trái cây',NULL),('vi',45,'Coconut Milk & Cream',NULL),('vi',46,'Lighter Options',NULL),('vi',47,'Olives',NULL),('vi',48,'Sweetcorn',NULL),('vi',49,'Cà rốt',NULL),('vi',50,'Đậu Hà Lan',NULL),('vi',51,'Mixed Vegetables',NULL),('vi',52,'Hải sản đông lạnh',NULL),('vi',53,'Thịt sống',NULL),('vi',54,'Rượu & Đồ uống có cồn',NULL),('vi',55,'Ready Meals',NULL),('vi',56,'Meals for 1',NULL),('vi',57,'Meals for 2',NULL),('vi',58,'Indian',NULL),('vi',59,'Italian',NULL),('vi',60,'Chinese',NULL),('vi',61,'Traditional British',NULL),('vi',62,'Thai & Oriental',NULL),('vi',63,'Mediterranean & Moroccan',NULL),('vi',64,'Mexican & Caribbean',NULL),('vi',65,'Lighter Meals',NULL),('vi',66,'Lunch & Veg Pots',NULL),('vi',67,'Salad & thảo mộc',NULL),('vi',68,'Túi đựng salad',NULL),('vi',69,'Quả dưa chuột',NULL),('vi',70,'Cà chua',NULL),('vi',71,'Rau xà lách',NULL),('vi',72,'Lunch Salad Bowls',NULL),('vi',73,'Fresh Herbs',NULL),('vi',74,'Avocados',NULL),('vi',75,'Peppers',NULL),('vi',76,'Coleslaw & Potato Salad',NULL),('vi',77,'Spring Onions',NULL),('vi',78,'Chilli, Ginger & Garlic',NULL),('vi',79,'Trà & Cà phê',NULL),('vi',80,'Sữa và các loại sữa',NULL),('vi',81,'Thức ăn cho thú cưng',NULL),('vi',82,'Tủ đựng thức ăn',NULL);
/*!40000 ALTER TABLE `ec_product_categories_translations` ENABLE KEYS */;
UNLOCK TABLES;

--
-- Table structure for table `ec_product_categorizables`
--

DROP TABLE IF EXISTS `ec_product_categorizables`;
/*!40101 SET @saved_cs_client     = @@character_set_client */;
/*!50503 SET character_set_client = utf8mb4 */;
CREATE TABLE `ec_product_categorizables` (
  `category_id` bigint unsigned NOT NULL,
  `reference_id` bigint unsigned NOT NULL,
  `reference_type` varchar(120) COLLATE utf8mb4_unicode_ci NOT NULL,
  PRIMARY KEY (`category_id`,`reference_id`,`reference_type`),
  KEY `ec_product_categorizables_category_id_index` (`category_id`),
  KEY `ec_product_categorizables_reference_id_index` (`reference_id`),
  KEY `ec_product_categorizables_reference_type_index` (`reference_type`)
) ENGINE=InnoDB DEFAULT CHARSET=utf8mb4 COLLATE=utf8mb4_unicode_ci;
/*!40101 SET character_set_client = @saved_cs_client */;

--
-- Dumping data for table `ec_product_categorizables`
--

LOCK TABLES `ec_product_categorizables` WRITE;
/*!40000 ALTER TABLE `ec_product_categorizables` DISABLE KEYS */;
/*!40000 ALTER TABLE `ec_product_categorizables` ENABLE KEYS */;
UNLOCK TABLES;

--
-- Table structure for table `ec_product_category_product`
--

DROP TABLE IF EXISTS `ec_product_category_product`;
/*!40101 SET @saved_cs_client     = @@character_set_client */;
/*!50503 SET character_set_client = utf8mb4 */;
CREATE TABLE `ec_product_category_product` (
  `category_id` bigint unsigned NOT NULL,
  `product_id` bigint unsigned NOT NULL,
  PRIMARY KEY (`product_id`,`category_id`),
  KEY `ec_product_category_product_category_id_index` (`category_id`),
  KEY `ec_product_category_product_product_id_index` (`product_id`)
) ENGINE=InnoDB DEFAULT CHARSET=utf8mb4 COLLATE=utf8mb4_unicode_ci;
/*!40101 SET character_set_client = @saved_cs_client */;

--
-- Dumping data for table `ec_product_category_product`
--

LOCK TABLES `ec_product_category_product` WRITE;
/*!40000 ALTER TABLE `ec_product_category_product` DISABLE KEYS */;
INSERT INTO `ec_product_category_product` VALUES (1,3),(1,27),(1,30),(1,60),(2,8),(2,43),(2,53),(2,54),(2,55),(2,61),(3,8),(3,23),(3,37),(3,40),(3,44),(3,47),(3,48),(3,51),(3,59),(4,6),(4,9),(4,23),(4,26),(4,30),(4,31),(4,41),(4,43),(4,50),(4,57),(4,65),(5,29),(5,60),(6,25),(6,34),(6,59),(7,1),(7,13),(7,43),(7,45),(7,58),(8,10),(8,26),(8,41),(8,52),(8,58),(8,64),(8,65),(9,20),(9,30),(9,42),(9,46),(9,61),(10,44),(10,56),(11,27),(11,39),(11,51),(11,55),(12,18),(12,20),(12,25),(13,2),(13,6),(13,18),(13,21),(13,24),(13,33),(14,32),(14,33),(14,56),(14,57),(14,64),(15,7),(15,11),(15,14),(15,22),(15,27),(15,28),(15,31),(15,45),(16,10),(16,17),(16,24),(16,28),(16,29),(16,34),(16,35),(16,46),(16,59),(16,63),(17,1),(17,5),(17,13),(17,16),(17,19),(17,24),(17,27),(17,32),(17,37),(17,42),(18,1),(18,5),(18,9),(18,19),(18,23),(18,39),(19,7),(19,12),(19,19),(19,31),(19,51),(19,52),(19,57),(19,58),(20,11),(20,22),(20,62),(21,4),(21,6),(21,12),(21,32),(21,35),(21,55),(21,62),(22,3),(22,30),(22,34),(22,37),(22,40),(22,52),(22,56),(22,59),(22,60),(23,4),(23,12),(23,13),(23,14),(23,23),(23,35),(23,44),(23,55),(23,63),(24,10),(24,16),(24,37),(24,38),(24,41),(24,44),(24,45),(24,47),(24,64),(25,4),(25,15),(25,17),(25,29),(25,46),(25,53),(25,54),(25,58),(26,2),(26,10),(26,15),(26,20),(26,22),(26,25),(26,40),(26,41),(26,48),(26,49),(26,53),(27,6),(27,9),(27,18),(27,20),(27,28),(27,36),(27,45),(27,63),(27,65),(28,12),(28,25),(28,29),(28,31),(28,39),(28,42),(28,46),(28,49),(28,50),(28,52),(28,60),(29,14),(29,17),(29,19),(29,21),(29,38),(29,48),(29,54),(30,5),(30,7),(30,14),(30,15),(30,17),(30,62),(30,63),(31,3),(31,22),(31,42),(31,47),(32,1),(32,13),(32,24),(32,26),(32,36),(32,43),(32,50),(33,2),(33,8),(33,40),(33,47),(33,57),(34,2),(34,11),(34,15),(34,16),(34,21),(34,36),(34,48),(34,49),(34,61),(35,4),(35,5),(35,7),(35,8),(35,21),(35,34),(35,50),(35,54),(36,11),(36,18),(36,26),(36,38),(37,16),(37,28),(37,32),(37,33),(37,35),(37,53),(37,56);
/*!40000 ALTER TABLE `ec_product_category_product` ENABLE KEYS */;
UNLOCK TABLES;

--
-- Table structure for table `ec_product_collection_products`
--

DROP TABLE IF EXISTS `ec_product_collection_products`;
/*!40101 SET @saved_cs_client     = @@character_set_client */;
/*!50503 SET character_set_client = utf8mb4 */;
CREATE TABLE `ec_product_collection_products` (
  `product_collection_id` bigint unsigned NOT NULL,
  `product_id` bigint unsigned NOT NULL,
  PRIMARY KEY (`product_id`,`product_collection_id`),
  KEY `ec_product_collection_products_product_collection_id_index` (`product_collection_id`),
  KEY `ec_product_collection_products_product_id_index` (`product_id`)
) ENGINE=InnoDB DEFAULT CHARSET=utf8mb4 COLLATE=utf8mb4_unicode_ci;
/*!40101 SET character_set_client = @saved_cs_client */;

--
-- Dumping data for table `ec_product_collection_products`
--

LOCK TABLES `ec_product_collection_products` WRITE;
/*!40000 ALTER TABLE `ec_product_collection_products` DISABLE KEYS */;
INSERT INTO `ec_product_collection_products` VALUES (1,2),(1,3),(1,5),(1,8),(1,12),(1,13),(1,20),(1,24),(1,29),(1,36),(1,37),(1,38),(1,39),(1,40),(1,44),(1,48),(1,51),(1,52),(1,55),(1,60),(1,62),(2,1),(2,4),(2,14),(2,15),(2,16),(2,25),(2,26),(2,27),(2,33),(2,34),(2,42),(2,47),(2,49),(2,50),(2,53),(2,56),(2,58),(2,61),(2,63),(3,6),(3,7),(3,9),(3,10),(3,11),(3,17),(3,18),(3,19),(3,21),(3,22),(3,23),(3,28),(3,30),(3,31),(3,32),(3,35),(3,41),(3,43),(3,45),(3,46),(3,54),(3,57),(3,59),(3,64),(3,65);
/*!40000 ALTER TABLE `ec_product_collection_products` ENABLE KEYS */;
UNLOCK TABLES;

--
-- Table structure for table `ec_product_collections`
--

DROP TABLE IF EXISTS `ec_product_collections`;
/*!40101 SET @saved_cs_client     = @@character_set_client */;
/*!50503 SET character_set_client = utf8mb4 */;
CREATE TABLE `ec_product_collections` (
  `id` bigint unsigned NOT NULL AUTO_INCREMENT,
  `name` varchar(191) COLLATE utf8mb4_unicode_ci NOT NULL,
  `slug` varchar(191) COLLATE utf8mb4_unicode_ci NOT NULL,
  `description` varchar(400) COLLATE utf8mb4_unicode_ci DEFAULT NULL,
  `image` varchar(255) COLLATE utf8mb4_unicode_ci DEFAULT NULL,
  `status` varchar(60) COLLATE utf8mb4_unicode_ci NOT NULL DEFAULT 'published',
  `created_at` timestamp NULL DEFAULT NULL,
  `updated_at` timestamp NULL DEFAULT NULL,
  `is_featured` tinyint unsigned NOT NULL DEFAULT '0',
  PRIMARY KEY (`id`)
) ENGINE=InnoDB AUTO_INCREMENT=4 DEFAULT CHARSET=utf8mb4 COLLATE=utf8mb4_unicode_ci;
/*!40101 SET character_set_client = @saved_cs_client */;

--
-- Dumping data for table `ec_product_collections`
--

LOCK TABLES `ec_product_collections` WRITE;
/*!40000 ALTER TABLE `ec_product_collections` DISABLE KEYS */;
INSERT INTO `ec_product_collections` VALUES (1,'New Arrival','new-arrival',NULL,NULL,'published','2023-05-28 21:29:51','2023-05-28 21:29:51',0),(2,'Best Sellers','best-sellers',NULL,NULL,'published','2023-05-28 21:29:51','2023-05-28 21:29:51',0),(3,'Special Offer','special-offer',NULL,NULL,'published','2023-05-28 21:29:51','2023-05-28 21:29:51',0);
/*!40000 ALTER TABLE `ec_product_collections` ENABLE KEYS */;
UNLOCK TABLES;

--
-- Table structure for table `ec_product_collections_translations`
--

DROP TABLE IF EXISTS `ec_product_collections_translations`;
/*!40101 SET @saved_cs_client     = @@character_set_client */;
/*!50503 SET character_set_client = utf8mb4 */;
CREATE TABLE `ec_product_collections_translations` (
  `lang_code` varchar(191) COLLATE utf8mb4_unicode_ci NOT NULL,
  `ec_product_collections_id` bigint unsigned NOT NULL,
  `name` varchar(191) COLLATE utf8mb4_unicode_ci DEFAULT NULL,
  `description` varchar(191) COLLATE utf8mb4_unicode_ci DEFAULT NULL,
  PRIMARY KEY (`lang_code`,`ec_product_collections_id`)
) ENGINE=InnoDB DEFAULT CHARSET=utf8mb4 COLLATE=utf8mb4_unicode_ci;
/*!40101 SET character_set_client = @saved_cs_client */;

--
-- Dumping data for table `ec_product_collections_translations`
--

LOCK TABLES `ec_product_collections_translations` WRITE;
/*!40000 ALTER TABLE `ec_product_collections_translations` DISABLE KEYS */;
INSERT INTO `ec_product_collections_translations` VALUES ('vi',1,'Hàng mới về',NULL),('vi',2,'Bán chạy nhất',NULL),('vi',3,'Khuyến mãi đặc biệt',NULL);
/*!40000 ALTER TABLE `ec_product_collections_translations` ENABLE KEYS */;
UNLOCK TABLES;

--
-- Table structure for table `ec_product_cross_sale_relations`
--

DROP TABLE IF EXISTS `ec_product_cross_sale_relations`;
/*!40101 SET @saved_cs_client     = @@character_set_client */;
/*!50503 SET character_set_client = utf8mb4 */;
CREATE TABLE `ec_product_cross_sale_relations` (
  `from_product_id` bigint unsigned NOT NULL,
  `to_product_id` bigint unsigned NOT NULL,
  PRIMARY KEY (`from_product_id`,`to_product_id`),
  KEY `ec_product_cross_sale_relations_from_product_id_index` (`from_product_id`),
  KEY `ec_product_cross_sale_relations_to_product_id_index` (`to_product_id`)
) ENGINE=InnoDB DEFAULT CHARSET=utf8mb4 COLLATE=utf8mb4_unicode_ci;
/*!40101 SET character_set_client = @saved_cs_client */;

--
-- Dumping data for table `ec_product_cross_sale_relations`
--

LOCK TABLES `ec_product_cross_sale_relations` WRITE;
/*!40000 ALTER TABLE `ec_product_cross_sale_relations` DISABLE KEYS */;
INSERT INTO `ec_product_cross_sale_relations` VALUES (1,2),(1,10),(1,12),(1,14),(1,16),(1,19),(1,20),(2,3),(2,5),(2,7),(2,8),(2,9),(2,14),(3,1),(3,7),(3,8),(3,13),(3,14),(3,17),(3,18),(4,2),(4,5),(4,11),(4,13),(4,15),(4,18),(4,20),(5,1),(5,3),(5,7),(5,9),(5,10),(5,11),(6,8),(6,10),(6,14),(6,15),(6,18),(6,19),(7,3),(7,11),(7,13),(7,14),(7,16),(8,1),(8,5),(8,6),(8,14),(8,16),(8,20),(9,10),(9,11),(9,14),(9,16),(9,18),(10,4),(10,6),(10,14),(10,18),(10,19),(11,1),(11,6),(11,8),(11,12),(11,14),(11,16),(12,1),(12,6),(12,7),(12,11),(12,16),(12,17),(12,19),(13,4),(13,8),(13,9),(13,14),(13,15),(13,19),(14,3),(14,4),(14,6),(14,9),(14,11),(14,16),(14,18),(15,2),(15,3),(15,5),(15,10),(15,13),(15,14),(15,16),(16,1),(16,2),(16,8),(16,10),(16,14),(16,15),(16,18),(17,2),(17,4),(17,5),(17,18),(17,19),(18,1),(18,3),(18,4),(18,8),(18,15),(19,4),(19,11),(19,14),(19,15),(19,16),(19,17),(19,20),(20,1),(20,6),(20,7),(20,9),(20,11),(20,15),(21,1),(21,2),(21,6),(21,13),(21,15),(21,18),(22,2),(22,3),(22,5),(22,11),(22,14),(22,16),(22,17),(23,3),(23,6),(23,15),(23,17),(23,18),(24,1),(24,2),(24,7),(24,8),(24,11),(24,13),(24,16),(25,1),(25,2),(25,3),(25,4),(25,7),(26,1),(26,3),(26,10),(26,13),(26,15),(26,17),(27,5),(27,8),(27,12),(27,14),(27,15),(27,19),(28,4),(28,7),(28,8),(28,10),(28,11),(28,13),(28,16),(29,7),(29,8),(29,9),(29,11),(29,16),(29,17),(30,6),(30,7),(30,10),(30,11),(30,14),(30,17),(30,19),(31,1),(31,2),(31,4),(31,10),(31,12),(31,14),(31,18),(32,1),(32,6),(32,9),(32,10),(32,11),(32,16),(33,7),(33,9),(33,11),(33,16),(33,17),(33,18),(34,2),(34,5),(34,7),(34,9),(34,10),(34,18),(35,1),(35,5),(35,6),(35,14),(35,16),(36,4),(36,6),(36,7),(36,9),(36,15),(36,18),(37,7),(37,10),(37,13),(37,14),(37,16),(37,17),(38,2),(38,4),(38,9),(38,11),(38,15),(38,16),(39,3),(39,6),(39,9),(39,10),(39,12),(39,15),(39,18),(40,1),(40,2),(40,10),(40,12),(40,13),(40,15),(40,18),(41,1),(41,5),(41,6),(41,9),(41,12),(41,16),(42,4),(42,6),(42,9),(42,14),(42,15),(43,5),(43,10),(43,11),(43,12),(43,16),(43,17),(44,1),(44,7),(44,8),(44,9),(44,14),(44,17),(45,1),(45,3),(45,4),(45,5),(45,7),(45,15),(46,1),(46,8),(46,9),(46,10),(46,16),(46,19),(47,2),(47,3),(47,5),(47,6),(47,12),(47,14),(47,19),(48,4),(48,5),(48,8),(48,13),(48,14),(49,2),(49,4),(49,5),(49,7),(49,8),(49,13),(50,3),(50,4),(50,9),(50,10),(50,13),(50,14),(50,19),(51,6),(51,7),(51,9),(51,10),(51,11),(51,17),(52,4),(52,7),(52,12),(52,14),(52,18),(53,2),(53,8),(53,13),(53,15),(53,17),(54,8),(54,10),(54,11),(54,14),(54,18),(54,19),(55,1),(55,2),(55,11),(55,12),(55,15),(55,18),(56,1),(56,2),(56,8),(56,10),(56,11),(56,14),(56,18),(57,1),(57,4),(57,6),(57,9),(57,10),(57,16),(57,18),(58,1),(58,7),(58,10),(58,11),(58,15),(58,18),(59,7),(59,8),(59,9),(59,10),(59,13),(59,16),(59,17),(60,4),(60,9),(60,12),(60,15),(61,7),(61,9),(61,11),(61,14),(61,18),(61,19),(62,1),(62,4),(62,7),(62,12),(62,15),(62,17),(63,1),(63,8),(63,14),(63,15),(63,17),(63,19),(64,1),(64,8),(64,9),(64,14),(64,18),(64,19),(65,1),(65,3),(65,7),(65,8),(65,13),(65,14);
/*!40000 ALTER TABLE `ec_product_cross_sale_relations` ENABLE KEYS */;
UNLOCK TABLES;

--
-- Table structure for table `ec_product_files`
--

DROP TABLE IF EXISTS `ec_product_files`;
/*!40101 SET @saved_cs_client     = @@character_set_client */;
/*!50503 SET character_set_client = utf8mb4 */;
CREATE TABLE `ec_product_files` (
  `id` bigint unsigned NOT NULL AUTO_INCREMENT,
  `product_id` bigint unsigned DEFAULT NULL,
  `url` varchar(400) COLLATE utf8mb4_unicode_ci DEFAULT NULL,
  `extras` mediumtext COLLATE utf8mb4_unicode_ci,
  `created_at` timestamp NULL DEFAULT NULL,
  `updated_at` timestamp NULL DEFAULT NULL,
  PRIMARY KEY (`id`),
  KEY `ec_product_files_product_id_index` (`product_id`)
) ENGINE=InnoDB AUTO_INCREMENT=120 DEFAULT CHARSET=utf8mb4 COLLATE=utf8mb4_unicode_ci;
/*!40101 SET character_set_client = @saved_cs_client */;

--
-- Dumping data for table `ec_product_files`
--

LOCK TABLES `ec_product_files` WRITE;
/*!40000 ALTER TABLE `ec_product_files` DISABLE KEYS */;
INSERT INTO `ec_product_files` VALUES (1,66,'product-files/1.jpg','{\"filename\":\"1.jpg\",\"url\":\"product-files\\/1.jpg\",\"mime_type\":\"image\\/jpeg\",\"size\":2165,\"modified\":\"2023-05-29 04:29:56\",\"name\":\"1\",\"extension\":\"jpg\"}','2023-05-28 21:29:56','2023-05-28 21:29:56'),(2,67,'product-files/1.jpg','{\"filename\":\"1.jpg\",\"url\":\"product-files\\/1.jpg\",\"mime_type\":\"image\\/jpeg\",\"size\":2165,\"modified\":\"2023-05-29 04:29:56\",\"name\":\"1\",\"extension\":\"jpg\"}','2023-05-28 21:29:56','2023-05-28 21:29:56'),(3,68,'product-files/1.jpg','{\"filename\":\"1.jpg\",\"url\":\"product-files\\/1.jpg\",\"mime_type\":\"image\\/jpeg\",\"size\":2165,\"modified\":\"2023-05-29 04:29:56\",\"name\":\"1\",\"extension\":\"jpg\"}','2023-05-28 21:29:56','2023-05-28 21:29:56'),(4,69,'product-files/1.jpg','{\"filename\":\"1.jpg\",\"url\":\"product-files\\/1.jpg\",\"mime_type\":\"image\\/jpeg\",\"size\":2165,\"modified\":\"2023-05-29 04:29:56\",\"name\":\"1\",\"extension\":\"jpg\"}','2023-05-28 21:29:56','2023-05-28 21:29:56'),(5,70,'product-files/1.jpg','{\"filename\":\"1.jpg\",\"url\":\"product-files\\/1.jpg\",\"mime_type\":\"image\\/jpeg\",\"size\":2165,\"modified\":\"2023-05-29 04:29:56\",\"name\":\"1\",\"extension\":\"jpg\"}','2023-05-28 21:29:56','2023-05-28 21:29:56'),(6,76,'product-files/5.jpg','{\"filename\":\"5.jpg\",\"url\":\"product-files\\/5.jpg\",\"mime_type\":\"image\\/jpeg\",\"size\":2165,\"modified\":\"2023-05-29 04:29:56\",\"name\":\"5\",\"extension\":\"jpg\"}','2023-05-28 21:29:56','2023-05-28 21:29:56'),(7,76,'product-files/5-1.jpg','{\"filename\":\"5-1.jpg\",\"url\":\"product-files\\/5-1.jpg\",\"mime_type\":\"image\\/jpeg\",\"size\":2165,\"modified\":\"2023-05-29 04:29:56\",\"name\":\"5-1\",\"extension\":\"jpg\"}','2023-05-28 21:29:56','2023-05-28 21:29:56'),(8,76,'product-files/5-2.jpg','{\"filename\":\"5-2.jpg\",\"url\":\"product-files\\/5-2.jpg\",\"mime_type\":\"image\\/jpeg\",\"size\":2165,\"modified\":\"2023-05-29 04:29:56\",\"name\":\"5-2\",\"extension\":\"jpg\"}','2023-05-28 21:29:56','2023-05-28 21:29:56'),(9,76,'product-files/5-3.jpg','{\"filename\":\"5-3.jpg\",\"url\":\"product-files\\/5-3.jpg\",\"mime_type\":\"image\\/jpeg\",\"size\":2165,\"modified\":\"2023-05-29 04:29:56\",\"name\":\"5-3\",\"extension\":\"jpg\"}','2023-05-28 21:29:56','2023-05-28 21:29:56'),(10,77,'product-files/5.jpg','{\"filename\":\"5.jpg\",\"url\":\"product-files\\/5.jpg\",\"mime_type\":\"image\\/jpeg\",\"size\":2165,\"modified\":\"2023-05-29 04:29:56\",\"name\":\"5\",\"extension\":\"jpg\"}','2023-05-28 21:29:56','2023-05-28 21:29:56'),(11,77,'product-files/5-1.jpg','{\"filename\":\"5-1.jpg\",\"url\":\"product-files\\/5-1.jpg\",\"mime_type\":\"image\\/jpeg\",\"size\":2165,\"modified\":\"2023-05-29 04:29:56\",\"name\":\"5-1\",\"extension\":\"jpg\"}','2023-05-28 21:29:56','2023-05-28 21:29:56'),(12,77,'product-files/5-2.jpg','{\"filename\":\"5-2.jpg\",\"url\":\"product-files\\/5-2.jpg\",\"mime_type\":\"image\\/jpeg\",\"size\":2165,\"modified\":\"2023-05-29 04:29:56\",\"name\":\"5-2\",\"extension\":\"jpg\"}','2023-05-28 21:29:56','2023-05-28 21:29:56'),(13,77,'product-files/5-3.jpg','{\"filename\":\"5-3.jpg\",\"url\":\"product-files\\/5-3.jpg\",\"mime_type\":\"image\\/jpeg\",\"size\":2165,\"modified\":\"2023-05-29 04:29:56\",\"name\":\"5-3\",\"extension\":\"jpg\"}','2023-05-28 21:29:56','2023-05-28 21:29:56'),(14,87,'product-files/9.jpg','{\"filename\":\"9.jpg\",\"url\":\"product-files\\/9.jpg\",\"mime_type\":\"image\\/jpeg\",\"size\":2165,\"modified\":\"2023-05-29 04:29:56\",\"name\":\"9\",\"extension\":\"jpg\"}','2023-05-28 21:29:56','2023-05-28 21:29:56'),(15,87,'product-files/9-1.jpg','{\"filename\":\"9-1.jpg\",\"url\":\"product-files\\/9-1.jpg\",\"mime_type\":\"image\\/jpeg\",\"size\":2165,\"modified\":\"2023-05-29 04:29:56\",\"name\":\"9-1\",\"extension\":\"jpg\"}','2023-05-28 21:29:56','2023-05-28 21:29:56'),(16,87,'product-files/9-2.jpg','{\"filename\":\"9-2.jpg\",\"url\":\"product-files\\/9-2.jpg\",\"mime_type\":\"image\\/jpeg\",\"size\":2165,\"modified\":\"2023-05-29 04:29:56\",\"name\":\"9-2\",\"extension\":\"jpg\"}','2023-05-28 21:29:56','2023-05-28 21:29:56'),(17,88,'product-files/9.jpg','{\"filename\":\"9.jpg\",\"url\":\"product-files\\/9.jpg\",\"mime_type\":\"image\\/jpeg\",\"size\":2165,\"modified\":\"2023-05-29 04:29:56\",\"name\":\"9\",\"extension\":\"jpg\"}','2023-05-28 21:29:56','2023-05-28 21:29:56'),(18,88,'product-files/9-1.jpg','{\"filename\":\"9-1.jpg\",\"url\":\"product-files\\/9-1.jpg\",\"mime_type\":\"image\\/jpeg\",\"size\":2165,\"modified\":\"2023-05-29 04:29:56\",\"name\":\"9-1\",\"extension\":\"jpg\"}','2023-05-28 21:29:56','2023-05-28 21:29:56'),(19,88,'product-files/9-2.jpg','{\"filename\":\"9-2.jpg\",\"url\":\"product-files\\/9-2.jpg\",\"mime_type\":\"image\\/jpeg\",\"size\":2165,\"modified\":\"2023-05-29 04:29:56\",\"name\":\"9-2\",\"extension\":\"jpg\"}','2023-05-28 21:29:56','2023-05-28 21:29:56'),(20,89,'product-files/9.jpg','{\"filename\":\"9.jpg\",\"url\":\"product-files\\/9.jpg\",\"mime_type\":\"image\\/jpeg\",\"size\":2165,\"modified\":\"2023-05-29 04:29:56\",\"name\":\"9\",\"extension\":\"jpg\"}','2023-05-28 21:29:56','2023-05-28 21:29:56'),(21,89,'product-files/9-1.jpg','{\"filename\":\"9-1.jpg\",\"url\":\"product-files\\/9-1.jpg\",\"mime_type\":\"image\\/jpeg\",\"size\":2165,\"modified\":\"2023-05-29 04:29:56\",\"name\":\"9-1\",\"extension\":\"jpg\"}','2023-05-28 21:29:56','2023-05-28 21:29:56'),(22,89,'product-files/9-2.jpg','{\"filename\":\"9-2.jpg\",\"url\":\"product-files\\/9-2.jpg\",\"mime_type\":\"image\\/jpeg\",\"size\":2165,\"modified\":\"2023-05-29 04:29:56\",\"name\":\"9-2\",\"extension\":\"jpg\"}','2023-05-28 21:29:56','2023-05-28 21:29:56'),(23,100,'product-files/13.jpg','{\"filename\":\"13.jpg\",\"url\":\"product-files\\/13.jpg\",\"mime_type\":\"image\\/jpeg\",\"size\":2165,\"modified\":\"2023-05-29 04:29:57\",\"name\":\"13\",\"extension\":\"jpg\"}','2023-05-28 21:29:57','2023-05-28 21:29:57'),(24,100,'product-files/13-1.jpg','{\"filename\":\"13-1.jpg\",\"url\":\"product-files\\/13-1.jpg\",\"mime_type\":\"image\\/jpeg\",\"size\":2165,\"modified\":\"2023-05-29 04:29:57\",\"name\":\"13-1\",\"extension\":\"jpg\"}','2023-05-28 21:29:57','2023-05-28 21:29:57'),(25,107,'product-files/17.jpg','{\"filename\":\"17.jpg\",\"url\":\"product-files\\/17.jpg\",\"mime_type\":\"image\\/jpeg\",\"size\":2165,\"modified\":\"2023-05-29 04:29:57\",\"name\":\"17\",\"extension\":\"jpg\"}','2023-05-28 21:29:57','2023-05-28 21:29:57'),(26,107,'product-files/17-1.jpg','{\"filename\":\"17-1.jpg\",\"url\":\"product-files\\/17-1.jpg\",\"mime_type\":\"image\\/jpeg\",\"size\":2165,\"modified\":\"2023-05-29 04:29:57\",\"name\":\"17-1\",\"extension\":\"jpg\"}','2023-05-28 21:29:57','2023-05-28 21:29:57'),(27,107,'product-files/17-2.jpg','{\"filename\":\"17-2.jpg\",\"url\":\"product-files\\/17-2.jpg\",\"mime_type\":\"image\\/jpeg\",\"size\":2165,\"modified\":\"2023-05-29 04:29:57\",\"name\":\"17-2\",\"extension\":\"jpg\"}','2023-05-28 21:29:57','2023-05-28 21:29:57'),(28,107,'product-files/17-3.jpg','{\"filename\":\"17-3.jpg\",\"url\":\"product-files\\/17-3.jpg\",\"mime_type\":\"image\\/jpeg\",\"size\":2165,\"modified\":\"2023-05-29 04:29:57\",\"name\":\"17-3\",\"extension\":\"jpg\"}','2023-05-28 21:29:57','2023-05-28 21:29:57'),(29,108,'product-files/17.jpg','{\"filename\":\"17.jpg\",\"url\":\"product-files\\/17.jpg\",\"mime_type\":\"image\\/jpeg\",\"size\":2165,\"modified\":\"2023-05-29 04:29:57\",\"name\":\"17\",\"extension\":\"jpg\"}','2023-05-28 21:29:57','2023-05-28 21:29:57'),(30,108,'product-files/17-1.jpg','{\"filename\":\"17-1.jpg\",\"url\":\"product-files\\/17-1.jpg\",\"mime_type\":\"image\\/jpeg\",\"size\":2165,\"modified\":\"2023-05-29 04:29:57\",\"name\":\"17-1\",\"extension\":\"jpg\"}','2023-05-28 21:29:57','2023-05-28 21:29:57'),(31,108,'product-files/17-2.jpg','{\"filename\":\"17-2.jpg\",\"url\":\"product-files\\/17-2.jpg\",\"mime_type\":\"image\\/jpeg\",\"size\":2165,\"modified\":\"2023-05-29 04:29:57\",\"name\":\"17-2\",\"extension\":\"jpg\"}','2023-05-28 21:29:57','2023-05-28 21:29:57'),(32,108,'product-files/17-3.jpg','{\"filename\":\"17-3.jpg\",\"url\":\"product-files\\/17-3.jpg\",\"mime_type\":\"image\\/jpeg\",\"size\":2165,\"modified\":\"2023-05-29 04:29:57\",\"name\":\"17-3\",\"extension\":\"jpg\"}','2023-05-28 21:29:57','2023-05-28 21:29:57'),(33,119,'product-files/21.jpg','{\"filename\":\"21.jpg\",\"url\":\"product-files\\/21.jpg\",\"mime_type\":\"image\\/jpeg\",\"size\":2165,\"modified\":\"2023-05-29 04:29:57\",\"name\":\"21\",\"extension\":\"jpg\"}','2023-05-28 21:29:57','2023-05-28 21:29:57'),(34,119,'product-files/21-1.jpg','{\"filename\":\"21-1.jpg\",\"url\":\"product-files\\/21-1.jpg\",\"mime_type\":\"image\\/jpeg\",\"size\":2165,\"modified\":\"2023-05-29 04:29:57\",\"name\":\"21-1\",\"extension\":\"jpg\"}','2023-05-28 21:29:57','2023-05-28 21:29:57'),(35,119,'product-files/21-2.jpg','{\"filename\":\"21-2.jpg\",\"url\":\"product-files\\/21-2.jpg\",\"mime_type\":\"image\\/jpeg\",\"size\":2165,\"modified\":\"2023-05-29 04:29:57\",\"name\":\"21-2\",\"extension\":\"jpg\"}','2023-05-28 21:29:57','2023-05-28 21:29:57'),(36,129,'product-files/25.jpg','{\"filename\":\"25.jpg\",\"url\":\"product-files\\/25.jpg\",\"mime_type\":\"image\\/jpeg\",\"size\":2165,\"modified\":\"2023-05-29 04:29:57\",\"name\":\"25\",\"extension\":\"jpg\"}','2023-05-28 21:29:57','2023-05-28 21:29:57'),(37,129,'product-files/25-1.jpg','{\"filename\":\"25-1.jpg\",\"url\":\"product-files\\/25-1.jpg\",\"mime_type\":\"image\\/jpeg\",\"size\":2165,\"modified\":\"2023-05-29 04:29:57\",\"name\":\"25-1\",\"extension\":\"jpg\"}','2023-05-28 21:29:57','2023-05-28 21:29:57'),(38,129,'product-files/25-2.jpg','{\"filename\":\"25-2.jpg\",\"url\":\"product-files\\/25-2.jpg\",\"mime_type\":\"image\\/jpeg\",\"size\":2165,\"modified\":\"2023-05-29 04:29:57\",\"name\":\"25-2\",\"extension\":\"jpg\"}','2023-05-28 21:29:57','2023-05-28 21:29:57'),(39,130,'product-files/25.jpg','{\"filename\":\"25.jpg\",\"url\":\"product-files\\/25.jpg\",\"mime_type\":\"image\\/jpeg\",\"size\":2165,\"modified\":\"2023-05-29 04:29:57\",\"name\":\"25\",\"extension\":\"jpg\"}','2023-05-28 21:29:57','2023-05-28 21:29:57'),(40,130,'product-files/25-1.jpg','{\"filename\":\"25-1.jpg\",\"url\":\"product-files\\/25-1.jpg\",\"mime_type\":\"image\\/jpeg\",\"size\":2165,\"modified\":\"2023-05-29 04:29:57\",\"name\":\"25-1\",\"extension\":\"jpg\"}','2023-05-28 21:29:57','2023-05-28 21:29:57'),(41,130,'product-files/25-2.jpg','{\"filename\":\"25-2.jpg\",\"url\":\"product-files\\/25-2.jpg\",\"mime_type\":\"image\\/jpeg\",\"size\":2165,\"modified\":\"2023-05-29 04:29:57\",\"name\":\"25-2\",\"extension\":\"jpg\"}','2023-05-28 21:29:57','2023-05-28 21:29:57'),(42,139,'product-files/29.jpg','{\"filename\":\"29.jpg\",\"url\":\"product-files\\/29.jpg\",\"mime_type\":\"image\\/jpeg\",\"size\":2165,\"modified\":\"2023-05-29 04:29:57\",\"name\":\"29\",\"extension\":\"jpg\"}','2023-05-28 21:29:57','2023-05-28 21:29:57'),(43,139,'product-files/29-1.jpg','{\"filename\":\"29-1.jpg\",\"url\":\"product-files\\/29-1.jpg\",\"mime_type\":\"image\\/jpeg\",\"size\":2165,\"modified\":\"2023-05-29 04:29:57\",\"name\":\"29-1\",\"extension\":\"jpg\"}','2023-05-28 21:29:57','2023-05-28 21:29:57'),(44,139,'product-files/29-2.jpg','{\"filename\":\"29-2.jpg\",\"url\":\"product-files\\/29-2.jpg\",\"mime_type\":\"image\\/jpeg\",\"size\":2165,\"modified\":\"2023-05-29 04:29:57\",\"name\":\"29-2\",\"extension\":\"jpg\"}','2023-05-28 21:29:57','2023-05-28 21:29:57'),(45,140,'product-files/29.jpg','{\"filename\":\"29.jpg\",\"url\":\"product-files\\/29.jpg\",\"mime_type\":\"image\\/jpeg\",\"size\":2165,\"modified\":\"2023-05-29 04:29:57\",\"name\":\"29\",\"extension\":\"jpg\"}','2023-05-28 21:29:57','2023-05-28 21:29:57'),(46,140,'product-files/29-1.jpg','{\"filename\":\"29-1.jpg\",\"url\":\"product-files\\/29-1.jpg\",\"mime_type\":\"image\\/jpeg\",\"size\":2165,\"modified\":\"2023-05-29 04:29:57\",\"name\":\"29-1\",\"extension\":\"jpg\"}','2023-05-28 21:29:58','2023-05-28 21:29:58'),(47,140,'product-files/29-2.jpg','{\"filename\":\"29-2.jpg\",\"url\":\"product-files\\/29-2.jpg\",\"mime_type\":\"image\\/jpeg\",\"size\":2165,\"modified\":\"2023-05-29 04:29:58\",\"name\":\"29-2\",\"extension\":\"jpg\"}','2023-05-28 21:29:58','2023-05-28 21:29:58'),(48,141,'product-files/29.jpg','{\"filename\":\"29.jpg\",\"url\":\"product-files\\/29.jpg\",\"mime_type\":\"image\\/jpeg\",\"size\":2165,\"modified\":\"2023-05-29 04:29:58\",\"name\":\"29\",\"extension\":\"jpg\"}','2023-05-28 21:29:58','2023-05-28 21:29:58'),(49,141,'product-files/29-1.jpg','{\"filename\":\"29-1.jpg\",\"url\":\"product-files\\/29-1.jpg\",\"mime_type\":\"image\\/jpeg\",\"size\":2165,\"modified\":\"2023-05-29 04:29:58\",\"name\":\"29-1\",\"extension\":\"jpg\"}','2023-05-28 21:29:58','2023-05-28 21:29:58'),(50,141,'product-files/29-2.jpg','{\"filename\":\"29-2.jpg\",\"url\":\"product-files\\/29-2.jpg\",\"mime_type\":\"image\\/jpeg\",\"size\":2165,\"modified\":\"2023-05-29 04:29:58\",\"name\":\"29-2\",\"extension\":\"jpg\"}','2023-05-28 21:29:58','2023-05-28 21:29:58'),(51,149,'product-files/33.jpg','{\"filename\":\"33.jpg\",\"url\":\"product-files\\/33.jpg\",\"mime_type\":\"image\\/jpeg\",\"size\":2165,\"modified\":\"2023-05-29 04:29:58\",\"name\":\"33\",\"extension\":\"jpg\"}','2023-05-28 21:29:58','2023-05-28 21:29:58'),(52,149,'product-files/33-1.jpg','{\"filename\":\"33-1.jpg\",\"url\":\"product-files\\/33-1.jpg\",\"mime_type\":\"image\\/jpeg\",\"size\":2165,\"modified\":\"2023-05-29 04:29:58\",\"name\":\"33-1\",\"extension\":\"jpg\"}','2023-05-28 21:29:58','2023-05-28 21:29:58'),(53,149,'product-files/33-2.jpg','{\"filename\":\"33-2.jpg\",\"url\":\"product-files\\/33-2.jpg\",\"mime_type\":\"image\\/jpeg\",\"size\":2165,\"modified\":\"2023-05-29 04:29:58\",\"name\":\"33-2\",\"extension\":\"jpg\"}','2023-05-28 21:29:58','2023-05-28 21:29:58'),(54,150,'product-files/33.jpg','{\"filename\":\"33.jpg\",\"url\":\"product-files\\/33.jpg\",\"mime_type\":\"image\\/jpeg\",\"size\":2165,\"modified\":\"2023-05-29 04:29:58\",\"name\":\"33\",\"extension\":\"jpg\"}','2023-05-28 21:29:58','2023-05-28 21:29:58'),(55,150,'product-files/33-1.jpg','{\"filename\":\"33-1.jpg\",\"url\":\"product-files\\/33-1.jpg\",\"mime_type\":\"image\\/jpeg\",\"size\":2165,\"modified\":\"2023-05-29 04:29:58\",\"name\":\"33-1\",\"extension\":\"jpg\"}','2023-05-28 21:29:58','2023-05-28 21:29:58'),(56,150,'product-files/33-2.jpg','{\"filename\":\"33-2.jpg\",\"url\":\"product-files\\/33-2.jpg\",\"mime_type\":\"image\\/jpeg\",\"size\":2165,\"modified\":\"2023-05-29 04:29:58\",\"name\":\"33-2\",\"extension\":\"jpg\"}','2023-05-28 21:29:58','2023-05-28 21:29:58'),(57,151,'product-files/33.jpg','{\"filename\":\"33.jpg\",\"url\":\"product-files\\/33.jpg\",\"mime_type\":\"image\\/jpeg\",\"size\":2165,\"modified\":\"2023-05-29 04:29:58\",\"name\":\"33\",\"extension\":\"jpg\"}','2023-05-28 21:29:58','2023-05-28 21:29:58'),(58,151,'product-files/33-1.jpg','{\"filename\":\"33-1.jpg\",\"url\":\"product-files\\/33-1.jpg\",\"mime_type\":\"image\\/jpeg\",\"size\":2165,\"modified\":\"2023-05-29 04:29:58\",\"name\":\"33-1\",\"extension\":\"jpg\"}','2023-05-28 21:29:58','2023-05-28 21:29:58'),(59,151,'product-files/33-2.jpg','{\"filename\":\"33-2.jpg\",\"url\":\"product-files\\/33-2.jpg\",\"mime_type\":\"image\\/jpeg\",\"size\":2165,\"modified\":\"2023-05-29 04:29:58\",\"name\":\"33-2\",\"extension\":\"jpg\"}','2023-05-28 21:29:58','2023-05-28 21:29:58'),(60,152,'product-files/33.jpg','{\"filename\":\"33.jpg\",\"url\":\"product-files\\/33.jpg\",\"mime_type\":\"image\\/jpeg\",\"size\":2165,\"modified\":\"2023-05-29 04:29:58\",\"name\":\"33\",\"extension\":\"jpg\"}','2023-05-28 21:29:58','2023-05-28 21:29:58'),(61,152,'product-files/33-1.jpg','{\"filename\":\"33-1.jpg\",\"url\":\"product-files\\/33-1.jpg\",\"mime_type\":\"image\\/jpeg\",\"size\":2165,\"modified\":\"2023-05-29 04:29:58\",\"name\":\"33-1\",\"extension\":\"jpg\"}','2023-05-28 21:29:58','2023-05-28 21:29:58'),(62,152,'product-files/33-2.jpg','{\"filename\":\"33-2.jpg\",\"url\":\"product-files\\/33-2.jpg\",\"mime_type\":\"image\\/jpeg\",\"size\":2165,\"modified\":\"2023-05-29 04:29:58\",\"name\":\"33-2\",\"extension\":\"jpg\"}','2023-05-28 21:29:58','2023-05-28 21:29:58'),(63,153,'product-files/33.jpg','{\"filename\":\"33.jpg\",\"url\":\"product-files\\/33.jpg\",\"mime_type\":\"image\\/jpeg\",\"size\":2165,\"modified\":\"2023-05-29 04:29:58\",\"name\":\"33\",\"extension\":\"jpg\"}','2023-05-28 21:29:58','2023-05-28 21:29:58'),(64,153,'product-files/33-1.jpg','{\"filename\":\"33-1.jpg\",\"url\":\"product-files\\/33-1.jpg\",\"mime_type\":\"image\\/jpeg\",\"size\":2165,\"modified\":\"2023-05-29 04:29:58\",\"name\":\"33-1\",\"extension\":\"jpg\"}','2023-05-28 21:29:58','2023-05-28 21:29:58'),(65,153,'product-files/33-2.jpg','{\"filename\":\"33-2.jpg\",\"url\":\"product-files\\/33-2.jpg\",\"mime_type\":\"image\\/jpeg\",\"size\":2165,\"modified\":\"2023-05-29 04:29:58\",\"name\":\"33-2\",\"extension\":\"jpg\"}','2023-05-28 21:29:58','2023-05-28 21:29:58'),(66,164,'product-files/37.jpg','{\"filename\":\"37.jpg\",\"url\":\"product-files\\/37.jpg\",\"mime_type\":\"image\\/jpeg\",\"size\":2165,\"modified\":\"2023-05-29 04:29:58\",\"name\":\"37\",\"extension\":\"jpg\"}','2023-05-28 21:29:58','2023-05-28 21:29:58'),(67,164,'product-files/37-1.jpg','{\"filename\":\"37-1.jpg\",\"url\":\"product-files\\/37-1.jpg\",\"mime_type\":\"image\\/jpeg\",\"size\":2165,\"modified\":\"2023-05-29 04:29:58\",\"name\":\"37-1\",\"extension\":\"jpg\"}','2023-05-28 21:29:58','2023-05-28 21:29:58'),(68,164,'product-files/37-2.jpg','{\"filename\":\"37-2.jpg\",\"url\":\"product-files\\/37-2.jpg\",\"mime_type\":\"image\\/jpeg\",\"size\":2165,\"modified\":\"2023-05-29 04:29:58\",\"name\":\"37-2\",\"extension\":\"jpg\"}','2023-05-28 21:29:58','2023-05-28 21:29:58'),(69,165,'product-files/37.jpg','{\"filename\":\"37.jpg\",\"url\":\"product-files\\/37.jpg\",\"mime_type\":\"image\\/jpeg\",\"size\":2165,\"modified\":\"2023-05-29 04:29:58\",\"name\":\"37\",\"extension\":\"jpg\"}','2023-05-28 21:29:58','2023-05-28 21:29:58'),(70,165,'product-files/37-1.jpg','{\"filename\":\"37-1.jpg\",\"url\":\"product-files\\/37-1.jpg\",\"mime_type\":\"image\\/jpeg\",\"size\":2165,\"modified\":\"2023-05-29 04:29:58\",\"name\":\"37-1\",\"extension\":\"jpg\"}','2023-05-28 21:29:58','2023-05-28 21:29:58'),(71,165,'product-files/37-2.jpg','{\"filename\":\"37-2.jpg\",\"url\":\"product-files\\/37-2.jpg\",\"mime_type\":\"image\\/jpeg\",\"size\":2165,\"modified\":\"2023-05-29 04:29:58\",\"name\":\"37-2\",\"extension\":\"jpg\"}','2023-05-28 21:29:58','2023-05-28 21:29:58'),(72,166,'product-files/37.jpg','{\"filename\":\"37.jpg\",\"url\":\"product-files\\/37.jpg\",\"mime_type\":\"image\\/jpeg\",\"size\":2165,\"modified\":\"2023-05-29 04:29:58\",\"name\":\"37\",\"extension\":\"jpg\"}','2023-05-28 21:29:58','2023-05-28 21:29:58'),(73,166,'product-files/37-1.jpg','{\"filename\":\"37-1.jpg\",\"url\":\"product-files\\/37-1.jpg\",\"mime_type\":\"image\\/jpeg\",\"size\":2165,\"modified\":\"2023-05-29 04:29:58\",\"name\":\"37-1\",\"extension\":\"jpg\"}','2023-05-28 21:29:58','2023-05-28 21:29:58'),(74,166,'product-files/37-2.jpg','{\"filename\":\"37-2.jpg\",\"url\":\"product-files\\/37-2.jpg\",\"mime_type\":\"image\\/jpeg\",\"size\":2165,\"modified\":\"2023-05-29 04:29:58\",\"name\":\"37-2\",\"extension\":\"jpg\"}','2023-05-28 21:29:58','2023-05-28 21:29:58'),(75,167,'product-files/37.jpg','{\"filename\":\"37.jpg\",\"url\":\"product-files\\/37.jpg\",\"mime_type\":\"image\\/jpeg\",\"size\":2165,\"modified\":\"2023-05-29 04:29:58\",\"name\":\"37\",\"extension\":\"jpg\"}','2023-05-28 21:29:58','2023-05-28 21:29:58'),(76,167,'product-files/37-1.jpg','{\"filename\":\"37-1.jpg\",\"url\":\"product-files\\/37-1.jpg\",\"mime_type\":\"image\\/jpeg\",\"size\":2165,\"modified\":\"2023-05-29 04:29:58\",\"name\":\"37-1\",\"extension\":\"jpg\"}','2023-05-28 21:29:58','2023-05-28 21:29:58'),(77,167,'product-files/37-2.jpg','{\"filename\":\"37-2.jpg\",\"url\":\"product-files\\/37-2.jpg\",\"mime_type\":\"image\\/jpeg\",\"size\":2165,\"modified\":\"2023-05-29 04:29:58\",\"name\":\"37-2\",\"extension\":\"jpg\"}','2023-05-28 21:29:58','2023-05-28 21:29:58'),(78,168,'product-files/37.jpg','{\"filename\":\"37.jpg\",\"url\":\"product-files\\/37.jpg\",\"mime_type\":\"image\\/jpeg\",\"size\":2165,\"modified\":\"2023-05-29 04:29:58\",\"name\":\"37\",\"extension\":\"jpg\"}','2023-05-28 21:29:58','2023-05-28 21:29:58'),(79,168,'product-files/37-1.jpg','{\"filename\":\"37-1.jpg\",\"url\":\"product-files\\/37-1.jpg\",\"mime_type\":\"image\\/jpeg\",\"size\":2165,\"modified\":\"2023-05-29 04:29:58\",\"name\":\"37-1\",\"extension\":\"jpg\"}','2023-05-28 21:29:58','2023-05-28 21:29:58'),(80,168,'product-files/37-2.jpg','{\"filename\":\"37-2.jpg\",\"url\":\"product-files\\/37-2.jpg\",\"mime_type\":\"image\\/jpeg\",\"size\":2165,\"modified\":\"2023-05-29 04:29:58\",\"name\":\"37-2\",\"extension\":\"jpg\"}','2023-05-28 21:29:58','2023-05-28 21:29:58'),(81,180,'product-files/41.jpg','{\"filename\":\"41.jpg\",\"url\":\"product-files\\/41.jpg\",\"mime_type\":\"image\\/jpeg\",\"size\":2165,\"modified\":\"2023-05-29 04:29:58\",\"name\":\"41\",\"extension\":\"jpg\"}','2023-05-28 21:29:58','2023-05-28 21:29:58'),(82,180,'product-files/41-1.jpg','{\"filename\":\"41-1.jpg\",\"url\":\"product-files\\/41-1.jpg\",\"mime_type\":\"image\\/jpeg\",\"size\":2165,\"modified\":\"2023-05-29 04:29:58\",\"name\":\"41-1\",\"extension\":\"jpg\"}','2023-05-28 21:29:58','2023-05-28 21:29:58'),(83,180,'product-files/41-2.jpg','{\"filename\":\"41-2.jpg\",\"url\":\"product-files\\/41-2.jpg\",\"mime_type\":\"image\\/jpeg\",\"size\":2165,\"modified\":\"2023-05-29 04:29:58\",\"name\":\"41-2\",\"extension\":\"jpg\"}','2023-05-28 21:29:58','2023-05-28 21:29:58'),(84,181,'product-files/41.jpg','{\"filename\":\"41.jpg\",\"url\":\"product-files\\/41.jpg\",\"mime_type\":\"image\\/jpeg\",\"size\":2165,\"modified\":\"2023-05-29 04:29:58\",\"name\":\"41\",\"extension\":\"jpg\"}','2023-05-28 21:29:58','2023-05-28 21:29:58'),(85,181,'product-files/41-1.jpg','{\"filename\":\"41-1.jpg\",\"url\":\"product-files\\/41-1.jpg\",\"mime_type\":\"image\\/jpeg\",\"size\":2165,\"modified\":\"2023-05-29 04:29:58\",\"name\":\"41-1\",\"extension\":\"jpg\"}','2023-05-28 21:29:58','2023-05-28 21:29:58'),(86,181,'product-files/41-2.jpg','{\"filename\":\"41-2.jpg\",\"url\":\"product-files\\/41-2.jpg\",\"mime_type\":\"image\\/jpeg\",\"size\":2165,\"modified\":\"2023-05-29 04:29:58\",\"name\":\"41-2\",\"extension\":\"jpg\"}','2023-05-28 21:29:58','2023-05-28 21:29:58'),(87,182,'product-files/41.jpg','{\"filename\":\"41.jpg\",\"url\":\"product-files\\/41.jpg\",\"mime_type\":\"image\\/jpeg\",\"size\":2165,\"modified\":\"2023-05-29 04:29:58\",\"name\":\"41\",\"extension\":\"jpg\"}','2023-05-28 21:29:58','2023-05-28 21:29:58'),(88,182,'product-files/41-1.jpg','{\"filename\":\"41-1.jpg\",\"url\":\"product-files\\/41-1.jpg\",\"mime_type\":\"image\\/jpeg\",\"size\":2165,\"modified\":\"2023-05-29 04:29:58\",\"name\":\"41-1\",\"extension\":\"jpg\"}','2023-05-28 21:29:58','2023-05-28 21:29:58'),(89,182,'product-files/41-2.jpg','{\"filename\":\"41-2.jpg\",\"url\":\"product-files\\/41-2.jpg\",\"mime_type\":\"image\\/jpeg\",\"size\":2165,\"modified\":\"2023-05-29 04:29:58\",\"name\":\"41-2\",\"extension\":\"jpg\"}','2023-05-28 21:29:58','2023-05-28 21:29:58'),(90,194,'product-files/45.jpg','{\"filename\":\"45.jpg\",\"url\":\"product-files\\/45.jpg\",\"mime_type\":\"image\\/jpeg\",\"size\":2165,\"modified\":\"2023-05-29 04:29:59\",\"name\":\"45\",\"extension\":\"jpg\"}','2023-05-28 21:29:59','2023-05-28 21:29:59'),(91,194,'product-files/45-1.jpg','{\"filename\":\"45-1.jpg\",\"url\":\"product-files\\/45-1.jpg\",\"mime_type\":\"image\\/jpeg\",\"size\":2165,\"modified\":\"2023-05-29 04:29:59\",\"name\":\"45-1\",\"extension\":\"jpg\"}','2023-05-28 21:29:59','2023-05-28 21:29:59'),(92,195,'product-files/45.jpg','{\"filename\":\"45.jpg\",\"url\":\"product-files\\/45.jpg\",\"mime_type\":\"image\\/jpeg\",\"size\":2165,\"modified\":\"2023-05-29 04:29:59\",\"name\":\"45\",\"extension\":\"jpg\"}','2023-05-28 21:29:59','2023-05-28 21:29:59'),(93,195,'product-files/45-1.jpg','{\"filename\":\"45-1.jpg\",\"url\":\"product-files\\/45-1.jpg\",\"mime_type\":\"image\\/jpeg\",\"size\":2165,\"modified\":\"2023-05-29 04:29:59\",\"name\":\"45-1\",\"extension\":\"jpg\"}','2023-05-28 21:29:59','2023-05-28 21:29:59'),(94,204,'product-files/49.jpg','{\"filename\":\"49.jpg\",\"url\":\"product-files\\/49.jpg\",\"mime_type\":\"image\\/jpeg\",\"size\":2165,\"modified\":\"2023-05-29 04:29:59\",\"name\":\"49\",\"extension\":\"jpg\"}','2023-05-28 21:29:59','2023-05-28 21:29:59'),(95,204,'product-files/49-1.jpg','{\"filename\":\"49-1.jpg\",\"url\":\"product-files\\/49-1.jpg\",\"mime_type\":\"image\\/jpeg\",\"size\":2165,\"modified\":\"2023-05-29 04:29:59\",\"name\":\"49-1\",\"extension\":\"jpg\"}','2023-05-28 21:29:59','2023-05-28 21:29:59'),(96,204,'product-files/49-2.jpg','{\"filename\":\"49-2.jpg\",\"url\":\"product-files\\/49-2.jpg\",\"mime_type\":\"image\\/jpeg\",\"size\":2165,\"modified\":\"2023-05-29 04:29:59\",\"name\":\"49-2\",\"extension\":\"jpg\"}','2023-05-28 21:29:59','2023-05-28 21:29:59'),(97,205,'product-files/49.jpg','{\"filename\":\"49.jpg\",\"url\":\"product-files\\/49.jpg\",\"mime_type\":\"image\\/jpeg\",\"size\":2165,\"modified\":\"2023-05-29 04:29:59\",\"name\":\"49\",\"extension\":\"jpg\"}','2023-05-28 21:29:59','2023-05-28 21:29:59'),(98,205,'product-files/49-1.jpg','{\"filename\":\"49-1.jpg\",\"url\":\"product-files\\/49-1.jpg\",\"mime_type\":\"image\\/jpeg\",\"size\":2165,\"modified\":\"2023-05-29 04:29:59\",\"name\":\"49-1\",\"extension\":\"jpg\"}','2023-05-28 21:29:59','2023-05-28 21:29:59'),(99,205,'product-files/49-2.jpg','{\"filename\":\"49-2.jpg\",\"url\":\"product-files\\/49-2.jpg\",\"mime_type\":\"image\\/jpeg\",\"size\":2165,\"modified\":\"2023-05-29 04:29:59\",\"name\":\"49-2\",\"extension\":\"jpg\"}','2023-05-28 21:29:59','2023-05-28 21:29:59'),(100,212,'product-files/53.jpg','{\"filename\":\"53.jpg\",\"url\":\"product-files\\/53.jpg\",\"mime_type\":\"image\\/jpeg\",\"size\":2165,\"modified\":\"2023-05-29 04:29:59\",\"name\":\"53\",\"extension\":\"jpg\"}','2023-05-28 21:29:59','2023-05-28 21:29:59'),(101,212,'product-files/53-1.jpg','{\"filename\":\"53-1.jpg\",\"url\":\"product-files\\/53-1.jpg\",\"mime_type\":\"image\\/jpeg\",\"size\":2165,\"modified\":\"2023-05-29 04:29:59\",\"name\":\"53-1\",\"extension\":\"jpg\"}','2023-05-28 21:29:59','2023-05-28 21:29:59'),(102,213,'product-files/53.jpg','{\"filename\":\"53.jpg\",\"url\":\"product-files\\/53.jpg\",\"mime_type\":\"image\\/jpeg\",\"size\":2165,\"modified\":\"2023-05-29 04:29:59\",\"name\":\"53\",\"extension\":\"jpg\"}','2023-05-28 21:29:59','2023-05-28 21:29:59'),(103,213,'product-files/53-1.jpg','{\"filename\":\"53-1.jpg\",\"url\":\"product-files\\/53-1.jpg\",\"mime_type\":\"image\\/jpeg\",\"size\":2165,\"modified\":\"2023-05-29 04:29:59\",\"name\":\"53-1\",\"extension\":\"jpg\"}','2023-05-28 21:29:59','2023-05-28 21:29:59'),(104,227,'product-files/57.jpg','{\"filename\":\"57.jpg\",\"url\":\"product-files\\/57.jpg\",\"mime_type\":\"image\\/jpeg\",\"size\":2165,\"modified\":\"2023-05-29 04:29:59\",\"name\":\"57\",\"extension\":\"jpg\"}','2023-05-28 21:29:59','2023-05-28 21:29:59'),(105,227,'product-files/57-1.jpg','{\"filename\":\"57-1.jpg\",\"url\":\"product-files\\/57-1.jpg\",\"mime_type\":\"image\\/jpeg\",\"size\":2165,\"modified\":\"2023-05-29 04:29:59\",\"name\":\"57-1\",\"extension\":\"jpg\"}','2023-05-28 21:29:59','2023-05-28 21:29:59'),(106,228,'product-files/57.jpg','{\"filename\":\"57.jpg\",\"url\":\"product-files\\/57.jpg\",\"mime_type\":\"image\\/jpeg\",\"size\":2165,\"modified\":\"2023-05-29 04:29:59\",\"name\":\"57\",\"extension\":\"jpg\"}','2023-05-28 21:29:59','2023-05-28 21:29:59'),(107,228,'product-files/57-1.jpg','{\"filename\":\"57-1.jpg\",\"url\":\"product-files\\/57-1.jpg\",\"mime_type\":\"image\\/jpeg\",\"size\":2165,\"modified\":\"2023-05-29 04:29:59\",\"name\":\"57-1\",\"extension\":\"jpg\"}','2023-05-28 21:29:59','2023-05-28 21:29:59'),(108,229,'product-files/57.jpg','{\"filename\":\"57.jpg\",\"url\":\"product-files\\/57.jpg\",\"mime_type\":\"image\\/jpeg\",\"size\":2165,\"modified\":\"2023-05-29 04:29:59\",\"name\":\"57\",\"extension\":\"jpg\"}','2023-05-28 21:29:59','2023-05-28 21:29:59'),(109,229,'product-files/57-1.jpg','{\"filename\":\"57-1.jpg\",\"url\":\"product-files\\/57-1.jpg\",\"mime_type\":\"image\\/jpeg\",\"size\":2165,\"modified\":\"2023-05-29 04:29:59\",\"name\":\"57-1\",\"extension\":\"jpg\"}','2023-05-28 21:29:59','2023-05-28 21:29:59'),(110,230,'product-files/57.jpg','{\"filename\":\"57.jpg\",\"url\":\"product-files\\/57.jpg\",\"mime_type\":\"image\\/jpeg\",\"size\":2165,\"modified\":\"2023-05-29 04:29:59\",\"name\":\"57\",\"extension\":\"jpg\"}','2023-05-28 21:29:59','2023-05-28 21:29:59'),(111,230,'product-files/57-1.jpg','{\"filename\":\"57-1.jpg\",\"url\":\"product-files\\/57-1.jpg\",\"mime_type\":\"image\\/jpeg\",\"size\":2165,\"modified\":\"2023-05-29 04:29:59\",\"name\":\"57-1\",\"extension\":\"jpg\"}','2023-05-28 21:29:59','2023-05-28 21:29:59'),(112,239,'product-files/61.jpg','{\"filename\":\"61.jpg\",\"url\":\"product-files\\/61.jpg\",\"mime_type\":\"image\\/jpeg\",\"size\":2165,\"modified\":\"2023-05-29 04:30:00\",\"name\":\"61\",\"extension\":\"jpg\"}','2023-05-28 21:30:00','2023-05-28 21:30:00'),(113,239,'product-files/61-1.jpg','{\"filename\":\"61-1.jpg\",\"url\":\"product-files\\/61-1.jpg\",\"mime_type\":\"image\\/jpeg\",\"size\":2165,\"modified\":\"2023-05-29 04:30:00\",\"name\":\"61-1\",\"extension\":\"jpg\"}','2023-05-28 21:30:00','2023-05-28 21:30:00'),(114,247,'product-files/65.jpg','{\"filename\":\"65.jpg\",\"url\":\"product-files\\/65.jpg\",\"mime_type\":\"image\\/jpeg\",\"size\":2165,\"modified\":\"2023-05-29 04:30:00\",\"name\":\"65\",\"extension\":\"jpg\"}','2023-05-28 21:30:00','2023-05-28 21:30:00'),(115,247,'product-files/65-1.jpg','{\"filename\":\"65-1.jpg\",\"url\":\"product-files\\/65-1.jpg\",\"mime_type\":\"image\\/jpeg\",\"size\":2165,\"modified\":\"2023-05-29 04:30:00\",\"name\":\"65-1\",\"extension\":\"jpg\"}','2023-05-28 21:30:00','2023-05-28 21:30:00'),(116,247,'product-files/65-2.jpg','{\"filename\":\"65-2.jpg\",\"url\":\"product-files\\/65-2.jpg\",\"mime_type\":\"image\\/jpeg\",\"size\":2165,\"modified\":\"2023-05-29 04:30:00\",\"name\":\"65-2\",\"extension\":\"jpg\"}','2023-05-28 21:30:00','2023-05-28 21:30:00'),(117,248,'product-files/65.jpg','{\"filename\":\"65.jpg\",\"url\":\"product-files\\/65.jpg\",\"mime_type\":\"image\\/jpeg\",\"size\":2165,\"modified\":\"2023-05-29 04:30:00\",\"name\":\"65\",\"extension\":\"jpg\"}','2023-05-28 21:30:00','2023-05-28 21:30:00'),(118,248,'product-files/65-1.jpg','{\"filename\":\"65-1.jpg\",\"url\":\"product-files\\/65-1.jpg\",\"mime_type\":\"image\\/jpeg\",\"size\":2165,\"modified\":\"2023-05-29 04:30:00\",\"name\":\"65-1\",\"extension\":\"jpg\"}','2023-05-28 21:30:00','2023-05-28 21:30:00'),(119,248,'product-files/65-2.jpg','{\"filename\":\"65-2.jpg\",\"url\":\"product-files\\/65-2.jpg\",\"mime_type\":\"image\\/jpeg\",\"size\":2165,\"modified\":\"2023-05-29 04:30:00\",\"name\":\"65-2\",\"extension\":\"jpg\"}','2023-05-28 21:30:00','2023-05-28 21:30:00');
/*!40000 ALTER TABLE `ec_product_files` ENABLE KEYS */;
UNLOCK TABLES;

--
-- Table structure for table `ec_product_label_products`
--

DROP TABLE IF EXISTS `ec_product_label_products`;
/*!40101 SET @saved_cs_client     = @@character_set_client */;
/*!50503 SET character_set_client = utf8mb4 */;
CREATE TABLE `ec_product_label_products` (
  `product_label_id` bigint unsigned NOT NULL,
  `product_id` bigint unsigned NOT NULL,
  PRIMARY KEY (`product_label_id`,`product_id`),
  KEY `ec_product_label_products_product_label_id_index` (`product_label_id`),
  KEY `ec_product_label_products_product_id_index` (`product_id`)
) ENGINE=InnoDB DEFAULT CHARSET=utf8mb4 COLLATE=utf8mb4_unicode_ci;
/*!40101 SET character_set_client = @saved_cs_client */;

--
-- Dumping data for table `ec_product_label_products`
--

LOCK TABLES `ec_product_label_products` WRITE;
/*!40000 ALTER TABLE `ec_product_label_products` DISABLE KEYS */;
INSERT INTO `ec_product_label_products` VALUES (1,12),(1,15),(1,30),(1,36),(1,42),(1,48),(1,54),(1,63),(2,6),(2,9),(2,24),(2,27),(2,33),(2,51),(2,60),(3,3),(3,18),(3,21),(3,39),(3,45),(3,57);
/*!40000 ALTER TABLE `ec_product_label_products` ENABLE KEYS */;
UNLOCK TABLES;

--
-- Table structure for table `ec_product_labels`
--

DROP TABLE IF EXISTS `ec_product_labels`;
/*!40101 SET @saved_cs_client     = @@character_set_client */;
/*!50503 SET character_set_client = utf8mb4 */;
CREATE TABLE `ec_product_labels` (
  `id` bigint unsigned NOT NULL AUTO_INCREMENT,
  `name` varchar(255) COLLATE utf8mb4_unicode_ci NOT NULL,
  `color` varchar(120) COLLATE utf8mb4_unicode_ci DEFAULT NULL,
  `status` varchar(60) COLLATE utf8mb4_unicode_ci NOT NULL DEFAULT 'published',
  `created_at` timestamp NULL DEFAULT NULL,
  `updated_at` timestamp NULL DEFAULT NULL,
  PRIMARY KEY (`id`)
) ENGINE=InnoDB AUTO_INCREMENT=4 DEFAULT CHARSET=utf8mb4 COLLATE=utf8mb4_unicode_ci;
/*!40101 SET character_set_client = @saved_cs_client */;

--
-- Dumping data for table `ec_product_labels`
--

LOCK TABLES `ec_product_labels` WRITE;
/*!40000 ALTER TABLE `ec_product_labels` DISABLE KEYS */;
INSERT INTO `ec_product_labels` VALUES (1,'Hot','#ec2434','published','2023-05-28 21:29:51','2023-05-28 21:29:51'),(2,'New','#00c9a7','published','2023-05-28 21:29:51','2023-05-28 21:29:51'),(3,'Sale','#fe9931','published','2023-05-28 21:29:51','2023-05-28 21:29:51');
/*!40000 ALTER TABLE `ec_product_labels` ENABLE KEYS */;
UNLOCK TABLES;

--
-- Table structure for table `ec_product_labels_translations`
--

DROP TABLE IF EXISTS `ec_product_labels_translations`;
/*!40101 SET @saved_cs_client     = @@character_set_client */;
/*!50503 SET character_set_client = utf8mb4 */;
CREATE TABLE `ec_product_labels_translations` (
  `lang_code` varchar(191) COLLATE utf8mb4_unicode_ci NOT NULL,
  `ec_product_labels_id` bigint unsigned NOT NULL,
  `name` varchar(191) COLLATE utf8mb4_unicode_ci DEFAULT NULL,
  `description` varchar(191) COLLATE utf8mb4_unicode_ci DEFAULT NULL,
  PRIMARY KEY (`lang_code`,`ec_product_labels_id`)
) ENGINE=InnoDB DEFAULT CHARSET=utf8mb4 COLLATE=utf8mb4_unicode_ci;
/*!40101 SET character_set_client = @saved_cs_client */;

--
-- Dumping data for table `ec_product_labels_translations`
--

LOCK TABLES `ec_product_labels_translations` WRITE;
/*!40000 ALTER TABLE `ec_product_labels_translations` DISABLE KEYS */;
INSERT INTO `ec_product_labels_translations` VALUES ('vi',1,'Nổi bật',NULL),('vi',2,'Mới',NULL),('vi',3,'Giảm giá',NULL);
/*!40000 ALTER TABLE `ec_product_labels_translations` ENABLE KEYS */;
UNLOCK TABLES;

--
-- Table structure for table `ec_product_related_relations`
--

DROP TABLE IF EXISTS `ec_product_related_relations`;
/*!40101 SET @saved_cs_client     = @@character_set_client */;
/*!50503 SET character_set_client = utf8mb4 */;
CREATE TABLE `ec_product_related_relations` (
  `from_product_id` bigint unsigned NOT NULL,
  `to_product_id` bigint unsigned NOT NULL,
  PRIMARY KEY (`from_product_id`,`to_product_id`),
  KEY `ec_product_related_relations_from_product_id_index` (`from_product_id`),
  KEY `ec_product_related_relations_to_product_id_index` (`to_product_id`)
) ENGINE=InnoDB DEFAULT CHARSET=utf8mb4 COLLATE=utf8mb4_unicode_ci;
/*!40101 SET character_set_client = @saved_cs_client */;

--
-- Dumping data for table `ec_product_related_relations`
--

LOCK TABLES `ec_product_related_relations` WRITE;
/*!40000 ALTER TABLE `ec_product_related_relations` DISABLE KEYS */;
/*!40000 ALTER TABLE `ec_product_related_relations` ENABLE KEYS */;
UNLOCK TABLES;

--
-- Table structure for table `ec_product_tag_product`
--

DROP TABLE IF EXISTS `ec_product_tag_product`;
/*!40101 SET @saved_cs_client     = @@character_set_client */;
/*!50503 SET character_set_client = utf8mb4 */;
CREATE TABLE `ec_product_tag_product` (
  `product_id` bigint unsigned NOT NULL,
  `tag_id` bigint unsigned NOT NULL,
  PRIMARY KEY (`product_id`,`tag_id`),
  KEY `ec_product_tag_product_product_id_index` (`product_id`),
  KEY `ec_product_tag_product_tag_id_index` (`tag_id`)
) ENGINE=InnoDB DEFAULT CHARSET=utf8mb4 COLLATE=utf8mb4_unicode_ci;
/*!40101 SET character_set_client = @saved_cs_client */;

--
-- Dumping data for table `ec_product_tag_product`
--

LOCK TABLES `ec_product_tag_product` WRITE;
/*!40000 ALTER TABLE `ec_product_tag_product` DISABLE KEYS */;
INSERT INTO `ec_product_tag_product` VALUES (1,1),(1,3),(2,3),(2,5),(3,2),(3,5),(3,6),(4,2),(4,6),(5,1),(5,3),(5,6),(6,1),(6,2),(6,3),(7,2),(7,5),(8,1),(8,2),(8,6),(9,1),(9,3),(9,4),(10,1),(10,3),(11,2),(11,4),(11,6),(12,3),(12,5),(12,6),(13,1),(13,3),(14,1),(14,5),(14,6),(15,1),(15,2),(15,4),(16,1),(16,2),(16,4),(17,1),(17,2),(17,3),(18,1),(18,4),(18,5),(19,1),(19,6),(20,1),(20,2),(20,6),(21,2),(21,4),(21,6),(22,2),(22,4),(23,2),(23,5),(23,6),(24,2),(24,4),(24,6),(25,1),(25,3),(25,5),(26,2),(26,4),(26,6),(27,3),(27,5),(27,6),(28,2),(28,4),(28,5),(29,2),(29,3),(29,4),(30,1),(30,3),(30,4),(31,2),(31,6),(32,1),(32,3),(32,4),(33,1),(33,6),(34,1),(35,2),(35,5),(36,1),(36,4),(36,5),(37,2),(37,4),(37,5),(38,1),(38,2),(38,6),(39,1),(39,2),(39,4),(40,2),(40,3),(40,6),(41,2),(41,6),(42,4),(42,5),(42,6),(43,1),(43,6),(44,2),(44,3),(45,1),(45,2),(45,5),(46,1),(46,2),(47,2),(48,3),(48,4),(49,3),(49,4),(50,1),(50,2),(50,5),(51,3),(52,2),(52,4),(53,2),(53,4),(53,6),(54,1),(54,2),(54,6),(55,2),(55,4),(55,6),(56,1),(56,4),(57,1),(57,2),(57,5),(58,2),(58,4),(59,2),(59,5),(60,1),(60,2),(60,5),(61,2),(61,4),(61,5),(62,2),(62,4),(62,6),(63,1),(63,4),(63,5),(64,2),(64,3),(64,4),(65,1),(65,3),(65,4);
/*!40000 ALTER TABLE `ec_product_tag_product` ENABLE KEYS */;
UNLOCK TABLES;

--
-- Table structure for table `ec_product_tags`
--

DROP TABLE IF EXISTS `ec_product_tags`;
/*!40101 SET @saved_cs_client     = @@character_set_client */;
/*!50503 SET character_set_client = utf8mb4 */;
CREATE TABLE `ec_product_tags` (
  `id` bigint unsigned NOT NULL AUTO_INCREMENT,
  `name` varchar(120) COLLATE utf8mb4_unicode_ci NOT NULL,
  `description` varchar(400) COLLATE utf8mb4_unicode_ci DEFAULT NULL,
  `status` varchar(60) COLLATE utf8mb4_unicode_ci NOT NULL DEFAULT 'published',
  `created_at` timestamp NULL DEFAULT NULL,
  `updated_at` timestamp NULL DEFAULT NULL,
  PRIMARY KEY (`id`)
) ENGINE=InnoDB AUTO_INCREMENT=7 DEFAULT CHARSET=utf8mb4 COLLATE=utf8mb4_unicode_ci;
/*!40101 SET character_set_client = @saved_cs_client */;

--
-- Dumping data for table `ec_product_tags`
--

LOCK TABLES `ec_product_tags` WRITE;
/*!40000 ALTER TABLE `ec_product_tags` DISABLE KEYS */;
INSERT INTO `ec_product_tags` VALUES (1,'Electronic',NULL,'published','2023-05-28 21:30:02','2023-05-28 21:30:02'),(2,'Mobile',NULL,'published','2023-05-28 21:30:02','2023-05-28 21:30:02'),(3,'Iphone',NULL,'published','2023-05-28 21:30:02','2023-05-28 21:30:02'),(4,'Printer',NULL,'published','2023-05-28 21:30:02','2023-05-28 21:30:02'),(5,'Office',NULL,'published','2023-05-28 21:30:02','2023-05-28 21:30:02'),(6,'IT',NULL,'published','2023-05-28 21:30:02','2023-05-28 21:30:02');
/*!40000 ALTER TABLE `ec_product_tags` ENABLE KEYS */;
UNLOCK TABLES;

--
-- Table structure for table `ec_product_tags_translations`
--

DROP TABLE IF EXISTS `ec_product_tags_translations`;
/*!40101 SET @saved_cs_client     = @@character_set_client */;
/*!50503 SET character_set_client = utf8mb4 */;
CREATE TABLE `ec_product_tags_translations` (
  `lang_code` varchar(191) COLLATE utf8mb4_unicode_ci NOT NULL,
  `ec_product_tags_id` bigint unsigned NOT NULL,
  `name` varchar(191) COLLATE utf8mb4_unicode_ci DEFAULT NULL,
  PRIMARY KEY (`lang_code`,`ec_product_tags_id`)
) ENGINE=InnoDB DEFAULT CHARSET=utf8mb4 COLLATE=utf8mb4_unicode_ci;
/*!40101 SET character_set_client = @saved_cs_client */;

--
-- Dumping data for table `ec_product_tags_translations`
--

LOCK TABLES `ec_product_tags_translations` WRITE;
/*!40000 ALTER TABLE `ec_product_tags_translations` DISABLE KEYS */;
INSERT INTO `ec_product_tags_translations` VALUES ('vi',1,'Electronic'),('vi',2,'Mobile'),('vi',3,'Iphone'),('vi',4,'Printer'),('vi',5,'Office'),('vi',6,'IT');
/*!40000 ALTER TABLE `ec_product_tags_translations` ENABLE KEYS */;
UNLOCK TABLES;

--
-- Table structure for table `ec_product_up_sale_relations`
--

DROP TABLE IF EXISTS `ec_product_up_sale_relations`;
/*!40101 SET @saved_cs_client     = @@character_set_client */;
/*!50503 SET character_set_client = utf8mb4 */;
CREATE TABLE `ec_product_up_sale_relations` (
  `from_product_id` bigint unsigned NOT NULL,
  `to_product_id` bigint unsigned NOT NULL,
  PRIMARY KEY (`from_product_id`,`to_product_id`),
  KEY `ec_product_up_sale_relations_from_product_id_index` (`from_product_id`),
  KEY `ec_product_up_sale_relations_to_product_id_index` (`to_product_id`)
) ENGINE=InnoDB DEFAULT CHARSET=utf8mb4 COLLATE=utf8mb4_unicode_ci;
/*!40101 SET character_set_client = @saved_cs_client */;

--
-- Dumping data for table `ec_product_up_sale_relations`
--

LOCK TABLES `ec_product_up_sale_relations` WRITE;
/*!40000 ALTER TABLE `ec_product_up_sale_relations` DISABLE KEYS */;
/*!40000 ALTER TABLE `ec_product_up_sale_relations` ENABLE KEYS */;
UNLOCK TABLES;

--
-- Table structure for table `ec_product_variation_items`
--

DROP TABLE IF EXISTS `ec_product_variation_items`;
/*!40101 SET @saved_cs_client     = @@character_set_client */;
/*!50503 SET character_set_client = utf8mb4 */;
CREATE TABLE `ec_product_variation_items` (
  `id` bigint unsigned NOT NULL AUTO_INCREMENT,
  `attribute_id` bigint unsigned NOT NULL,
  `variation_id` bigint unsigned NOT NULL,
  PRIMARY KEY (`id`),
  KEY `ec_product_variation_items_attribute_id_variation_id_index` (`attribute_id`,`variation_id`)
) ENGINE=InnoDB AUTO_INCREMENT=367 DEFAULT CHARSET=utf8mb4 COLLATE=utf8mb4_unicode_ci;
/*!40101 SET character_set_client = @saved_cs_client */;

--
-- Dumping data for table `ec_product_variation_items`
--

LOCK TABLES `ec_product_variation_items` WRITE;
/*!40000 ALTER TABLE `ec_product_variation_items` DISABLE KEYS */;
INSERT INTO `ec_product_variation_items` VALUES (13,1,7),(17,1,9),(19,1,10),(31,1,16),(53,1,27),(61,1,31),(67,1,34),(71,1,36),(89,1,45),(99,1,50),(107,1,54),(117,1,59),(119,1,60),(3,2,2),(23,2,12),(45,2,23),(57,2,29),(69,2,35),(75,2,38),(85,2,43),(87,2,44),(91,2,46),(101,2,51),(103,2,52),(105,2,53),(109,2,55),(111,2,56),(115,2,58),(5,3,3),(7,3,4),(9,3,5),(33,3,17),(63,3,32),(83,3,42),(95,3,48),(11,4,6),(15,4,8),(21,4,11),(27,4,14),(37,4,19),(39,4,20),(47,4,24),(51,4,26),(55,4,28),(59,4,30),(81,4,41),(93,4,47),(97,4,49),(113,4,57),(1,5,1),(25,5,13),(29,5,15),(35,5,18),(41,5,21),(43,5,22),(49,5,25),(65,5,33),(73,5,37),(77,5,39),(79,5,40),(2,6,1),(4,6,2),(8,6,4),(14,6,7),(30,6,15),(38,6,19),(42,6,21),(48,6,24),(66,6,33),(68,6,34),(80,6,40),(84,6,42),(6,7,3),(12,7,6),(16,7,8),(18,7,9),(20,7,10),(24,7,12),(76,7,38),(86,7,43),(92,7,46),(100,7,50),(112,7,56),(120,7,60),(10,8,5),(26,8,13),(28,8,14),(34,8,17),(46,8,23),(52,8,26),(54,8,27),(56,8,28),(64,8,32),(70,8,35),(72,8,36),(74,8,37),(82,8,41),(88,8,44),(90,8,45),(94,8,47),(96,8,48),(110,8,55),(114,8,57),(22,9,11),(36,9,18),(40,9,20),(44,9,22),(50,9,25),(58,9,29),(62,9,31),(78,9,39),(98,9,49),(104,9,52),(116,9,58),(118,9,59),(32,10,16),(60,10,30),(102,10,51),(106,10,53),(108,10,54),(131,11,66),(145,11,73),(147,11,74),(149,11,75),(155,11,78),(157,11,79),(163,11,82),(167,11,84),(169,11,85),(171,11,86),(179,11,90),(183,11,92),(187,11,94),(211,11,106),(221,11,111),(243,11,122),(249,11,125),(271,11,136),(277,11,139),(317,11,159),(329,11,165),(331,11,166),(345,11,173),(359,11,180),(365,11,183),(125,12,63),(133,12,67),(141,12,71),(143,12,72),(151,12,76),(153,12,77),(161,12,81),(177,12,89),(193,12,97),(197,12,99),(203,12,102),(205,12,103),(207,12,104),(209,12,105),(213,12,107),(223,12,112),(229,12,115),(233,12,117),(239,12,120),(245,12,123),(251,12,126),(253,12,127),(269,12,135),(281,12,141),(293,12,147),(299,12,150),(309,12,155),(315,12,158),(325,12,163),(333,12,167),(135,13,68),(139,13,70),(173,13,87),(175,13,88),(185,13,93),(191,13,96),(199,13,100),(227,13,114),(257,13,129),(279,13,140),(283,13,142),(285,13,143),(289,13,145),(301,13,151),(305,13,153),(319,13,160),(343,13,172),(347,13,174),(357,13,179),(127,14,64),(129,14,65),(165,14,83),(181,14,91),(189,14,95),(195,14,98),(201,14,101),(217,14,109),(225,14,113),(237,14,119),(255,14,128),(259,14,130),(263,14,132),(267,14,134),(273,14,137),(275,14,138),(295,14,148),(303,14,152),(313,14,157),(323,14,162),(327,14,164),(337,14,169),(339,14,170),(353,14,177),(355,14,178),(361,14,181),(121,15,61),(123,15,62),(137,15,69),(159,15,80),(215,15,108),(219,15,110),(231,15,116),(235,15,118),(241,15,121),(247,15,124),(261,15,131),(265,15,133),(287,15,144),(291,15,146),(297,15,149),(307,15,154),(311,15,156),(321,15,161),(335,15,168),(341,15,171),(349,15,175),(351,15,176),(363,15,182),(122,16,61),(136,16,68),(138,16,69),(152,16,76),(154,16,77),(176,16,88),(186,16,93),(212,16,106),(216,16,108),(226,16,113),(232,16,116),(238,16,119),(240,16,120),(246,16,123),(254,16,127),(262,16,131),(290,16,145),(294,16,147),(300,16,150),(310,16,155),(316,16,158),(324,16,162),(328,16,164),(336,16,168),(360,16,180),(124,17,62),(134,17,67),(140,17,70),(148,17,74),(156,17,78),(182,17,91),(192,17,96),(196,17,98),(204,17,102),(208,17,104),(214,17,107),(234,17,117),(236,17,118),(242,17,121),(250,17,125),(270,17,135),(288,17,144),(304,17,152),(320,17,160),(322,17,161),(340,17,170),(358,17,179),(366,17,183),(130,18,65),(142,18,71),(150,18,75),(164,18,82),(184,18,92),(188,18,94),(206,18,103),(210,18,105),(220,18,110),(228,18,114),(244,18,122),(258,18,129),(260,18,130),(274,18,137),(278,18,139),(282,18,141),(306,18,153),(308,18,154),(318,18,159),(344,18,172),(352,18,176),(126,19,63),(128,19,64),(132,19,66),(144,19,72),(146,19,73),(158,19,79),(162,19,81),(166,19,83),(170,19,85),(174,19,87),(178,19,89),(198,19,99),(200,19,100),(218,19,109),(222,19,111),(224,19,112),(230,19,115),(248,19,124),(252,19,126),(256,19,128),(276,19,138),(280,19,140),(286,19,143),(298,19,149),(302,19,151),(326,19,163),(330,19,165),(332,19,166),(334,19,167),(342,19,171),(346,19,173),(364,19,182),(160,20,80),(168,20,84),(172,20,86),(180,20,90),(190,20,95),(194,20,97),(202,20,101),(264,20,132),(266,20,133),(268,20,134),(272,20,136),(284,20,142),(292,20,146),(296,20,148),(312,20,156),(314,20,157),(338,20,169),(348,20,174),(350,20,175),(354,20,177),(356,20,178),(362,20,181);
/*!40000 ALTER TABLE `ec_product_variation_items` ENABLE KEYS */;
UNLOCK TABLES;

--
-- Table structure for table `ec_product_variations`
--

DROP TABLE IF EXISTS `ec_product_variations`;
/*!40101 SET @saved_cs_client     = @@character_set_client */;
/*!50503 SET character_set_client = utf8mb4 */;
CREATE TABLE `ec_product_variations` (
  `id` bigint unsigned NOT NULL AUTO_INCREMENT,
  `product_id` bigint unsigned DEFAULT NULL,
  `configurable_product_id` bigint unsigned NOT NULL,
  `is_default` tinyint NOT NULL DEFAULT '0',
  PRIMARY KEY (`id`),
  KEY `ec_product_variations_product_id_configurable_product_id_index` (`product_id`,`configurable_product_id`)
) ENGINE=InnoDB AUTO_INCREMENT=184 DEFAULT CHARSET=utf8mb4 COLLATE=utf8mb4_unicode_ci;
/*!40101 SET character_set_client = @saved_cs_client */;

--
-- Dumping data for table `ec_product_variations`
--

LOCK TABLES `ec_product_variations` WRITE;
/*!40000 ALTER TABLE `ec_product_variations` DISABLE KEYS */;
INSERT INTO `ec_product_variations` VALUES (1,66,1,1),(2,67,1,0),(3,68,1,0),(4,69,1,0),(5,70,1,0),(6,71,2,1),(7,72,2,0),(8,73,3,1),(9,74,3,0),(10,75,4,1),(11,76,5,1),(12,77,5,0),(13,78,6,1),(14,79,6,0),(15,80,6,0),(16,81,6,0),(17,82,7,1),(18,83,7,0),(19,84,8,1),(20,85,8,0),(21,86,8,0),(22,87,9,1),(23,88,9,0),(24,89,9,0),(25,90,10,1),(26,91,10,0),(27,92,10,0),(28,93,10,0),(29,94,11,1),(30,95,11,0),(31,96,11,0),(32,97,12,1),(33,98,12,0),(34,99,12,0),(35,100,13,1),(36,101,14,1),(37,102,14,0),(38,103,14,0),(39,104,15,1),(40,105,15,0),(41,106,16,1),(42,107,17,1),(43,108,17,0),(44,109,18,1),(45,110,18,0),(46,111,18,0),(47,112,19,1),(48,113,19,0),(49,114,19,0),(50,115,19,0),(51,116,20,1),(52,117,20,0),(53,118,20,0),(54,119,21,1),(55,120,22,1),(56,121,22,0),(57,122,22,0),(58,123,22,0),(59,124,23,1),(60,125,23,0),(61,126,24,1),(62,127,24,0),(63,128,24,0),(64,129,25,1),(65,130,25,0),(66,131,26,1),(67,132,26,0),(68,133,27,1),(69,134,27,0),(70,135,27,0),(71,136,28,1),(72,137,28,0),(73,138,28,0),(74,139,29,1),(75,140,29,0),(76,141,29,0),(77,142,30,1),(78,143,30,0),(79,144,31,1),(80,145,31,0),(81,146,31,0),(82,147,31,0),(83,148,32,1),(84,149,33,1),(85,150,33,0),(86,151,33,0),(87,152,33,0),(88,153,33,0),(89,154,34,1),(90,155,34,0),(91,156,34,0),(92,157,34,0),(93,158,35,1),(94,159,35,0),(95,160,36,1),(96,161,36,0),(97,162,36,0),(98,163,36,0),(99,164,37,1),(100,165,37,0),(101,166,37,0),(102,167,37,0),(103,168,37,0),(104,169,38,1),(105,170,38,0),(106,171,39,1),(107,172,39,0),(108,173,39,0),(109,174,39,0),(110,175,40,1),(111,176,40,0),(112,177,40,0),(113,178,40,0),(114,179,40,0),(115,180,41,1),(116,181,41,0),(117,182,41,0),(118,183,42,1),(119,184,42,0),(120,185,42,0),(121,186,43,1),(122,187,43,0),(123,188,43,0),(124,189,44,1),(125,190,44,0),(126,191,44,0),(127,192,44,0),(128,193,44,0),(129,194,45,1),(130,195,45,0),(131,196,46,1),(132,197,46,0),(133,198,46,0),(134,199,47,1),(135,200,47,0),(136,201,48,1),(137,202,48,0),(138,203,48,0),(139,204,49,1),(140,205,49,0),(141,206,50,1),(142,207,50,0),(143,208,50,0),(144,209,51,1),(145,210,51,0),(146,211,52,1),(147,212,53,1),(148,213,53,0),(149,214,54,1),(150,215,54,0),(151,216,54,0),(152,217,55,1),(153,218,55,0),(154,219,55,0),(155,220,55,0),(156,221,55,0),(157,222,56,1),(158,223,56,0),(159,224,56,0),(160,225,56,0),(161,226,56,0),(162,227,57,1),(163,228,57,0),(164,229,57,0),(165,230,57,0),(166,231,58,1),(167,232,58,0),(168,233,59,1),(169,234,59,0),(170,235,59,0),(171,236,60,1),(172,237,60,0),(173,238,60,0),(174,239,61,1),(175,240,62,1),(176,241,62,0),(177,242,63,1),(178,243,63,0),(179,244,63,0),(180,245,64,1),(181,246,64,0),(182,247,65,1),(183,248,65,0);
/*!40000 ALTER TABLE `ec_product_variations` ENABLE KEYS */;
UNLOCK TABLES;

--
-- Table structure for table `ec_product_views`
--

DROP TABLE IF EXISTS `ec_product_views`;
/*!40101 SET @saved_cs_client     = @@character_set_client */;
/*!50503 SET character_set_client = utf8mb4 */;
CREATE TABLE `ec_product_views` (
  `id` bigint unsigned NOT NULL AUTO_INCREMENT,
  `product_id` bigint unsigned NOT NULL,
  `views` int NOT NULL DEFAULT '1',
  `date` date NOT NULL DEFAULT '2023-05-29',
  PRIMARY KEY (`id`),
  UNIQUE KEY `ec_product_views_product_id_date_unique` (`product_id`,`date`),
  KEY `ec_product_views_product_id_index` (`product_id`)
) ENGINE=InnoDB DEFAULT CHARSET=utf8mb4 COLLATE=utf8mb4_unicode_ci;
/*!40101 SET character_set_client = @saved_cs_client */;

--
-- Dumping data for table `ec_product_views`
--

LOCK TABLES `ec_product_views` WRITE;
/*!40000 ALTER TABLE `ec_product_views` DISABLE KEYS */;
/*!40000 ALTER TABLE `ec_product_views` ENABLE KEYS */;
UNLOCK TABLES;

--
-- Table structure for table `ec_product_with_attribute_set`
--

DROP TABLE IF EXISTS `ec_product_with_attribute_set`;
/*!40101 SET @saved_cs_client     = @@character_set_client */;
/*!50503 SET character_set_client = utf8mb4 */;
CREATE TABLE `ec_product_with_attribute_set` (
  `attribute_set_id` bigint unsigned NOT NULL,
  `product_id` bigint unsigned NOT NULL,
  `order` tinyint unsigned NOT NULL DEFAULT '0',
  PRIMARY KEY (`product_id`,`attribute_set_id`)
) ENGINE=InnoDB DEFAULT CHARSET=utf8mb4 COLLATE=utf8mb4_unicode_ci;
/*!40101 SET character_set_client = @saved_cs_client */;

--
-- Dumping data for table `ec_product_with_attribute_set`
--

LOCK TABLES `ec_product_with_attribute_set` WRITE;
/*!40000 ALTER TABLE `ec_product_with_attribute_set` DISABLE KEYS */;
INSERT INTO `ec_product_with_attribute_set` VALUES (1,1,0),(2,1,0),(1,2,0),(2,2,0),(1,3,0),(2,3,0),(1,4,0),(2,4,0),(1,5,0),(2,5,0),(1,6,0),(2,6,0),(1,7,0),(2,7,0),(1,8,0),(2,8,0),(1,9,0),(2,9,0),(1,10,0),(2,10,0),(1,11,0),(2,11,0),(1,12,0),(2,12,0),(1,13,0),(2,13,0),(1,14,0),(2,14,0),(1,15,0),(2,15,0),(1,16,0),(2,16,0),(1,17,0),(2,17,0),(1,18,0),(2,18,0),(1,19,0),(2,19,0),(1,20,0),(2,20,0),(1,21,0),(2,21,0),(1,22,0),(2,22,0),(1,23,0),(2,23,0),(3,24,0),(4,24,0),(3,25,0),(4,25,0),(3,26,0),(4,26,0),(3,27,0),(4,27,0),(3,28,0),(4,28,0),(3,29,0),(4,29,0),(3,30,0),(4,30,0),(3,31,0),(4,31,0),(3,32,0),(4,32,0),(3,33,0),(4,33,0),(3,34,0),(4,34,0),(3,35,0),(4,35,0),(3,36,0),(4,36,0),(3,37,0),(4,37,0),(3,38,0),(4,38,0),(3,39,0),(4,39,0),(3,40,0),(4,40,0),(3,41,0),(4,41,0),(3,42,0),(4,42,0),(3,43,0),(4,43,0),(3,44,0),(4,44,0),(3,45,0),(4,45,0),(3,46,0),(4,46,0),(3,47,0),(4,47,0),(3,48,0),(4,48,0),(3,49,0),(4,49,0),(3,50,0),(4,50,0),(3,51,0),(4,51,0),(3,52,0),(4,52,0),(3,53,0),(4,53,0),(3,54,0),(4,54,0),(3,55,0),(4,55,0),(3,56,0),(4,56,0),(3,57,0),(4,57,0),(3,58,0),(4,58,0),(3,59,0),(4,59,0),(3,60,0),(4,60,0),(3,61,0),(4,61,0),(3,62,0),(4,62,0),(3,63,0),(4,63,0),(3,64,0),(4,64,0),(3,65,0),(4,65,0);
/*!40000 ALTER TABLE `ec_product_with_attribute_set` ENABLE KEYS */;
UNLOCK TABLES;

--
-- Table structure for table `ec_products`
--

DROP TABLE IF EXISTS `ec_products`;
/*!40101 SET @saved_cs_client     = @@character_set_client */;
/*!50503 SET character_set_client = utf8mb4 */;
CREATE TABLE `ec_products` (
  `id` bigint unsigned NOT NULL AUTO_INCREMENT,
  `name` varchar(191) COLLATE utf8mb4_unicode_ci NOT NULL,
  `description` text COLLATE utf8mb4_unicode_ci,
  `content` longtext COLLATE utf8mb4_unicode_ci,
  `status` varchar(60) COLLATE utf8mb4_unicode_ci NOT NULL DEFAULT 'published',
  `images` text COLLATE utf8mb4_unicode_ci,
  `sku` varchar(191) COLLATE utf8mb4_unicode_ci DEFAULT NULL,
  `order` int unsigned NOT NULL DEFAULT '0',
  `quantity` int unsigned DEFAULT NULL,
  `allow_checkout_when_out_of_stock` tinyint unsigned NOT NULL DEFAULT '0',
  `with_storehouse_management` tinyint unsigned NOT NULL DEFAULT '0',
  `is_featured` tinyint unsigned NOT NULL DEFAULT '0',
  `brand_id` bigint unsigned DEFAULT NULL,
  `is_variation` tinyint NOT NULL DEFAULT '0',
  `sale_type` tinyint NOT NULL DEFAULT '0',
  `price` double unsigned DEFAULT NULL,
  `sale_price` double unsigned DEFAULT NULL,
  `start_date` timestamp NULL DEFAULT NULL,
  `end_date` timestamp NULL DEFAULT NULL,
  `length` double(8,2) DEFAULT NULL,
  `wide` double(8,2) DEFAULT NULL,
  `height` double(8,2) DEFAULT NULL,
  `weight` double(8,2) DEFAULT NULL,
  `tax_id` bigint unsigned DEFAULT NULL,
  `views` bigint NOT NULL DEFAULT '0',
  `created_at` timestamp NULL DEFAULT NULL,
  `updated_at` timestamp NULL DEFAULT NULL,
  `stock_status` varchar(191) COLLATE utf8mb4_unicode_ci DEFAULT 'in_stock',
  `created_by_id` bigint unsigned DEFAULT '0',
  `created_by_type` varchar(255) COLLATE utf8mb4_unicode_ci NOT NULL DEFAULT 'Botble\\ACL\\Models\\User',
  `image` varchar(255) COLLATE utf8mb4_unicode_ci DEFAULT NULL,
  `product_type` varchar(60) COLLATE utf8mb4_unicode_ci DEFAULT 'physical',
  `barcode` varchar(50) COLLATE utf8mb4_unicode_ci DEFAULT NULL,
  `cost_per_item` double DEFAULT NULL,
  `store_id` bigint unsigned DEFAULT NULL,
  `approved_by` bigint unsigned DEFAULT '0',
  PRIMARY KEY (`id`),
  UNIQUE KEY `ec_products_barcode_unique` (`barcode`),
  KEY `ec_products_brand_id_status_is_variation_created_at_index` (`brand_id`,`status`,`is_variation`,`created_at`),
  KEY `ec_products_sale_type_index` (`sale_type`),
  KEY `ec_products_start_date_index` (`start_date`),
  KEY `ec_products_end_date_index` (`end_date`),
  KEY `ec_products_sale_price_index` (`sale_price`),
  KEY `ec_products_is_variation_index` (`is_variation`)
) ENGINE=InnoDB AUTO_INCREMENT=249 DEFAULT CHARSET=utf8mb4 COLLATE=utf8mb4_unicode_ci;
/*!40101 SET character_set_client = @saved_cs_client */;

--
-- Dumping data for table `ec_products`
--

LOCK TABLES `ec_products` WRITE;
/*!40000 ALTER TABLE `ec_products` DISABLE KEYS */;
INSERT INTO `ec_products` VALUES (1,'Dual Camera 20MP (Digital)','<ul><li> Unrestrained and portable active stereo speaker</li>\n            <li> Free from the confines of wires and chords</li>\n            <li> 20 hours of portable capabilities</li>\n            <li> Double-ended Coil Cord with 3.5mm Stereo Plugs Included</li>\n            <li> 3/4″ Dome Tweeters: 2X and 4″ Woofer: 1X</li></ul>','<p>Short Hooded Coat features a straight body, large pockets with button flaps, ventilation air holes, and a string detail along the hemline. The style is completed with a drawstring hood, featuring Rains’ signature built-in cap. Made from waterproof, matte PU, this lightweight unisex rain jacket is an ode to nostalgia through its classic silhouette and utilitarian design details.</p>\n                                <p>- Casual unisex fit</p>\n\n                                <p>- 64% polyester, 36% polyurethane</p>\n\n                                <p>- Water column pressure: 4000 mm</p>\n\n                                <p>- Model is 187cm tall and wearing a size S / M</p>\n\n                                <p>- Unisex fit</p>\n\n                                <p>- Drawstring hood with built-in cap</p>\n\n                                <p>- Front placket with snap buttons</p>\n\n                                <p>- Ventilation under armpit</p>\n\n                                <p>- Adjustable cuffs</p>\n\n                                <p>- Double welted front pockets</p>\n\n                                <p>- Adjustable elastic string at hempen</p>\n\n                                <p>- Ultrasonically welded seams</p>\n\n                                <p>This is a unisex item, please check our clothing &amp; footwear sizing guide for specific Rains jacket sizing information. RAINS comes from the rainy nation of Denmark at the edge of the European continent, close to the ocean and with prevailing westerly winds; all factors that contribute to an average of 121 rain days each year. Arising from these rainy weather conditions comes the attitude that a quick rain shower may be beautiful, as well as moody- but first and foremost requires the right outfit. Rains focus on the whole experience of going outside on rainy days, issuing an invitation to explore even in the most mercurial weather.</p>','published','[\"products\\/1.jpg\"]','SW-185-A0',0,16,0,1,1,1,0,0,80.25,NULL,NULL,NULL,17.00,10.00,13.00,852.00,NULL,82790,'2023-05-28 21:29:55','2023-05-28 21:30:04','in_stock',0,'Botble\\ACL\\Models\\User',NULL,'digital',NULL,NULL,7,0),(2,'Smart Watches','<ul><li> Unrestrained and portable active stereo speaker</li>\n            <li> Free from the confines of wires and chords</li>\n            <li> 20 hours of portable capabilities</li>\n            <li> Double-ended Coil Cord with 3.5mm Stereo Plugs Included</li>\n            <li> 3/4″ Dome Tweeters: 2X and 4″ Woofer: 1X</li></ul>','<p>Short Hooded Coat features a straight body, large pockets with button flaps, ventilation air holes, and a string detail along the hemline. The style is completed with a drawstring hood, featuring Rains’ signature built-in cap. Made from waterproof, matte PU, this lightweight unisex rain jacket is an ode to nostalgia through its classic silhouette and utilitarian design details.</p>\n                                <p>- Casual unisex fit</p>\n\n                                <p>- 64% polyester, 36% polyurethane</p>\n\n                                <p>- Water column pressure: 4000 mm</p>\n\n                                <p>- Model is 187cm tall and wearing a size S / M</p>\n\n                                <p>- Unisex fit</p>\n\n                                <p>- Drawstring hood with built-in cap</p>\n\n                                <p>- Front placket with snap buttons</p>\n\n                                <p>- Ventilation under armpit</p>\n\n                                <p>- Adjustable cuffs</p>\n\n                                <p>- Double welted front pockets</p>\n\n                                <p>- Adjustable elastic string at hempen</p>\n\n                                <p>- Ultrasonically welded seams</p>\n\n                                <p>This is a unisex item, please check our clothing &amp; footwear sizing guide for specific Rains jacket sizing information. RAINS comes from the rainy nation of Denmark at the edge of the European continent, close to the ocean and with prevailing westerly winds; all factors that contribute to an average of 121 rain days each year. Arising from these rainy weather conditions comes the attitude that a quick rain shower may be beautiful, as well as moody- but first and foremost requires the right outfit. Rains focus on the whole experience of going outside on rainy days, issuing an invitation to explore even in the most mercurial weather.</p>','published','[\"products\\/2.jpg\",\"products\\/2-1.jpg\",\"products\\/2-2.jpg\",\"products\\/2-3.jpg\"]','SW-149-A0',0,12,0,1,1,5,0,0,40.5,NULL,NULL,NULL,19.00,16.00,11.00,640.00,NULL,67346,'2023-05-28 21:29:55','2023-05-28 21:30:04','in_stock',0,'Botble\\ACL\\Models\\User',NULL,'physical',NULL,NULL,5,0),(3,'Beat Headphone','<ul><li> Unrestrained and portable active stereo speaker</li>\n            <li> Free from the confines of wires and chords</li>\n            <li> 20 hours of portable capabilities</li>\n            <li> Double-ended Coil Cord with 3.5mm Stereo Plugs Included</li>\n            <li> 3/4″ Dome Tweeters: 2X and 4″ Woofer: 1X</li></ul>','<p>Short Hooded Coat features a straight body, large pockets with button flaps, ventilation air holes, and a string detail along the hemline. The style is completed with a drawstring hood, featuring Rains’ signature built-in cap. Made from waterproof, matte PU, this lightweight unisex rain jacket is an ode to nostalgia through its classic silhouette and utilitarian design details.</p>\n                                <p>- Casual unisex fit</p>\n\n                                <p>- 64% polyester, 36% polyurethane</p>\n\n                                <p>- Water column pressure: 4000 mm</p>\n\n                                <p>- Model is 187cm tall and wearing a size S / M</p>\n\n                                <p>- Unisex fit</p>\n\n                                <p>- Drawstring hood with built-in cap</p>\n\n                                <p>- Front placket with snap buttons</p>\n\n                                <p>- Ventilation under armpit</p>\n\n                                <p>- Adjustable cuffs</p>\n\n                                <p>- Double welted front pockets</p>\n\n                                <p>- Adjustable elastic string at hempen</p>\n\n                                <p>- Ultrasonically welded seams</p>\n\n                                <p>This is a unisex item, please check our clothing &amp; footwear sizing guide for specific Rains jacket sizing information. RAINS comes from the rainy nation of Denmark at the edge of the European continent, close to the ocean and with prevailing westerly winds; all factors that contribute to an average of 121 rain days each year. Arising from these rainy weather conditions comes the attitude that a quick rain shower may be beautiful, as well as moody- but first and foremost requires the right outfit. Rains focus on the whole experience of going outside on rainy days, issuing an invitation to explore even in the most mercurial weather.</p>','published','[\"products\\/3.jpg\"]','SW-175-A0',0,20,0,1,1,5,0,0,20,NULL,NULL,NULL,12.00,16.00,20.00,718.00,NULL,148133,'2023-05-28 21:29:55','2023-05-28 21:30:04','in_stock',0,'Botble\\ACL\\Models\\User',NULL,'physical',NULL,NULL,2,0),(4,'Red &amp; Black Headphone','<ul><li> Unrestrained and portable active stereo speaker</li>\n            <li> Free from the confines of wires and chords</li>\n            <li> 20 hours of portable capabilities</li>\n            <li> Double-ended Coil Cord with 3.5mm Stereo Plugs Included</li>\n            <li> 3/4″ Dome Tweeters: 2X and 4″ Woofer: 1X</li></ul>','<p>Short Hooded Coat features a straight body, large pockets with button flaps, ventilation air holes, and a string detail along the hemline. The style is completed with a drawstring hood, featuring Rains’ signature built-in cap. Made from waterproof, matte PU, this lightweight unisex rain jacket is an ode to nostalgia through its classic silhouette and utilitarian design details.</p>\n                                <p>- Casual unisex fit</p>\n\n                                <p>- 64% polyester, 36% polyurethane</p>\n\n                                <p>- Water column pressure: 4000 mm</p>\n\n                                <p>- Model is 187cm tall and wearing a size S / M</p>\n\n                                <p>- Unisex fit</p>\n\n                                <p>- Drawstring hood with built-in cap</p>\n\n                                <p>- Front placket with snap buttons</p>\n\n                                <p>- Ventilation under armpit</p>\n\n                                <p>- Adjustable cuffs</p>\n\n                                <p>- Double welted front pockets</p>\n\n                                <p>- Adjustable elastic string at hempen</p>\n\n                                <p>- Ultrasonically welded seams</p>\n\n                                <p>This is a unisex item, please check our clothing &amp; footwear sizing guide for specific Rains jacket sizing information. RAINS comes from the rainy nation of Denmark at the edge of the European continent, close to the ocean and with prevailing westerly winds; all factors that contribute to an average of 121 rain days each year. Arising from these rainy weather conditions comes the attitude that a quick rain shower may be beautiful, as well as moody- but first and foremost requires the right outfit. Rains focus on the whole experience of going outside on rainy days, issuing an invitation to explore even in the most mercurial weather.</p>','published','[\"products\\/4.jpg\",\"products\\/4-1.jpg\",\"products\\/4-2.jpg\",\"products\\/4-3.jpg\"]','SW-160-A0',0,18,0,1,1,4,0,0,600,504,NULL,NULL,11.00,17.00,16.00,744.00,NULL,74999,'2023-05-28 21:29:55','2023-05-28 21:30:04','in_stock',0,'Botble\\ACL\\Models\\User',NULL,'physical',NULL,NULL,8,0),(5,'Smart Watch External (Digital)','<ul><li> Unrestrained and portable active stereo speaker</li>\n            <li> Free from the confines of wires and chords</li>\n            <li> 20 hours of portable capabilities</li>\n            <li> Double-ended Coil Cord with 3.5mm Stereo Plugs Included</li>\n            <li> 3/4″ Dome Tweeters: 2X and 4″ Woofer: 1X</li></ul>','<p>Short Hooded Coat features a straight body, large pockets with button flaps, ventilation air holes, and a string detail along the hemline. The style is completed with a drawstring hood, featuring Rains’ signature built-in cap. Made from waterproof, matte PU, this lightweight unisex rain jacket is an ode to nostalgia through its classic silhouette and utilitarian design details.</p>\n                                <p>- Casual unisex fit</p>\n\n                                <p>- 64% polyester, 36% polyurethane</p>\n\n                                <p>- Water column pressure: 4000 mm</p>\n\n                                <p>- Model is 187cm tall and wearing a size S / M</p>\n\n                                <p>- Unisex fit</p>\n\n                                <p>- Drawstring hood with built-in cap</p>\n\n                                <p>- Front placket with snap buttons</p>\n\n                                <p>- Ventilation under armpit</p>\n\n                                <p>- Adjustable cuffs</p>\n\n                                <p>- Double welted front pockets</p>\n\n                                <p>- Adjustable elastic string at hempen</p>\n\n                                <p>- Ultrasonically welded seams</p>\n\n                                <p>This is a unisex item, please check our clothing &amp; footwear sizing guide for specific Rains jacket sizing information. RAINS comes from the rainy nation of Denmark at the edge of the European continent, close to the ocean and with prevailing westerly winds; all factors that contribute to an average of 121 rain days each year. Arising from these rainy weather conditions comes the attitude that a quick rain shower may be beautiful, as well as moody- but first and foremost requires the right outfit. Rains focus on the whole experience of going outside on rainy days, issuing an invitation to explore even in the most mercurial weather.</p>','published','[\"products\\/5.jpg\",\"products\\/5-1.jpg\",\"products\\/5-2.jpg\",\"products\\/5-3.jpg\"]','SW-116-A0',0,17,0,1,1,4,0,0,736,NULL,NULL,NULL,11.00,14.00,15.00,868.00,NULL,88245,'2023-05-28 21:29:55','2023-05-28 21:30:04','in_stock',0,'Botble\\ACL\\Models\\User',NULL,'digital',NULL,NULL,3,0),(6,'Nikon HD camera','<ul><li> Unrestrained and portable active stereo speaker</li>\n            <li> Free from the confines of wires and chords</li>\n            <li> 20 hours of portable capabilities</li>\n            <li> Double-ended Coil Cord with 3.5mm Stereo Plugs Included</li>\n            <li> 3/4″ Dome Tweeters: 2X and 4″ Woofer: 1X</li></ul>','<p>Short Hooded Coat features a straight body, large pockets with button flaps, ventilation air holes, and a string detail along the hemline. The style is completed with a drawstring hood, featuring Rains’ signature built-in cap. Made from waterproof, matte PU, this lightweight unisex rain jacket is an ode to nostalgia through its classic silhouette and utilitarian design details.</p>\n                                <p>- Casual unisex fit</p>\n\n                                <p>- 64% polyester, 36% polyurethane</p>\n\n                                <p>- Water column pressure: 4000 mm</p>\n\n                                <p>- Model is 187cm tall and wearing a size S / M</p>\n\n                                <p>- Unisex fit</p>\n\n                                <p>- Drawstring hood with built-in cap</p>\n\n                                <p>- Front placket with snap buttons</p>\n\n                                <p>- Ventilation under armpit</p>\n\n                                <p>- Adjustable cuffs</p>\n\n                                <p>- Double welted front pockets</p>\n\n                                <p>- Adjustable elastic string at hempen</p>\n\n                                <p>- Ultrasonically welded seams</p>\n\n                                <p>This is a unisex item, please check our clothing &amp; footwear sizing guide for specific Rains jacket sizing information. RAINS comes from the rainy nation of Denmark at the edge of the European continent, close to the ocean and with prevailing westerly winds; all factors that contribute to an average of 121 rain days each year. Arising from these rainy weather conditions comes the attitude that a quick rain shower may be beautiful, as well as moody- but first and foremost requires the right outfit. Rains focus on the whole experience of going outside on rainy days, issuing an invitation to explore even in the most mercurial weather.</p>','published','[\"products\\/6.jpg\"]','SW-200-A0',0,14,0,1,1,2,0,0,457,NULL,NULL,NULL,11.00,15.00,14.00,863.00,NULL,184861,'2023-05-28 21:29:55','2023-05-28 21:30:04','in_stock',0,'Botble\\ACL\\Models\\User',NULL,'physical',NULL,NULL,1,0),(7,'Audio Equipment','<ul><li> Unrestrained and portable active stereo speaker</li>\n            <li> Free from the confines of wires and chords</li>\n            <li> 20 hours of portable capabilities</li>\n            <li> Double-ended Coil Cord with 3.5mm Stereo Plugs Included</li>\n            <li> 3/4″ Dome Tweeters: 2X and 4″ Woofer: 1X</li></ul>','<p>Short Hooded Coat features a straight body, large pockets with button flaps, ventilation air holes, and a string detail along the hemline. The style is completed with a drawstring hood, featuring Rains’ signature built-in cap. Made from waterproof, matte PU, this lightweight unisex rain jacket is an ode to nostalgia through its classic silhouette and utilitarian design details.</p>\n                                <p>- Casual unisex fit</p>\n\n                                <p>- 64% polyester, 36% polyurethane</p>\n\n                                <p>- Water column pressure: 4000 mm</p>\n\n                                <p>- Model is 187cm tall and wearing a size S / M</p>\n\n                                <p>- Unisex fit</p>\n\n                                <p>- Drawstring hood with built-in cap</p>\n\n                                <p>- Front placket with snap buttons</p>\n\n                                <p>- Ventilation under armpit</p>\n\n                                <p>- Adjustable cuffs</p>\n\n                                <p>- Double welted front pockets</p>\n\n                                <p>- Adjustable elastic string at hempen</p>\n\n                                <p>- Ultrasonically welded seams</p>\n\n                                <p>This is a unisex item, please check our clothing &amp; footwear sizing guide for specific Rains jacket sizing information. RAINS comes from the rainy nation of Denmark at the edge of the European continent, close to the ocean and with prevailing westerly winds; all factors that contribute to an average of 121 rain days each year. Arising from these rainy weather conditions comes the attitude that a quick rain shower may be beautiful, as well as moody- but first and foremost requires the right outfit. Rains focus on the whole experience of going outside on rainy days, issuing an invitation to explore even in the most mercurial weather.</p>','published','[\"products\\/7.jpg\"]','SW-112-A0',0,11,0,1,1,2,0,0,539,NULL,NULL,NULL,13.00,12.00,13.00,669.00,NULL,119137,'2023-05-28 21:29:55','2023-05-28 21:30:04','in_stock',0,'Botble\\ACL\\Models\\User',NULL,'physical',NULL,NULL,3,0),(8,'Smart Televisions','<ul><li> Unrestrained and portable active stereo speaker</li>\n            <li> Free from the confines of wires and chords</li>\n            <li> 20 hours of portable capabilities</li>\n            <li> Double-ended Coil Cord with 3.5mm Stereo Plugs Included</li>\n            <li> 3/4″ Dome Tweeters: 2X and 4″ Woofer: 1X</li></ul>','<p>Short Hooded Coat features a straight body, large pockets with button flaps, ventilation air holes, and a string detail along the hemline. The style is completed with a drawstring hood, featuring Rains’ signature built-in cap. Made from waterproof, matte PU, this lightweight unisex rain jacket is an ode to nostalgia through its classic silhouette and utilitarian design details.</p>\n                                <p>- Casual unisex fit</p>\n\n                                <p>- 64% polyester, 36% polyurethane</p>\n\n                                <p>- Water column pressure: 4000 mm</p>\n\n                                <p>- Model is 187cm tall and wearing a size S / M</p>\n\n                                <p>- Unisex fit</p>\n\n                                <p>- Drawstring hood with built-in cap</p>\n\n                                <p>- Front placket with snap buttons</p>\n\n                                <p>- Ventilation under armpit</p>\n\n                                <p>- Adjustable cuffs</p>\n\n                                <p>- Double welted front pockets</p>\n\n                                <p>- Adjustable elastic string at hempen</p>\n\n                                <p>- Ultrasonically welded seams</p>\n\n                                <p>This is a unisex item, please check our clothing &amp; footwear sizing guide for specific Rains jacket sizing information. RAINS comes from the rainy nation of Denmark at the edge of the European continent, close to the ocean and with prevailing westerly winds; all factors that contribute to an average of 121 rain days each year. Arising from these rainy weather conditions comes the attitude that a quick rain shower may be beautiful, as well as moody- but first and foremost requires the right outfit. Rains focus on the whole experience of going outside on rainy days, issuing an invitation to explore even in the most mercurial weather.</p>','published','[\"products\\/8.jpg\",\"products\\/8-1.jpg\",\"products\\/8-2.jpg\",\"products\\/8-3.jpg\"]','SW-129-A0',0,14,0,1,1,3,0,0,1211,1089.9,NULL,NULL,15.00,10.00,16.00,845.00,NULL,97918,'2023-05-28 21:29:55','2023-05-28 21:30:04','in_stock',0,'Botble\\ACL\\Models\\User',NULL,'physical',NULL,NULL,4,0),(9,'Samsung Smart Phone (Digital)','<ul><li> Unrestrained and portable active stereo speaker</li>\n            <li> Free from the confines of wires and chords</li>\n            <li> 20 hours of portable capabilities</li>\n            <li> Double-ended Coil Cord with 3.5mm Stereo Plugs Included</li>\n            <li> 3/4″ Dome Tweeters: 2X and 4″ Woofer: 1X</li></ul>','<p>Short Hooded Coat features a straight body, large pockets with button flaps, ventilation air holes, and a string detail along the hemline. The style is completed with a drawstring hood, featuring Rains’ signature built-in cap. Made from waterproof, matte PU, this lightweight unisex rain jacket is an ode to nostalgia through its classic silhouette and utilitarian design details.</p>\n                                <p>- Casual unisex fit</p>\n\n                                <p>- 64% polyester, 36% polyurethane</p>\n\n                                <p>- Water column pressure: 4000 mm</p>\n\n                                <p>- Model is 187cm tall and wearing a size S / M</p>\n\n                                <p>- Unisex fit</p>\n\n                                <p>- Drawstring hood with built-in cap</p>\n\n                                <p>- Front placket with snap buttons</p>\n\n                                <p>- Ventilation under armpit</p>\n\n                                <p>- Adjustable cuffs</p>\n\n                                <p>- Double welted front pockets</p>\n\n                                <p>- Adjustable elastic string at hempen</p>\n\n                                <p>- Ultrasonically welded seams</p>\n\n                                <p>This is a unisex item, please check our clothing &amp; footwear sizing guide for specific Rains jacket sizing information. RAINS comes from the rainy nation of Denmark at the edge of the European continent, close to the ocean and with prevailing westerly winds; all factors that contribute to an average of 121 rain days each year. Arising from these rainy weather conditions comes the attitude that a quick rain shower may be beautiful, as well as moody- but first and foremost requires the right outfit. Rains focus on the whole experience of going outside on rainy days, issuing an invitation to explore even in the most mercurial weather.</p>','published','[\"products\\/9.jpg\",\"products\\/9-1.jpg\",\"products\\/9-2.jpg\"]','SW-160-A0',0,20,0,1,1,4,0,0,522,NULL,NULL,NULL,16.00,14.00,18.00,677.00,NULL,174464,'2023-05-28 21:29:55','2023-05-28 21:30:04','in_stock',0,'Botble\\ACL\\Models\\User',NULL,'digital',NULL,NULL,5,0),(10,'Herschel Leather Duffle Bag In Brown Color','<ul><li> Unrestrained and portable active stereo speaker</li>\n            <li> Free from the confines of wires and chords</li>\n            <li> 20 hours of portable capabilities</li>\n            <li> Double-ended Coil Cord with 3.5mm Stereo Plugs Included</li>\n            <li> 3/4″ Dome Tweeters: 2X and 4″ Woofer: 1X</li></ul>','<p>Short Hooded Coat features a straight body, large pockets with button flaps, ventilation air holes, and a string detail along the hemline. The style is completed with a drawstring hood, featuring Rains’ signature built-in cap. Made from waterproof, matte PU, this lightweight unisex rain jacket is an ode to nostalgia through its classic silhouette and utilitarian design details.</p>\n                                <p>- Casual unisex fit</p>\n\n                                <p>- 64% polyester, 36% polyurethane</p>\n\n                                <p>- Water column pressure: 4000 mm</p>\n\n                                <p>- Model is 187cm tall and wearing a size S / M</p>\n\n                                <p>- Unisex fit</p>\n\n                                <p>- Drawstring hood with built-in cap</p>\n\n                                <p>- Front placket with snap buttons</p>\n\n                                <p>- Ventilation under armpit</p>\n\n                                <p>- Adjustable cuffs</p>\n\n                                <p>- Double welted front pockets</p>\n\n                                <p>- Adjustable elastic string at hempen</p>\n\n                                <p>- Ultrasonically welded seams</p>\n\n                                <p>This is a unisex item, please check our clothing &amp; footwear sizing guide for specific Rains jacket sizing information. RAINS comes from the rainy nation of Denmark at the edge of the European continent, close to the ocean and with prevailing westerly winds; all factors that contribute to an average of 121 rain days each year. Arising from these rainy weather conditions comes the attitude that a quick rain shower may be beautiful, as well as moody- but first and foremost requires the right outfit. Rains focus on the whole experience of going outside on rainy days, issuing an invitation to explore even in the most mercurial weather.</p>','published','[\"products\\/10.jpg\",\"products\\/10-1.jpg\",\"products\\/10-2.jpg\"]','SW-147-A0',0,17,0,1,0,5,0,0,1126,NULL,NULL,NULL,11.00,17.00,17.00,565.00,NULL,44932,'2023-05-28 21:29:55','2023-05-28 21:30:04','in_stock',0,'Botble\\ACL\\Models\\User',NULL,'physical',NULL,NULL,5,0),(11,'Xbox One Wireless Controller Black Color','<ul><li> Unrestrained and portable active stereo speaker</li>\n            <li> Free from the confines of wires and chords</li>\n            <li> 20 hours of portable capabilities</li>\n            <li> Double-ended Coil Cord with 3.5mm Stereo Plugs Included</li>\n            <li> 3/4″ Dome Tweeters: 2X and 4″ Woofer: 1X</li></ul>','<p>Short Hooded Coat features a straight body, large pockets with button flaps, ventilation air holes, and a string detail along the hemline. The style is completed with a drawstring hood, featuring Rains’ signature built-in cap. Made from waterproof, matte PU, this lightweight unisex rain jacket is an ode to nostalgia through its classic silhouette and utilitarian design details.</p>\n                                <p>- Casual unisex fit</p>\n\n                                <p>- 64% polyester, 36% polyurethane</p>\n\n                                <p>- Water column pressure: 4000 mm</p>\n\n                                <p>- Model is 187cm tall and wearing a size S / M</p>\n\n                                <p>- Unisex fit</p>\n\n                                <p>- Drawstring hood with built-in cap</p>\n\n                                <p>- Front placket with snap buttons</p>\n\n                                <p>- Ventilation under armpit</p>\n\n                                <p>- Adjustable cuffs</p>\n\n                                <p>- Double welted front pockets</p>\n\n                                <p>- Adjustable elastic string at hempen</p>\n\n                                <p>- Ultrasonically welded seams</p>\n\n                                <p>This is a unisex item, please check our clothing &amp; footwear sizing guide for specific Rains jacket sizing information. RAINS comes from the rainy nation of Denmark at the edge of the European continent, close to the ocean and with prevailing westerly winds; all factors that contribute to an average of 121 rain days each year. Arising from these rainy weather conditions comes the attitude that a quick rain shower may be beautiful, as well as moody- but first and foremost requires the right outfit. Rains focus on the whole experience of going outside on rainy days, issuing an invitation to explore even in the most mercurial weather.</p>','published','[\"products\\/11.jpg\",\"products\\/11-1.jpg\",\"products\\/11-2.jpg\",\"products\\/11-3.jpg\"]','SW-174-A0',0,18,0,1,0,3,0,0,1281,NULL,NULL,NULL,16.00,14.00,14.00,568.00,NULL,24695,'2023-05-28 21:29:55','2023-05-28 21:30:04','in_stock',0,'Botble\\ACL\\Models\\User',NULL,'physical',NULL,NULL,1,0),(12,'EPSION Plaster Printer','<ul><li> Unrestrained and portable active stereo speaker</li>\n            <li> Free from the confines of wires and chords</li>\n            <li> 20 hours of portable capabilities</li>\n            <li> Double-ended Coil Cord with 3.5mm Stereo Plugs Included</li>\n            <li> 3/4″ Dome Tweeters: 2X and 4″ Woofer: 1X</li></ul>','<p>Short Hooded Coat features a straight body, large pockets with button flaps, ventilation air holes, and a string detail along the hemline. The style is completed with a drawstring hood, featuring Rains’ signature built-in cap. Made from waterproof, matte PU, this lightweight unisex rain jacket is an ode to nostalgia through its classic silhouette and utilitarian design details.</p>\n                                <p>- Casual unisex fit</p>\n\n                                <p>- 64% polyester, 36% polyurethane</p>\n\n                                <p>- Water column pressure: 4000 mm</p>\n\n                                <p>- Model is 187cm tall and wearing a size S / M</p>\n\n                                <p>- Unisex fit</p>\n\n                                <p>- Drawstring hood with built-in cap</p>\n\n                                <p>- Front placket with snap buttons</p>\n\n                                <p>- Ventilation under armpit</p>\n\n                                <p>- Adjustable cuffs</p>\n\n                                <p>- Double welted front pockets</p>\n\n                                <p>- Adjustable elastic string at hempen</p>\n\n                                <p>- Ultrasonically welded seams</p>\n\n                                <p>This is a unisex item, please check our clothing &amp; footwear sizing guide for specific Rains jacket sizing information. RAINS comes from the rainy nation of Denmark at the edge of the European continent, close to the ocean and with prevailing westerly winds; all factors that contribute to an average of 121 rain days each year. Arising from these rainy weather conditions comes the attitude that a quick rain shower may be beautiful, as well as moody- but first and foremost requires the right outfit. Rains focus on the whole experience of going outside on rainy days, issuing an invitation to explore even in the most mercurial weather.</p>','published','[\"products\\/12.jpg\",\"products\\/12-1.jpg\",\"products\\/12-2.jpg\",\"products\\/12-3.jpg\"]','SW-142-A0',0,20,0,1,0,4,0,0,591,525.99,NULL,NULL,16.00,13.00,17.00,636.00,NULL,105545,'2023-05-28 21:29:55','2023-05-28 21:30:04','in_stock',0,'Botble\\ACL\\Models\\User',NULL,'physical',NULL,NULL,4,0),(13,'Sound Intone I65 Earphone White Version (Digital)','<ul><li> Unrestrained and portable active stereo speaker</li>\n            <li> Free from the confines of wires and chords</li>\n            <li> 20 hours of portable capabilities</li>\n            <li> Double-ended Coil Cord with 3.5mm Stereo Plugs Included</li>\n            <li> 3/4″ Dome Tweeters: 2X and 4″ Woofer: 1X</li></ul>','<p>Short Hooded Coat features a straight body, large pockets with button flaps, ventilation air holes, and a string detail along the hemline. The style is completed with a drawstring hood, featuring Rains’ signature built-in cap. Made from waterproof, matte PU, this lightweight unisex rain jacket is an ode to nostalgia through its classic silhouette and utilitarian design details.</p>\n                                <p>- Casual unisex fit</p>\n\n                                <p>- 64% polyester, 36% polyurethane</p>\n\n                                <p>- Water column pressure: 4000 mm</p>\n\n                                <p>- Model is 187cm tall and wearing a size S / M</p>\n\n                                <p>- Unisex fit</p>\n\n                                <p>- Drawstring hood with built-in cap</p>\n\n                                <p>- Front placket with snap buttons</p>\n\n                                <p>- Ventilation under armpit</p>\n\n                                <p>- Adjustable cuffs</p>\n\n                                <p>- Double welted front pockets</p>\n\n                                <p>- Adjustable elastic string at hempen</p>\n\n                                <p>- Ultrasonically welded seams</p>\n\n                                <p>This is a unisex item, please check our clothing &amp; footwear sizing guide for specific Rains jacket sizing information. RAINS comes from the rainy nation of Denmark at the edge of the European continent, close to the ocean and with prevailing westerly winds; all factors that contribute to an average of 121 rain days each year. Arising from these rainy weather conditions comes the attitude that a quick rain shower may be beautiful, as well as moody- but first and foremost requires the right outfit. Rains focus on the whole experience of going outside on rainy days, issuing an invitation to explore even in the most mercurial weather.</p>','published','[\"products\\/13.jpg\",\"products\\/13-1.jpg\"]','SW-102-A0',0,20,0,1,0,1,0,0,553,NULL,NULL,NULL,17.00,14.00,15.00,888.00,NULL,129906,'2023-05-28 21:29:55','2023-05-28 21:30:04','in_stock',0,'Botble\\ACL\\Models\\User',NULL,'digital',NULL,NULL,4,0),(14,'B&amp;O Play Mini Bluetooth Speaker','<ul><li> Unrestrained and portable active stereo speaker</li>\n            <li> Free from the confines of wires and chords</li>\n            <li> 20 hours of portable capabilities</li>\n            <li> Double-ended Coil Cord with 3.5mm Stereo Plugs Included</li>\n            <li> 3/4″ Dome Tweeters: 2X and 4″ Woofer: 1X</li></ul>','<p>Short Hooded Coat features a straight body, large pockets with button flaps, ventilation air holes, and a string detail along the hemline. The style is completed with a drawstring hood, featuring Rains’ signature built-in cap. Made from waterproof, matte PU, this lightweight unisex rain jacket is an ode to nostalgia through its classic silhouette and utilitarian design details.</p>\n                                <p>- Casual unisex fit</p>\n\n                                <p>- 64% polyester, 36% polyurethane</p>\n\n                                <p>- Water column pressure: 4000 mm</p>\n\n                                <p>- Model is 187cm tall and wearing a size S / M</p>\n\n                                <p>- Unisex fit</p>\n\n                                <p>- Drawstring hood with built-in cap</p>\n\n                                <p>- Front placket with snap buttons</p>\n\n                                <p>- Ventilation under armpit</p>\n\n                                <p>- Adjustable cuffs</p>\n\n                                <p>- Double welted front pockets</p>\n\n                                <p>- Adjustable elastic string at hempen</p>\n\n                                <p>- Ultrasonically welded seams</p>\n\n                                <p>This is a unisex item, please check our clothing &amp; footwear sizing guide for specific Rains jacket sizing information. RAINS comes from the rainy nation of Denmark at the edge of the European continent, close to the ocean and with prevailing westerly winds; all factors that contribute to an average of 121 rain days each year. Arising from these rainy weather conditions comes the attitude that a quick rain shower may be beautiful, as well as moody- but first and foremost requires the right outfit. Rains focus on the whole experience of going outside on rainy days, issuing an invitation to explore even in the most mercurial weather.</p>','published','[\"products\\/14.jpg\"]','SW-147-A0',0,11,0,1,0,2,0,0,545,NULL,NULL,NULL,17.00,18.00,12.00,746.00,NULL,96871,'2023-05-28 21:29:55','2023-05-28 21:30:04','in_stock',0,'Botble\\ACL\\Models\\User',NULL,'physical',NULL,NULL,7,0),(15,'Apple MacBook Air Retina 13.3-Inch Laptop','<ul><li> Unrestrained and portable active stereo speaker</li>\n            <li> Free from the confines of wires and chords</li>\n            <li> 20 hours of portable capabilities</li>\n            <li> Double-ended Coil Cord with 3.5mm Stereo Plugs Included</li>\n            <li> 3/4″ Dome Tweeters: 2X and 4″ Woofer: 1X</li></ul>','<p>Short Hooded Coat features a straight body, large pockets with button flaps, ventilation air holes, and a string detail along the hemline. The style is completed with a drawstring hood, featuring Rains’ signature built-in cap. Made from waterproof, matte PU, this lightweight unisex rain jacket is an ode to nostalgia through its classic silhouette and utilitarian design details.</p>\n                                <p>- Casual unisex fit</p>\n\n                                <p>- 64% polyester, 36% polyurethane</p>\n\n                                <p>- Water column pressure: 4000 mm</p>\n\n                                <p>- Model is 187cm tall and wearing a size S / M</p>\n\n                                <p>- Unisex fit</p>\n\n                                <p>- Drawstring hood with built-in cap</p>\n\n                                <p>- Front placket with snap buttons</p>\n\n                                <p>- Ventilation under armpit</p>\n\n                                <p>- Adjustable cuffs</p>\n\n                                <p>- Double welted front pockets</p>\n\n                                <p>- Adjustable elastic string at hempen</p>\n\n                                <p>- Ultrasonically welded seams</p>\n\n                                <p>This is a unisex item, please check our clothing &amp; footwear sizing guide for specific Rains jacket sizing information. RAINS comes from the rainy nation of Denmark at the edge of the European continent, close to the ocean and with prevailing westerly winds; all factors that contribute to an average of 121 rain days each year. Arising from these rainy weather conditions comes the attitude that a quick rain shower may be beautiful, as well as moody- but first and foremost requires the right outfit. Rains focus on the whole experience of going outside on rainy days, issuing an invitation to explore even in the most mercurial weather.</p>','published','[\"products\\/15.jpg\",\"products\\/15-1.jpg\"]','SW-104-A0',0,17,0,1,0,5,0,0,596,NULL,NULL,NULL,17.00,14.00,18.00,612.00,NULL,94027,'2023-05-28 21:29:55','2023-05-28 21:30:04','in_stock',0,'Botble\\ACL\\Models\\User',NULL,'physical',NULL,NULL,1,0),(16,'Apple MacBook Air Retina 12-Inch Laptop','<ul><li> Unrestrained and portable active stereo speaker</li>\n            <li> Free from the confines of wires and chords</li>\n            <li> 20 hours of portable capabilities</li>\n            <li> Double-ended Coil Cord with 3.5mm Stereo Plugs Included</li>\n            <li> 3/4″ Dome Tweeters: 2X and 4″ Woofer: 1X</li></ul>','<p>Short Hooded Coat features a straight body, large pockets with button flaps, ventilation air holes, and a string detail along the hemline. The style is completed with a drawstring hood, featuring Rains’ signature built-in cap. Made from waterproof, matte PU, this lightweight unisex rain jacket is an ode to nostalgia through its classic silhouette and utilitarian design details.</p>\n                                <p>- Casual unisex fit</p>\n\n                                <p>- 64% polyester, 36% polyurethane</p>\n\n                                <p>- Water column pressure: 4000 mm</p>\n\n                                <p>- Model is 187cm tall and wearing a size S / M</p>\n\n                                <p>- Unisex fit</p>\n\n                                <p>- Drawstring hood with built-in cap</p>\n\n                                <p>- Front placket with snap buttons</p>\n\n                                <p>- Ventilation under armpit</p>\n\n                                <p>- Adjustable cuffs</p>\n\n                                <p>- Double welted front pockets</p>\n\n                                <p>- Adjustable elastic string at hempen</p>\n\n                                <p>- Ultrasonically welded seams</p>\n\n                                <p>This is a unisex item, please check our clothing &amp; footwear sizing guide for specific Rains jacket sizing information. RAINS comes from the rainy nation of Denmark at the edge of the European continent, close to the ocean and with prevailing westerly winds; all factors that contribute to an average of 121 rain days each year. Arising from these rainy weather conditions comes the attitude that a quick rain shower may be beautiful, as well as moody- but first and foremost requires the right outfit. Rains focus on the whole experience of going outside on rainy days, issuing an invitation to explore even in the most mercurial weather.</p>','published','[\"products\\/16.jpg\"]','SW-154-A0',0,19,0,1,0,4,0,0,541,438.21,NULL,NULL,20.00,19.00,20.00,590.00,NULL,55239,'2023-05-28 21:29:55','2023-05-28 21:30:04','in_stock',0,'Botble\\ACL\\Models\\User',NULL,'physical',NULL,NULL,2,0),(17,'Samsung Gear VR Virtual Reality Headset (Digital)','<ul><li> Unrestrained and portable active stereo speaker</li>\n            <li> Free from the confines of wires and chords</li>\n            <li> 20 hours of portable capabilities</li>\n            <li> Double-ended Coil Cord with 3.5mm Stereo Plugs Included</li>\n            <li> 3/4″ Dome Tweeters: 2X and 4″ Woofer: 1X</li></ul>','<p>Short Hooded Coat features a straight body, large pockets with button flaps, ventilation air holes, and a string detail along the hemline. The style is completed with a drawstring hood, featuring Rains’ signature built-in cap. Made from waterproof, matte PU, this lightweight unisex rain jacket is an ode to nostalgia through its classic silhouette and utilitarian design details.</p>\n                                <p>- Casual unisex fit</p>\n\n                                <p>- 64% polyester, 36% polyurethane</p>\n\n                                <p>- Water column pressure: 4000 mm</p>\n\n                                <p>- Model is 187cm tall and wearing a size S / M</p>\n\n                                <p>- Unisex fit</p>\n\n                                <p>- Drawstring hood with built-in cap</p>\n\n                                <p>- Front placket with snap buttons</p>\n\n                                <p>- Ventilation under armpit</p>\n\n                                <p>- Adjustable cuffs</p>\n\n                                <p>- Double welted front pockets</p>\n\n                                <p>- Adjustable elastic string at hempen</p>\n\n                                <p>- Ultrasonically welded seams</p>\n\n                                <p>This is a unisex item, please check our clothing &amp; footwear sizing guide for specific Rains jacket sizing information. RAINS comes from the rainy nation of Denmark at the edge of the European continent, close to the ocean and with prevailing westerly winds; all factors that contribute to an average of 121 rain days each year. Arising from these rainy weather conditions comes the attitude that a quick rain shower may be beautiful, as well as moody- but first and foremost requires the right outfit. Rains focus on the whole experience of going outside on rainy days, issuing an invitation to explore even in the most mercurial weather.</p>','published','[\"products\\/17.jpg\",\"products\\/17-1.jpg\",\"products\\/17-2.jpg\",\"products\\/17-3.jpg\"]','SW-150-A0',0,10,0,1,0,2,0,0,590,NULL,NULL,NULL,13.00,13.00,18.00,829.00,NULL,137147,'2023-05-28 21:29:55','2023-05-28 21:30:04','in_stock',0,'Botble\\ACL\\Models\\User',NULL,'digital',NULL,NULL,3,0),(18,'Aveeno Moisturizing Body Shower 450ml','<ul><li> Unrestrained and portable active stereo speaker</li>\n            <li> Free from the confines of wires and chords</li>\n            <li> 20 hours of portable capabilities</li>\n            <li> Double-ended Coil Cord with 3.5mm Stereo Plugs Included</li>\n            <li> 3/4″ Dome Tweeters: 2X and 4″ Woofer: 1X</li></ul>','<p>Short Hooded Coat features a straight body, large pockets with button flaps, ventilation air holes, and a string detail along the hemline. The style is completed with a drawstring hood, featuring Rains’ signature built-in cap. Made from waterproof, matte PU, this lightweight unisex rain jacket is an ode to nostalgia through its classic silhouette and utilitarian design details.</p>\n                                <p>- Casual unisex fit</p>\n\n                                <p>- 64% polyester, 36% polyurethane</p>\n\n                                <p>- Water column pressure: 4000 mm</p>\n\n                                <p>- Model is 187cm tall and wearing a size S / M</p>\n\n                                <p>- Unisex fit</p>\n\n                                <p>- Drawstring hood with built-in cap</p>\n\n                                <p>- Front placket with snap buttons</p>\n\n                                <p>- Ventilation under armpit</p>\n\n                                <p>- Adjustable cuffs</p>\n\n                                <p>- Double welted front pockets</p>\n\n                                <p>- Adjustable elastic string at hempen</p>\n\n                                <p>- Ultrasonically welded seams</p>\n\n                                <p>This is a unisex item, please check our clothing &amp; footwear sizing guide for specific Rains jacket sizing information. RAINS comes from the rainy nation of Denmark at the edge of the European continent, close to the ocean and with prevailing westerly winds; all factors that contribute to an average of 121 rain days each year. Arising from these rainy weather conditions comes the attitude that a quick rain shower may be beautiful, as well as moody- but first and foremost requires the right outfit. Rains focus on the whole experience of going outside on rainy days, issuing an invitation to explore even in the most mercurial weather.</p>','published','[\"products\\/18.jpg\",\"products\\/18-1.jpg\",\"products\\/18-2.jpg\",\"products\\/18-3.jpg\"]','SW-131-A0',0,11,0,1,0,4,0,0,1267,NULL,NULL,NULL,19.00,16.00,11.00,618.00,NULL,73456,'2023-05-28 21:29:55','2023-05-28 21:30:04','in_stock',0,'Botble\\ACL\\Models\\User',NULL,'physical',NULL,NULL,6,0),(19,'NYX Beauty Couton Pallete Makeup 12','<ul><li> Unrestrained and portable active stereo speaker</li>\n            <li> Free from the confines of wires and chords</li>\n            <li> 20 hours of portable capabilities</li>\n            <li> Double-ended Coil Cord with 3.5mm Stereo Plugs Included</li>\n            <li> 3/4″ Dome Tweeters: 2X and 4″ Woofer: 1X</li></ul>','<p>Short Hooded Coat features a straight body, large pockets with button flaps, ventilation air holes, and a string detail along the hemline. The style is completed with a drawstring hood, featuring Rains’ signature built-in cap. Made from waterproof, matte PU, this lightweight unisex rain jacket is an ode to nostalgia through its classic silhouette and utilitarian design details.</p>\n                                <p>- Casual unisex fit</p>\n\n                                <p>- 64% polyester, 36% polyurethane</p>\n\n                                <p>- Water column pressure: 4000 mm</p>\n\n                                <p>- Model is 187cm tall and wearing a size S / M</p>\n\n                                <p>- Unisex fit</p>\n\n                                <p>- Drawstring hood with built-in cap</p>\n\n                                <p>- Front placket with snap buttons</p>\n\n                                <p>- Ventilation under armpit</p>\n\n                                <p>- Adjustable cuffs</p>\n\n                                <p>- Double welted front pockets</p>\n\n                                <p>- Adjustable elastic string at hempen</p>\n\n                                <p>- Ultrasonically welded seams</p>\n\n                                <p>This is a unisex item, please check our clothing &amp; footwear sizing guide for specific Rains jacket sizing information. RAINS comes from the rainy nation of Denmark at the edge of the European continent, close to the ocean and with prevailing westerly winds; all factors that contribute to an average of 121 rain days each year. Arising from these rainy weather conditions comes the attitude that a quick rain shower may be beautiful, as well as moody- but first and foremost requires the right outfit. Rains focus on the whole experience of going outside on rainy days, issuing an invitation to explore even in the most mercurial weather.</p>','published','[\"products\\/19.jpg\",\"products\\/19-1.jpg\",\"products\\/19-2.jpg\",\"products\\/19-3.jpg\"]','SW-162-A0',0,20,0,1,0,1,0,0,1193,NULL,NULL,NULL,10.00,17.00,12.00,737.00,NULL,140142,'2023-05-28 21:29:55','2023-05-28 21:30:04','in_stock',0,'Botble\\ACL\\Models\\User',NULL,'physical',NULL,NULL,8,0),(20,'NYX Beauty Couton Pallete Makeup 12','<ul><li> Unrestrained and portable active stereo speaker</li>\n            <li> Free from the confines of wires and chords</li>\n            <li> 20 hours of portable capabilities</li>\n            <li> Double-ended Coil Cord with 3.5mm Stereo Plugs Included</li>\n            <li> 3/4″ Dome Tweeters: 2X and 4″ Woofer: 1X</li></ul>','<p>Short Hooded Coat features a straight body, large pockets with button flaps, ventilation air holes, and a string detail along the hemline. The style is completed with a drawstring hood, featuring Rains’ signature built-in cap. Made from waterproof, matte PU, this lightweight unisex rain jacket is an ode to nostalgia through its classic silhouette and utilitarian design details.</p>\n                                <p>- Casual unisex fit</p>\n\n                                <p>- 64% polyester, 36% polyurethane</p>\n\n                                <p>- Water column pressure: 4000 mm</p>\n\n                                <p>- Model is 187cm tall and wearing a size S / M</p>\n\n                                <p>- Unisex fit</p>\n\n                                <p>- Drawstring hood with built-in cap</p>\n\n                                <p>- Front placket with snap buttons</p>\n\n                                <p>- Ventilation under armpit</p>\n\n                                <p>- Adjustable cuffs</p>\n\n                                <p>- Double welted front pockets</p>\n\n                                <p>- Adjustable elastic string at hempen</p>\n\n                                <p>- Ultrasonically welded seams</p>\n\n                                <p>This is a unisex item, please check our clothing &amp; footwear sizing guide for specific Rains jacket sizing information. RAINS comes from the rainy nation of Denmark at the edge of the European continent, close to the ocean and with prevailing westerly winds; all factors that contribute to an average of 121 rain days each year. Arising from these rainy weather conditions comes the attitude that a quick rain shower may be beautiful, as well as moody- but first and foremost requires the right outfit. Rains focus on the whole experience of going outside on rainy days, issuing an invitation to explore even in the most mercurial weather.</p>','published','[\"products\\/20.jpg\",\"products\\/20-1.jpg\",\"products\\/20-2.jpg\",\"products\\/20-3.jpg\"]','SW-161-A0',0,16,0,1,0,5,0,0,785,690.8,NULL,NULL,14.00,13.00,13.00,660.00,NULL,187466,'2023-05-28 21:29:55','2023-05-28 21:30:04','in_stock',0,'Botble\\ACL\\Models\\User',NULL,'physical',NULL,NULL,2,0),(21,'MVMTH Classical Leather Watch In Black (Digital)','<ul><li> Unrestrained and portable active stereo speaker</li>\n            <li> Free from the confines of wires and chords</li>\n            <li> 20 hours of portable capabilities</li>\n            <li> Double-ended Coil Cord with 3.5mm Stereo Plugs Included</li>\n            <li> 3/4″ Dome Tweeters: 2X and 4″ Woofer: 1X</li></ul>','<p>Short Hooded Coat features a straight body, large pockets with button flaps, ventilation air holes, and a string detail along the hemline. The style is completed with a drawstring hood, featuring Rains’ signature built-in cap. Made from waterproof, matte PU, this lightweight unisex rain jacket is an ode to nostalgia through its classic silhouette and utilitarian design details.</p>\n                                <p>- Casual unisex fit</p>\n\n                                <p>- 64% polyester, 36% polyurethane</p>\n\n                                <p>- Water column pressure: 4000 mm</p>\n\n                                <p>- Model is 187cm tall and wearing a size S / M</p>\n\n                                <p>- Unisex fit</p>\n\n                                <p>- Drawstring hood with built-in cap</p>\n\n                                <p>- Front placket with snap buttons</p>\n\n                                <p>- Ventilation under armpit</p>\n\n                                <p>- Adjustable cuffs</p>\n\n                                <p>- Double welted front pockets</p>\n\n                                <p>- Adjustable elastic string at hempen</p>\n\n                                <p>- Ultrasonically welded seams</p>\n\n                                <p>This is a unisex item, please check our clothing &amp; footwear sizing guide for specific Rains jacket sizing information. RAINS comes from the rainy nation of Denmark at the edge of the European continent, close to the ocean and with prevailing westerly winds; all factors that contribute to an average of 121 rain days each year. Arising from these rainy weather conditions comes the attitude that a quick rain shower may be beautiful, as well as moody- but first and foremost requires the right outfit. Rains focus on the whole experience of going outside on rainy days, issuing an invitation to explore even in the most mercurial weather.</p>','published','[\"products\\/21.jpg\",\"products\\/21-1.jpg\",\"products\\/21-2.jpg\"]','SW-126-A0',0,14,0,1,0,4,0,0,753,NULL,NULL,NULL,11.00,13.00,12.00,647.00,NULL,38998,'2023-05-28 21:29:55','2023-05-28 21:30:04','in_stock',0,'Botble\\ACL\\Models\\User',NULL,'digital',NULL,NULL,8,0),(22,'Baxter Care Hair Kit For Bearded Mens','<ul><li> Unrestrained and portable active stereo speaker</li>\n            <li> Free from the confines of wires and chords</li>\n            <li> 20 hours of portable capabilities</li>\n            <li> Double-ended Coil Cord with 3.5mm Stereo Plugs Included</li>\n            <li> 3/4″ Dome Tweeters: 2X and 4″ Woofer: 1X</li></ul>','<p>Short Hooded Coat features a straight body, large pockets with button flaps, ventilation air holes, and a string detail along the hemline. The style is completed with a drawstring hood, featuring Rains’ signature built-in cap. Made from waterproof, matte PU, this lightweight unisex rain jacket is an ode to nostalgia through its classic silhouette and utilitarian design details.</p>\n                                <p>- Casual unisex fit</p>\n\n                                <p>- 64% polyester, 36% polyurethane</p>\n\n                                <p>- Water column pressure: 4000 mm</p>\n\n                                <p>- Model is 187cm tall and wearing a size S / M</p>\n\n                                <p>- Unisex fit</p>\n\n                                <p>- Drawstring hood with built-in cap</p>\n\n                                <p>- Front placket with snap buttons</p>\n\n                                <p>- Ventilation under armpit</p>\n\n                                <p>- Adjustable cuffs</p>\n\n                                <p>- Double welted front pockets</p>\n\n                                <p>- Adjustable elastic string at hempen</p>\n\n                                <p>- Ultrasonically welded seams</p>\n\n                                <p>This is a unisex item, please check our clothing &amp; footwear sizing guide for specific Rains jacket sizing information. RAINS comes from the rainy nation of Denmark at the edge of the European continent, close to the ocean and with prevailing westerly winds; all factors that contribute to an average of 121 rain days each year. Arising from these rainy weather conditions comes the attitude that a quick rain shower may be beautiful, as well as moody- but first and foremost requires the right outfit. Rains focus on the whole experience of going outside on rainy days, issuing an invitation to explore even in the most mercurial weather.</p>','published','[\"products\\/22.jpg\",\"products\\/22-1.jpg\",\"products\\/22-2.jpg\",\"products\\/22-3.jpg\"]','SW-104-A0',0,14,0,1,0,3,0,0,620,NULL,NULL,NULL,12.00,19.00,16.00,607.00,NULL,137222,'2023-05-28 21:29:55','2023-05-28 21:30:04','in_stock',0,'Botble\\ACL\\Models\\User',NULL,'physical',NULL,NULL,5,0),(23,'Ciate Palemore Lipstick Bold Red Color','<ul><li> Unrestrained and portable active stereo speaker</li>\n            <li> Free from the confines of wires and chords</li>\n            <li> 20 hours of portable capabilities</li>\n            <li> Double-ended Coil Cord with 3.5mm Stereo Plugs Included</li>\n            <li> 3/4″ Dome Tweeters: 2X and 4″ Woofer: 1X</li></ul>','<p>Short Hooded Coat features a straight body, large pockets with button flaps, ventilation air holes, and a string detail along the hemline. The style is completed with a drawstring hood, featuring Rains’ signature built-in cap. Made from waterproof, matte PU, this lightweight unisex rain jacket is an ode to nostalgia through its classic silhouette and utilitarian design details.</p>\n                                <p>- Casual unisex fit</p>\n\n                                <p>- 64% polyester, 36% polyurethane</p>\n\n                                <p>- Water column pressure: 4000 mm</p>\n\n                                <p>- Model is 187cm tall and wearing a size S / M</p>\n\n                                <p>- Unisex fit</p>\n\n                                <p>- Drawstring hood with built-in cap</p>\n\n                                <p>- Front placket with snap buttons</p>\n\n                                <p>- Ventilation under armpit</p>\n\n                                <p>- Adjustable cuffs</p>\n\n                                <p>- Double welted front pockets</p>\n\n                                <p>- Adjustable elastic string at hempen</p>\n\n                                <p>- Ultrasonically welded seams</p>\n\n                                <p>This is a unisex item, please check our clothing &amp; footwear sizing guide for specific Rains jacket sizing information. RAINS comes from the rainy nation of Denmark at the edge of the European continent, close to the ocean and with prevailing westerly winds; all factors that contribute to an average of 121 rain days each year. Arising from these rainy weather conditions comes the attitude that a quick rain shower may be beautiful, as well as moody- but first and foremost requires the right outfit. Rains focus on the whole experience of going outside on rainy days, issuing an invitation to explore even in the most mercurial weather.</p>','published','[\"products\\/23.jpg\",\"products\\/23-1.jpg\",\"products\\/23-2.jpg\",\"products\\/23-3.jpg\"]','SW-139-A0',0,19,0,1,0,2,0,0,1172,NULL,NULL,NULL,12.00,11.00,10.00,656.00,NULL,133076,'2023-05-28 21:29:55','2023-05-28 21:30:04','in_stock',0,'Botble\\ACL\\Models\\User',NULL,'physical',NULL,NULL,8,0),(24,'Vimto Squash Remix Apple 1.5 Litres','<ul><li> Unrestrained and portable active stereo speaker</li>\n            <li> Free from the confines of wires and chords</li>\n            <li> 20 hours of portable capabilities</li>\n            <li> Double-ended Coil Cord with 3.5mm Stereo Plugs Included</li>\n            <li> 3/4″ Dome Tweeters: 2X and 4″ Woofer: 1X</li></ul>','<p>Short Hooded Coat features a straight body, large pockets with button flaps, ventilation air holes, and a string detail along the hemline. The style is completed with a drawstring hood, featuring Rains’ signature built-in cap. Made from waterproof, matte PU, this lightweight unisex rain jacket is an ode to nostalgia through its classic silhouette and utilitarian design details.</p>\n                                <p>- Casual unisex fit</p>\n\n                                <p>- 64% polyester, 36% polyurethane</p>\n\n                                <p>- Water column pressure: 4000 mm</p>\n\n                                <p>- Model is 187cm tall and wearing a size S / M</p>\n\n                                <p>- Unisex fit</p>\n\n                                <p>- Drawstring hood with built-in cap</p>\n\n                                <p>- Front placket with snap buttons</p>\n\n                                <p>- Ventilation under armpit</p>\n\n                                <p>- Adjustable cuffs</p>\n\n                                <p>- Double welted front pockets</p>\n\n                                <p>- Adjustable elastic string at hempen</p>\n\n                                <p>- Ultrasonically welded seams</p>\n\n                                <p>This is a unisex item, please check our clothing &amp; footwear sizing guide for specific Rains jacket sizing information. RAINS comes from the rainy nation of Denmark at the edge of the European continent, close to the ocean and with prevailing westerly winds; all factors that contribute to an average of 121 rain days each year. Arising from these rainy weather conditions comes the attitude that a quick rain shower may be beautiful, as well as moody- but first and foremost requires the right outfit. Rains focus on the whole experience of going outside on rainy days, issuing an invitation to explore even in the most mercurial weather.</p>','published','[\"products\\/24.jpg\",\"products\\/24-1.jpg\",\"products\\/24-2.jpg\"]','SW-121-A0',0,17,0,1,0,2,0,0,599,521.13,NULL,NULL,12.00,14.00,11.00,616.00,NULL,136698,'2023-05-28 21:29:55','2023-05-28 21:30:04','in_stock',0,'Botble\\ACL\\Models\\User',NULL,'physical',NULL,NULL,8,0),(25,'Crock Pot Slow Cooker (Digital)','<ul><li> Unrestrained and portable active stereo speaker</li>\n            <li> Free from the confines of wires and chords</li>\n            <li> 20 hours of portable capabilities</li>\n            <li> Double-ended Coil Cord with 3.5mm Stereo Plugs Included</li>\n            <li> 3/4″ Dome Tweeters: 2X and 4″ Woofer: 1X</li></ul>','<p>Short Hooded Coat features a straight body, large pockets with button flaps, ventilation air holes, and a string detail along the hemline. The style is completed with a drawstring hood, featuring Rains’ signature built-in cap. Made from waterproof, matte PU, this lightweight unisex rain jacket is an ode to nostalgia through its classic silhouette and utilitarian design details.</p>\n                                <p>- Casual unisex fit</p>\n\n                                <p>- 64% polyester, 36% polyurethane</p>\n\n                                <p>- Water column pressure: 4000 mm</p>\n\n                                <p>- Model is 187cm tall and wearing a size S / M</p>\n\n                                <p>- Unisex fit</p>\n\n                                <p>- Drawstring hood with built-in cap</p>\n\n                                <p>- Front placket with snap buttons</p>\n\n                                <p>- Ventilation under armpit</p>\n\n                                <p>- Adjustable cuffs</p>\n\n                                <p>- Double welted front pockets</p>\n\n                                <p>- Adjustable elastic string at hempen</p>\n\n                                <p>- Ultrasonically welded seams</p>\n\n                                <p>This is a unisex item, please check our clothing &amp; footwear sizing guide for specific Rains jacket sizing information. RAINS comes from the rainy nation of Denmark at the edge of the European continent, close to the ocean and with prevailing westerly winds; all factors that contribute to an average of 121 rain days each year. Arising from these rainy weather conditions comes the attitude that a quick rain shower may be beautiful, as well as moody- but first and foremost requires the right outfit. Rains focus on the whole experience of going outside on rainy days, issuing an invitation to explore even in the most mercurial weather.</p>','published','[\"products\\/25.jpg\",\"products\\/25-1.jpg\",\"products\\/25-2.jpg\"]','SW-146-A0',0,11,0,1,0,3,0,0,825,NULL,NULL,NULL,18.00,16.00,14.00,766.00,NULL,94155,'2023-05-28 21:29:55','2023-05-28 21:30:04','in_stock',0,'Botble\\ACL\\Models\\User',NULL,'digital',NULL,NULL,1,0),(26,'Taylors of Harrogate Yorkshire Coffee','<ul><li> Unrestrained and portable active stereo speaker</li>\n            <li> Free from the confines of wires and chords</li>\n            <li> 20 hours of portable capabilities</li>\n            <li> Double-ended Coil Cord with 3.5mm Stereo Plugs Included</li>\n            <li> 3/4″ Dome Tweeters: 2X and 4″ Woofer: 1X</li></ul>','<p>Short Hooded Coat features a straight body, large pockets with button flaps, ventilation air holes, and a string detail along the hemline. The style is completed with a drawstring hood, featuring Rains’ signature built-in cap. Made from waterproof, matte PU, this lightweight unisex rain jacket is an ode to nostalgia through its classic silhouette and utilitarian design details.</p>\n                                <p>- Casual unisex fit</p>\n\n                                <p>- 64% polyester, 36% polyurethane</p>\n\n                                <p>- Water column pressure: 4000 mm</p>\n\n                                <p>- Model is 187cm tall and wearing a size S / M</p>\n\n                                <p>- Unisex fit</p>\n\n                                <p>- Drawstring hood with built-in cap</p>\n\n                                <p>- Front placket with snap buttons</p>\n\n                                <p>- Ventilation under armpit</p>\n\n                                <p>- Adjustable cuffs</p>\n\n                                <p>- Double welted front pockets</p>\n\n                                <p>- Adjustable elastic string at hempen</p>\n\n                                <p>- Ultrasonically welded seams</p>\n\n                                <p>This is a unisex item, please check our clothing &amp; footwear sizing guide for specific Rains jacket sizing information. RAINS comes from the rainy nation of Denmark at the edge of the European continent, close to the ocean and with prevailing westerly winds; all factors that contribute to an average of 121 rain days each year. Arising from these rainy weather conditions comes the attitude that a quick rain shower may be beautiful, as well as moody- but first and foremost requires the right outfit. Rains focus on the whole experience of going outside on rainy days, issuing an invitation to explore even in the most mercurial weather.</p>','published','[\"products\\/26.jpg\",\"products\\/26-1.jpg\"]','SW-115-A0',0,15,0,1,0,3,0,0,1006,NULL,NULL,NULL,13.00,13.00,18.00,613.00,NULL,95261,'2023-05-28 21:29:55','2023-05-28 21:30:04','in_stock',0,'Botble\\ACL\\Models\\User',NULL,'physical',NULL,NULL,8,0),(27,'Soft Mochi &amp; Galeto Ice Cream','<ul><li> Unrestrained and portable active stereo speaker</li>\n            <li> Free from the confines of wires and chords</li>\n            <li> 20 hours of portable capabilities</li>\n            <li> Double-ended Coil Cord with 3.5mm Stereo Plugs Included</li>\n            <li> 3/4″ Dome Tweeters: 2X and 4″ Woofer: 1X</li></ul>','<p>Short Hooded Coat features a straight body, large pockets with button flaps, ventilation air holes, and a string detail along the hemline. The style is completed with a drawstring hood, featuring Rains’ signature built-in cap. Made from waterproof, matte PU, this lightweight unisex rain jacket is an ode to nostalgia through its classic silhouette and utilitarian design details.</p>\n                                <p>- Casual unisex fit</p>\n\n                                <p>- 64% polyester, 36% polyurethane</p>\n\n                                <p>- Water column pressure: 4000 mm</p>\n\n                                <p>- Model is 187cm tall and wearing a size S / M</p>\n\n                                <p>- Unisex fit</p>\n\n                                <p>- Drawstring hood with built-in cap</p>\n\n                                <p>- Front placket with snap buttons</p>\n\n                                <p>- Ventilation under armpit</p>\n\n                                <p>- Adjustable cuffs</p>\n\n                                <p>- Double welted front pockets</p>\n\n                                <p>- Adjustable elastic string at hempen</p>\n\n                                <p>- Ultrasonically welded seams</p>\n\n                                <p>This is a unisex item, please check our clothing &amp; footwear sizing guide for specific Rains jacket sizing information. RAINS comes from the rainy nation of Denmark at the edge of the European continent, close to the ocean and with prevailing westerly winds; all factors that contribute to an average of 121 rain days each year. Arising from these rainy weather conditions comes the attitude that a quick rain shower may be beautiful, as well as moody- but first and foremost requires the right outfit. Rains focus on the whole experience of going outside on rainy days, issuing an invitation to explore even in the most mercurial weather.</p>','published','[\"products\\/27.jpg\",\"products\\/27-1.jpg\"]','SW-149-A0',0,18,0,1,0,3,0,0,1291,NULL,NULL,NULL,12.00,13.00,16.00,755.00,NULL,139763,'2023-05-28 21:29:55','2023-05-28 21:30:04','in_stock',0,'Botble\\ACL\\Models\\User',NULL,'physical',NULL,NULL,8,0),(28,'Naked Noodle Egg Noodles Singapore','<ul><li> Unrestrained and portable active stereo speaker</li>\n            <li> Free from the confines of wires and chords</li>\n            <li> 20 hours of portable capabilities</li>\n            <li> Double-ended Coil Cord with 3.5mm Stereo Plugs Included</li>\n            <li> 3/4″ Dome Tweeters: 2X and 4″ Woofer: 1X</li></ul>','<p>Short Hooded Coat features a straight body, large pockets with button flaps, ventilation air holes, and a string detail along the hemline. The style is completed with a drawstring hood, featuring Rains’ signature built-in cap. Made from waterproof, matte PU, this lightweight unisex rain jacket is an ode to nostalgia through its classic silhouette and utilitarian design details.</p>\n                                <p>- Casual unisex fit</p>\n\n                                <p>- 64% polyester, 36% polyurethane</p>\n\n                                <p>- Water column pressure: 4000 mm</p>\n\n                                <p>- Model is 187cm tall and wearing a size S / M</p>\n\n                                <p>- Unisex fit</p>\n\n                                <p>- Drawstring hood with built-in cap</p>\n\n                                <p>- Front placket with snap buttons</p>\n\n                                <p>- Ventilation under armpit</p>\n\n                                <p>- Adjustable cuffs</p>\n\n                                <p>- Double welted front pockets</p>\n\n                                <p>- Adjustable elastic string at hempen</p>\n\n                                <p>- Ultrasonically welded seams</p>\n\n                                <p>This is a unisex item, please check our clothing &amp; footwear sizing guide for specific Rains jacket sizing information. RAINS comes from the rainy nation of Denmark at the edge of the European continent, close to the ocean and with prevailing westerly winds; all factors that contribute to an average of 121 rain days each year. Arising from these rainy weather conditions comes the attitude that a quick rain shower may be beautiful, as well as moody- but first and foremost requires the right outfit. Rains focus on the whole experience of going outside on rainy days, issuing an invitation to explore even in the most mercurial weather.</p>','published','[\"products\\/28.jpg\",\"products\\/28-1.jpg\",\"products\\/28-2.jpg\"]','SW-173-A0',0,10,0,1,0,2,0,0,732,556.32,NULL,NULL,16.00,17.00,15.00,810.00,NULL,139607,'2023-05-28 21:29:55','2023-05-28 21:30:04','in_stock',0,'Botble\\ACL\\Models\\User',NULL,'physical',NULL,NULL,7,0),(29,'Saute Pan Silver (Digital)','<ul><li> Unrestrained and portable active stereo speaker</li>\n            <li> Free from the confines of wires and chords</li>\n            <li> 20 hours of portable capabilities</li>\n            <li> Double-ended Coil Cord with 3.5mm Stereo Plugs Included</li>\n            <li> 3/4″ Dome Tweeters: 2X and 4″ Woofer: 1X</li></ul>','<p>Short Hooded Coat features a straight body, large pockets with button flaps, ventilation air holes, and a string detail along the hemline. The style is completed with a drawstring hood, featuring Rains’ signature built-in cap. Made from waterproof, matte PU, this lightweight unisex rain jacket is an ode to nostalgia through its classic silhouette and utilitarian design details.</p>\n                                <p>- Casual unisex fit</p>\n\n                                <p>- 64% polyester, 36% polyurethane</p>\n\n                                <p>- Water column pressure: 4000 mm</p>\n\n                                <p>- Model is 187cm tall and wearing a size S / M</p>\n\n                                <p>- Unisex fit</p>\n\n                                <p>- Drawstring hood with built-in cap</p>\n\n                                <p>- Front placket with snap buttons</p>\n\n                                <p>- Ventilation under armpit</p>\n\n                                <p>- Adjustable cuffs</p>\n\n                                <p>- Double welted front pockets</p>\n\n                                <p>- Adjustable elastic string at hempen</p>\n\n                                <p>- Ultrasonically welded seams</p>\n\n                                <p>This is a unisex item, please check our clothing &amp; footwear sizing guide for specific Rains jacket sizing information. RAINS comes from the rainy nation of Denmark at the edge of the European continent, close to the ocean and with prevailing westerly winds; all factors that contribute to an average of 121 rain days each year. Arising from these rainy weather conditions comes the attitude that a quick rain shower may be beautiful, as well as moody- but first and foremost requires the right outfit. Rains focus on the whole experience of going outside on rainy days, issuing an invitation to explore even in the most mercurial weather.</p>','published','[\"products\\/29.jpg\",\"products\\/29-1.jpg\",\"products\\/29-2.jpg\"]','SW-160-A0',0,11,0,1,0,5,0,0,829,NULL,NULL,NULL,12.00,16.00,16.00,848.00,NULL,27880,'2023-05-28 21:29:55','2023-05-28 21:30:04','in_stock',0,'Botble\\ACL\\Models\\User',NULL,'digital',NULL,NULL,3,0),(30,'Bar S – Classic Bun Length Franks','<ul><li> Unrestrained and portable active stereo speaker</li>\n            <li> Free from the confines of wires and chords</li>\n            <li> 20 hours of portable capabilities</li>\n            <li> Double-ended Coil Cord with 3.5mm Stereo Plugs Included</li>\n            <li> 3/4″ Dome Tweeters: 2X and 4″ Woofer: 1X</li></ul>','<p>Short Hooded Coat features a straight body, large pockets with button flaps, ventilation air holes, and a string detail along the hemline. The style is completed with a drawstring hood, featuring Rains’ signature built-in cap. Made from waterproof, matte PU, this lightweight unisex rain jacket is an ode to nostalgia through its classic silhouette and utilitarian design details.</p>\n                                <p>- Casual unisex fit</p>\n\n                                <p>- 64% polyester, 36% polyurethane</p>\n\n                                <p>- Water column pressure: 4000 mm</p>\n\n                                <p>- Model is 187cm tall and wearing a size S / M</p>\n\n                                <p>- Unisex fit</p>\n\n                                <p>- Drawstring hood with built-in cap</p>\n\n                                <p>- Front placket with snap buttons</p>\n\n                                <p>- Ventilation under armpit</p>\n\n                                <p>- Adjustable cuffs</p>\n\n                                <p>- Double welted front pockets</p>\n\n                                <p>- Adjustable elastic string at hempen</p>\n\n                                <p>- Ultrasonically welded seams</p>\n\n                                <p>This is a unisex item, please check our clothing &amp; footwear sizing guide for specific Rains jacket sizing information. RAINS comes from the rainy nation of Denmark at the edge of the European continent, close to the ocean and with prevailing westerly winds; all factors that contribute to an average of 121 rain days each year. Arising from these rainy weather conditions comes the attitude that a quick rain shower may be beautiful, as well as moody- but first and foremost requires the right outfit. Rains focus on the whole experience of going outside on rainy days, issuing an invitation to explore even in the most mercurial weather.</p>','published','[\"products\\/30.jpg\",\"products\\/30-1.jpg\",\"products\\/30-2.jpg\"]','SW-110-A0',0,10,0,1,0,5,0,0,891,NULL,NULL,NULL,20.00,12.00,10.00,853.00,NULL,29742,'2023-05-28 21:29:55','2023-05-28 21:30:04','in_stock',0,'Botble\\ACL\\Models\\User',NULL,'physical',NULL,NULL,2,0),(31,'Broccoli Crowns','<ul><li> Unrestrained and portable active stereo speaker</li>\n            <li> Free from the confines of wires and chords</li>\n            <li> 20 hours of portable capabilities</li>\n            <li> Double-ended Coil Cord with 3.5mm Stereo Plugs Included</li>\n            <li> 3/4″ Dome Tweeters: 2X and 4″ Woofer: 1X</li></ul>','<p>Short Hooded Coat features a straight body, large pockets with button flaps, ventilation air holes, and a string detail along the hemline. The style is completed with a drawstring hood, featuring Rains’ signature built-in cap. Made from waterproof, matte PU, this lightweight unisex rain jacket is an ode to nostalgia through its classic silhouette and utilitarian design details.</p>\n                                <p>- Casual unisex fit</p>\n\n                                <p>- 64% polyester, 36% polyurethane</p>\n\n                                <p>- Water column pressure: 4000 mm</p>\n\n                                <p>- Model is 187cm tall and wearing a size S / M</p>\n\n                                <p>- Unisex fit</p>\n\n                                <p>- Drawstring hood with built-in cap</p>\n\n                                <p>- Front placket with snap buttons</p>\n\n                                <p>- Ventilation under armpit</p>\n\n                                <p>- Adjustable cuffs</p>\n\n                                <p>- Double welted front pockets</p>\n\n                                <p>- Adjustable elastic string at hempen</p>\n\n                                <p>- Ultrasonically welded seams</p>\n\n                                <p>This is a unisex item, please check our clothing &amp; footwear sizing guide for specific Rains jacket sizing information. RAINS comes from the rainy nation of Denmark at the edge of the European continent, close to the ocean and with prevailing westerly winds; all factors that contribute to an average of 121 rain days each year. Arising from these rainy weather conditions comes the attitude that a quick rain shower may be beautiful, as well as moody- but first and foremost requires the right outfit. Rains focus on the whole experience of going outside on rainy days, issuing an invitation to explore even in the most mercurial weather.</p>','published','[\"products\\/31.jpg\",\"products\\/31-1.jpg\"]','SW-155-A0',0,14,0,1,0,2,0,0,1105,NULL,NULL,NULL,16.00,15.00,10.00,672.00,NULL,7780,'2023-05-28 21:29:55','2023-05-28 21:30:04','in_stock',0,'Botble\\ACL\\Models\\User',NULL,'physical',NULL,NULL,8,0),(32,'Slimming World Vegan Mac Greens','<ul><li> Unrestrained and portable active stereo speaker</li>\n            <li> Free from the confines of wires and chords</li>\n            <li> 20 hours of portable capabilities</li>\n            <li> Double-ended Coil Cord with 3.5mm Stereo Plugs Included</li>\n            <li> 3/4″ Dome Tweeters: 2X and 4″ Woofer: 1X</li></ul>','<p>Short Hooded Coat features a straight body, large pockets with button flaps, ventilation air holes, and a string detail along the hemline. The style is completed with a drawstring hood, featuring Rains’ signature built-in cap. Made from waterproof, matte PU, this lightweight unisex rain jacket is an ode to nostalgia through its classic silhouette and utilitarian design details.</p>\n                                <p>- Casual unisex fit</p>\n\n                                <p>- 64% polyester, 36% polyurethane</p>\n\n                                <p>- Water column pressure: 4000 mm</p>\n\n                                <p>- Model is 187cm tall and wearing a size S / M</p>\n\n                                <p>- Unisex fit</p>\n\n                                <p>- Drawstring hood with built-in cap</p>\n\n                                <p>- Front placket with snap buttons</p>\n\n                                <p>- Ventilation under armpit</p>\n\n                                <p>- Adjustable cuffs</p>\n\n                                <p>- Double welted front pockets</p>\n\n                                <p>- Adjustable elastic string at hempen</p>\n\n                                <p>- Ultrasonically welded seams</p>\n\n                                <p>This is a unisex item, please check our clothing &amp; footwear sizing guide for specific Rains jacket sizing information. RAINS comes from the rainy nation of Denmark at the edge of the European continent, close to the ocean and with prevailing westerly winds; all factors that contribute to an average of 121 rain days each year. Arising from these rainy weather conditions comes the attitude that a quick rain shower may be beautiful, as well as moody- but first and foremost requires the right outfit. Rains focus on the whole experience of going outside on rainy days, issuing an invitation to explore even in the most mercurial weather.</p>','published','[\"products\\/32.jpg\",\"products\\/32-1.jpg\",\"products\\/32-2.jpg\"]','SW-179-A0',0,13,0,1,0,3,0,0,1245,1020.9,NULL,NULL,10.00,10.00,13.00,725.00,NULL,171580,'2023-05-28 21:29:55','2023-05-28 21:30:04','in_stock',0,'Botble\\ACL\\Models\\User',NULL,'physical',NULL,NULL,5,0),(33,'Häagen-Dazs Salted Caramel (Digital)','<ul><li> Unrestrained and portable active stereo speaker</li>\n            <li> Free from the confines of wires and chords</li>\n            <li> 20 hours of portable capabilities</li>\n            <li> Double-ended Coil Cord with 3.5mm Stereo Plugs Included</li>\n            <li> 3/4″ Dome Tweeters: 2X and 4″ Woofer: 1X</li></ul>','<p>Short Hooded Coat features a straight body, large pockets with button flaps, ventilation air holes, and a string detail along the hemline. The style is completed with a drawstring hood, featuring Rains’ signature built-in cap. Made from waterproof, matte PU, this lightweight unisex rain jacket is an ode to nostalgia through its classic silhouette and utilitarian design details.</p>\n                                <p>- Casual unisex fit</p>\n\n                                <p>- 64% polyester, 36% polyurethane</p>\n\n                                <p>- Water column pressure: 4000 mm</p>\n\n                                <p>- Model is 187cm tall and wearing a size S / M</p>\n\n                                <p>- Unisex fit</p>\n\n                                <p>- Drawstring hood with built-in cap</p>\n\n                                <p>- Front placket with snap buttons</p>\n\n                                <p>- Ventilation under armpit</p>\n\n                                <p>- Adjustable cuffs</p>\n\n                                <p>- Double welted front pockets</p>\n\n                                <p>- Adjustable elastic string at hempen</p>\n\n                                <p>- Ultrasonically welded seams</p>\n\n                                <p>This is a unisex item, please check our clothing &amp; footwear sizing guide for specific Rains jacket sizing information. RAINS comes from the rainy nation of Denmark at the edge of the European continent, close to the ocean and with prevailing westerly winds; all factors that contribute to an average of 121 rain days each year. Arising from these rainy weather conditions comes the attitude that a quick rain shower may be beautiful, as well as moody- but first and foremost requires the right outfit. Rains focus on the whole experience of going outside on rainy days, issuing an invitation to explore even in the most mercurial weather.</p>','published','[\"products\\/33.jpg\",\"products\\/33-1.jpg\",\"products\\/33-2.jpg\"]','SW-126-A0',0,17,0,1,0,3,0,0,598,NULL,NULL,NULL,20.00,20.00,20.00,557.00,NULL,74863,'2023-05-28 21:29:55','2023-05-28 21:30:04','in_stock',0,'Botble\\ACL\\Models\\User',NULL,'digital',NULL,NULL,6,0),(34,'Iceland 3 Solo Exotic Burst','<ul><li> Unrestrained and portable active stereo speaker</li>\n            <li> Free from the confines of wires and chords</li>\n            <li> 20 hours of portable capabilities</li>\n            <li> Double-ended Coil Cord with 3.5mm Stereo Plugs Included</li>\n            <li> 3/4″ Dome Tweeters: 2X and 4″ Woofer: 1X</li></ul>','<p>Short Hooded Coat features a straight body, large pockets with button flaps, ventilation air holes, and a string detail along the hemline. The style is completed with a drawstring hood, featuring Rains’ signature built-in cap. Made from waterproof, matte PU, this lightweight unisex rain jacket is an ode to nostalgia through its classic silhouette and utilitarian design details.</p>\n                                <p>- Casual unisex fit</p>\n\n                                <p>- 64% polyester, 36% polyurethane</p>\n\n                                <p>- Water column pressure: 4000 mm</p>\n\n                                <p>- Model is 187cm tall and wearing a size S / M</p>\n\n                                <p>- Unisex fit</p>\n\n                                <p>- Drawstring hood with built-in cap</p>\n\n                                <p>- Front placket with snap buttons</p>\n\n                                <p>- Ventilation under armpit</p>\n\n                                <p>- Adjustable cuffs</p>\n\n                                <p>- Double welted front pockets</p>\n\n                                <p>- Adjustable elastic string at hempen</p>\n\n                                <p>- Ultrasonically welded seams</p>\n\n                                <p>This is a unisex item, please check our clothing &amp; footwear sizing guide for specific Rains jacket sizing information. RAINS comes from the rainy nation of Denmark at the edge of the European continent, close to the ocean and with prevailing westerly winds; all factors that contribute to an average of 121 rain days each year. Arising from these rainy weather conditions comes the attitude that a quick rain shower may be beautiful, as well as moody- but first and foremost requires the right outfit. Rains focus on the whole experience of going outside on rainy days, issuing an invitation to explore even in the most mercurial weather.</p>','published','[\"products\\/34.jpg\",\"products\\/34-1.jpg\"]','SW-167-A0',0,12,0,1,0,4,0,0,984,NULL,NULL,NULL,18.00,15.00,15.00,720.00,NULL,34588,'2023-05-28 21:29:55','2023-05-28 21:30:04','in_stock',0,'Botble\\ACL\\Models\\User',NULL,'physical',NULL,NULL,1,0),(35,'Extreme Budweiser Light Can','<ul><li> Unrestrained and portable active stereo speaker</li>\n            <li> Free from the confines of wires and chords</li>\n            <li> 20 hours of portable capabilities</li>\n            <li> Double-ended Coil Cord with 3.5mm Stereo Plugs Included</li>\n            <li> 3/4″ Dome Tweeters: 2X and 4″ Woofer: 1X</li></ul>','<p>Short Hooded Coat features a straight body, large pockets with button flaps, ventilation air holes, and a string detail along the hemline. The style is completed with a drawstring hood, featuring Rains’ signature built-in cap. Made from waterproof, matte PU, this lightweight unisex rain jacket is an ode to nostalgia through its classic silhouette and utilitarian design details.</p>\n                                <p>- Casual unisex fit</p>\n\n                                <p>- 64% polyester, 36% polyurethane</p>\n\n                                <p>- Water column pressure: 4000 mm</p>\n\n                                <p>- Model is 187cm tall and wearing a size S / M</p>\n\n                                <p>- Unisex fit</p>\n\n                                <p>- Drawstring hood with built-in cap</p>\n\n                                <p>- Front placket with snap buttons</p>\n\n                                <p>- Ventilation under armpit</p>\n\n                                <p>- Adjustable cuffs</p>\n\n                                <p>- Double welted front pockets</p>\n\n                                <p>- Adjustable elastic string at hempen</p>\n\n                                <p>- Ultrasonically welded seams</p>\n\n                                <p>This is a unisex item, please check our clothing &amp; footwear sizing guide for specific Rains jacket sizing information. RAINS comes from the rainy nation of Denmark at the edge of the European continent, close to the ocean and with prevailing westerly winds; all factors that contribute to an average of 121 rain days each year. Arising from these rainy weather conditions comes the attitude that a quick rain shower may be beautiful, as well as moody- but first and foremost requires the right outfit. Rains focus on the whole experience of going outside on rainy days, issuing an invitation to explore even in the most mercurial weather.</p>','published','[\"products\\/35.jpg\",\"products\\/35-1.jpg\"]','SW-145-A0',0,11,0,1,0,4,0,0,1003,NULL,NULL,NULL,13.00,19.00,10.00,873.00,NULL,165798,'2023-05-28 21:29:55','2023-05-28 21:30:04','in_stock',0,'Botble\\ACL\\Models\\User',NULL,'physical',NULL,NULL,2,0),(36,'Iceland Macaroni Cheese Traybake','<ul><li> Unrestrained and portable active stereo speaker</li>\n            <li> Free from the confines of wires and chords</li>\n            <li> 20 hours of portable capabilities</li>\n            <li> Double-ended Coil Cord with 3.5mm Stereo Plugs Included</li>\n            <li> 3/4″ Dome Tweeters: 2X and 4″ Woofer: 1X</li></ul>','<p>Short Hooded Coat features a straight body, large pockets with button flaps, ventilation air holes, and a string detail along the hemline. The style is completed with a drawstring hood, featuring Rains’ signature built-in cap. Made from waterproof, matte PU, this lightweight unisex rain jacket is an ode to nostalgia through its classic silhouette and utilitarian design details.</p>\n                                <p>- Casual unisex fit</p>\n\n                                <p>- 64% polyester, 36% polyurethane</p>\n\n                                <p>- Water column pressure: 4000 mm</p>\n\n                                <p>- Model is 187cm tall and wearing a size S / M</p>\n\n                                <p>- Unisex fit</p>\n\n                                <p>- Drawstring hood with built-in cap</p>\n\n                                <p>- Front placket with snap buttons</p>\n\n                                <p>- Ventilation under armpit</p>\n\n                                <p>- Adjustable cuffs</p>\n\n                                <p>- Double welted front pockets</p>\n\n                                <p>- Adjustable elastic string at hempen</p>\n\n                                <p>- Ultrasonically welded seams</p>\n\n                                <p>This is a unisex item, please check our clothing &amp; footwear sizing guide for specific Rains jacket sizing information. RAINS comes from the rainy nation of Denmark at the edge of the European continent, close to the ocean and with prevailing westerly winds; all factors that contribute to an average of 121 rain days each year. Arising from these rainy weather conditions comes the attitude that a quick rain shower may be beautiful, as well as moody- but first and foremost requires the right outfit. Rains focus on the whole experience of going outside on rainy days, issuing an invitation to explore even in the most mercurial weather.</p>','published','[\"products\\/36.jpg\",\"products\\/36-1.jpg\",\"products\\/36-2.jpg\"]','SW-130-A0',0,12,0,1,0,2,0,0,698,523.5,NULL,NULL,16.00,19.00,17.00,866.00,NULL,152001,'2023-05-28 21:29:55','2023-05-28 21:30:04','in_stock',0,'Botble\\ACL\\Models\\User',NULL,'physical',NULL,NULL,6,0),(37,'Dolmio Bolognese Pasta Sauce (Digital)','<ul><li> Unrestrained and portable active stereo speaker</li>\n            <li> Free from the confines of wires and chords</li>\n            <li> 20 hours of portable capabilities</li>\n            <li> Double-ended Coil Cord with 3.5mm Stereo Plugs Included</li>\n            <li> 3/4″ Dome Tweeters: 2X and 4″ Woofer: 1X</li></ul>','<p>Short Hooded Coat features a straight body, large pockets with button flaps, ventilation air holes, and a string detail along the hemline. The style is completed with a drawstring hood, featuring Rains’ signature built-in cap. Made from waterproof, matte PU, this lightweight unisex rain jacket is an ode to nostalgia through its classic silhouette and utilitarian design details.</p>\n                                <p>- Casual unisex fit</p>\n\n                                <p>- 64% polyester, 36% polyurethane</p>\n\n                                <p>- Water column pressure: 4000 mm</p>\n\n                                <p>- Model is 187cm tall and wearing a size S / M</p>\n\n                                <p>- Unisex fit</p>\n\n                                <p>- Drawstring hood with built-in cap</p>\n\n                                <p>- Front placket with snap buttons</p>\n\n                                <p>- Ventilation under armpit</p>\n\n                                <p>- Adjustable cuffs</p>\n\n                                <p>- Double welted front pockets</p>\n\n                                <p>- Adjustable elastic string at hempen</p>\n\n                                <p>- Ultrasonically welded seams</p>\n\n                                <p>This is a unisex item, please check our clothing &amp; footwear sizing guide for specific Rains jacket sizing information. RAINS comes from the rainy nation of Denmark at the edge of the European continent, close to the ocean and with prevailing westerly winds; all factors that contribute to an average of 121 rain days each year. Arising from these rainy weather conditions comes the attitude that a quick rain shower may be beautiful, as well as moody- but first and foremost requires the right outfit. Rains focus on the whole experience of going outside on rainy days, issuing an invitation to explore even in the most mercurial weather.</p>','published','[\"products\\/37.jpg\",\"products\\/37-1.jpg\",\"products\\/37-2.jpg\"]','SW-180-A0',0,12,0,1,0,5,0,0,769,NULL,NULL,NULL,16.00,15.00,19.00,639.00,NULL,95958,'2023-05-28 21:29:55','2023-05-28 21:30:04','in_stock',0,'Botble\\ACL\\Models\\User',NULL,'digital',NULL,NULL,5,0),(38,'Sitema BakeIT Plastic Box','<ul><li> Unrestrained and portable active stereo speaker</li>\n            <li> Free from the confines of wires and chords</li>\n            <li> 20 hours of portable capabilities</li>\n            <li> Double-ended Coil Cord with 3.5mm Stereo Plugs Included</li>\n            <li> 3/4″ Dome Tweeters: 2X and 4″ Woofer: 1X</li></ul>','<p>Short Hooded Coat features a straight body, large pockets with button flaps, ventilation air holes, and a string detail along the hemline. The style is completed with a drawstring hood, featuring Rains’ signature built-in cap. Made from waterproof, matte PU, this lightweight unisex rain jacket is an ode to nostalgia through its classic silhouette and utilitarian design details.</p>\n                                <p>- Casual unisex fit</p>\n\n                                <p>- 64% polyester, 36% polyurethane</p>\n\n                                <p>- Water column pressure: 4000 mm</p>\n\n                                <p>- Model is 187cm tall and wearing a size S / M</p>\n\n                                <p>- Unisex fit</p>\n\n                                <p>- Drawstring hood with built-in cap</p>\n\n                                <p>- Front placket with snap buttons</p>\n\n                                <p>- Ventilation under armpit</p>\n\n                                <p>- Adjustable cuffs</p>\n\n                                <p>- Double welted front pockets</p>\n\n                                <p>- Adjustable elastic string at hempen</p>\n\n                                <p>- Ultrasonically welded seams</p>\n\n                                <p>This is a unisex item, please check our clothing &amp; footwear sizing guide for specific Rains jacket sizing information. RAINS comes from the rainy nation of Denmark at the edge of the European continent, close to the ocean and with prevailing westerly winds; all factors that contribute to an average of 121 rain days each year. Arising from these rainy weather conditions comes the attitude that a quick rain shower may be beautiful, as well as moody- but first and foremost requires the right outfit. Rains focus on the whole experience of going outside on rainy days, issuing an invitation to explore even in the most mercurial weather.</p>','published','[\"products\\/38.jpg\",\"products\\/38-1.jpg\",\"products\\/38-2.jpg\",\"products\\/38-3.jpg\"]','SW-146-A0',0,16,0,1,0,2,0,0,922,NULL,NULL,NULL,19.00,18.00,20.00,848.00,NULL,80415,'2023-05-28 21:29:55','2023-05-28 21:30:04','in_stock',0,'Botble\\ACL\\Models\\User',NULL,'physical',NULL,NULL,1,0),(39,'Wayfair Basics Dinner Plate Storage','<ul><li> Unrestrained and portable active stereo speaker</li>\n            <li> Free from the confines of wires and chords</li>\n            <li> 20 hours of portable capabilities</li>\n            <li> Double-ended Coil Cord with 3.5mm Stereo Plugs Included</li>\n            <li> 3/4″ Dome Tweeters: 2X and 4″ Woofer: 1X</li></ul>','<p>Short Hooded Coat features a straight body, large pockets with button flaps, ventilation air holes, and a string detail along the hemline. The style is completed with a drawstring hood, featuring Rains’ signature built-in cap. Made from waterproof, matte PU, this lightweight unisex rain jacket is an ode to nostalgia through its classic silhouette and utilitarian design details.</p>\n                                <p>- Casual unisex fit</p>\n\n                                <p>- 64% polyester, 36% polyurethane</p>\n\n                                <p>- Water column pressure: 4000 mm</p>\n\n                                <p>- Model is 187cm tall and wearing a size S / M</p>\n\n                                <p>- Unisex fit</p>\n\n                                <p>- Drawstring hood with built-in cap</p>\n\n                                <p>- Front placket with snap buttons</p>\n\n                                <p>- Ventilation under armpit</p>\n\n                                <p>- Adjustable cuffs</p>\n\n                                <p>- Double welted front pockets</p>\n\n                                <p>- Adjustable elastic string at hempen</p>\n\n                                <p>- Ultrasonically welded seams</p>\n\n                                <p>This is a unisex item, please check our clothing &amp; footwear sizing guide for specific Rains jacket sizing information. RAINS comes from the rainy nation of Denmark at the edge of the European continent, close to the ocean and with prevailing westerly winds; all factors that contribute to an average of 121 rain days each year. Arising from these rainy weather conditions comes the attitude that a quick rain shower may be beautiful, as well as moody- but first and foremost requires the right outfit. Rains focus on the whole experience of going outside on rainy days, issuing an invitation to explore even in the most mercurial weather.</p>','published','[\"products\\/39.jpg\",\"products\\/39-1.jpg\",\"products\\/39-2.jpg\"]','SW-156-A0',0,12,0,1,0,1,0,0,923,NULL,NULL,NULL,16.00,14.00,17.00,503.00,NULL,173849,'2023-05-28 21:29:55','2023-05-28 21:30:04','in_stock',0,'Botble\\ACL\\Models\\User',NULL,'physical',NULL,NULL,5,0),(40,'Miko The Panda Water Bottle','<ul><li> Unrestrained and portable active stereo speaker</li>\n            <li> Free from the confines of wires and chords</li>\n            <li> 20 hours of portable capabilities</li>\n            <li> Double-ended Coil Cord with 3.5mm Stereo Plugs Included</li>\n            <li> 3/4″ Dome Tweeters: 2X and 4″ Woofer: 1X</li></ul>','<p>Short Hooded Coat features a straight body, large pockets with button flaps, ventilation air holes, and a string detail along the hemline. The style is completed with a drawstring hood, featuring Rains’ signature built-in cap. Made from waterproof, matte PU, this lightweight unisex rain jacket is an ode to nostalgia through its classic silhouette and utilitarian design details.</p>\n                                <p>- Casual unisex fit</p>\n\n                                <p>- 64% polyester, 36% polyurethane</p>\n\n                                <p>- Water column pressure: 4000 mm</p>\n\n                                <p>- Model is 187cm tall and wearing a size S / M</p>\n\n                                <p>- Unisex fit</p>\n\n                                <p>- Drawstring hood with built-in cap</p>\n\n                                <p>- Front placket with snap buttons</p>\n\n                                <p>- Ventilation under armpit</p>\n\n                                <p>- Adjustable cuffs</p>\n\n                                <p>- Double welted front pockets</p>\n\n                                <p>- Adjustable elastic string at hempen</p>\n\n                                <p>- Ultrasonically welded seams</p>\n\n                                <p>This is a unisex item, please check our clothing &amp; footwear sizing guide for specific Rains jacket sizing information. RAINS comes from the rainy nation of Denmark at the edge of the European continent, close to the ocean and with prevailing westerly winds; all factors that contribute to an average of 121 rain days each year. Arising from these rainy weather conditions comes the attitude that a quick rain shower may be beautiful, as well as moody- but first and foremost requires the right outfit. Rains focus on the whole experience of going outside on rainy days, issuing an invitation to explore even in the most mercurial weather.</p>','published','[\"products\\/40.jpg\",\"products\\/40-1.jpg\"]','SW-180-A0',0,12,0,1,0,4,0,0,680,550.8,NULL,NULL,10.00,11.00,10.00,581.00,NULL,182400,'2023-05-28 21:29:55','2023-05-28 21:30:04','in_stock',0,'Botble\\ACL\\Models\\User',NULL,'physical',NULL,NULL,7,0),(41,'Sesame Seed Bread (Digital)','<ul><li> Unrestrained and portable active stereo speaker</li>\n            <li> Free from the confines of wires and chords</li>\n            <li> 20 hours of portable capabilities</li>\n            <li> Double-ended Coil Cord with 3.5mm Stereo Plugs Included</li>\n            <li> 3/4″ Dome Tweeters: 2X and 4″ Woofer: 1X</li></ul>','<p>Short Hooded Coat features a straight body, large pockets with button flaps, ventilation air holes, and a string detail along the hemline. The style is completed with a drawstring hood, featuring Rains’ signature built-in cap. Made from waterproof, matte PU, this lightweight unisex rain jacket is an ode to nostalgia through its classic silhouette and utilitarian design details.</p>\n                                <p>- Casual unisex fit</p>\n\n                                <p>- 64% polyester, 36% polyurethane</p>\n\n                                <p>- Water column pressure: 4000 mm</p>\n\n                                <p>- Model is 187cm tall and wearing a size S / M</p>\n\n                                <p>- Unisex fit</p>\n\n                                <p>- Drawstring hood with built-in cap</p>\n\n                                <p>- Front placket with snap buttons</p>\n\n                                <p>- Ventilation under armpit</p>\n\n                                <p>- Adjustable cuffs</p>\n\n                                <p>- Double welted front pockets</p>\n\n                                <p>- Adjustable elastic string at hempen</p>\n\n                                <p>- Ultrasonically welded seams</p>\n\n                                <p>This is a unisex item, please check our clothing &amp; footwear sizing guide for specific Rains jacket sizing information. RAINS comes from the rainy nation of Denmark at the edge of the European continent, close to the ocean and with prevailing westerly winds; all factors that contribute to an average of 121 rain days each year. Arising from these rainy weather conditions comes the attitude that a quick rain shower may be beautiful, as well as moody- but first and foremost requires the right outfit. Rains focus on the whole experience of going outside on rainy days, issuing an invitation to explore even in the most mercurial weather.</p>','published','[\"products\\/41.jpg\",\"products\\/41-1.jpg\",\"products\\/41-2.jpg\"]','SW-123-A0',0,17,0,1,0,4,0,0,1024,NULL,NULL,NULL,19.00,11.00,17.00,724.00,NULL,40257,'2023-05-28 21:29:55','2023-05-28 21:30:04','in_stock',0,'Botble\\ACL\\Models\\User',NULL,'digital',NULL,NULL,8,0),(42,'Morrisons The Best Beef','<ul><li> Unrestrained and portable active stereo speaker</li>\n            <li> Free from the confines of wires and chords</li>\n            <li> 20 hours of portable capabilities</li>\n            <li> Double-ended Coil Cord with 3.5mm Stereo Plugs Included</li>\n            <li> 3/4″ Dome Tweeters: 2X and 4″ Woofer: 1X</li></ul>','<p>Short Hooded Coat features a straight body, large pockets with button flaps, ventilation air holes, and a string detail along the hemline. The style is completed with a drawstring hood, featuring Rains’ signature built-in cap. Made from waterproof, matte PU, this lightweight unisex rain jacket is an ode to nostalgia through its classic silhouette and utilitarian design details.</p>\n                                <p>- Casual unisex fit</p>\n\n                                <p>- 64% polyester, 36% polyurethane</p>\n\n                                <p>- Water column pressure: 4000 mm</p>\n\n                                <p>- Model is 187cm tall and wearing a size S / M</p>\n\n                                <p>- Unisex fit</p>\n\n                                <p>- Drawstring hood with built-in cap</p>\n\n                                <p>- Front placket with snap buttons</p>\n\n                                <p>- Ventilation under armpit</p>\n\n                                <p>- Adjustable cuffs</p>\n\n                                <p>- Double welted front pockets</p>\n\n                                <p>- Adjustable elastic string at hempen</p>\n\n                                <p>- Ultrasonically welded seams</p>\n\n                                <p>This is a unisex item, please check our clothing &amp; footwear sizing guide for specific Rains jacket sizing information. RAINS comes from the rainy nation of Denmark at the edge of the European continent, close to the ocean and with prevailing westerly winds; all factors that contribute to an average of 121 rain days each year. Arising from these rainy weather conditions comes the attitude that a quick rain shower may be beautiful, as well as moody- but first and foremost requires the right outfit. Rains focus on the whole experience of going outside on rainy days, issuing an invitation to explore even in the most mercurial weather.</p>','published','[\"products\\/42.jpg\",\"products\\/42-1.jpg\",\"products\\/42-2.jpg\"]','SW-138-A0',0,19,0,1,0,3,0,0,877,NULL,NULL,NULL,15.00,17.00,14.00,827.00,NULL,138229,'2023-05-28 21:29:55','2023-05-28 21:30:04','in_stock',0,'Botble\\ACL\\Models\\User',NULL,'physical',NULL,NULL,3,0),(43,'Avocado, Hass Large','<ul><li> Unrestrained and portable active stereo speaker</li>\n            <li> Free from the confines of wires and chords</li>\n            <li> 20 hours of portable capabilities</li>\n            <li> Double-ended Coil Cord with 3.5mm Stereo Plugs Included</li>\n            <li> 3/4″ Dome Tweeters: 2X and 4″ Woofer: 1X</li></ul>','<p>Short Hooded Coat features a straight body, large pockets with button flaps, ventilation air holes, and a string detail along the hemline. The style is completed with a drawstring hood, featuring Rains’ signature built-in cap. Made from waterproof, matte PU, this lightweight unisex rain jacket is an ode to nostalgia through its classic silhouette and utilitarian design details.</p>\n                                <p>- Casual unisex fit</p>\n\n                                <p>- 64% polyester, 36% polyurethane</p>\n\n                                <p>- Water column pressure: 4000 mm</p>\n\n                                <p>- Model is 187cm tall and wearing a size S / M</p>\n\n                                <p>- Unisex fit</p>\n\n                                <p>- Drawstring hood with built-in cap</p>\n\n                                <p>- Front placket with snap buttons</p>\n\n                                <p>- Ventilation under armpit</p>\n\n                                <p>- Adjustable cuffs</p>\n\n                                <p>- Double welted front pockets</p>\n\n                                <p>- Adjustable elastic string at hempen</p>\n\n                                <p>- Ultrasonically welded seams</p>\n\n                                <p>This is a unisex item, please check our clothing &amp; footwear sizing guide for specific Rains jacket sizing information. RAINS comes from the rainy nation of Denmark at the edge of the European continent, close to the ocean and with prevailing westerly winds; all factors that contribute to an average of 121 rain days each year. Arising from these rainy weather conditions comes the attitude that a quick rain shower may be beautiful, as well as moody- but first and foremost requires the right outfit. Rains focus on the whole experience of going outside on rainy days, issuing an invitation to explore even in the most mercurial weather.</p>','published','[\"products\\/43.jpg\",\"products\\/43-1.jpg\",\"products\\/43-2.jpg\"]','SW-112-A0',0,10,0,1,0,3,0,0,704,NULL,NULL,NULL,10.00,19.00,10.00,823.00,NULL,133312,'2023-05-28 21:29:55','2023-05-28 21:30:04','in_stock',0,'Botble\\ACL\\Models\\User',NULL,'physical',NULL,NULL,2,0),(44,'Italia Beef Lasagne','<ul><li> Unrestrained and portable active stereo speaker</li>\n            <li> Free from the confines of wires and chords</li>\n            <li> 20 hours of portable capabilities</li>\n            <li> Double-ended Coil Cord with 3.5mm Stereo Plugs Included</li>\n            <li> 3/4″ Dome Tweeters: 2X and 4″ Woofer: 1X</li></ul>','<p>Short Hooded Coat features a straight body, large pockets with button flaps, ventilation air holes, and a string detail along the hemline. The style is completed with a drawstring hood, featuring Rains’ signature built-in cap. Made from waterproof, matte PU, this lightweight unisex rain jacket is an ode to nostalgia through its classic silhouette and utilitarian design details.</p>\n                                <p>- Casual unisex fit</p>\n\n                                <p>- 64% polyester, 36% polyurethane</p>\n\n                                <p>- Water column pressure: 4000 mm</p>\n\n                                <p>- Model is 187cm tall and wearing a size S / M</p>\n\n                                <p>- Unisex fit</p>\n\n                                <p>- Drawstring hood with built-in cap</p>\n\n                                <p>- Front placket with snap buttons</p>\n\n                                <p>- Ventilation under armpit</p>\n\n                                <p>- Adjustable cuffs</p>\n\n                                <p>- Double welted front pockets</p>\n\n                                <p>- Adjustable elastic string at hempen</p>\n\n                                <p>- Ultrasonically welded seams</p>\n\n                                <p>This is a unisex item, please check our clothing &amp; footwear sizing guide for specific Rains jacket sizing information. RAINS comes from the rainy nation of Denmark at the edge of the European continent, close to the ocean and with prevailing westerly winds; all factors that contribute to an average of 121 rain days each year. Arising from these rainy weather conditions comes the attitude that a quick rain shower may be beautiful, as well as moody- but first and foremost requires the right outfit. Rains focus on the whole experience of going outside on rainy days, issuing an invitation to explore even in the most mercurial weather.</p>','published','[\"products\\/44.jpg\",\"products\\/44-1.jpg\",\"products\\/44-2.jpg\"]','SW-167-A0',0,11,0,1,0,1,0,0,993,814.26,NULL,NULL,11.00,14.00,10.00,546.00,NULL,51958,'2023-05-28 21:29:55','2023-05-28 21:30:04','in_stock',0,'Botble\\ACL\\Models\\User',NULL,'physical',NULL,NULL,1,0),(45,'Maxwell House Classic Roast Mocha (Digital)','<ul><li> Unrestrained and portable active stereo speaker</li>\n            <li> Free from the confines of wires and chords</li>\n            <li> 20 hours of portable capabilities</li>\n            <li> Double-ended Coil Cord with 3.5mm Stereo Plugs Included</li>\n            <li> 3/4″ Dome Tweeters: 2X and 4″ Woofer: 1X</li></ul>','<p>Short Hooded Coat features a straight body, large pockets with button flaps, ventilation air holes, and a string detail along the hemline. The style is completed with a drawstring hood, featuring Rains’ signature built-in cap. Made from waterproof, matte PU, this lightweight unisex rain jacket is an ode to nostalgia through its classic silhouette and utilitarian design details.</p>\n                                <p>- Casual unisex fit</p>\n\n                                <p>- 64% polyester, 36% polyurethane</p>\n\n                                <p>- Water column pressure: 4000 mm</p>\n\n                                <p>- Model is 187cm tall and wearing a size S / M</p>\n\n                                <p>- Unisex fit</p>\n\n                                <p>- Drawstring hood with built-in cap</p>\n\n                                <p>- Front placket with snap buttons</p>\n\n                                <p>- Ventilation under armpit</p>\n\n                                <p>- Adjustable cuffs</p>\n\n                                <p>- Double welted front pockets</p>\n\n                                <p>- Adjustable elastic string at hempen</p>\n\n                                <p>- Ultrasonically welded seams</p>\n\n                                <p>This is a unisex item, please check our clothing &amp; footwear sizing guide for specific Rains jacket sizing information. RAINS comes from the rainy nation of Denmark at the edge of the European continent, close to the ocean and with prevailing westerly winds; all factors that contribute to an average of 121 rain days each year. Arising from these rainy weather conditions comes the attitude that a quick rain shower may be beautiful, as well as moody- but first and foremost requires the right outfit. Rains focus on the whole experience of going outside on rainy days, issuing an invitation to explore even in the most mercurial weather.</p>','published','[\"products\\/45.jpg\",\"products\\/45-1.jpg\"]','SW-174-A0',0,19,0,1,0,5,0,0,994,NULL,NULL,NULL,14.00,15.00,10.00,517.00,NULL,74285,'2023-05-28 21:29:55','2023-05-28 21:30:04','in_stock',0,'Botble\\ACL\\Models\\User',NULL,'digital',NULL,NULL,4,0),(46,'Bottled Pure Water 500ml','<ul><li> Unrestrained and portable active stereo speaker</li>\n            <li> Free from the confines of wires and chords</li>\n            <li> 20 hours of portable capabilities</li>\n            <li> Double-ended Coil Cord with 3.5mm Stereo Plugs Included</li>\n            <li> 3/4″ Dome Tweeters: 2X and 4″ Woofer: 1X</li></ul>','<p>Short Hooded Coat features a straight body, large pockets with button flaps, ventilation air holes, and a string detail along the hemline. The style is completed with a drawstring hood, featuring Rains’ signature built-in cap. Made from waterproof, matte PU, this lightweight unisex rain jacket is an ode to nostalgia through its classic silhouette and utilitarian design details.</p>\n                                <p>- Casual unisex fit</p>\n\n                                <p>- 64% polyester, 36% polyurethane</p>\n\n                                <p>- Water column pressure: 4000 mm</p>\n\n                                <p>- Model is 187cm tall and wearing a size S / M</p>\n\n                                <p>- Unisex fit</p>\n\n                                <p>- Drawstring hood with built-in cap</p>\n\n                                <p>- Front placket with snap buttons</p>\n\n                                <p>- Ventilation under armpit</p>\n\n                                <p>- Adjustable cuffs</p>\n\n                                <p>- Double welted front pockets</p>\n\n                                <p>- Adjustable elastic string at hempen</p>\n\n                                <p>- Ultrasonically welded seams</p>\n\n                                <p>This is a unisex item, please check our clothing &amp; footwear sizing guide for specific Rains jacket sizing information. RAINS comes from the rainy nation of Denmark at the edge of the European continent, close to the ocean and with prevailing westerly winds; all factors that contribute to an average of 121 rain days each year. Arising from these rainy weather conditions comes the attitude that a quick rain shower may be beautiful, as well as moody- but first and foremost requires the right outfit. Rains focus on the whole experience of going outside on rainy days, issuing an invitation to explore even in the most mercurial weather.</p>','published','[\"products\\/46.jpg\",\"products\\/46-1.jpg\"]','SW-192-A0',0,15,0,1,0,5,0,0,889,NULL,NULL,NULL,15.00,16.00,20.00,578.00,NULL,87274,'2023-05-28 21:29:55','2023-05-28 21:30:04','in_stock',0,'Botble\\ACL\\Models\\User',NULL,'physical',NULL,NULL,1,0),(47,'Famart Farmhouse Soft White','<ul><li> Unrestrained and portable active stereo speaker</li>\n            <li> Free from the confines of wires and chords</li>\n            <li> 20 hours of portable capabilities</li>\n            <li> Double-ended Coil Cord with 3.5mm Stereo Plugs Included</li>\n            <li> 3/4″ Dome Tweeters: 2X and 4″ Woofer: 1X</li></ul>','<p>Short Hooded Coat features a straight body, large pockets with button flaps, ventilation air holes, and a string detail along the hemline. The style is completed with a drawstring hood, featuring Rains’ signature built-in cap. Made from waterproof, matte PU, this lightweight unisex rain jacket is an ode to nostalgia through its classic silhouette and utilitarian design details.</p>\n                                <p>- Casual unisex fit</p>\n\n                                <p>- 64% polyester, 36% polyurethane</p>\n\n                                <p>- Water column pressure: 4000 mm</p>\n\n                                <p>- Model is 187cm tall and wearing a size S / M</p>\n\n                                <p>- Unisex fit</p>\n\n                                <p>- Drawstring hood with built-in cap</p>\n\n                                <p>- Front placket with snap buttons</p>\n\n                                <p>- Ventilation under armpit</p>\n\n                                <p>- Adjustable cuffs</p>\n\n                                <p>- Double welted front pockets</p>\n\n                                <p>- Adjustable elastic string at hempen</p>\n\n                                <p>- Ultrasonically welded seams</p>\n\n                                <p>This is a unisex item, please check our clothing &amp; footwear sizing guide for specific Rains jacket sizing information. RAINS comes from the rainy nation of Denmark at the edge of the European continent, close to the ocean and with prevailing westerly winds; all factors that contribute to an average of 121 rain days each year. Arising from these rainy weather conditions comes the attitude that a quick rain shower may be beautiful, as well as moody- but first and foremost requires the right outfit. Rains focus on the whole experience of going outside on rainy days, issuing an invitation to explore even in the most mercurial weather.</p>','published','[\"products\\/47.jpg\",\"products\\/47-1.jpg\"]','SW-173-A0',0,15,0,1,0,4,0,0,1156,NULL,NULL,NULL,20.00,11.00,18.00,662.00,NULL,72449,'2023-05-28 21:29:55','2023-05-28 21:30:04','in_stock',0,'Botble\\ACL\\Models\\User',NULL,'physical',NULL,NULL,4,0),(48,'Coca-Cola Original Taste','<ul><li> Unrestrained and portable active stereo speaker</li>\n            <li> Free from the confines of wires and chords</li>\n            <li> 20 hours of portable capabilities</li>\n            <li> Double-ended Coil Cord with 3.5mm Stereo Plugs Included</li>\n            <li> 3/4″ Dome Tweeters: 2X and 4″ Woofer: 1X</li></ul>','<p>Short Hooded Coat features a straight body, large pockets with button flaps, ventilation air holes, and a string detail along the hemline. The style is completed with a drawstring hood, featuring Rains’ signature built-in cap. Made from waterproof, matte PU, this lightweight unisex rain jacket is an ode to nostalgia through its classic silhouette and utilitarian design details.</p>\n                                <p>- Casual unisex fit</p>\n\n                                <p>- 64% polyester, 36% polyurethane</p>\n\n                                <p>- Water column pressure: 4000 mm</p>\n\n                                <p>- Model is 187cm tall and wearing a size S / M</p>\n\n                                <p>- Unisex fit</p>\n\n                                <p>- Drawstring hood with built-in cap</p>\n\n                                <p>- Front placket with snap buttons</p>\n\n                                <p>- Ventilation under armpit</p>\n\n                                <p>- Adjustable cuffs</p>\n\n                                <p>- Double welted front pockets</p>\n\n                                <p>- Adjustable elastic string at hempen</p>\n\n                                <p>- Ultrasonically welded seams</p>\n\n                                <p>This is a unisex item, please check our clothing &amp; footwear sizing guide for specific Rains jacket sizing information. RAINS comes from the rainy nation of Denmark at the edge of the European continent, close to the ocean and with prevailing westerly winds; all factors that contribute to an average of 121 rain days each year. Arising from these rainy weather conditions comes the attitude that a quick rain shower may be beautiful, as well as moody- but first and foremost requires the right outfit. Rains focus on the whole experience of going outside on rainy days, issuing an invitation to explore even in the most mercurial weather.</p>','published','[\"products\\/48.jpg\",\"products\\/48-1.jpg\",\"products\\/48-2.jpg\"]','SW-126-A0',0,20,0,1,0,2,0,0,944,840.16,NULL,NULL,10.00,15.00,18.00,663.00,NULL,81251,'2023-05-28 21:29:55','2023-05-28 21:30:04','in_stock',0,'Botble\\ACL\\Models\\User',NULL,'physical',NULL,NULL,2,0),(49,'Casillero Diablo Cabernet Sauvignon (Digital)','<ul><li> Unrestrained and portable active stereo speaker</li>\n            <li> Free from the confines of wires and chords</li>\n            <li> 20 hours of portable capabilities</li>\n            <li> Double-ended Coil Cord with 3.5mm Stereo Plugs Included</li>\n            <li> 3/4″ Dome Tweeters: 2X and 4″ Woofer: 1X</li></ul>','<p>Short Hooded Coat features a straight body, large pockets with button flaps, ventilation air holes, and a string detail along the hemline. The style is completed with a drawstring hood, featuring Rains’ signature built-in cap. Made from waterproof, matte PU, this lightweight unisex rain jacket is an ode to nostalgia through its classic silhouette and utilitarian design details.</p>\n                                <p>- Casual unisex fit</p>\n\n                                <p>- 64% polyester, 36% polyurethane</p>\n\n                                <p>- Water column pressure: 4000 mm</p>\n\n                                <p>- Model is 187cm tall and wearing a size S / M</p>\n\n                                <p>- Unisex fit</p>\n\n                                <p>- Drawstring hood with built-in cap</p>\n\n                                <p>- Front placket with snap buttons</p>\n\n                                <p>- Ventilation under armpit</p>\n\n                                <p>- Adjustable cuffs</p>\n\n                                <p>- Double welted front pockets</p>\n\n                                <p>- Adjustable elastic string at hempen</p>\n\n                                <p>- Ultrasonically welded seams</p>\n\n                                <p>This is a unisex item, please check our clothing &amp; footwear sizing guide for specific Rains jacket sizing information. RAINS comes from the rainy nation of Denmark at the edge of the European continent, close to the ocean and with prevailing westerly winds; all factors that contribute to an average of 121 rain days each year. Arising from these rainy weather conditions comes the attitude that a quick rain shower may be beautiful, as well as moody- but first and foremost requires the right outfit. Rains focus on the whole experience of going outside on rainy days, issuing an invitation to explore even in the most mercurial weather.</p>','published','[\"products\\/49.jpg\",\"products\\/49-1.jpg\",\"products\\/49-2.jpg\"]','SW-177-A0',0,11,0,1,0,2,0,0,1265,NULL,NULL,NULL,17.00,14.00,20.00,733.00,NULL,123834,'2023-05-28 21:29:55','2023-05-28 21:30:04','in_stock',0,'Botble\\ACL\\Models\\User',NULL,'digital',NULL,NULL,2,0),(50,'Arla Organic Free Range Milk','<ul><li> Unrestrained and portable active stereo speaker</li>\n            <li> Free from the confines of wires and chords</li>\n            <li> 20 hours of portable capabilities</li>\n            <li> Double-ended Coil Cord with 3.5mm Stereo Plugs Included</li>\n            <li> 3/4″ Dome Tweeters: 2X and 4″ Woofer: 1X</li></ul>','<p>Short Hooded Coat features a straight body, large pockets with button flaps, ventilation air holes, and a string detail along the hemline. The style is completed with a drawstring hood, featuring Rains’ signature built-in cap. Made from waterproof, matte PU, this lightweight unisex rain jacket is an ode to nostalgia through its classic silhouette and utilitarian design details.</p>\n                                <p>- Casual unisex fit</p>\n\n                                <p>- 64% polyester, 36% polyurethane</p>\n\n                                <p>- Water column pressure: 4000 mm</p>\n\n                                <p>- Model is 187cm tall and wearing a size S / M</p>\n\n                                <p>- Unisex fit</p>\n\n                                <p>- Drawstring hood with built-in cap</p>\n\n                                <p>- Front placket with snap buttons</p>\n\n                                <p>- Ventilation under armpit</p>\n\n                                <p>- Adjustable cuffs</p>\n\n                                <p>- Double welted front pockets</p>\n\n                                <p>- Adjustable elastic string at hempen</p>\n\n                                <p>- Ultrasonically welded seams</p>\n\n                                <p>This is a unisex item, please check our clothing &amp; footwear sizing guide for specific Rains jacket sizing information. RAINS comes from the rainy nation of Denmark at the edge of the European continent, close to the ocean and with prevailing westerly winds; all factors that contribute to an average of 121 rain days each year. Arising from these rainy weather conditions comes the attitude that a quick rain shower may be beautiful, as well as moody- but first and foremost requires the right outfit. Rains focus on the whole experience of going outside on rainy days, issuing an invitation to explore even in the most mercurial weather.</p>','published','[\"products\\/50.jpg\",\"products\\/50-1.jpg\"]','SW-193-A0',0,16,0,1,0,3,0,0,732,NULL,NULL,NULL,11.00,17.00,20.00,756.00,NULL,46214,'2023-05-28 21:29:55','2023-05-28 21:30:04','in_stock',0,'Botble\\ACL\\Models\\User',NULL,'physical',NULL,NULL,6,0),(51,'Aptamil Follow On Baby Milk','<ul><li> Unrestrained and portable active stereo speaker</li>\n            <li> Free from the confines of wires and chords</li>\n            <li> 20 hours of portable capabilities</li>\n            <li> Double-ended Coil Cord with 3.5mm Stereo Plugs Included</li>\n            <li> 3/4″ Dome Tweeters: 2X and 4″ Woofer: 1X</li></ul>','<p>Short Hooded Coat features a straight body, large pockets with button flaps, ventilation air holes, and a string detail along the hemline. The style is completed with a drawstring hood, featuring Rains’ signature built-in cap. Made from waterproof, matte PU, this lightweight unisex rain jacket is an ode to nostalgia through its classic silhouette and utilitarian design details.</p>\n                                <p>- Casual unisex fit</p>\n\n                                <p>- 64% polyester, 36% polyurethane</p>\n\n                                <p>- Water column pressure: 4000 mm</p>\n\n                                <p>- Model is 187cm tall and wearing a size S / M</p>\n\n                                <p>- Unisex fit</p>\n\n                                <p>- Drawstring hood with built-in cap</p>\n\n                                <p>- Front placket with snap buttons</p>\n\n                                <p>- Ventilation under armpit</p>\n\n                                <p>- Adjustable cuffs</p>\n\n                                <p>- Double welted front pockets</p>\n\n                                <p>- Adjustable elastic string at hempen</p>\n\n                                <p>- Ultrasonically welded seams</p>\n\n                                <p>This is a unisex item, please check our clothing &amp; footwear sizing guide for specific Rains jacket sizing information. RAINS comes from the rainy nation of Denmark at the edge of the European continent, close to the ocean and with prevailing westerly winds; all factors that contribute to an average of 121 rain days each year. Arising from these rainy weather conditions comes the attitude that a quick rain shower may be beautiful, as well as moody- but first and foremost requires the right outfit. Rains focus on the whole experience of going outside on rainy days, issuing an invitation to explore even in the most mercurial weather.</p>','published','[\"products\\/51.jpg\"]','SW-170-A0',0,11,0,1,0,3,0,0,1075,NULL,NULL,NULL,14.00,13.00,13.00,657.00,NULL,72395,'2023-05-28 21:29:55','2023-05-28 21:30:04','in_stock',0,'Botble\\ACL\\Models\\User',NULL,'physical',NULL,NULL,5,0),(52,'Cuisinart Chef’S Classic Hard-Anodized','<ul><li> Unrestrained and portable active stereo speaker</li>\n            <li> Free from the confines of wires and chords</li>\n            <li> 20 hours of portable capabilities</li>\n            <li> Double-ended Coil Cord with 3.5mm Stereo Plugs Included</li>\n            <li> 3/4″ Dome Tweeters: 2X and 4″ Woofer: 1X</li></ul>','<p>Short Hooded Coat features a straight body, large pockets with button flaps, ventilation air holes, and a string detail along the hemline. The style is completed with a drawstring hood, featuring Rains’ signature built-in cap. Made from waterproof, matte PU, this lightweight unisex rain jacket is an ode to nostalgia through its classic silhouette and utilitarian design details.</p>\n                                <p>- Casual unisex fit</p>\n\n                                <p>- 64% polyester, 36% polyurethane</p>\n\n                                <p>- Water column pressure: 4000 mm</p>\n\n                                <p>- Model is 187cm tall and wearing a size S / M</p>\n\n                                <p>- Unisex fit</p>\n\n                                <p>- Drawstring hood with built-in cap</p>\n\n                                <p>- Front placket with snap buttons</p>\n\n                                <p>- Ventilation under armpit</p>\n\n                                <p>- Adjustable cuffs</p>\n\n                                <p>- Double welted front pockets</p>\n\n                                <p>- Adjustable elastic string at hempen</p>\n\n                                <p>- Ultrasonically welded seams</p>\n\n                                <p>This is a unisex item, please check our clothing &amp; footwear sizing guide for specific Rains jacket sizing information. RAINS comes from the rainy nation of Denmark at the edge of the European continent, close to the ocean and with prevailing westerly winds; all factors that contribute to an average of 121 rain days each year. Arising from these rainy weather conditions comes the attitude that a quick rain shower may be beautiful, as well as moody- but first and foremost requires the right outfit. Rains focus on the whole experience of going outside on rainy days, issuing an invitation to explore even in the most mercurial weather.</p>','published','[\"products\\/52.jpg\",\"products\\/52-1.jpg\",\"products\\/52-2.jpg\"]','SW-111-A0',0,10,0,1,0,5,0,0,599,455.24,NULL,NULL,11.00,15.00,19.00,570.00,NULL,6033,'2023-05-28 21:29:55','2023-05-28 21:30:04','in_stock',0,'Botble\\ACL\\Models\\User',NULL,'physical',NULL,NULL,5,0),(53,'Corn, Yellow Sweet (Digital)','<ul><li> Unrestrained and portable active stereo speaker</li>\n            <li> Free from the confines of wires and chords</li>\n            <li> 20 hours of portable capabilities</li>\n            <li> Double-ended Coil Cord with 3.5mm Stereo Plugs Included</li>\n            <li> 3/4″ Dome Tweeters: 2X and 4″ Woofer: 1X</li></ul>','<p>Short Hooded Coat features a straight body, large pockets with button flaps, ventilation air holes, and a string detail along the hemline. The style is completed with a drawstring hood, featuring Rains’ signature built-in cap. Made from waterproof, matte PU, this lightweight unisex rain jacket is an ode to nostalgia through its classic silhouette and utilitarian design details.</p>\n                                <p>- Casual unisex fit</p>\n\n                                <p>- 64% polyester, 36% polyurethane</p>\n\n                                <p>- Water column pressure: 4000 mm</p>\n\n                                <p>- Model is 187cm tall and wearing a size S / M</p>\n\n                                <p>- Unisex fit</p>\n\n                                <p>- Drawstring hood with built-in cap</p>\n\n                                <p>- Front placket with snap buttons</p>\n\n                                <p>- Ventilation under armpit</p>\n\n                                <p>- Adjustable cuffs</p>\n\n                                <p>- Double welted front pockets</p>\n\n                                <p>- Adjustable elastic string at hempen</p>\n\n                                <p>- Ultrasonically welded seams</p>\n\n                                <p>This is a unisex item, please check our clothing &amp; footwear sizing guide for specific Rains jacket sizing information. RAINS comes from the rainy nation of Denmark at the edge of the European continent, close to the ocean and with prevailing westerly winds; all factors that contribute to an average of 121 rain days each year. Arising from these rainy weather conditions comes the attitude that a quick rain shower may be beautiful, as well as moody- but first and foremost requires the right outfit. Rains focus on the whole experience of going outside on rainy days, issuing an invitation to explore even in the most mercurial weather.</p>','published','[\"products\\/53.jpg\",\"products\\/53-1.jpg\"]','SW-198-A0',0,17,0,1,0,5,0,0,961,NULL,NULL,NULL,17.00,20.00,10.00,799.00,NULL,188832,'2023-05-28 21:29:56','2023-05-28 21:30:04','in_stock',0,'Botble\\ACL\\Models\\User',NULL,'digital',NULL,NULL,8,0),(54,'Hobnobs The Nobbly Biscuit','<ul><li> Unrestrained and portable active stereo speaker</li>\n            <li> Free from the confines of wires and chords</li>\n            <li> 20 hours of portable capabilities</li>\n            <li> Double-ended Coil Cord with 3.5mm Stereo Plugs Included</li>\n            <li> 3/4″ Dome Tweeters: 2X and 4″ Woofer: 1X</li></ul>','<p>Short Hooded Coat features a straight body, large pockets with button flaps, ventilation air holes, and a string detail along the hemline. The style is completed with a drawstring hood, featuring Rains’ signature built-in cap. Made from waterproof, matte PU, this lightweight unisex rain jacket is an ode to nostalgia through its classic silhouette and utilitarian design details.</p>\n                                <p>- Casual unisex fit</p>\n\n                                <p>- 64% polyester, 36% polyurethane</p>\n\n                                <p>- Water column pressure: 4000 mm</p>\n\n                                <p>- Model is 187cm tall and wearing a size S / M</p>\n\n                                <p>- Unisex fit</p>\n\n                                <p>- Drawstring hood with built-in cap</p>\n\n                                <p>- Front placket with snap buttons</p>\n\n                                <p>- Ventilation under armpit</p>\n\n                                <p>- Adjustable cuffs</p>\n\n                                <p>- Double welted front pockets</p>\n\n                                <p>- Adjustable elastic string at hempen</p>\n\n                                <p>- Ultrasonically welded seams</p>\n\n                                <p>This is a unisex item, please check our clothing &amp; footwear sizing guide for specific Rains jacket sizing information. RAINS comes from the rainy nation of Denmark at the edge of the European continent, close to the ocean and with prevailing westerly winds; all factors that contribute to an average of 121 rain days each year. Arising from these rainy weather conditions comes the attitude that a quick rain shower may be beautiful, as well as moody- but first and foremost requires the right outfit. Rains focus on the whole experience of going outside on rainy days, issuing an invitation to explore even in the most mercurial weather.</p>','published','[\"products\\/54.jpg\",\"products\\/54-1.jpg\"]','SW-153-A0',0,15,0,1,0,3,0,0,766,NULL,NULL,NULL,13.00,19.00,13.00,711.00,NULL,24226,'2023-05-28 21:29:56','2023-05-28 21:30:04','in_stock',0,'Botble\\ACL\\Models\\User',NULL,'physical',NULL,NULL,7,0),(55,'Honest Organic Still Lemonade','<ul><li> Unrestrained and portable active stereo speaker</li>\n            <li> Free from the confines of wires and chords</li>\n            <li> 20 hours of portable capabilities</li>\n            <li> Double-ended Coil Cord with 3.5mm Stereo Plugs Included</li>\n            <li> 3/4″ Dome Tweeters: 2X and 4″ Woofer: 1X</li></ul>','<p>Short Hooded Coat features a straight body, large pockets with button flaps, ventilation air holes, and a string detail along the hemline. The style is completed with a drawstring hood, featuring Rains’ signature built-in cap. Made from waterproof, matte PU, this lightweight unisex rain jacket is an ode to nostalgia through its classic silhouette and utilitarian design details.</p>\n                                <p>- Casual unisex fit</p>\n\n                                <p>- 64% polyester, 36% polyurethane</p>\n\n                                <p>- Water column pressure: 4000 mm</p>\n\n                                <p>- Model is 187cm tall and wearing a size S / M</p>\n\n                                <p>- Unisex fit</p>\n\n                                <p>- Drawstring hood with built-in cap</p>\n\n                                <p>- Front placket with snap buttons</p>\n\n                                <p>- Ventilation under armpit</p>\n\n                                <p>- Adjustable cuffs</p>\n\n                                <p>- Double welted front pockets</p>\n\n                                <p>- Adjustable elastic string at hempen</p>\n\n                                <p>- Ultrasonically welded seams</p>\n\n                                <p>This is a unisex item, please check our clothing &amp; footwear sizing guide for specific Rains jacket sizing information. RAINS comes from the rainy nation of Denmark at the edge of the European continent, close to the ocean and with prevailing westerly winds; all factors that contribute to an average of 121 rain days each year. Arising from these rainy weather conditions comes the attitude that a quick rain shower may be beautiful, as well as moody- but first and foremost requires the right outfit. Rains focus on the whole experience of going outside on rainy days, issuing an invitation to explore even in the most mercurial weather.</p>','published','[\"products\\/55.jpg\",\"products\\/55-1.jpg\",\"products\\/55-2.jpg\"]','SW-184-A0',0,20,0,1,0,4,0,0,516,NULL,NULL,NULL,16.00,13.00,15.00,779.00,NULL,51844,'2023-05-28 21:29:56','2023-05-28 21:30:04','in_stock',0,'Botble\\ACL\\Models\\User',NULL,'physical',NULL,NULL,7,0),(56,'Ice Beck’s Beer 350ml x 24 Pieces','<ul><li> Unrestrained and portable active stereo speaker</li>\n            <li> Free from the confines of wires and chords</li>\n            <li> 20 hours of portable capabilities</li>\n            <li> Double-ended Coil Cord with 3.5mm Stereo Plugs Included</li>\n            <li> 3/4″ Dome Tweeters: 2X and 4″ Woofer: 1X</li></ul>','<p>Short Hooded Coat features a straight body, large pockets with button flaps, ventilation air holes, and a string detail along the hemline. The style is completed with a drawstring hood, featuring Rains’ signature built-in cap. Made from waterproof, matte PU, this lightweight unisex rain jacket is an ode to nostalgia through its classic silhouette and utilitarian design details.</p>\n                                <p>- Casual unisex fit</p>\n\n                                <p>- 64% polyester, 36% polyurethane</p>\n\n                                <p>- Water column pressure: 4000 mm</p>\n\n                                <p>- Model is 187cm tall and wearing a size S / M</p>\n\n                                <p>- Unisex fit</p>\n\n                                <p>- Drawstring hood with built-in cap</p>\n\n                                <p>- Front placket with snap buttons</p>\n\n                                <p>- Ventilation under armpit</p>\n\n                                <p>- Adjustable cuffs</p>\n\n                                <p>- Double welted front pockets</p>\n\n                                <p>- Adjustable elastic string at hempen</p>\n\n                                <p>- Ultrasonically welded seams</p>\n\n                                <p>This is a unisex item, please check our clothing &amp; footwear sizing guide for specific Rains jacket sizing information. RAINS comes from the rainy nation of Denmark at the edge of the European continent, close to the ocean and with prevailing westerly winds; all factors that contribute to an average of 121 rain days each year. Arising from these rainy weather conditions comes the attitude that a quick rain shower may be beautiful, as well as moody- but first and foremost requires the right outfit. Rains focus on the whole experience of going outside on rainy days, issuing an invitation to explore even in the most mercurial weather.</p>','published','[\"products\\/56.jpg\",\"products\\/56-1.jpg\",\"products\\/56-2.jpg\"]','SW-174-A0',0,13,0,1,0,4,0,0,1026,820.8,NULL,NULL,10.00,10.00,15.00,778.00,NULL,95438,'2023-05-28 21:29:56','2023-05-28 21:30:04','in_stock',0,'Botble\\ACL\\Models\\User',NULL,'physical',NULL,NULL,6,0),(57,'Iceland 6 Hot Cross Buns (Digital)','<ul><li> Unrestrained and portable active stereo speaker</li>\n            <li> Free from the confines of wires and chords</li>\n            <li> 20 hours of portable capabilities</li>\n            <li> Double-ended Coil Cord with 3.5mm Stereo Plugs Included</li>\n            <li> 3/4″ Dome Tweeters: 2X and 4″ Woofer: 1X</li></ul>','<p>Short Hooded Coat features a straight body, large pockets with button flaps, ventilation air holes, and a string detail along the hemline. The style is completed with a drawstring hood, featuring Rains’ signature built-in cap. Made from waterproof, matte PU, this lightweight unisex rain jacket is an ode to nostalgia through its classic silhouette and utilitarian design details.</p>\n                                <p>- Casual unisex fit</p>\n\n                                <p>- 64% polyester, 36% polyurethane</p>\n\n                                <p>- Water column pressure: 4000 mm</p>\n\n                                <p>- Model is 187cm tall and wearing a size S / M</p>\n\n                                <p>- Unisex fit</p>\n\n                                <p>- Drawstring hood with built-in cap</p>\n\n                                <p>- Front placket with snap buttons</p>\n\n                                <p>- Ventilation under armpit</p>\n\n                                <p>- Adjustable cuffs</p>\n\n                                <p>- Double welted front pockets</p>\n\n                                <p>- Adjustable elastic string at hempen</p>\n\n                                <p>- Ultrasonically welded seams</p>\n\n                                <p>This is a unisex item, please check our clothing &amp; footwear sizing guide for specific Rains jacket sizing information. RAINS comes from the rainy nation of Denmark at the edge of the European continent, close to the ocean and with prevailing westerly winds; all factors that contribute to an average of 121 rain days each year. Arising from these rainy weather conditions comes the attitude that a quick rain shower may be beautiful, as well as moody- but first and foremost requires the right outfit. Rains focus on the whole experience of going outside on rainy days, issuing an invitation to explore even in the most mercurial weather.</p>','published','[\"products\\/57.jpg\",\"products\\/57-1.jpg\"]','SW-119-A0',0,17,0,1,0,2,0,0,539,NULL,NULL,NULL,15.00,20.00,15.00,718.00,NULL,144103,'2023-05-28 21:29:56','2023-05-28 21:30:04','in_stock',0,'Botble\\ACL\\Models\\User',NULL,'digital',NULL,NULL,5,0),(58,'Iceland Luxury 4 Panini Rolls','<ul><li> Unrestrained and portable active stereo speaker</li>\n            <li> Free from the confines of wires and chords</li>\n            <li> 20 hours of portable capabilities</li>\n            <li> Double-ended Coil Cord with 3.5mm Stereo Plugs Included</li>\n            <li> 3/4″ Dome Tweeters: 2X and 4″ Woofer: 1X</li></ul>','<p>Short Hooded Coat features a straight body, large pockets with button flaps, ventilation air holes, and a string detail along the hemline. The style is completed with a drawstring hood, featuring Rains’ signature built-in cap. Made from waterproof, matte PU, this lightweight unisex rain jacket is an ode to nostalgia through its classic silhouette and utilitarian design details.</p>\n                                <p>- Casual unisex fit</p>\n\n                                <p>- 64% polyester, 36% polyurethane</p>\n\n                                <p>- Water column pressure: 4000 mm</p>\n\n                                <p>- Model is 187cm tall and wearing a size S / M</p>\n\n                                <p>- Unisex fit</p>\n\n                                <p>- Drawstring hood with built-in cap</p>\n\n                                <p>- Front placket with snap buttons</p>\n\n                                <p>- Ventilation under armpit</p>\n\n                                <p>- Adjustable cuffs</p>\n\n                                <p>- Double welted front pockets</p>\n\n                                <p>- Adjustable elastic string at hempen</p>\n\n                                <p>- Ultrasonically welded seams</p>\n\n                                <p>This is a unisex item, please check our clothing &amp; footwear sizing guide for specific Rains jacket sizing information. RAINS comes from the rainy nation of Denmark at the edge of the European continent, close to the ocean and with prevailing westerly winds; all factors that contribute to an average of 121 rain days each year. Arising from these rainy weather conditions comes the attitude that a quick rain shower may be beautiful, as well as moody- but first and foremost requires the right outfit. Rains focus on the whole experience of going outside on rainy days, issuing an invitation to explore even in the most mercurial weather.</p>','published','[\"products\\/58.jpg\",\"products\\/58-1.jpg\",\"products\\/58-2.jpg\"]','SW-182-A0',0,11,0,1,0,5,0,0,1133,NULL,NULL,NULL,10.00,14.00,18.00,892.00,NULL,26907,'2023-05-28 21:29:56','2023-05-28 21:30:04','in_stock',0,'Botble\\ACL\\Models\\User',NULL,'physical',NULL,NULL,7,0),(59,'Iceland Soft Scoop Vanilla','<ul><li> Unrestrained and portable active stereo speaker</li>\n            <li> Free from the confines of wires and chords</li>\n            <li> 20 hours of portable capabilities</li>\n            <li> Double-ended Coil Cord with 3.5mm Stereo Plugs Included</li>\n            <li> 3/4″ Dome Tweeters: 2X and 4″ Woofer: 1X</li></ul>','<p>Short Hooded Coat features a straight body, large pockets with button flaps, ventilation air holes, and a string detail along the hemline. The style is completed with a drawstring hood, featuring Rains’ signature built-in cap. Made from waterproof, matte PU, this lightweight unisex rain jacket is an ode to nostalgia through its classic silhouette and utilitarian design details.</p>\n                                <p>- Casual unisex fit</p>\n\n                                <p>- 64% polyester, 36% polyurethane</p>\n\n                                <p>- Water column pressure: 4000 mm</p>\n\n                                <p>- Model is 187cm tall and wearing a size S / M</p>\n\n                                <p>- Unisex fit</p>\n\n                                <p>- Drawstring hood with built-in cap</p>\n\n                                <p>- Front placket with snap buttons</p>\n\n                                <p>- Ventilation under armpit</p>\n\n                                <p>- Adjustable cuffs</p>\n\n                                <p>- Double welted front pockets</p>\n\n                                <p>- Adjustable elastic string at hempen</p>\n\n                                <p>- Ultrasonically welded seams</p>\n\n                                <p>This is a unisex item, please check our clothing &amp; footwear sizing guide for specific Rains jacket sizing information. RAINS comes from the rainy nation of Denmark at the edge of the European continent, close to the ocean and with prevailing westerly winds; all factors that contribute to an average of 121 rain days each year. Arising from these rainy weather conditions comes the attitude that a quick rain shower may be beautiful, as well as moody- but first and foremost requires the right outfit. Rains focus on the whole experience of going outside on rainy days, issuing an invitation to explore even in the most mercurial weather.</p>','published','[\"products\\/59.jpg\",\"products\\/59-1.jpg\",\"products\\/59-2.jpg\",\"products\\/59-3.jpg\"]','SW-161-A0',0,16,0,1,0,1,0,0,719,NULL,NULL,NULL,20.00,16.00,12.00,711.00,NULL,8553,'2023-05-28 21:29:56','2023-05-28 21:30:04','in_stock',0,'Botble\\ACL\\Models\\User',NULL,'physical',NULL,NULL,2,0),(60,'Iceland Spaghetti Bolognese','<ul><li> Unrestrained and portable active stereo speaker</li>\n            <li> Free from the confines of wires and chords</li>\n            <li> 20 hours of portable capabilities</li>\n            <li> Double-ended Coil Cord with 3.5mm Stereo Plugs Included</li>\n            <li> 3/4″ Dome Tweeters: 2X and 4″ Woofer: 1X</li></ul>','<p>Short Hooded Coat features a straight body, large pockets with button flaps, ventilation air holes, and a string detail along the hemline. The style is completed with a drawstring hood, featuring Rains’ signature built-in cap. Made from waterproof, matte PU, this lightweight unisex rain jacket is an ode to nostalgia through its classic silhouette and utilitarian design details.</p>\n                                <p>- Casual unisex fit</p>\n\n                                <p>- 64% polyester, 36% polyurethane</p>\n\n                                <p>- Water column pressure: 4000 mm</p>\n\n                                <p>- Model is 187cm tall and wearing a size S / M</p>\n\n                                <p>- Unisex fit</p>\n\n                                <p>- Drawstring hood with built-in cap</p>\n\n                                <p>- Front placket with snap buttons</p>\n\n                                <p>- Ventilation under armpit</p>\n\n                                <p>- Adjustable cuffs</p>\n\n                                <p>- Double welted front pockets</p>\n\n                                <p>- Adjustable elastic string at hempen</p>\n\n                                <p>- Ultrasonically welded seams</p>\n\n                                <p>This is a unisex item, please check our clothing &amp; footwear sizing guide for specific Rains jacket sizing information. RAINS comes from the rainy nation of Denmark at the edge of the European continent, close to the ocean and with prevailing westerly winds; all factors that contribute to an average of 121 rain days each year. Arising from these rainy weather conditions comes the attitude that a quick rain shower may be beautiful, as well as moody- but first and foremost requires the right outfit. Rains focus on the whole experience of going outside on rainy days, issuing an invitation to explore even in the most mercurial weather.</p>','published','[\"products\\/60.jpg\",\"products\\/60-1.jpg\",\"products\\/60-2.jpg\"]','SW-177-A0',0,17,0,1,0,5,0,0,1108,808.84,NULL,NULL,17.00,17.00,12.00,784.00,NULL,23852,'2023-05-28 21:29:56','2023-05-28 21:30:04','in_stock',0,'Botble\\ACL\\Models\\User',NULL,'physical',NULL,NULL,7,0),(61,'Kellogg’s Coco Pops Cereal (Digital)','<ul><li> Unrestrained and portable active stereo speaker</li>\n            <li> Free from the confines of wires and chords</li>\n            <li> 20 hours of portable capabilities</li>\n            <li> Double-ended Coil Cord with 3.5mm Stereo Plugs Included</li>\n            <li> 3/4″ Dome Tweeters: 2X and 4″ Woofer: 1X</li></ul>','<p>Short Hooded Coat features a straight body, large pockets with button flaps, ventilation air holes, and a string detail along the hemline. The style is completed with a drawstring hood, featuring Rains’ signature built-in cap. Made from waterproof, matte PU, this lightweight unisex rain jacket is an ode to nostalgia through its classic silhouette and utilitarian design details.</p>\n                                <p>- Casual unisex fit</p>\n\n                                <p>- 64% polyester, 36% polyurethane</p>\n\n                                <p>- Water column pressure: 4000 mm</p>\n\n                                <p>- Model is 187cm tall and wearing a size S / M</p>\n\n                                <p>- Unisex fit</p>\n\n                                <p>- Drawstring hood with built-in cap</p>\n\n                                <p>- Front placket with snap buttons</p>\n\n                                <p>- Ventilation under armpit</p>\n\n                                <p>- Adjustable cuffs</p>\n\n                                <p>- Double welted front pockets</p>\n\n                                <p>- Adjustable elastic string at hempen</p>\n\n                                <p>- Ultrasonically welded seams</p>\n\n                                <p>This is a unisex item, please check our clothing &amp; footwear sizing guide for specific Rains jacket sizing information. RAINS comes from the rainy nation of Denmark at the edge of the European continent, close to the ocean and with prevailing westerly winds; all factors that contribute to an average of 121 rain days each year. Arising from these rainy weather conditions comes the attitude that a quick rain shower may be beautiful, as well as moody- but first and foremost requires the right outfit. Rains focus on the whole experience of going outside on rainy days, issuing an invitation to explore even in the most mercurial weather.</p>','published','[\"products\\/61.jpg\",\"products\\/61-1.jpg\"]','SW-129-A0',0,19,0,1,0,5,0,0,1260,NULL,NULL,NULL,14.00,10.00,13.00,526.00,NULL,132327,'2023-05-28 21:29:56','2023-05-28 21:30:04','in_stock',0,'Botble\\ACL\\Models\\User',NULL,'digital',NULL,NULL,8,0),(62,'Kit Kat Chunky Milk Chocolate','<ul><li> Unrestrained and portable active stereo speaker</li>\n            <li> Free from the confines of wires and chords</li>\n            <li> 20 hours of portable capabilities</li>\n            <li> Double-ended Coil Cord with 3.5mm Stereo Plugs Included</li>\n            <li> 3/4″ Dome Tweeters: 2X and 4″ Woofer: 1X</li></ul>','<p>Short Hooded Coat features a straight body, large pockets with button flaps, ventilation air holes, and a string detail along the hemline. The style is completed with a drawstring hood, featuring Rains’ signature built-in cap. Made from waterproof, matte PU, this lightweight unisex rain jacket is an ode to nostalgia through its classic silhouette and utilitarian design details.</p>\n                                <p>- Casual unisex fit</p>\n\n                                <p>- 64% polyester, 36% polyurethane</p>\n\n                                <p>- Water column pressure: 4000 mm</p>\n\n                                <p>- Model is 187cm tall and wearing a size S / M</p>\n\n                                <p>- Unisex fit</p>\n\n                                <p>- Drawstring hood with built-in cap</p>\n\n                                <p>- Front placket with snap buttons</p>\n\n                                <p>- Ventilation under armpit</p>\n\n                                <p>- Adjustable cuffs</p>\n\n                                <p>- Double welted front pockets</p>\n\n                                <p>- Adjustable elastic string at hempen</p>\n\n                                <p>- Ultrasonically welded seams</p>\n\n                                <p>This is a unisex item, please check our clothing &amp; footwear sizing guide for specific Rains jacket sizing information. RAINS comes from the rainy nation of Denmark at the edge of the European continent, close to the ocean and with prevailing westerly winds; all factors that contribute to an average of 121 rain days each year. Arising from these rainy weather conditions comes the attitude that a quick rain shower may be beautiful, as well as moody- but first and foremost requires the right outfit. Rains focus on the whole experience of going outside on rainy days, issuing an invitation to explore even in the most mercurial weather.</p>','published','[\"products\\/62.jpg\",\"products\\/62-1.jpg\"]','SW-196-A0',0,20,0,1,0,4,0,0,1231,NULL,NULL,NULL,14.00,11.00,19.00,537.00,NULL,153434,'2023-05-28 21:29:56','2023-05-28 21:30:04','in_stock',0,'Botble\\ACL\\Models\\User',NULL,'physical',NULL,NULL,2,0),(63,'Large Green Bell Pepper','<ul><li> Unrestrained and portable active stereo speaker</li>\n            <li> Free from the confines of wires and chords</li>\n            <li> 20 hours of portable capabilities</li>\n            <li> Double-ended Coil Cord with 3.5mm Stereo Plugs Included</li>\n            <li> 3/4″ Dome Tweeters: 2X and 4″ Woofer: 1X</li></ul>','<p>Short Hooded Coat features a straight body, large pockets with button flaps, ventilation air holes, and a string detail along the hemline. The style is completed with a drawstring hood, featuring Rains’ signature built-in cap. Made from waterproof, matte PU, this lightweight unisex rain jacket is an ode to nostalgia through its classic silhouette and utilitarian design details.</p>\n                                <p>- Casual unisex fit</p>\n\n                                <p>- 64% polyester, 36% polyurethane</p>\n\n                                <p>- Water column pressure: 4000 mm</p>\n\n                                <p>- Model is 187cm tall and wearing a size S / M</p>\n\n                                <p>- Unisex fit</p>\n\n                                <p>- Drawstring hood with built-in cap</p>\n\n                                <p>- Front placket with snap buttons</p>\n\n                                <p>- Ventilation under armpit</p>\n\n                                <p>- Adjustable cuffs</p>\n\n                                <p>- Double welted front pockets</p>\n\n                                <p>- Adjustable elastic string at hempen</p>\n\n                                <p>- Ultrasonically welded seams</p>\n\n                                <p>This is a unisex item, please check our clothing &amp; footwear sizing guide for specific Rains jacket sizing information. RAINS comes from the rainy nation of Denmark at the edge of the European continent, close to the ocean and with prevailing westerly winds; all factors that contribute to an average of 121 rain days each year. Arising from these rainy weather conditions comes the attitude that a quick rain shower may be beautiful, as well as moody- but first and foremost requires the right outfit. Rains focus on the whole experience of going outside on rainy days, issuing an invitation to explore even in the most mercurial weather.</p>','published','[\"products\\/63.jpg\",\"products\\/63-1.jpg\"]','SW-181-A0',0,10,0,1,0,3,0,0,1059,NULL,NULL,NULL,13.00,12.00,15.00,599.00,NULL,151328,'2023-05-28 21:29:56','2023-05-28 21:30:04','in_stock',0,'Botble\\ACL\\Models\\User',NULL,'physical',NULL,NULL,6,0),(64,'Pice 94w Beasley Journal','<ul><li> Unrestrained and portable active stereo speaker</li>\n            <li> Free from the confines of wires and chords</li>\n            <li> 20 hours of portable capabilities</li>\n            <li> Double-ended Coil Cord with 3.5mm Stereo Plugs Included</li>\n            <li> 3/4″ Dome Tweeters: 2X and 4″ Woofer: 1X</li></ul>','<p>Short Hooded Coat features a straight body, large pockets with button flaps, ventilation air holes, and a string detail along the hemline. The style is completed with a drawstring hood, featuring Rains’ signature built-in cap. Made from waterproof, matte PU, this lightweight unisex rain jacket is an ode to nostalgia through its classic silhouette and utilitarian design details.</p>\n                                <p>- Casual unisex fit</p>\n\n                                <p>- 64% polyester, 36% polyurethane</p>\n\n                                <p>- Water column pressure: 4000 mm</p>\n\n                                <p>- Model is 187cm tall and wearing a size S / M</p>\n\n                                <p>- Unisex fit</p>\n\n                                <p>- Drawstring hood with built-in cap</p>\n\n                                <p>- Front placket with snap buttons</p>\n\n                                <p>- Ventilation under armpit</p>\n\n                                <p>- Adjustable cuffs</p>\n\n                                <p>- Double welted front pockets</p>\n\n                                <p>- Adjustable elastic string at hempen</p>\n\n                                <p>- Ultrasonically welded seams</p>\n\n                                <p>This is a unisex item, please check our clothing &amp; footwear sizing guide for specific Rains jacket sizing information. RAINS comes from the rainy nation of Denmark at the edge of the European continent, close to the ocean and with prevailing westerly winds; all factors that contribute to an average of 121 rain days each year. Arising from these rainy weather conditions comes the attitude that a quick rain shower may be beautiful, as well as moody- but first and foremost requires the right outfit. Rains focus on the whole experience of going outside on rainy days, issuing an invitation to explore even in the most mercurial weather.</p>','published','[\"products\\/64.jpg\",\"products\\/64-1.jpg\"]','SW-149-A0',0,19,0,1,0,1,0,0,781,656.04,NULL,NULL,20.00,20.00,11.00,866.00,NULL,158960,'2023-05-28 21:29:56','2023-05-28 21:30:04','in_stock',0,'Botble\\ACL\\Models\\User',NULL,'physical',NULL,NULL,2,0),(65,'Province Piece Glass Drinking Glass (Digital)','<ul><li> Unrestrained and portable active stereo speaker</li>\n            <li> Free from the confines of wires and chords</li>\n            <li> 20 hours of portable capabilities</li>\n            <li> Double-ended Coil Cord with 3.5mm Stereo Plugs Included</li>\n            <li> 3/4″ Dome Tweeters: 2X and 4″ Woofer: 1X</li></ul>','<p>Short Hooded Coat features a straight body, large pockets with button flaps, ventilation air holes, and a string detail along the hemline. The style is completed with a drawstring hood, featuring Rains’ signature built-in cap. Made from waterproof, matte PU, this lightweight unisex rain jacket is an ode to nostalgia through its classic silhouette and utilitarian design details.</p>\n                                <p>- Casual unisex fit</p>\n\n                                <p>- 64% polyester, 36% polyurethane</p>\n\n                                <p>- Water column pressure: 4000 mm</p>\n\n                                <p>- Model is 187cm tall and wearing a size S / M</p>\n\n                                <p>- Unisex fit</p>\n\n                                <p>- Drawstring hood with built-in cap</p>\n\n                                <p>- Front placket with snap buttons</p>\n\n                                <p>- Ventilation under armpit</p>\n\n                                <p>- Adjustable cuffs</p>\n\n                                <p>- Double welted front pockets</p>\n\n                                <p>- Adjustable elastic string at hempen</p>\n\n                                <p>- Ultrasonically welded seams</p>\n\n                                <p>This is a unisex item, please check our clothing &amp; footwear sizing guide for specific Rains jacket sizing information. RAINS comes from the rainy nation of Denmark at the edge of the European continent, close to the ocean and with prevailing westerly winds; all factors that contribute to an average of 121 rain days each year. Arising from these rainy weather conditions comes the attitude that a quick rain shower may be beautiful, as well as moody- but first and foremost requires the right outfit. Rains focus on the whole experience of going outside on rainy days, issuing an invitation to explore even in the most mercurial weather.</p>','published','[\"products\\/65.jpg\",\"products\\/65-1.jpg\",\"products\\/65-2.jpg\"]','SW-188-A0',0,12,0,1,0,3,0,0,927,NULL,NULL,NULL,15.00,17.00,12.00,525.00,NULL,44165,'2023-05-28 21:29:56','2023-05-28 21:30:04','in_stock',0,'Botble\\ACL\\Models\\User',NULL,'digital',NULL,NULL,6,0),(66,'Dual Camera 20MP (Digital)',NULL,NULL,'published','[\"products\\/1.jpg\"]','SW-185-A0',0,16,0,1,0,1,1,0,80.25,NULL,NULL,NULL,17.00,10.00,13.00,852.00,NULL,0,'2023-05-28 21:29:56','2023-05-28 21:30:04','in_stock',0,'Botble\\ACL\\Models\\User',NULL,'digital',NULL,NULL,NULL,0),(67,'Dual Camera 20MP (Digital)',NULL,NULL,'published','[\"products\\/1.jpg\"]','SW-185-A0-A1',0,16,0,1,0,1,1,0,80.25,NULL,NULL,NULL,17.00,10.00,13.00,852.00,NULL,0,'2023-05-28 21:29:56','2023-05-28 21:30:04','in_stock',0,'Botble\\ACL\\Models\\User',NULL,'digital',NULL,NULL,NULL,0),(68,'Dual Camera 20MP (Digital)',NULL,NULL,'published','[\"products\\/1.jpg\"]','SW-185-A0-A2',0,16,0,1,0,1,1,0,80.25,NULL,NULL,NULL,17.00,10.00,13.00,852.00,NULL,0,'2023-05-28 21:29:56','2023-05-28 21:30:04','in_stock',0,'Botble\\ACL\\Models\\User',NULL,'digital',NULL,NULL,NULL,0),(69,'Dual Camera 20MP (Digital)',NULL,NULL,'published','[\"products\\/1.jpg\"]','SW-185-A0-A3',0,16,0,1,0,1,1,0,80.25,NULL,NULL,NULL,17.00,10.00,13.00,852.00,NULL,0,'2023-05-28 21:29:56','2023-05-28 21:30:04','in_stock',0,'Botble\\ACL\\Models\\User',NULL,'digital',NULL,NULL,NULL,0),(70,'Dual Camera 20MP (Digital)',NULL,NULL,'published','[\"products\\/1.jpg\"]','SW-185-A0-A4',0,16,0,1,0,1,1,0,80.25,NULL,NULL,NULL,17.00,10.00,13.00,852.00,NULL,0,'2023-05-28 21:29:56','2023-05-28 21:30:04','in_stock',0,'Botble\\ACL\\Models\\User',NULL,'digital',NULL,NULL,NULL,0),(71,'Smart Watches',NULL,NULL,'published','[\"products\\/2.jpg\"]','SW-149-A0',0,12,0,1,0,5,1,0,40.5,NULL,NULL,NULL,19.00,16.00,11.00,640.00,NULL,0,'2023-05-28 21:29:56','2023-05-28 21:30:04','in_stock',0,'Botble\\ACL\\Models\\User',NULL,'physical',NULL,NULL,NULL,0),(72,'Smart Watches',NULL,NULL,'published','[\"products\\/2-1.jpg\"]','SW-149-A0-A1',0,12,0,1,0,5,1,0,40.5,NULL,NULL,NULL,19.00,16.00,11.00,640.00,NULL,0,'2023-05-28 21:29:56','2023-05-28 21:30:04','in_stock',0,'Botble\\ACL\\Models\\User',NULL,'physical',NULL,NULL,NULL,0),(73,'Beat Headphone',NULL,NULL,'published','[\"products\\/3.jpg\"]','SW-175-A0',0,20,0,1,0,5,1,0,20,NULL,NULL,NULL,12.00,16.00,20.00,718.00,NULL,0,'2023-05-28 21:29:56','2023-05-28 21:30:04','in_stock',0,'Botble\\ACL\\Models\\User',NULL,'physical',NULL,NULL,NULL,0),(74,'Beat Headphone',NULL,NULL,'published','[\"products\\/3.jpg\"]','SW-175-A0-A1',0,20,0,1,0,5,1,0,20,NULL,NULL,NULL,12.00,16.00,20.00,718.00,NULL,0,'2023-05-28 21:29:56','2023-05-28 21:30:04','in_stock',0,'Botble\\ACL\\Models\\User',NULL,'physical',NULL,NULL,NULL,0),(75,'Red & Black Headphone',NULL,NULL,'published','[\"products\\/4.jpg\"]','SW-160-A0',0,18,0,1,0,4,1,0,600,504,NULL,NULL,11.00,17.00,16.00,744.00,NULL,0,'2023-05-28 21:29:56','2023-05-28 21:30:04','in_stock',0,'Botble\\ACL\\Models\\User',NULL,'physical',NULL,NULL,NULL,0),(76,'Smart Watch External (Digital)',NULL,NULL,'published','[\"products\\/5.jpg\"]','SW-116-A0',0,17,0,1,0,4,1,0,736,NULL,NULL,NULL,11.00,14.00,15.00,868.00,NULL,0,'2023-05-28 21:29:56','2023-05-28 21:30:04','in_stock',0,'Botble\\ACL\\Models\\User',NULL,'digital',NULL,NULL,NULL,0),(77,'Smart Watch External (Digital)',NULL,NULL,'published','[\"products\\/5-1.jpg\"]','SW-116-A0-A1',0,17,0,1,0,4,1,0,736,NULL,NULL,NULL,11.00,14.00,15.00,868.00,NULL,0,'2023-05-28 21:29:56','2023-05-28 21:30:04','in_stock',0,'Botble\\ACL\\Models\\User',NULL,'digital',NULL,NULL,NULL,0),(78,'Nikon HD camera',NULL,NULL,'published','[\"products\\/6.jpg\"]','SW-200-A0',0,14,0,1,0,2,1,0,457,NULL,NULL,NULL,11.00,15.00,14.00,863.00,NULL,0,'2023-05-28 21:29:56','2023-05-28 21:30:04','in_stock',0,'Botble\\ACL\\Models\\User',NULL,'physical',NULL,NULL,NULL,0),(79,'Nikon HD camera',NULL,NULL,'published','[\"products\\/6.jpg\"]','SW-200-A0-A1',0,14,0,1,0,2,1,0,457,NULL,NULL,NULL,11.00,15.00,14.00,863.00,NULL,0,'2023-05-28 21:29:56','2023-05-28 21:30:04','in_stock',0,'Botble\\ACL\\Models\\User',NULL,'physical',NULL,NULL,NULL,0),(80,'Nikon HD camera',NULL,NULL,'published','[\"products\\/6.jpg\"]','SW-200-A0-A2',0,14,0,1,0,2,1,0,457,NULL,NULL,NULL,11.00,15.00,14.00,863.00,NULL,0,'2023-05-28 21:29:56','2023-05-28 21:30:04','in_stock',0,'Botble\\ACL\\Models\\User',NULL,'physical',NULL,NULL,NULL,0),(81,'Nikon HD camera',NULL,NULL,'published','[\"products\\/6.jpg\"]','SW-200-A0-A3',0,14,0,1,0,2,1,0,457,NULL,NULL,NULL,11.00,15.00,14.00,863.00,NULL,0,'2023-05-28 21:29:56','2023-05-28 21:30:04','in_stock',0,'Botble\\ACL\\Models\\User',NULL,'physical',NULL,NULL,NULL,0),(82,'Audio Equipment',NULL,NULL,'published','[\"products\\/7.jpg\"]','SW-112-A0',0,11,0,1,0,2,1,0,539,NULL,NULL,NULL,13.00,12.00,13.00,669.00,NULL,0,'2023-05-28 21:29:56','2023-05-28 21:30:04','in_stock',0,'Botble\\ACL\\Models\\User',NULL,'physical',NULL,NULL,NULL,0),(83,'Audio Equipment',NULL,NULL,'published','[\"products\\/7.jpg\"]','SW-112-A0-A1',0,11,0,1,0,2,1,0,539,NULL,NULL,NULL,13.00,12.00,13.00,669.00,NULL,0,'2023-05-28 21:29:56','2023-05-28 21:30:04','in_stock',0,'Botble\\ACL\\Models\\User',NULL,'physical',NULL,NULL,NULL,0),(84,'Smart Televisions',NULL,NULL,'published','[\"products\\/8.jpg\"]','SW-129-A0',0,14,0,1,0,3,1,0,1211,1089.9,NULL,NULL,15.00,10.00,16.00,845.00,NULL,0,'2023-05-28 21:29:56','2023-05-28 21:30:04','in_stock',0,'Botble\\ACL\\Models\\User',NULL,'physical',NULL,NULL,NULL,0),(85,'Smart Televisions',NULL,NULL,'published','[\"products\\/8-1.jpg\"]','SW-129-A0-A1',0,14,0,1,0,3,1,0,1211,1041.46,NULL,NULL,15.00,10.00,16.00,845.00,NULL,0,'2023-05-28 21:29:56','2023-05-28 21:30:04','in_stock',0,'Botble\\ACL\\Models\\User',NULL,'physical',NULL,NULL,NULL,0),(86,'Smart Televisions',NULL,NULL,'published','[\"products\\/8-2.jpg\"]','SW-129-A0-A2',0,14,0,1,0,3,1,0,1211,908.25,NULL,NULL,15.00,10.00,16.00,845.00,NULL,0,'2023-05-28 21:29:56','2023-05-28 21:30:04','in_stock',0,'Botble\\ACL\\Models\\User',NULL,'physical',NULL,NULL,NULL,0),(87,'Samsung Smart Phone (Digital)',NULL,NULL,'published','[\"products\\/9.jpg\"]','SW-160-A0',0,20,0,1,0,4,1,0,522,NULL,NULL,NULL,16.00,14.00,18.00,677.00,NULL,0,'2023-05-28 21:29:56','2023-05-28 21:30:04','in_stock',0,'Botble\\ACL\\Models\\User',NULL,'digital',NULL,NULL,NULL,0),(88,'Samsung Smart Phone (Digital)',NULL,NULL,'published','[\"products\\/9-1.jpg\"]','SW-160-A0-A1',0,20,0,1,0,4,1,0,522,NULL,NULL,NULL,16.00,14.00,18.00,677.00,NULL,0,'2023-05-28 21:29:56','2023-05-28 21:30:04','in_stock',0,'Botble\\ACL\\Models\\User',NULL,'digital',NULL,NULL,NULL,0),(89,'Samsung Smart Phone (Digital)',NULL,NULL,'published','[\"products\\/9-2.jpg\"]','SW-160-A0-A2',0,20,0,1,0,4,1,0,522,NULL,NULL,NULL,16.00,14.00,18.00,677.00,NULL,0,'2023-05-28 21:29:56','2023-05-28 21:30:04','in_stock',0,'Botble\\ACL\\Models\\User',NULL,'digital',NULL,NULL,NULL,0),(90,'Herschel Leather Duffle Bag In Brown Color',NULL,NULL,'published','[\"products\\/10.jpg\"]','SW-147-A0',0,17,0,1,0,5,1,0,1126,NULL,NULL,NULL,11.00,17.00,17.00,565.00,NULL,0,'2023-05-28 21:29:56','2023-05-28 21:30:04','in_stock',0,'Botble\\ACL\\Models\\User',NULL,'physical',NULL,NULL,NULL,0),(91,'Herschel Leather Duffle Bag In Brown Color',NULL,NULL,'published','[\"products\\/10-1.jpg\"]','SW-147-A0-A1',0,17,0,1,0,5,1,0,1126,NULL,NULL,NULL,11.00,17.00,17.00,565.00,NULL,0,'2023-05-28 21:29:56','2023-05-28 21:30:04','in_stock',0,'Botble\\ACL\\Models\\User',NULL,'physical',NULL,NULL,NULL,0),(92,'Herschel Leather Duffle Bag In Brown Color',NULL,NULL,'published','[\"products\\/10-2.jpg\"]','SW-147-A0-A2',0,17,0,1,0,5,1,0,1126,NULL,NULL,NULL,11.00,17.00,17.00,565.00,NULL,0,'2023-05-28 21:29:56','2023-05-28 21:30:04','in_stock',0,'Botble\\ACL\\Models\\User',NULL,'physical',NULL,NULL,NULL,0),(93,'Herschel Leather Duffle Bag In Brown Color',NULL,NULL,'published','[\"products\\/10.jpg\"]','SW-147-A0-A3',0,17,0,1,0,5,1,0,1126,NULL,NULL,NULL,11.00,17.00,17.00,565.00,NULL,0,'2023-05-28 21:29:56','2023-05-28 21:30:04','in_stock',0,'Botble\\ACL\\Models\\User',NULL,'physical',NULL,NULL,NULL,0),(94,'Xbox One Wireless Controller Black Color',NULL,NULL,'published','[\"products\\/11.jpg\"]','SW-174-A0',0,18,0,1,0,3,1,0,1281,NULL,NULL,NULL,16.00,14.00,14.00,568.00,NULL,0,'2023-05-28 21:29:56','2023-05-28 21:30:04','in_stock',0,'Botble\\ACL\\Models\\User',NULL,'physical',NULL,NULL,NULL,0),(95,'Xbox One Wireless Controller Black Color',NULL,NULL,'published','[\"products\\/11-1.jpg\"]','SW-174-A0-A1',0,18,0,1,0,3,1,0,1281,NULL,NULL,NULL,16.00,14.00,14.00,568.00,NULL,0,'2023-05-28 21:29:56','2023-05-28 21:30:04','in_stock',0,'Botble\\ACL\\Models\\User',NULL,'physical',NULL,NULL,NULL,0),(96,'Xbox One Wireless Controller Black Color',NULL,NULL,'published','[\"products\\/11-2.jpg\"]','SW-174-A0-A2',0,18,0,1,0,3,1,0,1281,NULL,NULL,NULL,16.00,14.00,14.00,568.00,NULL,0,'2023-05-28 21:29:56','2023-05-28 21:30:04','in_stock',0,'Botble\\ACL\\Models\\User',NULL,'physical',NULL,NULL,NULL,0),(97,'EPSION Plaster Printer',NULL,NULL,'published','[\"products\\/12.jpg\"]','SW-142-A0',0,20,0,1,0,4,1,0,591,525.99,NULL,NULL,16.00,13.00,17.00,636.00,NULL,0,'2023-05-28 21:29:56','2023-05-28 21:30:04','in_stock',0,'Botble\\ACL\\Models\\User',NULL,'physical',NULL,NULL,NULL,0),(98,'EPSION Plaster Printer',NULL,NULL,'published','[\"products\\/12-1.jpg\"]','SW-142-A0-A1',0,20,0,1,0,4,1,0,591,520.08,NULL,NULL,16.00,13.00,17.00,636.00,NULL,0,'2023-05-28 21:29:56','2023-05-28 21:30:04','in_stock',0,'Botble\\ACL\\Models\\User',NULL,'physical',NULL,NULL,NULL,0),(99,'EPSION Plaster Printer',NULL,NULL,'published','[\"products\\/12-2.jpg\"]','SW-142-A0-A2',0,20,0,1,0,4,1,0,591,484.62,NULL,NULL,16.00,13.00,17.00,636.00,NULL,0,'2023-05-28 21:29:57','2023-05-28 21:30:04','in_stock',0,'Botble\\ACL\\Models\\User',NULL,'physical',NULL,NULL,NULL,0),(100,'Sound Intone I65 Earphone White Version (Digital)',NULL,NULL,'published','[\"products\\/13.jpg\"]','SW-102-A0',0,20,0,1,0,1,1,0,553,NULL,NULL,NULL,17.00,14.00,15.00,888.00,NULL,0,'2023-05-28 21:29:57','2023-05-28 21:30:04','in_stock',0,'Botble\\ACL\\Models\\User',NULL,'digital',NULL,NULL,NULL,0),(101,'B&O Play Mini Bluetooth Speaker',NULL,NULL,'published','[\"products\\/14.jpg\"]','SW-147-A0',0,11,0,1,0,2,1,0,545,NULL,NULL,NULL,17.00,18.00,12.00,746.00,NULL,0,'2023-05-28 21:29:57','2023-05-28 21:30:04','in_stock',0,'Botble\\ACL\\Models\\User',NULL,'physical',NULL,NULL,NULL,0),(102,'B&O Play Mini Bluetooth Speaker',NULL,NULL,'published','[\"products\\/14.jpg\"]','SW-147-A0-A1',0,11,0,1,0,2,1,0,545,NULL,NULL,NULL,17.00,18.00,12.00,746.00,NULL,0,'2023-05-28 21:29:57','2023-05-28 21:30:04','in_stock',0,'Botble\\ACL\\Models\\User',NULL,'physical',NULL,NULL,NULL,0),(103,'B&O Play Mini Bluetooth Speaker',NULL,NULL,'published','[\"products\\/14.jpg\"]','SW-147-A0-A2',0,11,0,1,0,2,1,0,545,NULL,NULL,NULL,17.00,18.00,12.00,746.00,NULL,0,'2023-05-28 21:29:57','2023-05-28 21:30:04','in_stock',0,'Botble\\ACL\\Models\\User',NULL,'physical',NULL,NULL,NULL,0),(104,'Apple MacBook Air Retina 13.3-Inch Laptop',NULL,NULL,'published','[\"products\\/15.jpg\"]','SW-104-A0',0,17,0,1,0,5,1,0,596,NULL,NULL,NULL,17.00,14.00,18.00,612.00,NULL,0,'2023-05-28 21:29:57','2023-05-28 21:30:04','in_stock',0,'Botble\\ACL\\Models\\User',NULL,'physical',NULL,NULL,NULL,0),(105,'Apple MacBook Air Retina 13.3-Inch Laptop',NULL,NULL,'published','[\"products\\/15-1.jpg\"]','SW-104-A0-A1',0,17,0,1,0,5,1,0,596,NULL,NULL,NULL,17.00,14.00,18.00,612.00,NULL,0,'2023-05-28 21:29:57','2023-05-28 21:30:04','in_stock',0,'Botble\\ACL\\Models\\User',NULL,'physical',NULL,NULL,NULL,0),(106,'Apple MacBook Air Retina 12-Inch Laptop',NULL,NULL,'published','[\"products\\/16.jpg\"]','SW-154-A0',0,19,0,1,0,4,1,0,541,438.21,NULL,NULL,20.00,19.00,20.00,590.00,NULL,0,'2023-05-28 21:29:57','2023-05-28 21:30:04','in_stock',0,'Botble\\ACL\\Models\\User',NULL,'physical',NULL,NULL,NULL,0),(107,'Samsung Gear VR Virtual Reality Headset (Digital)',NULL,NULL,'published','[\"products\\/17.jpg\"]','SW-150-A0',0,10,0,1,0,2,1,0,590,NULL,NULL,NULL,13.00,13.00,18.00,829.00,NULL,0,'2023-05-28 21:29:57','2023-05-28 21:30:04','in_stock',0,'Botble\\ACL\\Models\\User',NULL,'digital',NULL,NULL,NULL,0),(108,'Samsung Gear VR Virtual Reality Headset (Digital)',NULL,NULL,'published','[\"products\\/17-1.jpg\"]','SW-150-A0-A1',0,10,0,1,0,2,1,0,590,NULL,NULL,NULL,13.00,13.00,18.00,829.00,NULL,0,'2023-05-28 21:29:57','2023-05-28 21:30:04','in_stock',0,'Botble\\ACL\\Models\\User',NULL,'digital',NULL,NULL,NULL,0),(109,'Aveeno Moisturizing Body Shower 450ml',NULL,NULL,'published','[\"products\\/18.jpg\"]','SW-131-A0',0,11,0,1,0,4,1,0,1267,NULL,NULL,NULL,19.00,16.00,11.00,618.00,NULL,0,'2023-05-28 21:29:57','2023-05-28 21:30:04','in_stock',0,'Botble\\ACL\\Models\\User',NULL,'physical',NULL,NULL,NULL,0),(110,'Aveeno Moisturizing Body Shower 450ml',NULL,NULL,'published','[\"products\\/18-1.jpg\"]','SW-131-A0-A1',0,11,0,1,0,4,1,0,1267,NULL,NULL,NULL,19.00,16.00,11.00,618.00,NULL,0,'2023-05-28 21:29:57','2023-05-28 21:30:04','in_stock',0,'Botble\\ACL\\Models\\User',NULL,'physical',NULL,NULL,NULL,0),(111,'Aveeno Moisturizing Body Shower 450ml',NULL,NULL,'published','[\"products\\/18-2.jpg\"]','SW-131-A0-A2',0,11,0,1,0,4,1,0,1267,NULL,NULL,NULL,19.00,16.00,11.00,618.00,NULL,0,'2023-05-28 21:29:57','2023-05-28 21:30:04','in_stock',0,'Botble\\ACL\\Models\\User',NULL,'physical',NULL,NULL,NULL,0),(112,'NYX Beauty Couton Pallete Makeup 12',NULL,NULL,'published','[\"products\\/19.jpg\"]','SW-162-A0',0,20,0,1,0,1,1,0,1193,NULL,NULL,NULL,10.00,17.00,12.00,737.00,NULL,0,'2023-05-28 21:29:57','2023-05-28 21:30:04','in_stock',0,'Botble\\ACL\\Models\\User',NULL,'physical',NULL,NULL,NULL,0),(113,'NYX Beauty Couton Pallete Makeup 12',NULL,NULL,'published','[\"products\\/19-1.jpg\"]','SW-162-A0-A1',0,20,0,1,0,1,1,0,1193,NULL,NULL,NULL,10.00,17.00,12.00,737.00,NULL,0,'2023-05-28 21:29:57','2023-05-28 21:30:04','in_stock',0,'Botble\\ACL\\Models\\User',NULL,'physical',NULL,NULL,NULL,0),(114,'NYX Beauty Couton Pallete Makeup 12',NULL,NULL,'published','[\"products\\/19-2.jpg\"]','SW-162-A0-A2',0,20,0,1,0,1,1,0,1193,NULL,NULL,NULL,10.00,17.00,12.00,737.00,NULL,0,'2023-05-28 21:29:57','2023-05-28 21:30:04','in_stock',0,'Botble\\ACL\\Models\\User',NULL,'physical',NULL,NULL,NULL,0),(115,'NYX Beauty Couton Pallete Makeup 12',NULL,NULL,'published','[\"products\\/19-3.jpg\"]','SW-162-A0-A3',0,20,0,1,0,1,1,0,1193,NULL,NULL,NULL,10.00,17.00,12.00,737.00,NULL,0,'2023-05-28 21:29:57','2023-05-28 21:30:04','in_stock',0,'Botble\\ACL\\Models\\User',NULL,'physical',NULL,NULL,NULL,0),(116,'NYX Beauty Couton Pallete Makeup 12',NULL,NULL,'published','[\"products\\/20.jpg\"]','SW-161-A0',0,16,0,1,0,5,1,0,785,690.8,NULL,NULL,14.00,13.00,13.00,660.00,NULL,0,'2023-05-28 21:29:57','2023-05-28 21:30:04','in_stock',0,'Botble\\ACL\\Models\\User',NULL,'physical',NULL,NULL,NULL,0),(117,'NYX Beauty Couton Pallete Makeup 12',NULL,NULL,'published','[\"products\\/20-1.jpg\"]','SW-161-A0-A1',0,16,0,1,0,5,1,0,785,628,NULL,NULL,14.00,13.00,13.00,660.00,NULL,0,'2023-05-28 21:29:57','2023-05-28 21:30:04','in_stock',0,'Botble\\ACL\\Models\\User',NULL,'physical',NULL,NULL,NULL,0),(118,'NYX Beauty Couton Pallete Makeup 12',NULL,NULL,'published','[\"products\\/20-2.jpg\"]','SW-161-A0-A2',0,16,0,1,0,5,1,0,785,612.3,NULL,NULL,14.00,13.00,13.00,660.00,NULL,0,'2023-05-28 21:29:57','2023-05-28 21:30:04','in_stock',0,'Botble\\ACL\\Models\\User',NULL,'physical',NULL,NULL,NULL,0),(119,'MVMTH Classical Leather Watch In Black (Digital)',NULL,NULL,'published','[\"products\\/21.jpg\"]','SW-126-A0',0,14,0,1,0,4,1,0,753,NULL,NULL,NULL,11.00,13.00,12.00,647.00,NULL,0,'2023-05-28 21:29:57','2023-05-28 21:30:04','in_stock',0,'Botble\\ACL\\Models\\User',NULL,'digital',NULL,NULL,NULL,0),(120,'Baxter Care Hair Kit For Bearded Mens',NULL,NULL,'published','[\"products\\/22.jpg\"]','SW-104-A0',0,14,0,1,0,3,1,0,620,NULL,NULL,NULL,12.00,19.00,16.00,607.00,NULL,0,'2023-05-28 21:29:57','2023-05-28 21:30:04','in_stock',0,'Botble\\ACL\\Models\\User',NULL,'physical',NULL,NULL,NULL,0),(121,'Baxter Care Hair Kit For Bearded Mens',NULL,NULL,'published','[\"products\\/22-1.jpg\"]','SW-104-A0-A1',0,14,0,1,0,3,1,0,620,NULL,NULL,NULL,12.00,19.00,16.00,607.00,NULL,0,'2023-05-28 21:29:57','2023-05-28 21:30:04','in_stock',0,'Botble\\ACL\\Models\\User',NULL,'physical',NULL,NULL,NULL,0),(122,'Baxter Care Hair Kit For Bearded Mens',NULL,NULL,'published','[\"products\\/22-2.jpg\"]','SW-104-A0-A2',0,14,0,1,0,3,1,0,620,NULL,NULL,NULL,12.00,19.00,16.00,607.00,NULL,0,'2023-05-28 21:29:57','2023-05-28 21:30:04','in_stock',0,'Botble\\ACL\\Models\\User',NULL,'physical',NULL,NULL,NULL,0),(123,'Baxter Care Hair Kit For Bearded Mens',NULL,NULL,'published','[\"products\\/22-3.jpg\"]','SW-104-A0-A3',0,14,0,1,0,3,1,0,620,NULL,NULL,NULL,12.00,19.00,16.00,607.00,NULL,0,'2023-05-28 21:29:57','2023-05-28 21:30:04','in_stock',0,'Botble\\ACL\\Models\\User',NULL,'physical',NULL,NULL,NULL,0),(124,'Ciate Palemore Lipstick Bold Red Color',NULL,NULL,'published','[\"products\\/23.jpg\"]','SW-139-A0',0,19,0,1,0,2,1,0,1172,NULL,NULL,NULL,12.00,11.00,10.00,656.00,NULL,0,'2023-05-28 21:29:57','2023-05-28 21:30:04','in_stock',0,'Botble\\ACL\\Models\\User',NULL,'physical',NULL,NULL,NULL,0),(125,'Ciate Palemore Lipstick Bold Red Color',NULL,NULL,'published','[\"products\\/23-1.jpg\"]','SW-139-A0-A1',0,19,0,1,0,2,1,0,1172,NULL,NULL,NULL,12.00,11.00,10.00,656.00,NULL,0,'2023-05-28 21:29:57','2023-05-28 21:30:04','in_stock',0,'Botble\\ACL\\Models\\User',NULL,'physical',NULL,NULL,NULL,0),(126,'Vimto Squash Remix Apple 1.5 Litres',NULL,NULL,'published','[\"products\\/24.jpg\"]','SW-121-A0',0,17,0,1,0,2,1,0,599,521.13,NULL,NULL,12.00,14.00,11.00,616.00,NULL,0,'2023-05-28 21:29:57','2023-05-28 21:30:04','in_stock',0,'Botble\\ACL\\Models\\User',NULL,'physical',NULL,NULL,NULL,0),(127,'Vimto Squash Remix Apple 1.5 Litres',NULL,NULL,'published','[\"products\\/24-1.jpg\"]','SW-121-A0-A1',0,17,0,1,0,2,1,0,599,515.14,NULL,NULL,12.00,14.00,11.00,616.00,NULL,0,'2023-05-28 21:29:57','2023-05-28 21:30:04','in_stock',0,'Botble\\ACL\\Models\\User',NULL,'physical',NULL,NULL,NULL,0),(128,'Vimto Squash Remix Apple 1.5 Litres',NULL,NULL,'published','[\"products\\/24-2.jpg\"]','SW-121-A0-A2',0,17,0,1,0,2,1,0,599,473.21,NULL,NULL,12.00,14.00,11.00,616.00,NULL,0,'2023-05-28 21:29:57','2023-05-28 21:30:04','in_stock',0,'Botble\\ACL\\Models\\User',NULL,'physical',NULL,NULL,NULL,0),(129,'Crock Pot Slow Cooker (Digital)',NULL,NULL,'published','[\"products\\/25.jpg\"]','SW-146-A0',0,11,0,1,0,3,1,0,825,NULL,NULL,NULL,18.00,16.00,14.00,766.00,NULL,0,'2023-05-28 21:29:57','2023-05-28 21:30:04','in_stock',0,'Botble\\ACL\\Models\\User',NULL,'digital',NULL,NULL,NULL,0),(130,'Crock Pot Slow Cooker (Digital)',NULL,NULL,'published','[\"products\\/25-1.jpg\"]','SW-146-A0-A1',0,11,0,1,0,3,1,0,825,NULL,NULL,NULL,18.00,16.00,14.00,766.00,NULL,0,'2023-05-28 21:29:57','2023-05-28 21:30:04','in_stock',0,'Botble\\ACL\\Models\\User',NULL,'digital',NULL,NULL,NULL,0),(131,'Taylors of Harrogate Yorkshire Coffee',NULL,NULL,'published','[\"products\\/26.jpg\"]','SW-115-A0',0,15,0,1,0,3,1,0,1006,NULL,NULL,NULL,13.00,13.00,18.00,613.00,NULL,0,'2023-05-28 21:29:57','2023-05-28 21:30:04','in_stock',0,'Botble\\ACL\\Models\\User',NULL,'physical',NULL,NULL,NULL,0),(132,'Taylors of Harrogate Yorkshire Coffee',NULL,NULL,'published','[\"products\\/26-1.jpg\"]','SW-115-A0-A1',0,15,0,1,0,3,1,0,1006,NULL,NULL,NULL,13.00,13.00,18.00,613.00,NULL,0,'2023-05-28 21:29:57','2023-05-28 21:30:04','in_stock',0,'Botble\\ACL\\Models\\User',NULL,'physical',NULL,NULL,NULL,0),(133,'Soft Mochi & Galeto Ice Cream',NULL,NULL,'published','[\"products\\/27.jpg\"]','SW-149-A0',0,18,0,1,0,3,1,0,1291,NULL,NULL,NULL,12.00,13.00,16.00,755.00,NULL,0,'2023-05-28 21:29:57','2023-05-28 21:30:04','in_stock',0,'Botble\\ACL\\Models\\User',NULL,'physical',NULL,NULL,NULL,0),(134,'Soft Mochi & Galeto Ice Cream',NULL,NULL,'published','[\"products\\/27-1.jpg\"]','SW-149-A0-A1',0,18,0,1,0,3,1,0,1291,NULL,NULL,NULL,12.00,13.00,16.00,755.00,NULL,0,'2023-05-28 21:29:57','2023-05-28 21:30:04','in_stock',0,'Botble\\ACL\\Models\\User',NULL,'physical',NULL,NULL,NULL,0),(135,'Soft Mochi & Galeto Ice Cream',NULL,NULL,'published','[\"products\\/27.jpg\"]','SW-149-A0-A2',0,18,0,1,0,3,1,0,1291,NULL,NULL,NULL,12.00,13.00,16.00,755.00,NULL,0,'2023-05-28 21:29:57','2023-05-28 21:30:04','in_stock',0,'Botble\\ACL\\Models\\User',NULL,'physical',NULL,NULL,NULL,0),(136,'Naked Noodle Egg Noodles Singapore',NULL,NULL,'published','[\"products\\/28.jpg\"]','SW-173-A0',0,10,0,1,0,2,1,0,732,556.32,NULL,NULL,16.00,17.00,15.00,810.00,NULL,0,'2023-05-28 21:29:57','2023-05-28 21:30:04','in_stock',0,'Botble\\ACL\\Models\\User',NULL,'physical',NULL,NULL,NULL,0),(137,'Naked Noodle Egg Noodles Singapore',NULL,NULL,'published','[\"products\\/28-1.jpg\"]','SW-173-A0-A1',0,10,0,1,0,2,1,0,732,600.24,NULL,NULL,16.00,17.00,15.00,810.00,NULL,0,'2023-05-28 21:29:57','2023-05-28 21:30:04','in_stock',0,'Botble\\ACL\\Models\\User',NULL,'physical',NULL,NULL,NULL,0),(138,'Naked Noodle Egg Noodles Singapore',NULL,NULL,'published','[\"products\\/28-2.jpg\"]','SW-173-A0-A2',0,10,0,1,0,2,1,0,732,651.48,NULL,NULL,16.00,17.00,15.00,810.00,NULL,0,'2023-05-28 21:29:57','2023-05-28 21:30:04','in_stock',0,'Botble\\ACL\\Models\\User',NULL,'physical',NULL,NULL,NULL,0),(139,'Saute Pan Silver (Digital)',NULL,NULL,'published','[\"products\\/29.jpg\"]','SW-160-A0',0,11,0,1,0,5,1,0,829,NULL,NULL,NULL,12.00,16.00,16.00,848.00,NULL,0,'2023-05-28 21:29:57','2023-05-28 21:30:04','in_stock',0,'Botble\\ACL\\Models\\User',NULL,'digital',NULL,NULL,NULL,0),(140,'Saute Pan Silver (Digital)',NULL,NULL,'published','[\"products\\/29-1.jpg\"]','SW-160-A0-A1',0,11,0,1,0,5,1,0,829,NULL,NULL,NULL,12.00,16.00,16.00,848.00,NULL,0,'2023-05-28 21:29:57','2023-05-28 21:30:04','in_stock',0,'Botble\\ACL\\Models\\User',NULL,'digital',NULL,NULL,NULL,0),(141,'Saute Pan Silver (Digital)',NULL,NULL,'published','[\"products\\/29-2.jpg\"]','SW-160-A0-A2',0,11,0,1,0,5,1,0,829,NULL,NULL,NULL,12.00,16.00,16.00,848.00,NULL,0,'2023-05-28 21:29:58','2023-05-28 21:30:04','in_stock',0,'Botble\\ACL\\Models\\User',NULL,'digital',NULL,NULL,NULL,0),(142,'Bar S – Classic Bun Length Franks',NULL,NULL,'published','[\"products\\/30.jpg\"]','SW-110-A0',0,10,0,1,0,5,1,0,891,NULL,NULL,NULL,20.00,12.00,10.00,853.00,NULL,0,'2023-05-28 21:29:58','2023-05-28 21:30:04','in_stock',0,'Botble\\ACL\\Models\\User',NULL,'physical',NULL,NULL,NULL,0),(143,'Bar S – Classic Bun Length Franks',NULL,NULL,'published','[\"products\\/30-1.jpg\"]','SW-110-A0-A1',0,10,0,1,0,5,1,0,891,NULL,NULL,NULL,20.00,12.00,10.00,853.00,NULL,0,'2023-05-28 21:29:58','2023-05-28 21:30:04','in_stock',0,'Botble\\ACL\\Models\\User',NULL,'physical',NULL,NULL,NULL,0),(144,'Broccoli Crowns',NULL,NULL,'published','[\"products\\/31.jpg\"]','SW-155-A0',0,14,0,1,0,2,1,0,1105,NULL,NULL,NULL,16.00,15.00,10.00,672.00,NULL,0,'2023-05-28 21:29:58','2023-05-28 21:30:04','in_stock',0,'Botble\\ACL\\Models\\User',NULL,'physical',NULL,NULL,NULL,0),(145,'Broccoli Crowns',NULL,NULL,'published','[\"products\\/31-1.jpg\"]','SW-155-A0-A1',0,14,0,1,0,2,1,0,1105,NULL,NULL,NULL,16.00,15.00,10.00,672.00,NULL,0,'2023-05-28 21:29:58','2023-05-28 21:30:04','in_stock',0,'Botble\\ACL\\Models\\User',NULL,'physical',NULL,NULL,NULL,0),(146,'Broccoli Crowns',NULL,NULL,'published','[\"products\\/31.jpg\"]','SW-155-A0-A2',0,14,0,1,0,2,1,0,1105,NULL,NULL,NULL,16.00,15.00,10.00,672.00,NULL,0,'2023-05-28 21:29:58','2023-05-28 21:30:04','in_stock',0,'Botble\\ACL\\Models\\User',NULL,'physical',NULL,NULL,NULL,0),(147,'Broccoli Crowns',NULL,NULL,'published','[\"products\\/31.jpg\"]','SW-155-A0-A3',0,14,0,1,0,2,1,0,1105,NULL,NULL,NULL,16.00,15.00,10.00,672.00,NULL,0,'2023-05-28 21:29:58','2023-05-28 21:30:04','in_stock',0,'Botble\\ACL\\Models\\User',NULL,'physical',NULL,NULL,NULL,0),(148,'Slimming World Vegan Mac Greens',NULL,NULL,'published','[\"products\\/32.jpg\"]','SW-179-A0',0,13,0,1,0,3,1,0,1245,1020.9,NULL,NULL,10.00,10.00,13.00,725.00,NULL,0,'2023-05-28 21:29:58','2023-05-28 21:30:04','in_stock',0,'Botble\\ACL\\Models\\User',NULL,'physical',NULL,NULL,NULL,0),(149,'Häagen-Dazs Salted Caramel (Digital)',NULL,NULL,'published','[\"products\\/33.jpg\"]','SW-126-A0',0,17,0,1,0,3,1,0,598,NULL,NULL,NULL,20.00,20.00,20.00,557.00,NULL,0,'2023-05-28 21:29:58','2023-05-28 21:30:04','in_stock',0,'Botble\\ACL\\Models\\User',NULL,'digital',NULL,NULL,NULL,0),(150,'Häagen-Dazs Salted Caramel (Digital)',NULL,NULL,'published','[\"products\\/33-1.jpg\"]','SW-126-A0-A1',0,17,0,1,0,3,1,0,598,NULL,NULL,NULL,20.00,20.00,20.00,557.00,NULL,0,'2023-05-28 21:29:58','2023-05-28 21:30:04','in_stock',0,'Botble\\ACL\\Models\\User',NULL,'digital',NULL,NULL,NULL,0),(151,'Häagen-Dazs Salted Caramel (Digital)',NULL,NULL,'published','[\"products\\/33-2.jpg\"]','SW-126-A0-A2',0,17,0,1,0,3,1,0,598,NULL,NULL,NULL,20.00,20.00,20.00,557.00,NULL,0,'2023-05-28 21:29:58','2023-05-28 21:30:04','in_stock',0,'Botble\\ACL\\Models\\User',NULL,'digital',NULL,NULL,NULL,0),(152,'Häagen-Dazs Salted Caramel (Digital)',NULL,NULL,'published','[\"products\\/33.jpg\"]','SW-126-A0-A3',0,17,0,1,0,3,1,0,598,NULL,NULL,NULL,20.00,20.00,20.00,557.00,NULL,0,'2023-05-28 21:29:58','2023-05-28 21:30:04','in_stock',0,'Botble\\ACL\\Models\\User',NULL,'digital',NULL,NULL,NULL,0),(153,'Häagen-Dazs Salted Caramel (Digital)',NULL,NULL,'published','[\"products\\/33.jpg\"]','SW-126-A0-A4',0,17,0,1,0,3,1,0,598,NULL,NULL,NULL,20.00,20.00,20.00,557.00,NULL,0,'2023-05-28 21:29:58','2023-05-28 21:30:04','in_stock',0,'Botble\\ACL\\Models\\User',NULL,'digital',NULL,NULL,NULL,0),(154,'Iceland 3 Solo Exotic Burst',NULL,NULL,'published','[\"products\\/34.jpg\"]','SW-167-A0',0,12,0,1,0,4,1,0,984,NULL,NULL,NULL,18.00,15.00,15.00,720.00,NULL,0,'2023-05-28 21:29:58','2023-05-28 21:30:04','in_stock',0,'Botble\\ACL\\Models\\User',NULL,'physical',NULL,NULL,NULL,0),(155,'Iceland 3 Solo Exotic Burst',NULL,NULL,'published','[\"products\\/34-1.jpg\"]','SW-167-A0-A1',0,12,0,1,0,4,1,0,984,NULL,NULL,NULL,18.00,15.00,15.00,720.00,NULL,0,'2023-05-28 21:29:58','2023-05-28 21:30:04','in_stock',0,'Botble\\ACL\\Models\\User',NULL,'physical',NULL,NULL,NULL,0),(156,'Iceland 3 Solo Exotic Burst',NULL,NULL,'published','[\"products\\/34.jpg\"]','SW-167-A0-A2',0,12,0,1,0,4,1,0,984,NULL,NULL,NULL,18.00,15.00,15.00,720.00,NULL,0,'2023-05-28 21:29:58','2023-05-28 21:30:04','in_stock',0,'Botble\\ACL\\Models\\User',NULL,'physical',NULL,NULL,NULL,0),(157,'Iceland 3 Solo Exotic Burst',NULL,NULL,'published','[\"products\\/34.jpg\"]','SW-167-A0-A3',0,12,0,1,0,4,1,0,984,NULL,NULL,NULL,18.00,15.00,15.00,720.00,NULL,0,'2023-05-28 21:29:58','2023-05-28 21:30:04','in_stock',0,'Botble\\ACL\\Models\\User',NULL,'physical',NULL,NULL,NULL,0),(158,'Extreme Budweiser Light Can',NULL,NULL,'published','[\"products\\/35.jpg\"]','SW-145-A0',0,11,0,1,0,4,1,0,1003,NULL,NULL,NULL,13.00,19.00,10.00,873.00,NULL,0,'2023-05-28 21:29:58','2023-05-28 21:30:04','in_stock',0,'Botble\\ACL\\Models\\User',NULL,'physical',NULL,NULL,NULL,0),(159,'Extreme Budweiser Light Can',NULL,NULL,'published','[\"products\\/35-1.jpg\"]','SW-145-A0-A1',0,11,0,1,0,4,1,0,1003,NULL,NULL,NULL,13.00,19.00,10.00,873.00,NULL,0,'2023-05-28 21:29:58','2023-05-28 21:30:04','in_stock',0,'Botble\\ACL\\Models\\User',NULL,'physical',NULL,NULL,NULL,0),(160,'Iceland Macaroni Cheese Traybake',NULL,NULL,'published','[\"products\\/36.jpg\"]','SW-130-A0',0,12,0,1,0,2,1,0,698,523.5,NULL,NULL,16.00,19.00,17.00,866.00,NULL,0,'2023-05-28 21:29:58','2023-05-28 21:30:04','in_stock',0,'Botble\\ACL\\Models\\User',NULL,'physical',NULL,NULL,NULL,0),(161,'Iceland Macaroni Cheese Traybake',NULL,NULL,'published','[\"products\\/36-1.jpg\"]','SW-130-A0-A1',0,12,0,1,0,2,1,0,698,593.3,NULL,NULL,16.00,19.00,17.00,866.00,NULL,0,'2023-05-28 21:29:58','2023-05-28 21:30:04','in_stock',0,'Botble\\ACL\\Models\\User',NULL,'physical',NULL,NULL,NULL,0),(162,'Iceland Macaroni Cheese Traybake',NULL,NULL,'published','[\"products\\/36-2.jpg\"]','SW-130-A0-A2',0,12,0,1,0,2,1,0,698,509.54,NULL,NULL,16.00,19.00,17.00,866.00,NULL,0,'2023-05-28 21:29:58','2023-05-28 21:30:04','in_stock',0,'Botble\\ACL\\Models\\User',NULL,'physical',NULL,NULL,NULL,0),(163,'Iceland Macaroni Cheese Traybake',NULL,NULL,'published','[\"products\\/36.jpg\"]','SW-130-A0-A3',0,12,0,1,0,2,1,0,698,628.2,NULL,NULL,16.00,19.00,17.00,866.00,NULL,0,'2023-05-28 21:29:58','2023-05-28 21:30:04','in_stock',0,'Botble\\ACL\\Models\\User',NULL,'physical',NULL,NULL,NULL,0),(164,'Dolmio Bolognese Pasta Sauce (Digital)',NULL,NULL,'published','[\"products\\/37.jpg\"]','SW-180-A0',0,12,0,1,0,5,1,0,769,NULL,NULL,NULL,16.00,15.00,19.00,639.00,NULL,0,'2023-05-28 21:29:58','2023-05-28 21:30:04','in_stock',0,'Botble\\ACL\\Models\\User',NULL,'digital',NULL,NULL,NULL,0),(165,'Dolmio Bolognese Pasta Sauce (Digital)',NULL,NULL,'published','[\"products\\/37-1.jpg\"]','SW-180-A0-A1',0,12,0,1,0,5,1,0,769,NULL,NULL,NULL,16.00,15.00,19.00,639.00,NULL,0,'2023-05-28 21:29:58','2023-05-28 21:30:04','in_stock',0,'Botble\\ACL\\Models\\User',NULL,'digital',NULL,NULL,NULL,0),(166,'Dolmio Bolognese Pasta Sauce (Digital)',NULL,NULL,'published','[\"products\\/37-2.jpg\"]','SW-180-A0-A2',0,12,0,1,0,5,1,0,769,NULL,NULL,NULL,16.00,15.00,19.00,639.00,NULL,0,'2023-05-28 21:29:58','2023-05-28 21:30:04','in_stock',0,'Botble\\ACL\\Models\\User',NULL,'digital',NULL,NULL,NULL,0),(167,'Dolmio Bolognese Pasta Sauce (Digital)',NULL,NULL,'published','[\"products\\/37.jpg\"]','SW-180-A0-A3',0,12,0,1,0,5,1,0,769,NULL,NULL,NULL,16.00,15.00,19.00,639.00,NULL,0,'2023-05-28 21:29:58','2023-05-28 21:30:04','in_stock',0,'Botble\\ACL\\Models\\User',NULL,'digital',NULL,NULL,NULL,0),(168,'Dolmio Bolognese Pasta Sauce (Digital)',NULL,NULL,'published','[\"products\\/37.jpg\"]','SW-180-A0-A4',0,12,0,1,0,5,1,0,769,NULL,NULL,NULL,16.00,15.00,19.00,639.00,NULL,0,'2023-05-28 21:29:58','2023-05-28 21:30:04','in_stock',0,'Botble\\ACL\\Models\\User',NULL,'digital',NULL,NULL,NULL,0),(169,'Sitema BakeIT Plastic Box',NULL,NULL,'published','[\"products\\/38.jpg\"]','SW-146-A0',0,16,0,1,0,2,1,0,922,NULL,NULL,NULL,19.00,18.00,20.00,848.00,NULL,0,'2023-05-28 21:29:58','2023-05-28 21:30:04','in_stock',0,'Botble\\ACL\\Models\\User',NULL,'physical',NULL,NULL,NULL,0),(170,'Sitema BakeIT Plastic Box',NULL,NULL,'published','[\"products\\/38-1.jpg\"]','SW-146-A0-A1',0,16,0,1,0,2,1,0,922,NULL,NULL,NULL,19.00,18.00,20.00,848.00,NULL,0,'2023-05-28 21:29:58','2023-05-28 21:30:04','in_stock',0,'Botble\\ACL\\Models\\User',NULL,'physical',NULL,NULL,NULL,0),(171,'Wayfair Basics Dinner Plate Storage',NULL,NULL,'published','[\"products\\/39.jpg\"]','SW-156-A0',0,12,0,1,0,1,1,0,923,NULL,NULL,NULL,16.00,14.00,17.00,503.00,NULL,0,'2023-05-28 21:29:58','2023-05-28 21:30:04','in_stock',0,'Botble\\ACL\\Models\\User',NULL,'physical',NULL,NULL,NULL,0),(172,'Wayfair Basics Dinner Plate Storage',NULL,NULL,'published','[\"products\\/39-1.jpg\"]','SW-156-A0-A1',0,12,0,1,0,1,1,0,923,NULL,NULL,NULL,16.00,14.00,17.00,503.00,NULL,0,'2023-05-28 21:29:58','2023-05-28 21:30:04','in_stock',0,'Botble\\ACL\\Models\\User',NULL,'physical',NULL,NULL,NULL,0),(173,'Wayfair Basics Dinner Plate Storage',NULL,NULL,'published','[\"products\\/39-2.jpg\"]','SW-156-A0-A2',0,12,0,1,0,1,1,0,923,NULL,NULL,NULL,16.00,14.00,17.00,503.00,NULL,0,'2023-05-28 21:29:58','2023-05-28 21:30:04','in_stock',0,'Botble\\ACL\\Models\\User',NULL,'physical',NULL,NULL,NULL,0),(174,'Wayfair Basics Dinner Plate Storage',NULL,NULL,'published','[\"products\\/39.jpg\"]','SW-156-A0-A3',0,12,0,1,0,1,1,0,923,NULL,NULL,NULL,16.00,14.00,17.00,503.00,NULL,0,'2023-05-28 21:29:58','2023-05-28 21:30:04','in_stock',0,'Botble\\ACL\\Models\\User',NULL,'physical',NULL,NULL,NULL,0),(175,'Miko The Panda Water Bottle',NULL,NULL,'published','[\"products\\/40.jpg\"]','SW-180-A0',0,12,0,1,0,4,1,0,680,550.8,NULL,NULL,10.00,11.00,10.00,581.00,NULL,0,'2023-05-28 21:29:58','2023-05-28 21:30:04','in_stock',0,'Botble\\ACL\\Models\\User',NULL,'physical',NULL,NULL,NULL,0),(176,'Miko The Panda Water Bottle',NULL,NULL,'published','[\"products\\/40-1.jpg\"]','SW-180-A0-A1',0,12,0,1,0,4,1,0,680,482.8,NULL,NULL,10.00,11.00,10.00,581.00,NULL,0,'2023-05-28 21:29:58','2023-05-28 21:30:04','in_stock',0,'Botble\\ACL\\Models\\User',NULL,'physical',NULL,NULL,NULL,0),(177,'Miko The Panda Water Bottle',NULL,NULL,'published','[\"products\\/40.jpg\"]','SW-180-A0-A2',0,12,0,1,0,4,1,0,680,496.4,NULL,NULL,10.00,11.00,10.00,581.00,NULL,0,'2023-05-28 21:29:58','2023-05-28 21:30:04','in_stock',0,'Botble\\ACL\\Models\\User',NULL,'physical',NULL,NULL,NULL,0),(178,'Miko The Panda Water Bottle',NULL,NULL,'published','[\"products\\/40.jpg\"]','SW-180-A0-A3',0,12,0,1,0,4,1,0,680,605.2,NULL,NULL,10.00,11.00,10.00,581.00,NULL,0,'2023-05-28 21:29:58','2023-05-28 21:30:04','in_stock',0,'Botble\\ACL\\Models\\User',NULL,'physical',NULL,NULL,NULL,0),(179,'Miko The Panda Water Bottle',NULL,NULL,'published','[\"products\\/40.jpg\"]','SW-180-A0-A4',0,12,0,1,0,4,1,0,680,550.8,NULL,NULL,10.00,11.00,10.00,581.00,NULL,0,'2023-05-28 21:29:58','2023-05-28 21:30:04','in_stock',0,'Botble\\ACL\\Models\\User',NULL,'physical',NULL,NULL,NULL,0),(180,'Sesame Seed Bread (Digital)',NULL,NULL,'published','[\"products\\/41.jpg\"]','SW-123-A0',0,17,0,1,0,4,1,0,1024,NULL,NULL,NULL,19.00,11.00,17.00,724.00,NULL,0,'2023-05-28 21:29:58','2023-05-28 21:30:04','in_stock',0,'Botble\\ACL\\Models\\User',NULL,'digital',NULL,NULL,NULL,0),(181,'Sesame Seed Bread (Digital)',NULL,NULL,'published','[\"products\\/41-1.jpg\"]','SW-123-A0-A1',0,17,0,1,0,4,1,0,1024,NULL,NULL,NULL,19.00,11.00,17.00,724.00,NULL,0,'2023-05-28 21:29:58','2023-05-28 21:30:04','in_stock',0,'Botble\\ACL\\Models\\User',NULL,'digital',NULL,NULL,NULL,0),(182,'Sesame Seed Bread (Digital)',NULL,NULL,'published','[\"products\\/41-2.jpg\"]','SW-123-A0-A2',0,17,0,1,0,4,1,0,1024,NULL,NULL,NULL,19.00,11.00,17.00,724.00,NULL,0,'2023-05-28 21:29:58','2023-05-28 21:30:04','in_stock',0,'Botble\\ACL\\Models\\User',NULL,'digital',NULL,NULL,NULL,0),(183,'Morrisons The Best Beef',NULL,NULL,'published','[\"products\\/42.jpg\"]','SW-138-A0',0,19,0,1,0,3,1,0,877,NULL,NULL,NULL,15.00,17.00,14.00,827.00,NULL,0,'2023-05-28 21:29:58','2023-05-28 21:30:04','in_stock',0,'Botble\\ACL\\Models\\User',NULL,'physical',NULL,NULL,NULL,0),(184,'Morrisons The Best Beef',NULL,NULL,'published','[\"products\\/42-1.jpg\"]','SW-138-A0-A1',0,19,0,1,0,3,1,0,877,NULL,NULL,NULL,15.00,17.00,14.00,827.00,NULL,0,'2023-05-28 21:29:58','2023-05-28 21:30:04','in_stock',0,'Botble\\ACL\\Models\\User',NULL,'physical',NULL,NULL,NULL,0),(185,'Morrisons The Best Beef',NULL,NULL,'published','[\"products\\/42-2.jpg\"]','SW-138-A0-A2',0,19,0,1,0,3,1,0,877,NULL,NULL,NULL,15.00,17.00,14.00,827.00,NULL,0,'2023-05-28 21:29:58','2023-05-28 21:30:04','in_stock',0,'Botble\\ACL\\Models\\User',NULL,'physical',NULL,NULL,NULL,0),(186,'Avocado, Hass Large',NULL,NULL,'published','[\"products\\/43.jpg\"]','SW-112-A0',0,10,0,1,0,3,1,0,704,NULL,NULL,NULL,10.00,19.00,10.00,823.00,NULL,0,'2023-05-28 21:29:59','2023-05-28 21:30:04','in_stock',0,'Botble\\ACL\\Models\\User',NULL,'physical',NULL,NULL,NULL,0),(187,'Avocado, Hass Large',NULL,NULL,'published','[\"products\\/43-1.jpg\"]','SW-112-A0-A1',0,10,0,1,0,3,1,0,704,NULL,NULL,NULL,10.00,19.00,10.00,823.00,NULL,0,'2023-05-28 21:29:59','2023-05-28 21:30:04','in_stock',0,'Botble\\ACL\\Models\\User',NULL,'physical',NULL,NULL,NULL,0),(188,'Avocado, Hass Large',NULL,NULL,'published','[\"products\\/43-2.jpg\"]','SW-112-A0-A2',0,10,0,1,0,3,1,0,704,NULL,NULL,NULL,10.00,19.00,10.00,823.00,NULL,0,'2023-05-28 21:29:59','2023-05-28 21:30:04','in_stock',0,'Botble\\ACL\\Models\\User',NULL,'physical',NULL,NULL,NULL,0),(189,'Italia Beef Lasagne',NULL,NULL,'published','[\"products\\/44.jpg\"]','SW-167-A0',0,11,0,1,0,1,1,0,993,814.26,NULL,NULL,11.00,14.00,10.00,546.00,NULL,0,'2023-05-28 21:29:59','2023-05-28 21:30:04','in_stock',0,'Botble\\ACL\\Models\\User',NULL,'physical',NULL,NULL,NULL,0),(190,'Italia Beef Lasagne',NULL,NULL,'published','[\"products\\/44-1.jpg\"]','SW-167-A0-A1',0,11,0,1,0,1,1,0,993,873.84,NULL,NULL,11.00,14.00,10.00,546.00,NULL,0,'2023-05-28 21:29:59','2023-05-28 21:30:04','in_stock',0,'Botble\\ACL\\Models\\User',NULL,'physical',NULL,NULL,NULL,0),(191,'Italia Beef Lasagne',NULL,NULL,'published','[\"products\\/44-2.jpg\"]','SW-167-A0-A2',0,11,0,1,0,1,1,0,993,834.12,NULL,NULL,11.00,14.00,10.00,546.00,NULL,0,'2023-05-28 21:29:59','2023-05-28 21:30:04','in_stock',0,'Botble\\ACL\\Models\\User',NULL,'physical',NULL,NULL,NULL,0),(192,'Italia Beef Lasagne',NULL,NULL,'published','[\"products\\/44.jpg\"]','SW-167-A0-A3',0,11,0,1,0,1,1,0,993,744.75,NULL,NULL,11.00,14.00,10.00,546.00,NULL,0,'2023-05-28 21:29:59','2023-05-28 21:30:04','in_stock',0,'Botble\\ACL\\Models\\User',NULL,'physical',NULL,NULL,NULL,0),(193,'Italia Beef Lasagne',NULL,NULL,'published','[\"products\\/44.jpg\"]','SW-167-A0-A4',0,11,0,1,0,1,1,0,993,734.82,NULL,NULL,11.00,14.00,10.00,546.00,NULL,0,'2023-05-28 21:29:59','2023-05-28 21:30:04','in_stock',0,'Botble\\ACL\\Models\\User',NULL,'physical',NULL,NULL,NULL,0),(194,'Maxwell House Classic Roast Mocha (Digital)',NULL,NULL,'published','[\"products\\/45.jpg\"]','SW-174-A0',0,19,0,1,0,5,1,0,994,NULL,NULL,NULL,14.00,15.00,10.00,517.00,NULL,0,'2023-05-28 21:29:59','2023-05-28 21:30:04','in_stock',0,'Botble\\ACL\\Models\\User',NULL,'digital',NULL,NULL,NULL,0),(195,'Maxwell House Classic Roast Mocha (Digital)',NULL,NULL,'published','[\"products\\/45-1.jpg\"]','SW-174-A0-A1',0,19,0,1,0,5,1,0,994,NULL,NULL,NULL,14.00,15.00,10.00,517.00,NULL,0,'2023-05-28 21:29:59','2023-05-28 21:30:04','in_stock',0,'Botble\\ACL\\Models\\User',NULL,'digital',NULL,NULL,NULL,0),(196,'Bottled Pure Water 500ml',NULL,NULL,'published','[\"products\\/46.jpg\"]','SW-192-A0',0,15,0,1,0,5,1,0,889,NULL,NULL,NULL,15.00,16.00,20.00,578.00,NULL,0,'2023-05-28 21:29:59','2023-05-28 21:30:04','in_stock',0,'Botble\\ACL\\Models\\User',NULL,'physical',NULL,NULL,NULL,0),(197,'Bottled Pure Water 500ml',NULL,NULL,'published','[\"products\\/46-1.jpg\"]','SW-192-A0-A1',0,15,0,1,0,5,1,0,889,NULL,NULL,NULL,15.00,16.00,20.00,578.00,NULL,0,'2023-05-28 21:29:59','2023-05-28 21:30:04','in_stock',0,'Botble\\ACL\\Models\\User',NULL,'physical',NULL,NULL,NULL,0),(198,'Bottled Pure Water 500ml',NULL,NULL,'published','[\"products\\/46.jpg\"]','SW-192-A0-A2',0,15,0,1,0,5,1,0,889,NULL,NULL,NULL,15.00,16.00,20.00,578.00,NULL,0,'2023-05-28 21:29:59','2023-05-28 21:30:04','in_stock',0,'Botble\\ACL\\Models\\User',NULL,'physical',NULL,NULL,NULL,0),(199,'Famart Farmhouse Soft White',NULL,NULL,'published','[\"products\\/47.jpg\"]','SW-173-A0',0,15,0,1,0,4,1,0,1156,NULL,NULL,NULL,20.00,11.00,18.00,662.00,NULL,0,'2023-05-28 21:29:59','2023-05-28 21:30:04','in_stock',0,'Botble\\ACL\\Models\\User',NULL,'physical',NULL,NULL,NULL,0),(200,'Famart Farmhouse Soft White',NULL,NULL,'published','[\"products\\/47-1.jpg\"]','SW-173-A0-A1',0,15,0,1,0,4,1,0,1156,NULL,NULL,NULL,20.00,11.00,18.00,662.00,NULL,0,'2023-05-28 21:29:59','2023-05-28 21:30:04','in_stock',0,'Botble\\ACL\\Models\\User',NULL,'physical',NULL,NULL,NULL,0),(201,'Coca-Cola Original Taste',NULL,NULL,'published','[\"products\\/48.jpg\"]','SW-126-A0',0,20,0,1,0,2,1,0,944,840.16,NULL,NULL,10.00,15.00,18.00,663.00,NULL,0,'2023-05-28 21:29:59','2023-05-28 21:30:04','in_stock',0,'Botble\\ACL\\Models\\User',NULL,'physical',NULL,NULL,NULL,0),(202,'Coca-Cola Original Taste',NULL,NULL,'published','[\"products\\/48-1.jpg\"]','SW-126-A0-A1',0,20,0,1,0,2,1,0,944,830.72,NULL,NULL,10.00,15.00,18.00,663.00,NULL,0,'2023-05-28 21:29:59','2023-05-28 21:30:04','in_stock',0,'Botble\\ACL\\Models\\User',NULL,'physical',NULL,NULL,NULL,0),(203,'Coca-Cola Original Taste',NULL,NULL,'published','[\"products\\/48-2.jpg\"]','SW-126-A0-A2',0,20,0,1,0,2,1,0,944,698.56,NULL,NULL,10.00,15.00,18.00,663.00,NULL,0,'2023-05-28 21:29:59','2023-05-28 21:30:04','in_stock',0,'Botble\\ACL\\Models\\User',NULL,'physical',NULL,NULL,NULL,0),(204,'Casillero Diablo Cabernet Sauvignon (Digital)',NULL,NULL,'published','[\"products\\/49.jpg\"]','SW-177-A0',0,11,0,1,0,2,1,0,1265,NULL,NULL,NULL,17.00,14.00,20.00,733.00,NULL,0,'2023-05-28 21:29:59','2023-05-28 21:30:04','in_stock',0,'Botble\\ACL\\Models\\User',NULL,'digital',NULL,NULL,NULL,0),(205,'Casillero Diablo Cabernet Sauvignon (Digital)',NULL,NULL,'published','[\"products\\/49-1.jpg\"]','SW-177-A0-A1',0,11,0,1,0,2,1,0,1265,NULL,NULL,NULL,17.00,14.00,20.00,733.00,NULL,0,'2023-05-28 21:29:59','2023-05-28 21:30:04','in_stock',0,'Botble\\ACL\\Models\\User',NULL,'digital',NULL,NULL,NULL,0),(206,'Arla Organic Free Range Milk',NULL,NULL,'published','[\"products\\/50.jpg\"]','SW-193-A0',0,16,0,1,0,3,1,0,732,NULL,NULL,NULL,11.00,17.00,20.00,756.00,NULL,0,'2023-05-28 21:29:59','2023-05-28 21:30:04','in_stock',0,'Botble\\ACL\\Models\\User',NULL,'physical',NULL,NULL,NULL,0),(207,'Arla Organic Free Range Milk',NULL,NULL,'published','[\"products\\/50-1.jpg\"]','SW-193-A0-A1',0,16,0,1,0,3,1,0,732,NULL,NULL,NULL,11.00,17.00,20.00,756.00,NULL,0,'2023-05-28 21:29:59','2023-05-28 21:30:04','in_stock',0,'Botble\\ACL\\Models\\User',NULL,'physical',NULL,NULL,NULL,0),(208,'Arla Organic Free Range Milk',NULL,NULL,'published','[\"products\\/50.jpg\"]','SW-193-A0-A2',0,16,0,1,0,3,1,0,732,NULL,NULL,NULL,11.00,17.00,20.00,756.00,NULL,0,'2023-05-28 21:29:59','2023-05-28 21:30:04','in_stock',0,'Botble\\ACL\\Models\\User',NULL,'physical',NULL,NULL,NULL,0),(209,'Aptamil Follow On Baby Milk',NULL,NULL,'published','[\"products\\/51.jpg\"]','SW-170-A0',0,11,0,1,0,3,1,0,1075,NULL,NULL,NULL,14.00,13.00,13.00,657.00,NULL,0,'2023-05-28 21:29:59','2023-05-28 21:30:04','in_stock',0,'Botble\\ACL\\Models\\User',NULL,'physical',NULL,NULL,NULL,0),(210,'Aptamil Follow On Baby Milk',NULL,NULL,'published','[\"products\\/51.jpg\"]','SW-170-A0-A1',0,11,0,1,0,3,1,0,1075,NULL,NULL,NULL,14.00,13.00,13.00,657.00,NULL,0,'2023-05-28 21:29:59','2023-05-28 21:30:04','in_stock',0,'Botble\\ACL\\Models\\User',NULL,'physical',NULL,NULL,NULL,0),(211,'Cuisinart Chef’S Classic Hard-Anodized',NULL,NULL,'published','[\"products\\/52.jpg\"]','SW-111-A0',0,10,0,1,0,5,1,0,599,455.24,NULL,NULL,11.00,15.00,19.00,570.00,NULL,0,'2023-05-28 21:29:59','2023-05-28 21:30:04','in_stock',0,'Botble\\ACL\\Models\\User',NULL,'physical',NULL,NULL,NULL,0),(212,'Corn, Yellow Sweet (Digital)',NULL,NULL,'published','[\"products\\/53.jpg\"]','SW-198-A0',0,17,0,1,0,5,1,0,961,NULL,NULL,NULL,17.00,20.00,10.00,799.00,NULL,0,'2023-05-28 21:29:59','2023-05-28 21:30:04','in_stock',0,'Botble\\ACL\\Models\\User',NULL,'digital',NULL,NULL,NULL,0),(213,'Corn, Yellow Sweet (Digital)',NULL,NULL,'published','[\"products\\/53-1.jpg\"]','SW-198-A0-A1',0,17,0,1,0,5,1,0,961,NULL,NULL,NULL,17.00,20.00,10.00,799.00,NULL,0,'2023-05-28 21:29:59','2023-05-28 21:30:04','in_stock',0,'Botble\\ACL\\Models\\User',NULL,'digital',NULL,NULL,NULL,0),(214,'Hobnobs The Nobbly Biscuit',NULL,NULL,'published','[\"products\\/54.jpg\"]','SW-153-A0',0,15,0,1,0,3,1,0,766,NULL,NULL,NULL,13.00,19.00,13.00,711.00,NULL,0,'2023-05-28 21:29:59','2023-05-28 21:30:04','in_stock',0,'Botble\\ACL\\Models\\User',NULL,'physical',NULL,NULL,NULL,0),(215,'Hobnobs The Nobbly Biscuit',NULL,NULL,'published','[\"products\\/54-1.jpg\"]','SW-153-A0-A1',0,15,0,1,0,3,1,0,766,NULL,NULL,NULL,13.00,19.00,13.00,711.00,NULL,0,'2023-05-28 21:29:59','2023-05-28 21:30:04','in_stock',0,'Botble\\ACL\\Models\\User',NULL,'physical',NULL,NULL,NULL,0),(216,'Hobnobs The Nobbly Biscuit',NULL,NULL,'published','[\"products\\/54.jpg\"]','SW-153-A0-A2',0,15,0,1,0,3,1,0,766,NULL,NULL,NULL,13.00,19.00,13.00,711.00,NULL,0,'2023-05-28 21:29:59','2023-05-28 21:30:04','in_stock',0,'Botble\\ACL\\Models\\User',NULL,'physical',NULL,NULL,NULL,0),(217,'Honest Organic Still Lemonade',NULL,NULL,'published','[\"products\\/55.jpg\"]','SW-184-A0',0,20,0,1,0,4,1,0,516,NULL,NULL,NULL,16.00,13.00,15.00,779.00,NULL,0,'2023-05-28 21:29:59','2023-05-28 21:30:04','in_stock',0,'Botble\\ACL\\Models\\User',NULL,'physical',NULL,NULL,NULL,0),(218,'Honest Organic Still Lemonade',NULL,NULL,'published','[\"products\\/55-1.jpg\"]','SW-184-A0-A1',0,20,0,1,0,4,1,0,516,NULL,NULL,NULL,16.00,13.00,15.00,779.00,NULL,0,'2023-05-28 21:29:59','2023-05-28 21:30:04','in_stock',0,'Botble\\ACL\\Models\\User',NULL,'physical',NULL,NULL,NULL,0),(219,'Honest Organic Still Lemonade',NULL,NULL,'published','[\"products\\/55-2.jpg\"]','SW-184-A0-A2',0,20,0,1,0,4,1,0,516,NULL,NULL,NULL,16.00,13.00,15.00,779.00,NULL,0,'2023-05-28 21:29:59','2023-05-28 21:30:04','in_stock',0,'Botble\\ACL\\Models\\User',NULL,'physical',NULL,NULL,NULL,0),(220,'Honest Organic Still Lemonade',NULL,NULL,'published','[\"products\\/55.jpg\"]','SW-184-A0-A3',0,20,0,1,0,4,1,0,516,NULL,NULL,NULL,16.00,13.00,15.00,779.00,NULL,0,'2023-05-28 21:29:59','2023-05-28 21:30:04','in_stock',0,'Botble\\ACL\\Models\\User',NULL,'physical',NULL,NULL,NULL,0),(221,'Honest Organic Still Lemonade',NULL,NULL,'published','[\"products\\/55.jpg\"]','SW-184-A0-A4',0,20,0,1,0,4,1,0,516,NULL,NULL,NULL,16.00,13.00,15.00,779.00,NULL,0,'2023-05-28 21:29:59','2023-05-28 21:30:04','in_stock',0,'Botble\\ACL\\Models\\User',NULL,'physical',NULL,NULL,NULL,0),(222,'Ice Beck’s Beer 350ml x 24 Pieces',NULL,NULL,'published','[\"products\\/56.jpg\"]','SW-174-A0',0,13,0,1,0,4,1,0,1026,820.8,NULL,NULL,10.00,10.00,15.00,778.00,NULL,0,'2023-05-28 21:29:59','2023-05-28 21:30:04','in_stock',0,'Botble\\ACL\\Models\\User',NULL,'physical',NULL,NULL,NULL,0),(223,'Ice Beck’s Beer 350ml x 24 Pieces',NULL,NULL,'published','[\"products\\/56-1.jpg\"]','SW-174-A0-A1',0,13,0,1,0,4,1,0,1026,748.98,NULL,NULL,10.00,10.00,15.00,778.00,NULL,0,'2023-05-28 21:29:59','2023-05-28 21:30:04','in_stock',0,'Botble\\ACL\\Models\\User',NULL,'physical',NULL,NULL,NULL,0),(224,'Ice Beck’s Beer 350ml x 24 Pieces',NULL,NULL,'published','[\"products\\/56-2.jpg\"]','SW-174-A0-A2',0,13,0,1,0,4,1,0,1026,892.62,NULL,NULL,10.00,10.00,15.00,778.00,NULL,0,'2023-05-28 21:29:59','2023-05-28 21:30:04','in_stock',0,'Botble\\ACL\\Models\\User',NULL,'physical',NULL,NULL,NULL,0),(225,'Ice Beck’s Beer 350ml x 24 Pieces',NULL,NULL,'published','[\"products\\/56.jpg\"]','SW-174-A0-A3',0,13,0,1,0,4,1,0,1026,769.5,NULL,NULL,10.00,10.00,15.00,778.00,NULL,0,'2023-05-28 21:29:59','2023-05-28 21:30:04','in_stock',0,'Botble\\ACL\\Models\\User',NULL,'physical',NULL,NULL,NULL,0),(226,'Ice Beck’s Beer 350ml x 24 Pieces',NULL,NULL,'published','[\"products\\/56.jpg\"]','SW-174-A0-A4',0,13,0,1,0,4,1,0,1026,851.58,NULL,NULL,10.00,10.00,15.00,778.00,NULL,0,'2023-05-28 21:29:59','2023-05-28 21:30:04','in_stock',0,'Botble\\ACL\\Models\\User',NULL,'physical',NULL,NULL,NULL,0),(227,'Iceland 6 Hot Cross Buns (Digital)',NULL,NULL,'published','[\"products\\/57.jpg\"]','SW-119-A0',0,17,0,1,0,2,1,0,539,NULL,NULL,NULL,15.00,20.00,15.00,718.00,NULL,0,'2023-05-28 21:29:59','2023-05-28 21:30:04','in_stock',0,'Botble\\ACL\\Models\\User',NULL,'digital',NULL,NULL,NULL,0),(228,'Iceland 6 Hot Cross Buns (Digital)',NULL,NULL,'published','[\"products\\/57-1.jpg\"]','SW-119-A0-A1',0,17,0,1,0,2,1,0,539,NULL,NULL,NULL,15.00,20.00,15.00,718.00,NULL,0,'2023-05-28 21:29:59','2023-05-28 21:30:04','in_stock',0,'Botble\\ACL\\Models\\User',NULL,'digital',NULL,NULL,NULL,0),(229,'Iceland 6 Hot Cross Buns (Digital)',NULL,NULL,'published','[\"products\\/57.jpg\"]','SW-119-A0-A2',0,17,0,1,0,2,1,0,539,NULL,NULL,NULL,15.00,20.00,15.00,718.00,NULL,0,'2023-05-28 21:29:59','2023-05-28 21:30:04','in_stock',0,'Botble\\ACL\\Models\\User',NULL,'digital',NULL,NULL,NULL,0),(230,'Iceland 6 Hot Cross Buns (Digital)',NULL,NULL,'published','[\"products\\/57.jpg\"]','SW-119-A0-A3',0,17,0,1,0,2,1,0,539,NULL,NULL,NULL,15.00,20.00,15.00,718.00,NULL,0,'2023-05-28 21:29:59','2023-05-28 21:30:04','in_stock',0,'Botble\\ACL\\Models\\User',NULL,'digital',NULL,NULL,NULL,0),(231,'Iceland Luxury 4 Panini Rolls',NULL,NULL,'published','[\"products\\/58.jpg\"]','SW-182-A0',0,11,0,1,0,5,1,0,1133,NULL,NULL,NULL,10.00,14.00,18.00,892.00,NULL,0,'2023-05-28 21:29:59','2023-05-28 21:30:04','in_stock',0,'Botble\\ACL\\Models\\User',NULL,'physical',NULL,NULL,NULL,0),(232,'Iceland Luxury 4 Panini Rolls',NULL,NULL,'published','[\"products\\/58-1.jpg\"]','SW-182-A0-A1',0,11,0,1,0,5,1,0,1133,NULL,NULL,NULL,10.00,14.00,18.00,892.00,NULL,0,'2023-05-28 21:29:59','2023-05-28 21:30:04','in_stock',0,'Botble\\ACL\\Models\\User',NULL,'physical',NULL,NULL,NULL,0),(233,'Iceland Soft Scoop Vanilla',NULL,NULL,'published','[\"products\\/59.jpg\"]','SW-161-A0',0,16,0,1,0,1,1,0,719,NULL,NULL,NULL,20.00,16.00,12.00,711.00,NULL,0,'2023-05-28 21:29:59','2023-05-28 21:30:04','in_stock',0,'Botble\\ACL\\Models\\User',NULL,'physical',NULL,NULL,NULL,0),(234,'Iceland Soft Scoop Vanilla',NULL,NULL,'published','[\"products\\/59-1.jpg\"]','SW-161-A0-A1',0,16,0,1,0,1,1,0,719,NULL,NULL,NULL,20.00,16.00,12.00,711.00,NULL,0,'2023-05-28 21:29:59','2023-05-28 21:30:04','in_stock',0,'Botble\\ACL\\Models\\User',NULL,'physical',NULL,NULL,NULL,0),(235,'Iceland Soft Scoop Vanilla',NULL,NULL,'published','[\"products\\/59-2.jpg\"]','SW-161-A0-A2',0,16,0,1,0,1,1,0,719,NULL,NULL,NULL,20.00,16.00,12.00,711.00,NULL,0,'2023-05-28 21:29:59','2023-05-28 21:30:04','in_stock',0,'Botble\\ACL\\Models\\User',NULL,'physical',NULL,NULL,NULL,0),(236,'Iceland Spaghetti Bolognese',NULL,NULL,'published','[\"products\\/60.jpg\"]','SW-177-A0',0,17,0,1,0,5,1,0,1108,808.84,NULL,NULL,17.00,17.00,12.00,784.00,NULL,0,'2023-05-28 21:29:59','2023-05-28 21:30:04','in_stock',0,'Botble\\ACL\\Models\\User',NULL,'physical',NULL,NULL,NULL,0),(237,'Iceland Spaghetti Bolognese',NULL,NULL,'published','[\"products\\/60-1.jpg\"]','SW-177-A0-A1',0,17,0,1,0,5,1,0,1108,864.24,NULL,NULL,17.00,17.00,12.00,784.00,NULL,0,'2023-05-28 21:30:00','2023-05-28 21:30:04','in_stock',0,'Botble\\ACL\\Models\\User',NULL,'physical',NULL,NULL,NULL,0),(238,'Iceland Spaghetti Bolognese',NULL,NULL,'published','[\"products\\/60-2.jpg\"]','SW-177-A0-A2',0,17,0,1,0,5,1,0,1108,864.24,NULL,NULL,17.00,17.00,12.00,784.00,NULL,0,'2023-05-28 21:30:00','2023-05-28 21:30:04','in_stock',0,'Botble\\ACL\\Models\\User',NULL,'physical',NULL,NULL,NULL,0),(239,'Kellogg’s Coco Pops Cereal (Digital)',NULL,NULL,'published','[\"products\\/61.jpg\"]','SW-129-A0',0,19,0,1,0,5,1,0,1260,NULL,NULL,NULL,14.00,10.00,13.00,526.00,NULL,0,'2023-05-28 21:30:00','2023-05-28 21:30:04','in_stock',0,'Botble\\ACL\\Models\\User',NULL,'digital',NULL,NULL,NULL,0),(240,'Kit Kat Chunky Milk Chocolate',NULL,NULL,'published','[\"products\\/62.jpg\"]','SW-196-A0',0,20,0,1,0,4,1,0,1231,NULL,NULL,NULL,14.00,11.00,19.00,537.00,NULL,0,'2023-05-28 21:30:00','2023-05-28 21:30:04','in_stock',0,'Botble\\ACL\\Models\\User',NULL,'physical',NULL,NULL,NULL,0),(241,'Kit Kat Chunky Milk Chocolate',NULL,NULL,'published','[\"products\\/62-1.jpg\"]','SW-196-A0-A1',0,20,0,1,0,4,1,0,1231,NULL,NULL,NULL,14.00,11.00,19.00,537.00,NULL,0,'2023-05-28 21:30:00','2023-05-28 21:30:04','in_stock',0,'Botble\\ACL\\Models\\User',NULL,'physical',NULL,NULL,NULL,0),(242,'Large Green Bell Pepper',NULL,NULL,'published','[\"products\\/63.jpg\"]','SW-181-A0',0,10,0,1,0,3,1,0,1059,NULL,NULL,NULL,13.00,12.00,15.00,599.00,NULL,0,'2023-05-28 21:30:00','2023-05-28 21:30:04','in_stock',0,'Botble\\ACL\\Models\\User',NULL,'physical',NULL,NULL,NULL,0),(243,'Large Green Bell Pepper',NULL,NULL,'published','[\"products\\/63-1.jpg\"]','SW-181-A0-A1',0,10,0,1,0,3,1,0,1059,NULL,NULL,NULL,13.00,12.00,15.00,599.00,NULL,0,'2023-05-28 21:30:00','2023-05-28 21:30:04','in_stock',0,'Botble\\ACL\\Models\\User',NULL,'physical',NULL,NULL,NULL,0),(244,'Large Green Bell Pepper',NULL,NULL,'published','[\"products\\/63.jpg\"]','SW-181-A0-A2',0,10,0,1,0,3,1,0,1059,NULL,NULL,NULL,13.00,12.00,15.00,599.00,NULL,0,'2023-05-28 21:30:00','2023-05-28 21:30:04','in_stock',0,'Botble\\ACL\\Models\\User',NULL,'physical',NULL,NULL,NULL,0),(245,'Pice 94w Beasley Journal',NULL,NULL,'published','[\"products\\/64.jpg\"]','SW-149-A0',0,19,0,1,0,1,1,0,781,656.04,NULL,NULL,20.00,20.00,11.00,866.00,NULL,0,'2023-05-28 21:30:00','2023-05-28 21:30:04','in_stock',0,'Botble\\ACL\\Models\\User',NULL,'physical',NULL,NULL,NULL,0),(246,'Pice 94w Beasley Journal',NULL,NULL,'published','[\"products\\/64-1.jpg\"]','SW-149-A0-A1',0,19,0,1,0,1,1,0,781,624.8,NULL,NULL,20.00,20.00,11.00,866.00,NULL,0,'2023-05-28 21:30:00','2023-05-28 21:30:04','in_stock',0,'Botble\\ACL\\Models\\User',NULL,'physical',NULL,NULL,NULL,0),(247,'Province Piece Glass Drinking Glass (Digital)',NULL,NULL,'published','[\"products\\/65.jpg\"]','SW-188-A0',0,12,0,1,0,3,1,0,927,NULL,NULL,NULL,15.00,17.00,12.00,525.00,NULL,0,'2023-05-28 21:30:00','2023-05-28 21:30:04','in_stock',0,'Botble\\ACL\\Models\\User',NULL,'digital',NULL,NULL,NULL,0),(248,'Province Piece Glass Drinking Glass (Digital)',NULL,NULL,'published','[\"products\\/65-1.jpg\"]','SW-188-A0-A1',0,12,0,1,0,3,1,0,927,NULL,NULL,NULL,15.00,17.00,12.00,525.00,NULL,0,'2023-05-28 21:30:00','2023-05-28 21:30:04','in_stock',0,'Botble\\ACL\\Models\\User',NULL,'digital',NULL,NULL,NULL,0);
/*!40000 ALTER TABLE `ec_products` ENABLE KEYS */;
UNLOCK TABLES;

--
-- Table structure for table `ec_products_translations`
--

DROP TABLE IF EXISTS `ec_products_translations`;
/*!40101 SET @saved_cs_client     = @@character_set_client */;
/*!50503 SET character_set_client = utf8mb4 */;
CREATE TABLE `ec_products_translations` (
  `lang_code` varchar(191) COLLATE utf8mb4_unicode_ci NOT NULL,
  `ec_products_id` bigint unsigned NOT NULL,
  `name` varchar(191) COLLATE utf8mb4_unicode_ci DEFAULT NULL,
  `description` text COLLATE utf8mb4_unicode_ci,
  `content` text COLLATE utf8mb4_unicode_ci,
  PRIMARY KEY (`lang_code`,`ec_products_id`)
) ENGINE=InnoDB DEFAULT CHARSET=utf8mb4 COLLATE=utf8mb4_unicode_ci;
/*!40101 SET character_set_client = @saved_cs_client */;

--
-- Dumping data for table `ec_products_translations`
--

LOCK TABLES `ec_products_translations` WRITE;
/*!40000 ALTER TABLE `ec_products_translations` DISABLE KEYS */;
INSERT INTO `ec_products_translations` VALUES ('vi',1,'Dual Camera 20MP',NULL,NULL),('vi',2,'Smart Watches',NULL,NULL),('vi',3,'Beat Headphone',NULL,NULL),('vi',4,'Red & Black Headphone',NULL,NULL),('vi',5,'Smart Watch External',NULL,NULL),('vi',6,'Nikon HD camera',NULL,NULL),('vi',7,'Audio Equipment',NULL,NULL),('vi',8,'Smart Televisions',NULL,NULL),('vi',9,'Samsung Smart Phone',NULL,NULL),('vi',10,'Herschel Leather Duffle Bag In Brown Color',NULL,NULL),('vi',11,'Xbox One Wireless Controller Black Color',NULL,NULL),('vi',12,'EPSION Plaster Printer',NULL,NULL),('vi',13,'Sound Intone I65 Earphone White Version',NULL,NULL),('vi',14,'B&O Play Mini Bluetooth Speaker',NULL,NULL),('vi',15,'Apple MacBook Air Retina 13.3-Inch Laptop',NULL,NULL),('vi',16,'Apple MacBook Air Retina 12-Inch Laptop',NULL,NULL),('vi',17,'Samsung Gear VR Virtual Reality Headset',NULL,NULL),('vi',18,'Aveeno Moisturizing Body Shower 450ml',NULL,NULL),('vi',19,'NYX Beauty Couton Pallete Makeup 12',NULL,NULL),('vi',20,'NYX Beauty Couton Pallete Makeup 12',NULL,NULL),('vi',21,'MVMTH Classical Leather Watch In Black',NULL,NULL),('vi',22,'Baxter Care Hair Kit For Bearded Mens',NULL,NULL),('vi',23,'Ciate Palemore Lipstick Bold Red Color',NULL,NULL),('vi',24,'Vimto Squash Remix Apple 1.5 Litres',NULL,NULL),('vi',25,'Crock Pot Slow Cooker',NULL,NULL),('vi',26,'Taylors of Harrogate Yorkshire Coffee',NULL,NULL),('vi',27,'Soft Mochi & Galeto Ice Cream',NULL,NULL),('vi',28,'Naked Noodle Egg Noodles Singapore',NULL,NULL),('vi',29,'Saute Pan Silver',NULL,NULL),('vi',30,'Bar S – Classic Bun Length Franks',NULL,NULL),('vi',31,'Broccoli Crowns',NULL,NULL),('vi',32,'Slimming World Vegan Mac Greens',NULL,NULL),('vi',33,'Häagen-Dazs Salted Caramel',NULL,NULL),('vi',34,'Iceland 3 Solo Exotic Burst',NULL,NULL),('vi',35,'Extreme Budweiser Light Can',NULL,NULL),('vi',36,'Iceland Macaroni Cheese Traybake',NULL,NULL),('vi',37,'Dolmio Bolognese Pasta Sauce',NULL,NULL),('vi',38,'Sitema BakeIT Plastic Box',NULL,NULL),('vi',39,'Wayfair Basics Dinner Plate Storage',NULL,NULL),('vi',40,'Miko The Panda Water Bottle',NULL,NULL),('vi',41,'Sesame Seed Bread',NULL,NULL),('vi',42,'Morrisons The Best Beef',NULL,NULL),('vi',43,'Avocado, Hass Large',NULL,NULL),('vi',44,'Italia Beef Lasagne',NULL,NULL),('vi',45,'Maxwell House Classic Roast Mocha',NULL,NULL),('vi',46,'Bottled Pure Water 500ml',NULL,NULL),('vi',66,'Dual Camera 20MP',NULL,NULL),('vi',67,'Dual Camera 20MP',NULL,NULL),('vi',68,'Dual Camera 20MP',NULL,NULL),('vi',69,'Dual Camera 20MP',NULL,NULL),('vi',70,'Dual Camera 20MP',NULL,NULL),('vi',71,'Smart Watches',NULL,NULL),('vi',72,'Smart Watches',NULL,NULL),('vi',73,'Beat Headphone',NULL,NULL),('vi',74,'Beat Headphone',NULL,NULL),('vi',75,'Red & Black Headphone',NULL,NULL),('vi',76,'Smart Watch External',NULL,NULL),('vi',77,'Smart Watch External',NULL,NULL),('vi',78,'Nikon HD camera',NULL,NULL),('vi',79,'Nikon HD camera',NULL,NULL),('vi',80,'Nikon HD camera',NULL,NULL),('vi',81,'Nikon HD camera',NULL,NULL),('vi',82,'Audio Equipment',NULL,NULL),('vi',83,'Audio Equipment',NULL,NULL),('vi',84,'Smart Televisions',NULL,NULL),('vi',85,'Smart Televisions',NULL,NULL),('vi',86,'Smart Televisions',NULL,NULL),('vi',87,'Samsung Smart Phone',NULL,NULL),('vi',88,'Samsung Smart Phone',NULL,NULL),('vi',89,'Samsung Smart Phone',NULL,NULL),('vi',90,'Herschel Leather Duffle Bag In Brown Color',NULL,NULL),('vi',91,'Herschel Leather Duffle Bag In Brown Color',NULL,NULL),('vi',92,'Herschel Leather Duffle Bag In Brown Color',NULL,NULL),('vi',93,'Herschel Leather Duffle Bag In Brown Color',NULL,NULL),('vi',94,'Xbox One Wireless Controller Black Color',NULL,NULL),('vi',95,'Xbox One Wireless Controller Black Color',NULL,NULL),('vi',96,'Xbox One Wireless Controller Black Color',NULL,NULL),('vi',97,'EPSION Plaster Printer',NULL,NULL),('vi',98,'EPSION Plaster Printer',NULL,NULL),('vi',99,'EPSION Plaster Printer',NULL,NULL),('vi',100,'Sound Intone I65 Earphone White Version',NULL,NULL),('vi',101,'B&O Play Mini Bluetooth Speaker',NULL,NULL),('vi',102,'B&O Play Mini Bluetooth Speaker',NULL,NULL),('vi',103,'B&O Play Mini Bluetooth Speaker',NULL,NULL),('vi',104,'Apple MacBook Air Retina 13.3-Inch Laptop',NULL,NULL),('vi',105,'Apple MacBook Air Retina 13.3-Inch Laptop',NULL,NULL),('vi',106,'Apple MacBook Air Retina 12-Inch Laptop',NULL,NULL),('vi',107,'Samsung Gear VR Virtual Reality Headset',NULL,NULL),('vi',108,'Samsung Gear VR Virtual Reality Headset',NULL,NULL),('vi',109,'Aveeno Moisturizing Body Shower 450ml',NULL,NULL),('vi',110,'Aveeno Moisturizing Body Shower 450ml',NULL,NULL),('vi',111,'Aveeno Moisturizing Body Shower 450ml',NULL,NULL),('vi',112,'NYX Beauty Couton Pallete Makeup 12',NULL,NULL),('vi',113,'NYX Beauty Couton Pallete Makeup 12',NULL,NULL),('vi',114,'NYX Beauty Couton Pallete Makeup 12',NULL,NULL),('vi',115,'NYX Beauty Couton Pallete Makeup 12',NULL,NULL),('vi',116,'NYX Beauty Couton Pallete Makeup 12',NULL,NULL),('vi',117,'NYX Beauty Couton Pallete Makeup 12',NULL,NULL),('vi',118,'NYX Beauty Couton Pallete Makeup 12',NULL,NULL),('vi',119,'MVMTH Classical Leather Watch In Black',NULL,NULL),('vi',120,'Baxter Care Hair Kit For Bearded Mens',NULL,NULL),('vi',121,'Baxter Care Hair Kit For Bearded Mens',NULL,NULL),('vi',122,'Baxter Care Hair Kit For Bearded Mens',NULL,NULL),('vi',123,'Baxter Care Hair Kit For Bearded Mens',NULL,NULL),('vi',124,'Ciate Palemore Lipstick Bold Red Color',NULL,NULL),('vi',125,'Ciate Palemore Lipstick Bold Red Color',NULL,NULL),('vi',126,'Vimto Squash Remix Apple 1.5 Litres',NULL,NULL),('vi',127,'Vimto Squash Remix Apple 1.5 Litres',NULL,NULL),('vi',128,'Vimto Squash Remix Apple 1.5 Litres',NULL,NULL),('vi',129,'Crock Pot Slow Cooker',NULL,NULL),('vi',130,'Crock Pot Slow Cooker',NULL,NULL),('vi',131,'Taylors of Harrogate Yorkshire Coffee',NULL,NULL),('vi',132,'Taylors of Harrogate Yorkshire Coffee',NULL,NULL),('vi',133,'Soft Mochi & Galeto Ice Cream',NULL,NULL),('vi',134,'Soft Mochi & Galeto Ice Cream',NULL,NULL),('vi',135,'Soft Mochi & Galeto Ice Cream',NULL,NULL),('vi',136,'Naked Noodle Egg Noodles Singapore',NULL,NULL),('vi',137,'Naked Noodle Egg Noodles Singapore',NULL,NULL),('vi',138,'Naked Noodle Egg Noodles Singapore',NULL,NULL),('vi',139,'Saute Pan Silver',NULL,NULL),('vi',140,'Saute Pan Silver',NULL,NULL),('vi',141,'Saute Pan Silver',NULL,NULL),('vi',142,'Bar S – Classic Bun Length Franks',NULL,NULL),('vi',143,'Bar S – Classic Bun Length Franks',NULL,NULL),('vi',144,'Broccoli Crowns',NULL,NULL),('vi',145,'Broccoli Crowns',NULL,NULL),('vi',146,'Broccoli Crowns',NULL,NULL),('vi',147,'Broccoli Crowns',NULL,NULL),('vi',148,'Slimming World Vegan Mac Greens',NULL,NULL),('vi',149,'Häagen-Dazs Salted Caramel',NULL,NULL),('vi',150,'Häagen-Dazs Salted Caramel',NULL,NULL),('vi',151,'Häagen-Dazs Salted Caramel',NULL,NULL),('vi',152,'Häagen-Dazs Salted Caramel',NULL,NULL),('vi',153,'Häagen-Dazs Salted Caramel',NULL,NULL),('vi',154,'Iceland 3 Solo Exotic Burst',NULL,NULL),('vi',155,'Iceland 3 Solo Exotic Burst',NULL,NULL),('vi',156,'Iceland 3 Solo Exotic Burst',NULL,NULL),('vi',157,'Iceland 3 Solo Exotic Burst',NULL,NULL),('vi',158,'Extreme Budweiser Light Can',NULL,NULL),('vi',159,'Extreme Budweiser Light Can',NULL,NULL),('vi',160,'Iceland Macaroni Cheese Traybake',NULL,NULL),('vi',161,'Iceland Macaroni Cheese Traybake',NULL,NULL),('vi',162,'Iceland Macaroni Cheese Traybake',NULL,NULL),('vi',163,'Iceland Macaroni Cheese Traybake',NULL,NULL),('vi',164,'Dolmio Bolognese Pasta Sauce',NULL,NULL),('vi',165,'Dolmio Bolognese Pasta Sauce',NULL,NULL),('vi',166,'Dolmio Bolognese Pasta Sauce',NULL,NULL),('vi',167,'Dolmio Bolognese Pasta Sauce',NULL,NULL),('vi',168,'Dolmio Bolognese Pasta Sauce',NULL,NULL),('vi',169,'Sitema BakeIT Plastic Box',NULL,NULL),('vi',170,'Sitema BakeIT Plastic Box',NULL,NULL),('vi',171,'Wayfair Basics Dinner Plate Storage',NULL,NULL),('vi',172,'Wayfair Basics Dinner Plate Storage',NULL,NULL),('vi',173,'Wayfair Basics Dinner Plate Storage',NULL,NULL),('vi',174,'Wayfair Basics Dinner Plate Storage',NULL,NULL),('vi',175,'Miko The Panda Water Bottle',NULL,NULL),('vi',176,'Miko The Panda Water Bottle',NULL,NULL),('vi',177,'Miko The Panda Water Bottle',NULL,NULL),('vi',178,'Miko The Panda Water Bottle',NULL,NULL),('vi',179,'Miko The Panda Water Bottle',NULL,NULL),('vi',180,'Sesame Seed Bread',NULL,NULL),('vi',181,'Sesame Seed Bread',NULL,NULL),('vi',182,'Sesame Seed Bread',NULL,NULL),('vi',183,'Morrisons The Best Beef',NULL,NULL),('vi',184,'Morrisons The Best Beef',NULL,NULL),('vi',185,'Morrisons The Best Beef',NULL,NULL),('vi',186,'Avocado, Hass Large',NULL,NULL),('vi',187,'Avocado, Hass Large',NULL,NULL),('vi',188,'Avocado, Hass Large',NULL,NULL),('vi',189,'Italia Beef Lasagne',NULL,NULL),('vi',190,'Italia Beef Lasagne',NULL,NULL),('vi',191,'Italia Beef Lasagne',NULL,NULL),('vi',192,'Italia Beef Lasagne',NULL,NULL),('vi',193,'Italia Beef Lasagne',NULL,NULL),('vi',194,'Maxwell House Classic Roast Mocha',NULL,NULL),('vi',195,'Maxwell House Classic Roast Mocha',NULL,NULL),('vi',196,'Bottled Pure Water 500ml',NULL,NULL),('vi',197,'Bottled Pure Water 500ml',NULL,NULL),('vi',198,'Bottled Pure Water 500ml',NULL,NULL);
/*!40000 ALTER TABLE `ec_products_translations` ENABLE KEYS */;
UNLOCK TABLES;

--
-- Table structure for table `ec_reviews`
--

DROP TABLE IF EXISTS `ec_reviews`;
/*!40101 SET @saved_cs_client     = @@character_set_client */;
/*!50503 SET character_set_client = utf8mb4 */;
CREATE TABLE `ec_reviews` (
  `id` bigint unsigned NOT NULL AUTO_INCREMENT,
  `customer_id` bigint unsigned NOT NULL,
  `product_id` bigint unsigned NOT NULL,
  `star` double(8,2) NOT NULL,
  `comment` text CHARACTER SET utf8mb4 COLLATE utf8mb4_unicode_ci NOT NULL,
  `status` varchar(60) COLLATE utf8mb4_unicode_ci NOT NULL DEFAULT 'published',
  `created_at` timestamp NULL DEFAULT NULL,
  `updated_at` timestamp NULL DEFAULT NULL,
  `images` text COLLATE utf8mb4_unicode_ci,
  PRIMARY KEY (`id`),
  UNIQUE KEY `ec_reviews_product_id_customer_id_unique` (`product_id`,`customer_id`),
  KEY `ec_reviews_product_id_customer_id_status_created_at_index` (`product_id`,`customer_id`,`status`,`created_at`),
  KEY `ec_reviews_product_id_customer_id_status_index` (`product_id`,`customer_id`,`status`)
) ENGINE=InnoDB AUTO_INCREMENT=1001 DEFAULT CHARSET=utf8mb4 COLLATE=utf8mb4_unicode_ci;
/*!40101 SET character_set_client = @saved_cs_client */;

--
-- Dumping data for table `ec_reviews`
--

LOCK TABLES `ec_reviews` WRITE;
/*!40000 ALTER TABLE `ec_reviews` DISABLE KEYS */;
INSERT INTO `ec_reviews` VALUES (1,5,11,3.00,'Amazing code, amazing support. Overall, im really confident in Botble and im happy I made the right choice! Thank you so much guys for coding this masterpiece','published','2023-05-28 21:30:01','2023-05-28 21:30:01','[\"products\\/2.jpg\",\"products\\/45.jpg\"]'),(2,2,21,4.00,'The code is good, in general, if you like it, can you give it 5 stars?','published','2023-05-28 21:30:01','2023-05-28 21:30:01','[\"products\\/13.jpg\"]'),(3,2,53,4.00,'Cool template. Excellent code quality. The support responds very quickly, which is very rare on themeforest and codecanyon.net, I buy a lot of templates, and everyone will have a response from technical support for two or three days. Thanks to tech support. I recommend to buy.','published','2023-05-28 21:30:01','2023-05-28 21:30:01','[\"products\\/28.jpg\"]'),(4,8,12,2.00,'This script is well coded and is super fast. The support is pretty quick. Very patient and helpful team. I strongly recommend it and they deserve more than 5 stars.','published','2023-05-28 21:30:01','2023-05-28 21:30:01','[\"products\\/4.jpg\"]'),(5,9,2,2.00,'We have received brilliant service support and will be expanding the features with the developer. Nice product!','published','2023-05-28 21:30:01','2023-05-28 21:30:01','{\"0\":\"products\\/9.jpg\",\"2\":\"products\\/58.jpg\"}'),(6,1,23,2.00,'Great E-commerce system. And much more : Wonderful Customer Support.','published','2023-05-28 21:30:01','2023-05-28 21:30:01','[\"products\\/15.jpg\"]'),(7,8,17,5.00,'The best ecommerce CMS! Excellent coding! best support service! Thank you so much..... I really like your hard work.','published','2023-05-28 21:30:01','2023-05-28 21:30:01','[\"products\\/30.jpg\",\"products\\/31.jpg\"]'),(8,8,39,1.00,'I Love this Script. I also found how to add other fees. Now I just wait the BIG update for the Marketplace with the Bulk Import. Just do not forget to make it to be Multi-language for us the Botble Fans.','published','2023-05-28 21:30:01','2023-05-28 21:30:01','[\"products\\/16.jpg\",\"products\\/45.jpg\"]'),(9,2,3,1.00,'The best store template! Excellent coding! Very good support! Thank you so much for all the help, I really appreciated.','published','2023-05-28 21:30:01','2023-05-28 21:30:01','{\"0\":\"products\\/12.jpg\",\"2\":\"products\\/60.jpg\"}'),(10,4,3,3.00,'These guys are amazing! Responses immediately, amazing support and help... I immediately feel at ease after Purchasing..','published','2023-05-28 21:30:01','2023-05-28 21:30:01','[\"products\\/2.jpg\",\"products\\/41.jpg\",\"products\\/57.jpg\"]'),(11,3,15,1.00,'The best store template! Excellent coding! Very good support! Thank you so much for all the help, I really appreciated.','published','2023-05-28 21:30:01','2023-05-28 21:30:01','[\"products\\/1.jpg\",\"products\\/31.jpg\"]'),(12,2,8,2.00,'This web app is really good in design, code quality & features. Besides, the customer support provided by the Botble team was really fast & helpful. You guys are awesome!','published','2023-05-28 21:30:01','2023-05-28 21:30:01','[\"products\\/2.jpg\",\"products\\/34.jpg\",\"products\\/60.jpg\"]'),(13,1,56,3.00,'I Love this Script. I also found how to add other fees. Now I just wait the BIG update for the Marketplace with the Bulk Import. Just do not forget to make it to be Multi-language for us the Botble Fans.','published','2023-05-28 21:30:01','2023-05-28 21:30:01','[\"products\\/15.jpg\"]'),(14,3,3,3.00,'This script is well coded and is super fast. The support is pretty quick. Very patient and helpful team. I strongly recommend it and they deserve more than 5 stars.','published','2023-05-28 21:30:01','2023-05-28 21:30:01','[\"products\\/21.jpg\",\"products\\/46.jpg\"]'),(15,1,22,5.00,'Perfect +++++++++ i love it really also i get to fast ticket answers... Thanks Lot BOTBLE Teams','published','2023-05-28 21:30:01','2023-05-28 21:30:01','[\"products\\/12.jpg\",\"products\\/39.jpg\",\"products\\/55.jpg\"]'),(16,2,56,4.00,'These guys are amazing! Responses immediately, amazing support and help... I immediately feel at ease after Purchasing..','published','2023-05-28 21:30:01','2023-05-28 21:30:01','[\"products\\/5.jpg\",\"products\\/32.jpg\",\"products\\/61.jpg\"]'),(17,6,54,3.00,'This script is well coded and is super fast. The support is pretty quick. Very patient and helpful team. I strongly recommend it and they deserve more than 5 stars.','published','2023-05-28 21:30:01','2023-05-28 21:30:01','[\"products\\/11.jpg\",\"products\\/46.jpg\",\"products\\/54.jpg\"]'),(18,4,38,3.00,'Good app, good backup service and support. Good documentation.','published','2023-05-28 21:30:01','2023-05-28 21:30:01','[\"products\\/7.jpg\",\"products\\/37.jpg\",\"products\\/61.jpg\"]'),(19,1,32,3.00,'Second or third time that I buy a Botble product, happy with the products and support. You guys do a good job :)','published','2023-05-28 21:30:01','2023-05-28 21:30:01','[\"products\\/20.jpg\",\"products\\/49.jpg\",\"products\\/52.jpg\"]'),(20,7,53,3.00,'We have received brilliant service support and will be expanding the features with the developer. Nice product!','published','2023-05-28 21:30:01','2023-05-28 21:30:01','{\"0\":\"products\\/30.jpg\",\"2\":\"products\\/52.jpg\"}'),(21,9,21,2.00,'For me the best eCommerce script on Envato at this moment: modern, clean code, a lot of great features. The customer support is great too: I always get an answer within hours!','published','2023-05-28 21:30:01','2023-05-28 21:30:01','[\"products\\/16.jpg\",\"products\\/48.jpg\",\"products\\/65.jpg\"]'),(22,9,45,3.00,'Cool template. Excellent code quality. The support responds very quickly, which is very rare on themeforest and codecanyon.net, I buy a lot of templates, and everyone will have a response from technical support for two or three days. Thanks to tech support. I recommend to buy.','published','2023-05-28 21:30:01','2023-05-28 21:30:01','[\"products\\/14.jpg\",\"products\\/47.jpg\"]'),(23,9,4,4.00,'I Love this Script. I also found how to add other fees. Now I just wait the BIG update for the Marketplace with the Bulk Import. Just do not forget to make it to be Multi-language for us the Botble Fans.','published','2023-05-28 21:30:01','2023-05-28 21:30:01','[\"products\\/8.jpg\",\"products\\/50.jpg\"]'),(24,6,27,3.00,'This script is well coded and is super fast. The support is pretty quick. Very patient and helpful team. I strongly recommend it and they deserve more than 5 stars.','published','2023-05-28 21:30:01','2023-05-28 21:30:01','[\"products\\/22.jpg\"]'),(25,2,10,3.00,'Solution is too robust for our purpose so we didn\'t use it at the end. But I appreciate customer support during initial configuration.','published','2023-05-28 21:30:01','2023-05-28 21:30:01','[\"products\\/25.jpg\",\"products\\/40.jpg\"]'),(26,8,37,5.00,'These guys are amazing! Responses immediately, amazing support and help... I immediately feel at ease after Purchasing..','published','2023-05-28 21:30:01','2023-05-28 21:30:01','[\"products\\/24.jpg\",\"products\\/41.jpg\",\"products\\/51.jpg\"]'),(27,6,29,3.00,'Cool template. Excellent code quality. The support responds very quickly, which is very rare on themeforest and codecanyon.net, I buy a lot of templates, and everyone will have a response from technical support for two or three days. Thanks to tech support. I recommend to buy.','published','2023-05-28 21:30:01','2023-05-28 21:30:01','[\"products\\/2.jpg\",\"products\\/42.jpg\"]'),(28,6,21,1.00,'Ok good product. I have some issues in customizations. But its not correct to blame the developer. The product is good. Good luck for your business.','published','2023-05-28 21:30:01','2023-05-28 21:30:01','[\"products\\/20.jpg\",\"products\\/49.jpg\",\"products\\/62.jpg\"]'),(30,5,36,3.00,'Very enthusiastic support! Excellent code is written. It\'s a true pleasure working with.','published','2023-05-28 21:30:01','2023-05-28 21:30:01','[\"products\\/8.jpg\",\"products\\/43.jpg\",\"products\\/51.jpg\"]'),(32,10,47,4.00,'Amazing code, amazing support. Overall, im really confident in Botble and im happy I made the right choice! Thank you so much guys for coding this masterpiece','published','2023-05-28 21:30:01','2023-05-28 21:30:01','[\"products\\/8.jpg\",\"products\\/32.jpg\",\"products\\/65.jpg\"]'),(33,3,9,5.00,'Clean & perfect source code','published','2023-05-28 21:30:01','2023-05-28 21:30:01','[\"products\\/1.jpg\",\"products\\/42.jpg\"]'),(34,9,53,5.00,'Customer Support are grade (A*), however the code is a way too over engineered for it\'s purpose.','published','2023-05-28 21:30:01','2023-05-28 21:30:01','[\"products\\/17.jpg\"]'),(35,4,27,3.00,'As a developer I reviewed this script. This is really awesome ecommerce script. I have convinced when I noticed that it\'s built on fully WordPress concept.','published','2023-05-28 21:30:01','2023-05-28 21:30:01','[\"products\\/24.jpg\",\"products\\/34.jpg\"]'),(36,10,17,1.00,'Good app, good backup service and support. Good documentation.','published','2023-05-28 21:30:01','2023-05-28 21:30:01','[\"products\\/29.jpg\",\"products\\/48.jpg\",\"products\\/63.jpg\"]'),(37,6,43,2.00,'Best ecommerce CMS online store!','published','2023-05-28 21:30:01','2023-05-28 21:30:01','[\"products\\/11.jpg\",\"products\\/39.jpg\"]'),(38,4,47,3.00,'Great system, great support, good job Botble. I\'m looking forward to more great functional plugins.','published','2023-05-28 21:30:01','2023-05-28 21:30:01','[\"products\\/27.jpg\",\"products\\/43.jpg\",\"products\\/56.jpg\"]'),(39,5,15,1.00,'The best ecommerce CMS! Excellent coding! best support service! Thank you so much..... I really like your hard work.','published','2023-05-28 21:30:01','2023-05-28 21:30:01','[\"products\\/24.jpg\",\"products\\/39.jpg\"]'),(40,5,48,4.00,'Very enthusiastic support! Excellent code is written. It\'s a true pleasure working with.','published','2023-05-28 21:30:01','2023-05-28 21:30:01','[\"products\\/16.jpg\",\"products\\/44.jpg\"]'),(41,1,65,4.00,'Second or third time that I buy a Botble product, happy with the products and support. You guys do a good job :)','published','2023-05-28 21:30:01','2023-05-28 21:30:01','[\"products\\/21.jpg\",\"products\\/47.jpg\"]'),(42,8,46,3.00,'Clean & perfect source code','published','2023-05-28 21:30:01','2023-05-28 21:30:01','[\"products\\/15.jpg\",\"products\\/38.jpg\",\"products\\/55.jpg\"]'),(43,8,22,5.00,'The code is good, in general, if you like it, can you give it 5 stars?','published','2023-05-28 21:30:01','2023-05-28 21:30:01','[\"products\\/15.jpg\"]'),(44,8,60,5.00,'The code is good, in general, if you like it, can you give it 5 stars?','published','2023-05-28 21:30:01','2023-05-28 21:30:01','[\"products\\/6.jpg\",\"products\\/45.jpg\"]'),(45,7,38,1.00,'Clean & perfect source code','published','2023-05-28 21:30:01','2023-05-28 21:30:01','{\"0\":\"products\\/12.jpg\",\"2\":\"products\\/54.jpg\"}'),(47,10,64,3.00,'Best ecommerce CMS online store!','published','2023-05-28 21:30:01','2023-05-28 21:30:01','[\"products\\/18.jpg\",\"products\\/42.jpg\",\"products\\/52.jpg\"]'),(48,9,41,1.00,'Good app, good backup service and support. Good documentation.','published','2023-05-28 21:30:01','2023-05-28 21:30:01','[\"products\\/1.jpg\",\"products\\/31.jpg\"]'),(49,7,14,2.00,'The code is good, in general, if you like it, can you give it 5 stars?','published','2023-05-28 21:30:01','2023-05-28 21:30:01','[\"products\\/27.jpg\",\"products\\/34.jpg\"]'),(50,8,15,1.00,'Great system, great support, good job Botble. I\'m looking forward to more great functional plugins.','published','2023-05-28 21:30:01','2023-05-28 21:30:01','[\"products\\/13.jpg\",\"products\\/43.jpg\"]'),(51,1,49,1.00,'The best store template! Excellent coding! Very good support! Thank you so much for all the help, I really appreciated.','published','2023-05-28 21:30:01','2023-05-28 21:30:01','[\"products\\/19.jpg\",\"products\\/48.jpg\"]'),(52,7,19,2.00,'We have received brilliant service support and will be expanding the features with the developer. Nice product!','published','2023-05-28 21:30:01','2023-05-28 21:30:01','[\"products\\/12.jpg\",\"products\\/33.jpg\",\"products\\/54.jpg\"]'),(53,6,60,3.00,'Amazing code, amazing support. Overall, im really confident in Botble and im happy I made the right choice! Thank you so much guys for coding this masterpiece','published','2023-05-28 21:30:01','2023-05-28 21:30:01','[\"products\\/15.jpg\",\"products\\/47.jpg\",\"products\\/58.jpg\"]'),(54,1,9,1.00,'Good app, good backup service and support. Good documentation.','published','2023-05-28 21:30:01','2023-05-28 21:30:01','[\"products\\/28.jpg\",\"products\\/44.jpg\",\"products\\/65.jpg\"]'),(55,7,52,3.00,'The code is good, in general, if you like it, can you give it 5 stars?','published','2023-05-28 21:30:01','2023-05-28 21:30:01','[\"products\\/11.jpg\",\"products\\/34.jpg\"]'),(56,6,10,5.00,'This web app is really good in design, code quality & features. Besides, the customer support provided by the Botble team was really fast & helpful. You guys are awesome!','published','2023-05-28 21:30:01','2023-05-28 21:30:01','[\"products\\/5.jpg\",\"products\\/42.jpg\"]'),(57,3,61,1.00,'Good app, good backup service and support. Good documentation.','published','2023-05-28 21:30:01','2023-05-28 21:30:01','[\"products\\/14.jpg\",\"products\\/34.jpg\",\"products\\/56.jpg\"]'),(58,3,63,1.00,'I Love this Script. I also found how to add other fees. Now I just wait the BIG update for the Marketplace with the Bulk Import. Just do not forget to make it to be Multi-language for us the Botble Fans.','published','2023-05-28 21:30:01','2023-05-28 21:30:01','[\"products\\/3.jpg\"]'),(60,7,25,3.00,'Good app, good backup service and support. Good documentation.','published','2023-05-28 21:30:01','2023-05-28 21:30:01','[\"products\\/19.jpg\",\"products\\/46.jpg\"]'),(61,4,6,2.00,'I Love this Script. I also found how to add other fees. Now I just wait the BIG update for the Marketplace with the Bulk Import. Just do not forget to make it to be Multi-language for us the Botble Fans.','published','2023-05-28 21:30:01','2023-05-28 21:30:01','[\"products\\/27.jpg\",\"products\\/41.jpg\"]'),(62,9,52,2.00,'Cool template. Excellent code quality. The support responds very quickly, which is very rare on themeforest and codecanyon.net, I buy a lot of templates, and everyone will have a response from technical support for two or three days. Thanks to tech support. I recommend to buy.','published','2023-05-28 21:30:01','2023-05-28 21:30:01','{\"0\":\"products\\/11.jpg\",\"2\":\"products\\/51.jpg\"}'),(63,2,52,2.00,'Best ecommerce CMS online store!','published','2023-05-28 21:30:01','2023-05-28 21:30:01','[\"products\\/24.jpg\",\"products\\/49.jpg\"]'),(64,4,10,2.00,'Best ecommerce CMS online store!','published','2023-05-28 21:30:01','2023-05-28 21:30:01','[\"products\\/24.jpg\"]'),(65,4,35,1.00,'The best ecommerce CMS! Excellent coding! best support service! Thank you so much..... I really like your hard work.','published','2023-05-28 21:30:01','2023-05-28 21:30:01','[\"products\\/2.jpg\",\"products\\/32.jpg\"]'),(66,10,29,2.00,'Best ecommerce CMS online store!','published','2023-05-28 21:30:01','2023-05-28 21:30:01','[\"products\\/5.jpg\"]'),(67,9,38,4.00,'Good app, good backup service and support. Good documentation.','published','2023-05-28 21:30:01','2023-05-28 21:30:01','[\"products\\/28.jpg\",\"products\\/48.jpg\"]'),(68,8,48,1.00,'As a developer I reviewed this script. This is really awesome ecommerce script. I have convinced when I noticed that it\'s built on fully WordPress concept.','published','2023-05-28 21:30:01','2023-05-28 21:30:01','[\"products\\/10.jpg\",\"products\\/49.jpg\"]'),(69,8,27,2.00,'Best ecommerce CMS online store!','published','2023-05-28 21:30:01','2023-05-28 21:30:01','[\"products\\/16.jpg\"]'),(70,3,31,5.00,'Those guys now what they are doing, the release such a good product that it\'s a pleasure to work with ! Even when I was stuck on the project, I created a ticket and the next day it was replied by the team. GOOD JOB guys. I love working with them :)','published','2023-05-28 21:30:01','2023-05-28 21:30:01','[\"products\\/30.jpg\",\"products\\/45.jpg\"]'),(71,2,43,4.00,'This web app is really good in design, code quality & features. Besides, the customer support provided by the Botble team was really fast & helpful. You guys are awesome!','published','2023-05-28 21:30:01','2023-05-28 21:30:01','[\"products\\/20.jpg\",\"products\\/43.jpg\"]'),(72,7,37,5.00,'The best ecommerce CMS! Excellent coding! best support service! Thank you so much..... I really like your hard work.','published','2023-05-28 21:30:01','2023-05-28 21:30:01','[\"products\\/29.jpg\"]'),(73,10,27,5.00,'Best ecommerce CMS online store!','published','2023-05-28 21:30:01','2023-05-28 21:30:01','[\"products\\/8.jpg\"]'),(74,5,23,2.00,'Perfect +++++++++ i love it really also i get to fast ticket answers... Thanks Lot BOTBLE Teams','published','2023-05-28 21:30:01','2023-05-28 21:30:01','[\"products\\/20.jpg\",\"products\\/42.jpg\",\"products\\/64.jpg\"]'),(76,9,26,1.00,'Best ecommerce CMS online store!','published','2023-05-28 21:30:01','2023-05-28 21:30:01','[\"products\\/15.jpg\",\"products\\/42.jpg\"]'),(77,5,5,5.00,'Second or third time that I buy a Botble product, happy with the products and support. You guys do a good job :)','published','2023-05-28 21:30:01','2023-05-28 21:30:01','[\"products\\/22.jpg\",\"products\\/33.jpg\"]'),(78,3,14,5.00,'Very enthusiastic support! Excellent code is written. It\'s a true pleasure working with.','published','2023-05-28 21:30:01','2023-05-28 21:30:01','[\"products\\/2.jpg\",\"products\\/42.jpg\"]'),(79,1,2,1.00,'The best ecommerce CMS! Excellent coding! best support service! Thank you so much..... I really like your hard work.','published','2023-05-28 21:30:01','2023-05-28 21:30:01','[\"products\\/15.jpg\",\"products\\/38.jpg\",\"products\\/55.jpg\"]'),(80,9,25,2.00,'It\'s not my first experience here on Codecanyon and I can honestly tell you all that Botble puts a LOT of effort into the support. They answer so fast, they helped me tons of times. REALLY by far THE BEST EXPERIENCE on Codecanyon. Those guys at Botble are so good that they deserve 5 stars. I recommend them, I trust them and I can\'t wait to see what they will sell in a near future. Thank you Botble :)','published','2023-05-28 21:30:01','2023-05-28 21:30:01','[\"products\\/5.jpg\",\"products\\/35.jpg\"]'),(81,6,55,1.00,'As a developer I reviewed this script. This is really awesome ecommerce script. I have convinced when I noticed that it\'s built on fully WordPress concept.','published','2023-05-28 21:30:01','2023-05-28 21:30:01','[\"products\\/27.jpg\"]'),(82,5,52,4.00,'The best ecommerce CMS! Excellent coding! best support service! Thank you so much..... I really like your hard work.','published','2023-05-28 21:30:01','2023-05-28 21:30:01','[\"products\\/3.jpg\",\"products\\/33.jpg\",\"products\\/55.jpg\"]'),(83,9,35,3.00,'Great E-commerce system. And much more : Wonderful Customer Support.','published','2023-05-28 21:30:01','2023-05-28 21:30:01','[\"products\\/26.jpg\",\"products\\/34.jpg\"]'),(84,3,7,3.00,'Best ecommerce CMS online store!','published','2023-05-28 21:30:01','2023-05-28 21:30:01','[\"products\\/13.jpg\",\"products\\/48.jpg\"]'),(85,8,49,1.00,'It\'s not my first experience here on Codecanyon and I can honestly tell you all that Botble puts a LOT of effort into the support. They answer so fast, they helped me tons of times. REALLY by far THE BEST EXPERIENCE on Codecanyon. Those guys at Botble are so good that they deserve 5 stars. I recommend them, I trust them and I can\'t wait to see what they will sell in a near future. Thank you Botble :)','published','2023-05-28 21:30:01','2023-05-28 21:30:01','[\"products\\/15.jpg\",\"products\\/43.jpg\",\"products\\/54.jpg\"]'),(86,3,26,4.00,'Great system, great support, good job Botble. I\'m looking forward to more great functional plugins.','published','2023-05-28 21:30:01','2023-05-28 21:30:01','[\"products\\/26.jpg\"]'),(87,10,54,3.00,'The script is the best of its class, fast, easy to implement and work with , and the most important thing is the great support team , Recommend with no doubt.','published','2023-05-28 21:30:01','2023-05-28 21:30:01','[\"products\\/22.jpg\",\"products\\/45.jpg\"]'),(88,3,41,4.00,'It\'s not my first experience here on Codecanyon and I can honestly tell you all that Botble puts a LOT of effort into the support. They answer so fast, they helped me tons of times. REALLY by far THE BEST EXPERIENCE on Codecanyon. Those guys at Botble are so good that they deserve 5 stars. I recommend them, I trust them and I can\'t wait to see what they will sell in a near future. Thank you Botble :)','published','2023-05-28 21:30:01','2023-05-28 21:30:01','[\"products\\/25.jpg\",\"products\\/41.jpg\",\"products\\/56.jpg\"]'),(89,5,49,2.00,'Amazing code, amazing support. Overall, im really confident in Botble and im happy I made the right choice! Thank you so much guys for coding this masterpiece','published','2023-05-28 21:30:01','2023-05-28 21:30:01','{\"0\":\"products\\/4.jpg\",\"2\":\"products\\/61.jpg\"}'),(90,3,22,2.00,'Good app, good backup service and support. Good documentation.','published','2023-05-28 21:30:01','2023-05-28 21:30:01','[\"products\\/30.jpg\"]'),(91,8,16,3.00,'This web app is really good in design, code quality & features. Besides, the customer support provided by the Botble team was really fast & helpful. You guys are awesome!','published','2023-05-28 21:30:01','2023-05-28 21:30:01','[\"products\\/13.jpg\",\"products\\/42.jpg\"]'),(92,7,5,5.00,'The best ecommerce CMS! Excellent coding! best support service! Thank you so much..... I really like your hard work.','published','2023-05-28 21:30:01','2023-05-28 21:30:01','{\"0\":\"products\\/1.jpg\",\"2\":\"products\\/61.jpg\"}'),(93,2,18,2.00,'The best store template! Excellent coding! Very good support! Thank you so much for all the help, I really appreciated.','published','2023-05-28 21:30:01','2023-05-28 21:30:01','[\"products\\/5.jpg\",\"products\\/34.jpg\",\"products\\/60.jpg\"]'),(94,1,63,3.00,'It\'s not my first experience here on Codecanyon and I can honestly tell you all that Botble puts a LOT of effort into the support. They answer so fast, they helped me tons of times. REALLY by far THE BEST EXPERIENCE on Codecanyon. Those guys at Botble are so good that they deserve 5 stars. I recommend them, I trust them and I can\'t wait to see what they will sell in a near future. Thank you Botble :)','published','2023-05-28 21:30:01','2023-05-28 21:30:01','[\"products\\/29.jpg\",\"products\\/33.jpg\",\"products\\/64.jpg\"]'),(95,8,41,5.00,'This script is well coded and is super fast. The support is pretty quick. Very patient and helpful team. I strongly recommend it and they deserve more than 5 stars.','published','2023-05-28 21:30:01','2023-05-28 21:30:01','[\"products\\/26.jpg\",\"products\\/43.jpg\"]'),(96,4,44,4.00,'Clean & perfect source code','published','2023-05-28 21:30:01','2023-05-28 21:30:01','[\"products\\/28.jpg\",\"products\\/43.jpg\"]'),(97,8,2,3.00,'Great E-commerce system. And much more : Wonderful Customer Support.','published','2023-05-28 21:30:01','2023-05-28 21:30:01','[\"products\\/12.jpg\"]'),(98,3,33,2.00,'This web app is really good in design, code quality & features. Besides, the customer support provided by the Botble team was really fast & helpful. You guys are awesome!','published','2023-05-28 21:30:01','2023-05-28 21:30:01','{\"0\":\"products\\/3.jpg\",\"2\":\"products\\/58.jpg\"}'),(99,4,33,3.00,'These guys are amazing! Responses immediately, amazing support and help... I immediately feel at ease after Purchasing..','published','2023-05-28 21:30:01','2023-05-28 21:30:01','[\"products\\/10.jpg\"]'),(100,4,11,5.00,'Great E-commerce system. And much more : Wonderful Customer Support.','published','2023-05-28 21:30:01','2023-05-28 21:30:01','[\"products\\/21.jpg\"]'),(101,5,2,4.00,'The best ecommerce CMS! Excellent coding! best support service! Thank you so much..... I really like your hard work.','published','2023-05-28 21:30:01','2023-05-28 21:30:01','[\"products\\/13.jpg\",\"products\\/32.jpg\",\"products\\/62.jpg\"]'),(102,6,14,2.00,'As a developer I reviewed this script. This is really awesome ecommerce script. I have convinced when I noticed that it\'s built on fully WordPress concept.','published','2023-05-28 21:30:01','2023-05-28 21:30:01','{\"0\":\"products\\/3.jpg\",\"2\":\"products\\/61.jpg\"}'),(103,4,15,4.00,'Very enthusiastic support! Excellent code is written. It\'s a true pleasure working with.','published','2023-05-28 21:30:01','2023-05-28 21:30:01','[\"products\\/11.jpg\",\"products\\/36.jpg\"]'),(104,2,49,4.00,'This script is well coded and is super fast. The support is pretty quick. Very patient and helpful team. I strongly recommend it and they deserve more than 5 stars.','published','2023-05-28 21:30:01','2023-05-28 21:30:01','[\"products\\/16.jpg\",\"products\\/49.jpg\",\"products\\/55.jpg\"]'),(105,8,20,1.00,'Amazing code, amazing support. Overall, im really confident in Botble and im happy I made the right choice! Thank you so much guys for coding this masterpiece','published','2023-05-28 21:30:01','2023-05-28 21:30:01','{\"0\":\"products\\/28.jpg\",\"2\":\"products\\/61.jpg\"}'),(106,5,24,4.00,'Great system, great support, good job Botble. I\'m looking forward to more great functional plugins.','published','2023-05-28 21:30:01','2023-05-28 21:30:01','[\"products\\/28.jpg\",\"products\\/31.jpg\"]'),(107,9,8,1.00,'I Love this Script. I also found how to add other fees. Now I just wait the BIG update for the Marketplace with the Bulk Import. Just do not forget to make it to be Multi-language for us the Botble Fans.','published','2023-05-28 21:30:01','2023-05-28 21:30:01','[\"products\\/19.jpg\",\"products\\/47.jpg\",\"products\\/59.jpg\"]'),(108,2,42,3.00,'Amazing code, amazing support. Overall, im really confident in Botble and im happy I made the right choice! Thank you so much guys for coding this masterpiece','published','2023-05-28 21:30:01','2023-05-28 21:30:01','[\"products\\/24.jpg\",\"products\\/50.jpg\"]'),(109,9,14,4.00,'Cool template. Excellent code quality. The support responds very quickly, which is very rare on themeforest and codecanyon.net, I buy a lot of templates, and everyone will have a response from technical support for two or three days. Thanks to tech support. I recommend to buy.','published','2023-05-28 21:30:01','2023-05-28 21:30:01','[\"products\\/22.jpg\",\"products\\/50.jpg\",\"products\\/59.jpg\"]'),(111,10,18,1.00,'The best store template! Excellent coding! Very good support! Thank you so much for all the help, I really appreciated.','published','2023-05-28 21:30:01','2023-05-28 21:30:01','[\"products\\/18.jpg\"]'),(112,10,12,1.00,'Great system, great support, good job Botble. I\'m looking forward to more great functional plugins.','published','2023-05-28 21:30:01','2023-05-28 21:30:01','{\"0\":\"products\\/3.jpg\",\"2\":\"products\\/64.jpg\"}'),(113,7,2,5.00,'Best ecommerce CMS online store!','published','2023-05-28 21:30:01','2023-05-28 21:30:01','[\"products\\/4.jpg\"]'),(114,2,34,2.00,'The best ecommerce CMS! Excellent coding! best support service! Thank you so much..... I really like your hard work.','published','2023-05-28 21:30:01','2023-05-28 21:30:01','[\"products\\/24.jpg\"]'),(115,3,27,4.00,'The script is the best of its class, fast, easy to implement and work with , and the most important thing is the great support team , Recommend with no doubt.','published','2023-05-28 21:30:01','2023-05-28 21:30:01','[\"products\\/11.jpg\",\"products\\/32.jpg\",\"products\\/65.jpg\"]'),(116,1,52,3.00,'Cool template. Excellent code quality. The support responds very quickly, which is very rare on themeforest and codecanyon.net, I buy a lot of templates, and everyone will have a response from technical support for two or three days. Thanks to tech support. I recommend to buy.','published','2023-05-28 21:30:01','2023-05-28 21:30:01','[\"products\\/9.jpg\",\"products\\/40.jpg\"]'),(117,1,53,3.00,'The code is good, in general, if you like it, can you give it 5 stars?','published','2023-05-28 21:30:01','2023-05-28 21:30:01','[\"products\\/25.jpg\",\"products\\/46.jpg\"]'),(118,7,58,3.00,'Very enthusiastic support! Excellent code is written. It\'s a true pleasure working with.','published','2023-05-28 21:30:01','2023-05-28 21:30:01','[\"products\\/8.jpg\",\"products\\/48.jpg\"]'),(119,4,39,5.00,'Those guys now what they are doing, the release such a good product that it\'s a pleasure to work with ! Even when I was stuck on the project, I created a ticket and the next day it was replied by the team. GOOD JOB guys. I love working with them :)','published','2023-05-28 21:30:01','2023-05-28 21:30:01','[\"products\\/14.jpg\",\"products\\/48.jpg\"]'),(120,1,64,5.00,'Second or third time that I buy a Botble product, happy with the products and support. You guys do a good job :)','published','2023-05-28 21:30:01','2023-05-28 21:30:01','[\"products\\/23.jpg\",\"products\\/45.jpg\"]'),(121,4,2,1.00,'The best ecommerce CMS! Excellent coding! best support service! Thank you so much..... I really like your hard work.','published','2023-05-28 21:30:01','2023-05-28 21:30:01','{\"0\":\"products\\/2.jpg\",\"2\":\"products\\/62.jpg\"}'),(122,2,17,1.00,'The script is the best of its class, fast, easy to implement and work with , and the most important thing is the great support team , Recommend with no doubt.','published','2023-05-28 21:30:01','2023-05-28 21:30:01','[\"products\\/17.jpg\",\"products\\/43.jpg\"]'),(123,2,62,3.00,'This web app is really good in design, code quality & features. Besides, the customer support provided by the Botble team was really fast & helpful. You guys are awesome!','published','2023-05-28 21:30:01','2023-05-28 21:30:01','[\"products\\/24.jpg\",\"products\\/33.jpg\"]'),(127,5,19,2.00,'This web app is really good in design, code quality & features. Besides, the customer support provided by the Botble team was really fast & helpful. You guys are awesome!','published','2023-05-28 21:30:01','2023-05-28 21:30:01','[\"products\\/15.jpg\",\"products\\/44.jpg\"]'),(128,8,43,5.00,'Amazing code, amazing support. Overall, im really confident in Botble and im happy I made the right choice! Thank you so much guys for coding this masterpiece','published','2023-05-28 21:30:01','2023-05-28 21:30:01','[\"products\\/16.jpg\",\"products\\/40.jpg\",\"products\\/60.jpg\"]'),(129,3,24,4.00,'These guys are amazing! Responses immediately, amazing support and help... I immediately feel at ease after Purchasing..','published','2023-05-28 21:30:01','2023-05-28 21:30:01','[\"products\\/18.jpg\"]'),(130,8,11,3.00,'Very enthusiastic support! Excellent code is written. It\'s a true pleasure working with.','published','2023-05-28 21:30:01','2023-05-28 21:30:01','[\"products\\/21.jpg\",\"products\\/39.jpg\"]'),(131,2,11,3.00,'Customer Support are grade (A*), however the code is a way too over engineered for it\'s purpose.','published','2023-05-28 21:30:01','2023-05-28 21:30:01','{\"0\":\"products\\/5.jpg\",\"2\":\"products\\/56.jpg\"}'),(132,2,20,2.00,'For me the best eCommerce script on Envato at this moment: modern, clean code, a lot of great features. The customer support is great too: I always get an answer within hours!','published','2023-05-28 21:30:01','2023-05-28 21:30:01','[\"products\\/22.jpg\",\"products\\/35.jpg\",\"products\\/52.jpg\"]'),(133,2,40,2.00,'The best ecommerce CMS! Excellent coding! best support service! Thank you so much..... I really like your hard work.','published','2023-05-28 21:30:01','2023-05-28 21:30:01','[\"products\\/7.jpg\",\"products\\/38.jpg\"]'),(134,9,20,3.00,'The code is good, in general, if you like it, can you give it 5 stars?','published','2023-05-28 21:30:01','2023-05-28 21:30:01','[\"products\\/14.jpg\"]'),(136,5,35,1.00,'I Love this Script. I also found how to add other fees. Now I just wait the BIG update for the Marketplace with the Bulk Import. Just do not forget to make it to be Multi-language for us the Botble Fans.','published','2023-05-28 21:30:01','2023-05-28 21:30:01','[\"products\\/4.jpg\",\"products\\/37.jpg\"]'),(137,10,51,2.00,'Best ecommerce CMS online store!','published','2023-05-28 21:30:01','2023-05-28 21:30:01','[\"products\\/22.jpg\",\"products\\/41.jpg\"]'),(138,7,51,2.00,'We have received brilliant service support and will be expanding the features with the developer. Nice product!','published','2023-05-28 21:30:01','2023-05-28 21:30:01','[\"products\\/14.jpg\",\"products\\/35.jpg\",\"products\\/55.jpg\"]'),(139,7,10,5.00,'Customer Support are grade (A*), however the code is a way too over engineered for it\'s purpose.','published','2023-05-28 21:30:01','2023-05-28 21:30:01','{\"0\":\"products\\/21.jpg\",\"2\":\"products\\/53.jpg\"}'),(141,1,33,5.00,'Great E-commerce system. And much more : Wonderful Customer Support.','published','2023-05-28 21:30:01','2023-05-28 21:30:01','{\"0\":\"products\\/16.jpg\",\"2\":\"products\\/51.jpg\"}'),(142,6,41,4.00,'Clean & perfect source code','published','2023-05-28 21:30:01','2023-05-28 21:30:01','[\"products\\/10.jpg\",\"products\\/35.jpg\"]'),(143,3,37,2.00,'I Love this Script. I also found how to add other fees. Now I just wait the BIG update for the Marketplace with the Bulk Import. Just do not forget to make it to be Multi-language for us the Botble Fans.','published','2023-05-28 21:30:01','2023-05-28 21:30:01','{\"0\":\"products\\/22.jpg\",\"2\":\"products\\/54.jpg\"}'),(144,3,5,2.00,'The best ecommerce CMS! Excellent coding! best support service! Thank you so much..... I really like your hard work.','published','2023-05-28 21:30:01','2023-05-28 21:30:01','[\"products\\/20.jpg\",\"products\\/39.jpg\"]'),(145,2,44,4.00,'Solution is too robust for our purpose so we didn\'t use it at the end. But I appreciate customer support during initial configuration.','published','2023-05-28 21:30:01','2023-05-28 21:30:01','[\"products\\/17.jpg\",\"products\\/44.jpg\"]'),(146,10,16,3.00,'Those guys now what they are doing, the release such a good product that it\'s a pleasure to work with ! Even when I was stuck on the project, I created a ticket and the next day it was replied by the team. GOOD JOB guys. I love working with them :)','published','2023-05-28 21:30:01','2023-05-28 21:30:01','[\"products\\/24.jpg\",\"products\\/48.jpg\",\"products\\/58.jpg\"]'),(147,3,35,4.00,'As a developer I reviewed this script. This is really awesome ecommerce script. I have convinced when I noticed that it\'s built on fully WordPress concept.','published','2023-05-28 21:30:01','2023-05-28 21:30:01','[\"products\\/28.jpg\",\"products\\/46.jpg\",\"products\\/55.jpg\"]'),(148,10,2,5.00,'The script is the best of its class, fast, easy to implement and work with , and the most important thing is the great support team , Recommend with no doubt.','published','2023-05-28 21:30:01','2023-05-28 21:30:01','[\"products\\/4.jpg\",\"products\\/36.jpg\",\"products\\/56.jpg\"]'),(149,2,41,4.00,'Ok good product. I have some issues in customizations. But its not correct to blame the developer. The product is good. Good luck for your business.','published','2023-05-28 21:30:01','2023-05-28 21:30:01','[\"products\\/14.jpg\",\"products\\/38.jpg\"]'),(150,7,63,4.00,'Amazing code, amazing support. Overall, im really confident in Botble and im happy I made the right choice! Thank you so much guys for coding this masterpiece','published','2023-05-28 21:30:01','2023-05-28 21:30:01','[\"products\\/25.jpg\",\"products\\/47.jpg\"]'),(151,7,54,3.00,'This web app is really good in design, code quality & features. Besides, the customer support provided by the Botble team was really fast & helpful. You guys are awesome!','published','2023-05-28 21:30:01','2023-05-28 21:30:01','[\"products\\/22.jpg\"]'),(154,9,3,4.00,'Ok good product. I have some issues in customizations. But its not correct to blame the developer. The product is good. Good luck for your business.','published','2023-05-28 21:30:01','2023-05-28 21:30:01','[\"products\\/4.jpg\",\"products\\/46.jpg\"]'),(157,7,44,4.00,'Amazing code, amazing support. Overall, im really confident in Botble and im happy I made the right choice! Thank you so much guys for coding this masterpiece','published','2023-05-28 21:30:01','2023-05-28 21:30:01','[\"products\\/8.jpg\"]'),(158,7,47,2.00,'Those guys now what they are doing, the release such a good product that it\'s a pleasure to work with ! Even when I was stuck on the project, I created a ticket and the next day it was replied by the team. GOOD JOB guys. I love working with them :)','published','2023-05-28 21:30:01','2023-05-28 21:30:01','[\"products\\/20.jpg\",\"products\\/44.jpg\"]'),(160,8,26,5.00,'Perfect +++++++++ i love it really also i get to fast ticket answers... Thanks Lot BOTBLE Teams','published','2023-05-28 21:30:01','2023-05-28 21:30:01','[\"products\\/30.jpg\",\"products\\/39.jpg\"]'),(162,10,48,2.00,'Clean & perfect source code','published','2023-05-28 21:30:01','2023-05-28 21:30:01','[\"products\\/7.jpg\",\"products\\/47.jpg\"]'),(165,8,62,5.00,'Great system, great support, good job Botble. I\'m looking forward to more great functional plugins.','published','2023-05-28 21:30:01','2023-05-28 21:30:01','[\"products\\/22.jpg\",\"products\\/49.jpg\"]'),(167,1,28,2.00,'This script is well coded and is super fast. The support is pretty quick. Very patient and helpful team. I strongly recommend it and they deserve more than 5 stars.','published','2023-05-28 21:30:01','2023-05-28 21:30:01','[\"products\\/14.jpg\"]'),(168,9,62,4.00,'It\'s not my first experience here on Codecanyon and I can honestly tell you all that Botble puts a LOT of effort into the support. They answer so fast, they helped me tons of times. REALLY by far THE BEST EXPERIENCE on Codecanyon. Those guys at Botble are so good that they deserve 5 stars. I recommend them, I trust them and I can\'t wait to see what they will sell in a near future. Thank you Botble :)','published','2023-05-28 21:30:01','2023-05-28 21:30:01','[\"products\\/28.jpg\",\"products\\/37.jpg\",\"products\\/64.jpg\"]'),(169,6,45,1.00,'As a developer I reviewed this script. This is really awesome ecommerce script. I have convinced when I noticed that it\'s built on fully WordPress concept.','published','2023-05-28 21:30:01','2023-05-28 21:30:01','[\"products\\/10.jpg\"]'),(172,8,52,4.00,'I Love this Script. I also found how to add other fees. Now I just wait the BIG update for the Marketplace with the Bulk Import. Just do not forget to make it to be Multi-language for us the Botble Fans.','published','2023-05-28 21:30:01','2023-05-28 21:30:01','[\"products\\/11.jpg\",\"products\\/32.jpg\"]'),(173,9,61,2.00,'The script is the best of its class, fast, easy to implement and work with , and the most important thing is the great support team , Recommend with no doubt.','published','2023-05-28 21:30:01','2023-05-28 21:30:01','[\"products\\/6.jpg\",\"products\\/41.jpg\"]'),(174,4,52,1.00,'Those guys now what they are doing, the release such a good product that it\'s a pleasure to work with ! Even when I was stuck on the project, I created a ticket and the next day it was replied by the team. GOOD JOB guys. I love working with them :)','published','2023-05-28 21:30:01','2023-05-28 21:30:01','[\"products\\/3.jpg\",\"products\\/31.jpg\"]'),(175,4,61,2.00,'Amazing code, amazing support. Overall, im really confident in Botble and im happy I made the right choice! Thank you so much guys for coding this masterpiece','published','2023-05-28 21:30:01','2023-05-28 21:30:01','[\"products\\/20.jpg\",\"products\\/39.jpg\"]'),(176,7,34,3.00,'The best ecommerce CMS! Excellent coding! best support service! Thank you so much..... I really like your hard work.','published','2023-05-28 21:30:01','2023-05-28 21:30:01','[\"products\\/19.jpg\",\"products\\/46.jpg\",\"products\\/59.jpg\"]'),(181,8,13,2.00,'As a developer I reviewed this script. This is really awesome ecommerce script. I have convinced when I noticed that it\'s built on fully WordPress concept.','published','2023-05-28 21:30:01','2023-05-28 21:30:01','[\"products\\/1.jpg\",\"products\\/49.jpg\"]'),(182,5,16,3.00,'It\'s not my first experience here on Codecanyon and I can honestly tell you all that Botble puts a LOT of effort into the support. They answer so fast, they helped me tons of times. REALLY by far THE BEST EXPERIENCE on Codecanyon. Those guys at Botble are so good that they deserve 5 stars. I recommend them, I trust them and I can\'t wait to see what they will sell in a near future. Thank you Botble :)','published','2023-05-28 21:30:01','2023-05-28 21:30:01','[\"products\\/2.jpg\"]'),(183,7,48,2.00,'Second or third time that I buy a Botble product, happy with the products and support. You guys do a good job :)','published','2023-05-28 21:30:01','2023-05-28 21:30:01','[\"products\\/21.jpg\",\"products\\/50.jpg\"]'),(184,8,40,2.00,'Perfect +++++++++ i love it really also i get to fast ticket answers... Thanks Lot BOTBLE Teams','published','2023-05-28 21:30:01','2023-05-28 21:30:01','[\"products\\/25.jpg\",\"products\\/48.jpg\"]'),(185,7,3,3.00,'Customer Support are grade (A*), however the code is a way too over engineered for it\'s purpose.','published','2023-05-28 21:30:01','2023-05-28 21:30:01','{\"0\":\"products\\/16.jpg\",\"2\":\"products\\/58.jpg\"}'),(186,6,30,5.00,'Great system, great support, good job Botble. I\'m looking forward to more great functional plugins.','published','2023-05-28 21:30:01','2023-05-28 21:30:01','{\"0\":\"products\\/22.jpg\",\"2\":\"products\\/57.jpg\"}'),(188,4,53,5.00,'Clean & perfect source code','published','2023-05-28 21:30:01','2023-05-28 21:30:01','[\"products\\/10.jpg\"]'),(190,2,9,2.00,'This web app is really good in design, code quality & features. Besides, the customer support provided by the Botble team was really fast & helpful. You guys are awesome!','published','2023-05-28 21:30:01','2023-05-28 21:30:01','[\"products\\/2.jpg\"]'),(191,5,54,3.00,'Cool template. Excellent code quality. The support responds very quickly, which is very rare on themeforest and codecanyon.net, I buy a lot of templates, and everyone will have a response from technical support for two or three days. Thanks to tech support. I recommend to buy.','published','2023-05-28 21:30:01','2023-05-28 21:30:01','[\"products\\/11.jpg\"]'),(192,10,7,1.00,'Ok good product. I have some issues in customizations. But its not correct to blame the developer. The product is good. Good luck for your business.','published','2023-05-28 21:30:01','2023-05-28 21:30:01','[\"products\\/15.jpg\"]'),(196,6,13,1.00,'These guys are amazing! Responses immediately, amazing support and help... I immediately feel at ease after Purchasing..','published','2023-05-28 21:30:01','2023-05-28 21:30:01','[\"products\\/4.jpg\",\"products\\/43.jpg\",\"products\\/55.jpg\"]'),(198,4,65,3.00,'Second or third time that I buy a Botble product, happy with the products and support. You guys do a good job :)','published','2023-05-28 21:30:01','2023-05-28 21:30:01','[\"products\\/25.jpg\"]'),(199,1,16,2.00,'Amazing code, amazing support. Overall, im really confident in Botble and im happy I made the right choice! Thank you so much guys for coding this masterpiece','published','2023-05-28 21:30:01','2023-05-28 21:30:01','[\"products\\/6.jpg\",\"products\\/49.jpg\",\"products\\/54.jpg\"]'),(200,9,30,1.00,'Customer Support are grade (A*), however the code is a way too over engineered for it\'s purpose.','published','2023-05-28 21:30:01','2023-05-28 21:30:01','[\"products\\/6.jpg\",\"products\\/49.jpg\",\"products\\/65.jpg\"]'),(201,9,28,4.00,'Best ecommerce CMS online store!','published','2023-05-28 21:30:01','2023-05-28 21:30:01','[\"products\\/25.jpg\",\"products\\/42.jpg\"]'),(203,2,47,5.00,'Best ecommerce CMS online store!','published','2023-05-28 21:30:01','2023-05-28 21:30:01','[\"products\\/21.jpg\",\"products\\/43.jpg\",\"products\\/65.jpg\"]'),(204,8,50,2.00,'Solution is too robust for our purpose so we didn\'t use it at the end. But I appreciate customer support during initial configuration.','published','2023-05-28 21:30:01','2023-05-28 21:30:01','[\"products\\/22.jpg\"]'),(205,8,18,5.00,'We have received brilliant service support and will be expanding the features with the developer. Nice product!','published','2023-05-28 21:30:01','2023-05-28 21:30:01','[\"products\\/6.jpg\",\"products\\/48.jpg\"]'),(206,3,47,1.00,'Solution is too robust for our purpose so we didn\'t use it at the end. But I appreciate customer support during initial configuration.','published','2023-05-28 21:30:01','2023-05-28 21:30:01','[\"products\\/6.jpg\",\"products\\/37.jpg\"]'),(207,7,46,1.00,'Ok good product. I have some issues in customizations. But its not correct to blame the developer. The product is good. Good luck for your business.','published','2023-05-28 21:30:01','2023-05-28 21:30:01','[\"products\\/15.jpg\",\"products\\/37.jpg\",\"products\\/63.jpg\"]'),(209,3,4,1.00,'Cool template. Excellent code quality. The support responds very quickly, which is very rare on themeforest and codecanyon.net, I buy a lot of templates, and everyone will have a response from technical support for two or three days. Thanks to tech support. I recommend to buy.','published','2023-05-28 21:30:01','2023-05-28 21:30:01','[\"products\\/25.jpg\"]'),(210,5,20,1.00,'It\'s not my first experience here on Codecanyon and I can honestly tell you all that Botble puts a LOT of effort into the support. They answer so fast, they helped me tons of times. REALLY by far THE BEST EXPERIENCE on Codecanyon. Those guys at Botble are so good that they deserve 5 stars. I recommend them, I trust them and I can\'t wait to see what they will sell in a near future. Thank you Botble :)','published','2023-05-28 21:30:01','2023-05-28 21:30:01','{\"0\":\"products\\/18.jpg\",\"2\":\"products\\/54.jpg\"}'),(211,10,60,3.00,'Great system, great support, good job Botble. I\'m looking forward to more great functional plugins.','published','2023-05-28 21:30:01','2023-05-28 21:30:01','[\"products\\/12.jpg\"]'),(212,6,9,1.00,'Good app, good backup service and support. Good documentation.','published','2023-05-28 21:30:01','2023-05-28 21:30:01','[\"products\\/21.jpg\",\"products\\/36.jpg\"]'),(213,3,17,4.00,'Ok good product. I have some issues in customizations. But its not correct to blame the developer. The product is good. Good luck for your business.','published','2023-05-28 21:30:01','2023-05-28 21:30:01','[\"products\\/7.jpg\"]'),(214,5,13,3.00,'The script is the best of its class, fast, easy to implement and work with , and the most important thing is the great support team , Recommend with no doubt.','published','2023-05-28 21:30:01','2023-05-28 21:30:01','[\"products\\/1.jpg\",\"products\\/43.jpg\",\"products\\/59.jpg\"]'),(215,10,33,2.00,'Good app, good backup service and support. Good documentation.','published','2023-05-28 21:30:01','2023-05-28 21:30:01','[\"products\\/29.jpg\",\"products\\/37.jpg\"]'),(216,2,35,4.00,'Solution is too robust for our purpose so we didn\'t use it at the end. But I appreciate customer support during initial configuration.','published','2023-05-28 21:30:01','2023-05-28 21:30:01','[\"products\\/3.jpg\"]'),(217,9,57,2.00,'This web app is really good in design, code quality & features. Besides, the customer support provided by the Botble team was really fast & helpful. You guys are awesome!','published','2023-05-28 21:30:01','2023-05-28 21:30:01','[\"products\\/28.jpg\",\"products\\/48.jpg\",\"products\\/54.jpg\"]'),(218,1,62,3.00,'Ok good product. I have some issues in customizations. But its not correct to blame the developer. The product is good. Good luck for your business.','published','2023-05-28 21:30:01','2023-05-28 21:30:01','[\"products\\/2.jpg\",\"products\\/45.jpg\",\"products\\/55.jpg\"]'),(219,4,57,2.00,'Great system, great support, good job Botble. I\'m looking forward to more great functional plugins.','published','2023-05-28 21:30:01','2023-05-28 21:30:01','[\"products\\/27.jpg\"]'),(221,1,42,3.00,'Good app, good backup service and support. Good documentation.','published','2023-05-28 21:30:01','2023-05-28 21:30:01','[\"products\\/22.jpg\"]'),(223,6,52,3.00,'As a developer I reviewed this script. This is really awesome ecommerce script. I have convinced when I noticed that it\'s built on fully WordPress concept.','published','2023-05-28 21:30:01','2023-05-28 21:30:01','[\"products\\/6.jpg\",\"products\\/46.jpg\"]'),(224,4,26,2.00,'Good app, good backup service and support. Good documentation.','published','2023-05-28 21:30:01','2023-05-28 21:30:01','[\"products\\/19.jpg\",\"products\\/33.jpg\",\"products\\/52.jpg\"]'),(226,7,11,1.00,'It\'s not my first experience here on Codecanyon and I can honestly tell you all that Botble puts a LOT of effort into the support. They answer so fast, they helped me tons of times. REALLY by far THE BEST EXPERIENCE on Codecanyon. Those guys at Botble are so good that they deserve 5 stars. I recommend them, I trust them and I can\'t wait to see what they will sell in a near future. Thank you Botble :)','published','2023-05-28 21:30:01','2023-05-28 21:30:01','{\"0\":\"products\\/7.jpg\",\"2\":\"products\\/52.jpg\"}'),(227,2,4,2.00,'The best store template! Excellent coding! Very good support! Thank you so much for all the help, I really appreciated.','published','2023-05-28 21:30:01','2023-05-28 21:30:01','[\"products\\/14.jpg\",\"products\\/42.jpg\"]'),(228,5,50,4.00,'Customer Support are grade (A*), however the code is a way too over engineered for it\'s purpose.','published','2023-05-28 21:30:01','2023-05-28 21:30:01','[\"products\\/30.jpg\"]'),(229,3,34,3.00,'Ok good product. I have some issues in customizations. But its not correct to blame the developer. The product is good. Good luck for your business.','published','2023-05-28 21:30:01','2023-05-28 21:30:01','{\"0\":\"products\\/24.jpg\",\"2\":\"products\\/60.jpg\"}'),(230,5,32,1.00,'This web app is really good in design, code quality & features. Besides, the customer support provided by the Botble team was really fast & helpful. You guys are awesome!','published','2023-05-28 21:30:01','2023-05-28 21:30:01','[\"products\\/29.jpg\",\"products\\/37.jpg\"]'),(232,9,33,5.00,'Very enthusiastic support! Excellent code is written. It\'s a true pleasure working with.','published','2023-05-28 21:30:01','2023-05-28 21:30:01','[\"products\\/18.jpg\",\"products\\/48.jpg\"]'),(233,10,20,1.00,'Good app, good backup service and support. Good documentation.','published','2023-05-28 21:30:01','2023-05-28 21:30:01','[\"products\\/15.jpg\"]'),(235,4,40,5.00,'The best store template! Excellent coding! Very good support! Thank you so much for all the help, I really appreciated.','published','2023-05-28 21:30:01','2023-05-28 21:30:01','[\"products\\/5.jpg\"]'),(236,8,5,1.00,'Cool template. Excellent code quality. The support responds very quickly, which is very rare on themeforest and codecanyon.net, I buy a lot of templates, and everyone will have a response from technical support for two or three days. Thanks to tech support. I recommend to buy.','published','2023-05-28 21:30:01','2023-05-28 21:30:01','[\"products\\/8.jpg\"]'),(237,2,2,1.00,'Second or third time that I buy a Botble product, happy with the products and support. You guys do a good job :)','published','2023-05-28 21:30:01','2023-05-28 21:30:01','[\"products\\/7.jpg\",\"products\\/47.jpg\",\"products\\/59.jpg\"]'),(238,10,42,4.00,'Cool template. Excellent code quality. The support responds very quickly, which is very rare on themeforest and codecanyon.net, I buy a lot of templates, and everyone will have a response from technical support for two or three days. Thanks to tech support. I recommend to buy.','published','2023-05-28 21:30:01','2023-05-28 21:30:01','[\"products\\/11.jpg\",\"products\\/34.jpg\"]'),(239,1,51,4.00,'For me the best eCommerce script on Envato at this moment: modern, clean code, a lot of great features. The customer support is great too: I always get an answer within hours!','published','2023-05-28 21:30:01','2023-05-28 21:30:01','[\"products\\/20.jpg\",\"products\\/44.jpg\"]'),(240,8,3,4.00,'Great E-commerce system. And much more : Wonderful Customer Support.','published','2023-05-28 21:30:01','2023-05-28 21:30:01','[\"products\\/20.jpg\",\"products\\/47.jpg\",\"products\\/55.jpg\"]'),(241,4,18,1.00,'As a developer I reviewed this script. This is really awesome ecommerce script. I have convinced when I noticed that it\'s built on fully WordPress concept.','published','2023-05-28 21:30:01','2023-05-28 21:30:01','[\"products\\/26.jpg\",\"products\\/42.jpg\",\"products\\/59.jpg\"]'),(244,5,37,1.00,'This web app is really good in design, code quality & features. Besides, the customer support provided by the Botble team was really fast & helpful. You guys are awesome!','published','2023-05-28 21:30:01','2023-05-28 21:30:01','[\"products\\/27.jpg\",\"products\\/50.jpg\"]'),(246,4,55,5.00,'The code is good, in general, if you like it, can you give it 5 stars?','published','2023-05-28 21:30:01','2023-05-28 21:30:01','[\"products\\/29.jpg\",\"products\\/38.jpg\"]'),(247,5,25,4.00,'Cool template. Excellent code quality. The support responds very quickly, which is very rare on themeforest and codecanyon.net, I buy a lot of templates, and everyone will have a response from technical support for two or three days. Thanks to tech support. I recommend to buy.','published','2023-05-28 21:30:01','2023-05-28 21:30:01','[\"products\\/25.jpg\"]'),(248,2,61,1.00,'Cool template. Excellent code quality. The support responds very quickly, which is very rare on themeforest and codecanyon.net, I buy a lot of templates, and everyone will have a response from technical support for two or three days. Thanks to tech support. I recommend to buy.','published','2023-05-28 21:30:01','2023-05-28 21:30:01','[\"products\\/11.jpg\",\"products\\/37.jpg\"]'),(250,1,43,3.00,'Customer Support are grade (A*), however the code is a way too over engineered for it\'s purpose.','published','2023-05-28 21:30:01','2023-05-28 21:30:01','[\"products\\/23.jpg\",\"products\\/37.jpg\",\"products\\/64.jpg\"]'),(251,8,47,5.00,'This web app is really good in design, code quality & features. Besides, the customer support provided by the Botble team was really fast & helpful. You guys are awesome!','published','2023-05-28 21:30:01','2023-05-28 21:30:01','{\"0\":\"products\\/17.jpg\",\"2\":\"products\\/64.jpg\"}'),(252,7,29,3.00,'Solution is too robust for our purpose so we didn\'t use it at the end. But I appreciate customer support during initial configuration.','published','2023-05-28 21:30:01','2023-05-28 21:30:01','[\"products\\/28.jpg\",\"products\\/38.jpg\",\"products\\/63.jpg\"]'),(253,4,64,5.00,'It\'s not my first experience here on Codecanyon and I can honestly tell you all that Botble puts a LOT of effort into the support. They answer so fast, they helped me tons of times. REALLY by far THE BEST EXPERIENCE on Codecanyon. Those guys at Botble are so good that they deserve 5 stars. I recommend them, I trust them and I can\'t wait to see what they will sell in a near future. Thank you Botble :)','published','2023-05-28 21:30:01','2023-05-28 21:30:01','[\"products\\/20.jpg\",\"products\\/31.jpg\"]'),(254,3,51,1.00,'Amazing code, amazing support. Overall, im really confident in Botble and im happy I made the right choice! Thank you so much guys for coding this masterpiece','published','2023-05-28 21:30:01','2023-05-28 21:30:01','[\"products\\/8.jpg\",\"products\\/38.jpg\"]'),(256,1,59,3.00,'The best ecommerce CMS! Excellent coding! best support service! Thank you so much..... I really like your hard work.','published','2023-05-28 21:30:01','2023-05-28 21:30:01','[\"products\\/21.jpg\",\"products\\/49.jpg\"]'),(257,4,60,4.00,'Ok good product. I have some issues in customizations. But its not correct to blame the developer. The product is good. Good luck for your business.','published','2023-05-28 21:30:01','2023-05-28 21:30:01','[\"products\\/18.jpg\",\"products\\/34.jpg\"]'),(258,4,34,3.00,'Great system, great support, good job Botble. I\'m looking forward to more great functional plugins.','published','2023-05-28 21:30:01','2023-05-28 21:30:01','[\"products\\/20.jpg\",\"products\\/46.jpg\",\"products\\/63.jpg\"]'),(259,1,24,2.00,'These guys are amazing! Responses immediately, amazing support and help... I immediately feel at ease after Purchasing..','published','2023-05-28 21:30:01','2023-05-28 21:30:01','[\"products\\/29.jpg\",\"products\\/35.jpg\"]'),(260,2,59,1.00,'Best ecommerce CMS online store!','published','2023-05-28 21:30:01','2023-05-28 21:30:01','{\"0\":\"products\\/29.jpg\",\"2\":\"products\\/51.jpg\"}'),(261,2,39,5.00,'This script is well coded and is super fast. The support is pretty quick. Very patient and helpful team. I strongly recommend it and they deserve more than 5 stars.','published','2023-05-28 21:30:01','2023-05-28 21:30:01','[\"products\\/22.jpg\",\"products\\/44.jpg\",\"products\\/56.jpg\"]'),(263,6,1,3.00,'The code is good, in general, if you like it, can you give it 5 stars?','published','2023-05-28 21:30:01','2023-05-28 21:30:01','[\"products\\/3.jpg\",\"products\\/37.jpg\"]'),(265,9,46,1.00,'Cool template. Excellent code quality. The support responds very quickly, which is very rare on themeforest and codecanyon.net, I buy a lot of templates, and everyone will have a response from technical support for two or three days. Thanks to tech support. I recommend to buy.','published','2023-05-28 21:30:01','2023-05-28 21:30:01','{\"0\":\"products\\/12.jpg\",\"2\":\"products\\/53.jpg\"}'),(266,9,1,5.00,'I Love this Script. I also found how to add other fees. Now I just wait the BIG update for the Marketplace with the Bulk Import. Just do not forget to make it to be Multi-language for us the Botble Fans.','published','2023-05-28 21:30:01','2023-05-28 21:30:01','[\"products\\/15.jpg\",\"products\\/40.jpg\",\"products\\/52.jpg\"]'),(269,3,13,1.00,'Those guys now what they are doing, the release such a good product that it\'s a pleasure to work with ! Even when I was stuck on the project, I created a ticket and the next day it was replied by the team. GOOD JOB guys. I love working with them :)','published','2023-05-28 21:30:01','2023-05-28 21:30:01','[\"products\\/17.jpg\",\"products\\/36.jpg\"]'),(271,4,22,5.00,'For me the best eCommerce script on Envato at this moment: modern, clean code, a lot of great features. The customer support is great too: I always get an answer within hours!','published','2023-05-28 21:30:01','2023-05-28 21:30:01','[\"products\\/23.jpg\",\"products\\/34.jpg\"]'),(272,5,44,1.00,'The code is good, in general, if you like it, can you give it 5 stars?','published','2023-05-28 21:30:01','2023-05-28 21:30:01','[\"products\\/7.jpg\",\"products\\/35.jpg\",\"products\\/54.jpg\"]'),(273,5,18,4.00,'Cool template. Excellent code quality. The support responds very quickly, which is very rare on themeforest and codecanyon.net, I buy a lot of templates, and everyone will have a response from technical support for two or three days. Thanks to tech support. I recommend to buy.','published','2023-05-28 21:30:01','2023-05-28 21:30:01','[\"products\\/9.jpg\",\"products\\/47.jpg\"]'),(276,2,65,5.00,'This web app is really good in design, code quality & features. Besides, the customer support provided by the Botble team was really fast & helpful. You guys are awesome!','published','2023-05-28 21:30:01','2023-05-28 21:30:01','[\"products\\/10.jpg\",\"products\\/44.jpg\"]'),(277,1,40,2.00,'The best ecommerce CMS! Excellent coding! best support service! Thank you so much..... I really like your hard work.','published','2023-05-28 21:30:01','2023-05-28 21:30:01','[\"products\\/23.jpg\",\"products\\/40.jpg\",\"products\\/55.jpg\"]'),(278,5,1,1.00,'Second or third time that I buy a Botble product, happy with the products and support. You guys do a good job :)','published','2023-05-28 21:30:01','2023-05-28 21:30:01','{\"0\":\"products\\/15.jpg\",\"2\":\"products\\/59.jpg\"}'),(279,7,50,5.00,'Customer Support are grade (A*), however the code is a way too over engineered for it\'s purpose.','published','2023-05-28 21:30:01','2023-05-28 21:30:01','{\"0\":\"products\\/9.jpg\",\"2\":\"products\\/51.jpg\"}'),(280,6,25,5.00,'Very enthusiastic support! Excellent code is written. It\'s a true pleasure working with.','published','2023-05-28 21:30:01','2023-05-28 21:30:01','[\"products\\/2.jpg\",\"products\\/37.jpg\"]'),(282,6,5,4.00,'Perfect +++++++++ i love it really also i get to fast ticket answers... Thanks Lot BOTBLE Teams','published','2023-05-28 21:30:01','2023-05-28 21:30:01','[\"products\\/2.jpg\"]'),(283,8,25,3.00,'Amazing code, amazing support. Overall, im really confident in Botble and im happy I made the right choice! Thank you so much guys for coding this masterpiece','published','2023-05-28 21:30:01','2023-05-28 21:30:01','[\"products\\/8.jpg\",\"products\\/31.jpg\",\"products\\/51.jpg\"]'),(284,1,14,4.00,'Very enthusiastic support! Excellent code is written. It\'s a true pleasure working with.','published','2023-05-28 21:30:01','2023-05-28 21:30:01','[\"products\\/13.jpg\",\"products\\/32.jpg\",\"products\\/57.jpg\"]'),(285,3,44,1.00,'Very enthusiastic support! Excellent code is written. It\'s a true pleasure working with.','published','2023-05-28 21:30:01','2023-05-28 21:30:01','[\"products\\/9.jpg\",\"products\\/47.jpg\",\"products\\/51.jpg\"]'),(287,7,24,3.00,'The code is good, in general, if you like it, can you give it 5 stars?','published','2023-05-28 21:30:01','2023-05-28 21:30:01','[\"products\\/12.jpg\"]'),(288,9,15,4.00,'Cool template. Excellent code quality. The support responds very quickly, which is very rare on themeforest and codecanyon.net, I buy a lot of templates, and everyone will have a response from technical support for two or three days. Thanks to tech support. I recommend to buy.','published','2023-05-28 21:30:01','2023-05-28 21:30:01','[\"products\\/9.jpg\"]'),(289,3,23,1.00,'We have received brilliant service support and will be expanding the features with the developer. Nice product!','published','2023-05-28 21:30:01','2023-05-28 21:30:01','[\"products\\/12.jpg\",\"products\\/42.jpg\"]'),(290,10,11,3.00,'We have received brilliant service support and will be expanding the features with the developer. Nice product!','published','2023-05-28 21:30:01','2023-05-28 21:30:01','[\"products\\/6.jpg\"]'),(291,2,5,4.00,'For me the best eCommerce script on Envato at this moment: modern, clean code, a lot of great features. The customer support is great too: I always get an answer within hours!','published','2023-05-28 21:30:01','2023-05-28 21:30:01','[\"products\\/4.jpg\",\"products\\/36.jpg\"]'),(293,8,42,4.00,'We have received brilliant service support and will be expanding the features with the developer. Nice product!','published','2023-05-28 21:30:01','2023-05-28 21:30:01','[\"products\\/1.jpg\",\"products\\/46.jpg\",\"products\\/56.jpg\"]'),(295,4,32,2.00,'The best ecommerce CMS! Excellent coding! best support service! Thank you so much..... I really like your hard work.','published','2023-05-28 21:30:01','2023-05-28 21:30:01','[\"products\\/11.jpg\",\"products\\/41.jpg\",\"products\\/51.jpg\"]'),(296,3,57,3.00,'Amazing code, amazing support. Overall, im really confident in Botble and im happy I made the right choice! Thank you so much guys for coding this masterpiece','published','2023-05-28 21:30:01','2023-05-28 21:30:01','[\"products\\/27.jpg\",\"products\\/32.jpg\"]'),(298,7,59,4.00,'Best ecommerce CMS online store!','published','2023-05-28 21:30:01','2023-05-28 21:30:01','[\"products\\/28.jpg\",\"products\\/44.jpg\"]'),(301,6,4,3.00,'Solution is too robust for our purpose so we didn\'t use it at the end. But I appreciate customer support during initial configuration.','published','2023-05-28 21:30:01','2023-05-28 21:30:01','[\"products\\/16.jpg\",\"products\\/32.jpg\"]'),(302,7,64,2.00,'Good app, good backup service and support. Good documentation.','published','2023-05-28 21:30:01','2023-05-28 21:30:01','[\"products\\/7.jpg\",\"products\\/32.jpg\"]'),(306,9,42,1.00,'These guys are amazing! Responses immediately, amazing support and help... I immediately feel at ease after Purchasing..','published','2023-05-28 21:30:01','2023-05-28 21:30:01','[\"products\\/16.jpg\",\"products\\/35.jpg\"]'),(308,1,38,3.00,'This script is well coded and is super fast. The support is pretty quick. Very patient and helpful team. I strongly recommend it and they deserve more than 5 stars.','published','2023-05-28 21:30:01','2023-05-28 21:30:01','[\"products\\/14.jpg\",\"products\\/44.jpg\",\"products\\/55.jpg\"]'),(309,10,45,1.00,'Great E-commerce system. And much more : Wonderful Customer Support.','published','2023-05-28 21:30:01','2023-05-28 21:30:01','[\"products\\/17.jpg\"]'),(311,9,32,5.00,'These guys are amazing! Responses immediately, amazing support and help... I immediately feel at ease after Purchasing..','published','2023-05-28 21:30:01','2023-05-28 21:30:01','[\"products\\/17.jpg\",\"products\\/48.jpg\"]'),(312,2,51,3.00,'Customer Support are grade (A*), however the code is a way too over engineered for it\'s purpose.','published','2023-05-28 21:30:01','2023-05-28 21:30:01','{\"0\":\"products\\/5.jpg\",\"2\":\"products\\/55.jpg\"}'),(313,3,50,4.00,'Very enthusiastic support! Excellent code is written. It\'s a true pleasure working with.','published','2023-05-28 21:30:01','2023-05-28 21:30:01','[\"products\\/23.jpg\",\"products\\/43.jpg\"]'),(315,8,54,5.00,'Second or third time that I buy a Botble product, happy with the products and support. You guys do a good job :)','published','2023-05-28 21:30:01','2023-05-28 21:30:01','[\"products\\/6.jpg\"]'),(318,9,5,2.00,'Best ecommerce CMS online store!','published','2023-05-28 21:30:01','2023-05-28 21:30:01','[\"products\\/19.jpg\",\"products\\/43.jpg\",\"products\\/52.jpg\"]'),(319,7,32,2.00,'This script is well coded and is super fast. The support is pretty quick. Very patient and helpful team. I strongly recommend it and they deserve more than 5 stars.','published','2023-05-28 21:30:01','2023-05-28 21:30:01','[\"products\\/26.jpg\"]'),(320,10,34,5.00,'Great E-commerce system. And much more : Wonderful Customer Support.','published','2023-05-28 21:30:01','2023-05-28 21:30:01','[\"products\\/5.jpg\",\"products\\/46.jpg\",\"products\\/56.jpg\"]'),(321,1,44,3.00,'The best store template! Excellent coding! Very good support! Thank you so much for all the help, I really appreciated.','published','2023-05-28 21:30:01','2023-05-28 21:30:01','[\"products\\/18.jpg\"]'),(322,6,6,4.00,'Solution is too robust for our purpose so we didn\'t use it at the end. But I appreciate customer support during initial configuration.','published','2023-05-28 21:30:01','2023-05-28 21:30:01','[\"products\\/6.jpg\",\"products\\/47.jpg\"]'),(324,5,62,3.00,'Clean & perfect source code','published','2023-05-28 21:30:01','2023-05-28 21:30:01','{\"0\":\"products\\/26.jpg\",\"2\":\"products\\/57.jpg\"}'),(326,7,55,4.00,'The code is good, in general, if you like it, can you give it 5 stars?','published','2023-05-28 21:30:01','2023-05-28 21:30:01','[\"products\\/14.jpg\",\"products\\/36.jpg\"]'),(327,10,9,5.00,'As a developer I reviewed this script. This is really awesome ecommerce script. I have convinced when I noticed that it\'s built on fully WordPress concept.','published','2023-05-28 21:30:01','2023-05-28 21:30:01','{\"0\":\"products\\/3.jpg\",\"2\":\"products\\/58.jpg\"}'),(328,3,38,2.00,'I Love this Script. I also found how to add other fees. Now I just wait the BIG update for the Marketplace with the Bulk Import. Just do not forget to make it to be Multi-language for us the Botble Fans.','published','2023-05-28 21:30:01','2023-05-28 21:30:01','[\"products\\/5.jpg\",\"products\\/33.jpg\",\"products\\/56.jpg\"]'),(329,10,56,4.00,'We have received brilliant service support and will be expanding the features with the developer. Nice product!','published','2023-05-28 21:30:01','2023-05-28 21:30:01','[\"products\\/14.jpg\",\"products\\/49.jpg\",\"products\\/64.jpg\"]'),(334,8,33,4.00,'Very enthusiastic support! Excellent code is written. It\'s a true pleasure working with.','published','2023-05-28 21:30:01','2023-05-28 21:30:01','[\"products\\/16.jpg\",\"products\\/36.jpg\",\"products\\/65.jpg\"]'),(335,1,19,1.00,'Great E-commerce system. And much more : Wonderful Customer Support.','published','2023-05-28 21:30:01','2023-05-28 21:30:01','[\"products\\/18.jpg\"]'),(336,8,61,4.00,'Great E-commerce system. And much more : Wonderful Customer Support.','published','2023-05-28 21:30:01','2023-05-28 21:30:01','[\"products\\/12.jpg\",\"products\\/49.jpg\"]'),(337,9,22,3.00,'Those guys now what they are doing, the release such a good product that it\'s a pleasure to work with ! Even when I was stuck on the project, I created a ticket and the next day it was replied by the team. GOOD JOB guys. I love working with them :)','published','2023-05-28 21:30:01','2023-05-28 21:30:01','[\"products\\/18.jpg\"]'),(338,4,12,2.00,'The script is the best of its class, fast, easy to implement and work with , and the most important thing is the great support team , Recommend with no doubt.','published','2023-05-28 21:30:01','2023-05-28 21:30:01','[\"products\\/1.jpg\",\"products\\/50.jpg\",\"products\\/55.jpg\"]'),(340,7,12,2.00,'Cool template. Excellent code quality. The support responds very quickly, which is very rare on themeforest and codecanyon.net, I buy a lot of templates, and everyone will have a response from technical support for two or three days. Thanks to tech support. I recommend to buy.','published','2023-05-28 21:30:01','2023-05-28 21:30:01','[\"products\\/14.jpg\"]'),(341,3,56,5.00,'Clean & perfect source code','published','2023-05-28 21:30:01','2023-05-28 21:30:01','{\"0\":\"products\\/22.jpg\",\"2\":\"products\\/64.jpg\"}'),(342,6,31,5.00,'Customer Support are grade (A*), however the code is a way too over engineered for it\'s purpose.','published','2023-05-28 21:30:01','2023-05-28 21:30:01','{\"0\":\"products\\/26.jpg\",\"2\":\"products\\/51.jpg\"}'),(344,7,57,2.00,'Great system, great support, good job Botble. I\'m looking forward to more great functional plugins.','published','2023-05-28 21:30:01','2023-05-28 21:30:01','[\"products\\/16.jpg\",\"products\\/49.jpg\"]'),(345,7,8,5.00,'The script is the best of its class, fast, easy to implement and work with , and the most important thing is the great support team , Recommend with no doubt.','published','2023-05-28 21:30:01','2023-05-28 21:30:01','[\"products\\/13.jpg\",\"products\\/37.jpg\"]'),(349,6,22,4.00,'Perfect +++++++++ i love it really also i get to fast ticket answers... Thanks Lot BOTBLE Teams','published','2023-05-28 21:30:01','2023-05-28 21:30:01','{\"0\":\"products\\/9.jpg\",\"2\":\"products\\/53.jpg\"}'),(351,2,27,5.00,'The script is the best of its class, fast, easy to implement and work with , and the most important thing is the great support team , Recommend with no doubt.','published','2023-05-28 21:30:01','2023-05-28 21:30:01','[\"products\\/24.jpg\",\"products\\/35.jpg\"]'),(354,8,44,4.00,'Amazing code, amazing support. Overall, im really confident in Botble and im happy I made the right choice! Thank you so much guys for coding this masterpiece','published','2023-05-28 21:30:01','2023-05-28 21:30:01','[\"products\\/29.jpg\",\"products\\/49.jpg\",\"products\\/58.jpg\"]'),(356,3,39,2.00,'Great system, great support, good job Botble. I\'m looking forward to more great functional plugins.','published','2023-05-28 21:30:01','2023-05-28 21:30:01','[\"products\\/10.jpg\"]'),(360,10,49,5.00,'Great system, great support, good job Botble. I\'m looking forward to more great functional plugins.','published','2023-05-28 21:30:01','2023-05-28 21:30:01','[\"products\\/28.jpg\",\"products\\/42.jpg\"]'),(361,3,40,2.00,'These guys are amazing! Responses immediately, amazing support and help... I immediately feel at ease after Purchasing..','published','2023-05-28 21:30:01','2023-05-28 21:30:01','[\"products\\/29.jpg\",\"products\\/32.jpg\"]'),(363,9,64,4.00,'Cool template. Excellent code quality. The support responds very quickly, which is very rare on themeforest and codecanyon.net, I buy a lot of templates, and everyone will have a response from technical support for two or three days. Thanks to tech support. I recommend to buy.','published','2023-05-28 21:30:01','2023-05-28 21:30:01','[\"products\\/18.jpg\"]'),(365,5,39,5.00,'Very enthusiastic support! Excellent code is written. It\'s a true pleasure working with.','published','2023-05-28 21:30:01','2023-05-28 21:30:01','[\"products\\/26.jpg\",\"products\\/35.jpg\",\"products\\/60.jpg\"]'),(366,4,56,1.00,'Good app, good backup service and support. Good documentation.','published','2023-05-28 21:30:01','2023-05-28 21:30:01','[\"products\\/11.jpg\",\"products\\/41.jpg\"]'),(370,8,59,3.00,'Solution is too robust for our purpose so we didn\'t use it at the end. But I appreciate customer support during initial configuration.','published','2023-05-28 21:30:01','2023-05-28 21:30:01','[\"products\\/19.jpg\"]'),(373,9,27,2.00,'The script is the best of its class, fast, easy to implement and work with , and the most important thing is the great support team , Recommend with no doubt.','published','2023-05-28 21:30:01','2023-05-28 21:30:01','[\"products\\/28.jpg\",\"products\\/41.jpg\"]'),(376,9,24,3.00,'Second or third time that I buy a Botble product, happy with the products and support. You guys do a good job :)','published','2023-05-28 21:30:01','2023-05-28 21:30:01','[\"products\\/22.jpg\",\"products\\/35.jpg\",\"products\\/52.jpg\"]'),(377,10,1,5.00,'Very enthusiastic support! Excellent code is written. It\'s a true pleasure working with.','published','2023-05-28 21:30:01','2023-05-28 21:30:01','[\"products\\/24.jpg\"]'),(381,5,61,2.00,'Ok good product. I have some issues in customizations. But its not correct to blame the developer. The product is good. Good luck for your business.','published','2023-05-28 21:30:01','2023-05-28 21:30:01','[\"products\\/29.jpg\"]'),(384,10,21,2.00,'Great system, great support, good job Botble. I\'m looking forward to more great functional plugins.','published','2023-05-28 21:30:01','2023-05-28 21:30:01','[\"products\\/20.jpg\",\"products\\/38.jpg\"]'),(385,7,17,5.00,'Perfect +++++++++ i love it really also i get to fast ticket answers... Thanks Lot BOTBLE Teams','published','2023-05-28 21:30:01','2023-05-28 21:30:01','[\"products\\/3.jpg\"]'),(386,5,43,5.00,'This web app is really good in design, code quality & features. Besides, the customer support provided by the Botble team was really fast & helpful. You guys are awesome!','published','2023-05-28 21:30:01','2023-05-28 21:30:01','[\"products\\/20.jpg\"]'),(389,4,37,3.00,'This web app is really good in design, code quality & features. Besides, the customer support provided by the Botble team was really fast & helpful. You guys are awesome!','published','2023-05-28 21:30:01','2023-05-28 21:30:01','[\"products\\/27.jpg\"]'),(390,7,9,5.00,'Great E-commerce system. And much more : Wonderful Customer Support.','published','2023-05-28 21:30:01','2023-05-28 21:30:01','{\"0\":\"products\\/27.jpg\",\"2\":\"products\\/61.jpg\"}'),(391,3,6,2.00,'Those guys now what they are doing, the release such a good product that it\'s a pleasure to work with ! Even when I was stuck on the project, I created a ticket and the next day it was replied by the team. GOOD JOB guys. I love working with them :)','published','2023-05-28 21:30:01','2023-05-28 21:30:01','[\"products\\/12.jpg\"]'),(392,3,30,5.00,'As a developer I reviewed this script. This is really awesome ecommerce script. I have convinced when I noticed that it\'s built on fully WordPress concept.','published','2023-05-28 21:30:01','2023-05-28 21:30:01','[\"products\\/28.jpg\",\"products\\/36.jpg\"]'),(394,1,29,1.00,'The code is good, in general, if you like it, can you give it 5 stars?','published','2023-05-28 21:30:02','2023-05-28 21:30:02','[\"products\\/12.jpg\"]'),(396,10,59,4.00,'Those guys now what they are doing, the release such a good product that it\'s a pleasure to work with ! Even when I was stuck on the project, I created a ticket and the next day it was replied by the team. GOOD JOB guys. I love working with them :)','published','2023-05-28 21:30:02','2023-05-28 21:30:02','[\"products\\/17.jpg\"]'),(399,5,38,4.00,'As a developer I reviewed this script. This is really awesome ecommerce script. I have convinced when I noticed that it\'s built on fully WordPress concept.','published','2023-05-28 21:30:02','2023-05-28 21:30:02','[\"products\\/24.jpg\",\"products\\/42.jpg\"]'),(401,7,21,4.00,'Amazing code, amazing support. Overall, im really confident in Botble and im happy I made the right choice! Thank you so much guys for coding this masterpiece','published','2023-05-28 21:30:02','2023-05-28 21:30:02','[\"products\\/20.jpg\",\"products\\/48.jpg\"]'),(403,6,44,4.00,'The script is the best of its class, fast, easy to implement and work with , and the most important thing is the great support team , Recommend with no doubt.','published','2023-05-28 21:30:02','2023-05-28 21:30:02','[\"products\\/23.jpg\",\"products\\/39.jpg\",\"products\\/65.jpg\"]'),(404,6,24,5.00,'We have received brilliant service support and will be expanding the features with the developer. Nice product!','published','2023-05-28 21:30:02','2023-05-28 21:30:02','[\"products\\/9.jpg\",\"products\\/43.jpg\",\"products\\/64.jpg\"]'),(405,8,58,3.00,'We have received brilliant service support and will be expanding the features with the developer. Nice product!','published','2023-05-28 21:30:02','2023-05-28 21:30:02','[\"products\\/18.jpg\",\"products\\/31.jpg\"]'),(406,4,42,3.00,'Amazing code, amazing support. Overall, im really confident in Botble and im happy I made the right choice! Thank you so much guys for coding this masterpiece','published','2023-05-28 21:30:02','2023-05-28 21:30:02','{\"0\":\"products\\/26.jpg\",\"2\":\"products\\/51.jpg\"}'),(407,5,12,4.00,'The best ecommerce CMS! Excellent coding! best support service! Thank you so much..... I really like your hard work.','published','2023-05-28 21:30:02','2023-05-28 21:30:02','{\"0\":\"products\\/20.jpg\",\"2\":\"products\\/51.jpg\"}'),(408,8,28,3.00,'Great system, great support, good job Botble. I\'m looking forward to more great functional plugins.','published','2023-05-28 21:30:02','2023-05-28 21:30:02','[\"products\\/5.jpg\",\"products\\/43.jpg\"]'),(409,3,21,3.00,'The script is the best of its class, fast, easy to implement and work with , and the most important thing is the great support team , Recommend with no doubt.','published','2023-05-28 21:30:02','2023-05-28 21:30:02','{\"0\":\"products\\/21.jpg\",\"2\":\"products\\/53.jpg\"}'),(410,10,4,5.00,'Perfect +++++++++ i love it really also i get to fast ticket answers... Thanks Lot BOTBLE Teams','published','2023-05-28 21:30:02','2023-05-28 21:30:02','[\"products\\/8.jpg\"]'),(411,8,24,2.00,'Very enthusiastic support! Excellent code is written. It\'s a true pleasure working with.','published','2023-05-28 21:30:02','2023-05-28 21:30:02','[\"products\\/1.jpg\",\"products\\/45.jpg\"]'),(414,2,24,2.00,'Solution is too robust for our purpose so we didn\'t use it at the end. But I appreciate customer support during initial configuration.','published','2023-05-28 21:30:02','2023-05-28 21:30:02','[\"products\\/16.jpg\",\"products\\/47.jpg\"]'),(415,2,55,3.00,'Customer Support are grade (A*), however the code is a way too over engineered for it\'s purpose.','published','2023-05-28 21:30:02','2023-05-28 21:30:02','[\"products\\/26.jpg\",\"products\\/45.jpg\"]'),(416,6,38,5.00,'Clean & perfect source code','published','2023-05-28 21:30:02','2023-05-28 21:30:02','[\"products\\/12.jpg\",\"products\\/42.jpg\",\"products\\/60.jpg\"]'),(417,5,60,2.00,'Solution is too robust for our purpose so we didn\'t use it at the end. But I appreciate customer support during initial configuration.','published','2023-05-28 21:30:02','2023-05-28 21:30:02','[\"products\\/27.jpg\",\"products\\/40.jpg\"]'),(419,5,59,1.00,'This script is well coded and is super fast. The support is pretty quick. Very patient and helpful team. I strongly recommend it and they deserve more than 5 stars.','published','2023-05-28 21:30:02','2023-05-28 21:30:02','[\"products\\/19.jpg\"]'),(420,3,1,2.00,'Amazing code, amazing support. Overall, im really confident in Botble and im happy I made the right choice! Thank you so much guys for coding this masterpiece','published','2023-05-28 21:30:02','2023-05-28 21:30:02','[\"products\\/23.jpg\",\"products\\/37.jpg\"]'),(424,2,14,3.00,'We have received brilliant service support and will be expanding the features with the developer. Nice product!','published','2023-05-28 21:30:02','2023-05-28 21:30:02','{\"0\":\"products\\/26.jpg\",\"2\":\"products\\/61.jpg\"}'),(426,1,31,5.00,'Great E-commerce system. And much more : Wonderful Customer Support.','published','2023-05-28 21:30:02','2023-05-28 21:30:02','[\"products\\/9.jpg\"]'),(427,2,13,5.00,'Customer Support are grade (A*), however the code is a way too over engineered for it\'s purpose.','published','2023-05-28 21:30:02','2023-05-28 21:30:02','[\"products\\/11.jpg\"]'),(428,3,25,4.00,'The best ecommerce CMS! Excellent coding! best support service! Thank you so much..... I really like your hard work.','published','2023-05-28 21:30:02','2023-05-28 21:30:02','[\"products\\/23.jpg\"]'),(432,8,31,1.00,'Clean & perfect source code','published','2023-05-28 21:30:02','2023-05-28 21:30:02','[\"products\\/16.jpg\",\"products\\/40.jpg\",\"products\\/62.jpg\"]'),(434,1,6,1.00,'Good app, good backup service and support. Good documentation.','published','2023-05-28 21:30:02','2023-05-28 21:30:02','[\"products\\/23.jpg\",\"products\\/37.jpg\",\"products\\/54.jpg\"]'),(439,7,56,4.00,'The script is the best of its class, fast, easy to implement and work with , and the most important thing is the great support team , Recommend with no doubt.','published','2023-05-28 21:30:02','2023-05-28 21:30:02','[\"products\\/18.jpg\",\"products\\/48.jpg\"]'),(440,1,36,1.00,'Cool template. Excellent code quality. The support responds very quickly, which is very rare on themeforest and codecanyon.net, I buy a lot of templates, and everyone will have a response from technical support for two or three days. Thanks to tech support. I recommend to buy.','published','2023-05-28 21:30:02','2023-05-28 21:30:02','[\"products\\/18.jpg\",\"products\\/41.jpg\",\"products\\/60.jpg\"]'),(441,5,8,3.00,'Those guys now what they are doing, the release such a good product that it\'s a pleasure to work with ! Even when I was stuck on the project, I created a ticket and the next day it was replied by the team. GOOD JOB guys. I love working with them :)','published','2023-05-28 21:30:02','2023-05-28 21:30:02','[\"products\\/25.jpg\"]'),(442,6,34,1.00,'For me the best eCommerce script on Envato at this moment: modern, clean code, a lot of great features. The customer support is great too: I always get an answer within hours!','published','2023-05-28 21:30:02','2023-05-28 21:30:02','[\"products\\/8.jpg\",\"products\\/36.jpg\"]'),(444,8,29,5.00,'Those guys now what they are doing, the release such a good product that it\'s a pleasure to work with ! Even when I was stuck on the project, I created a ticket and the next day it was replied by the team. GOOD JOB guys. I love working with them :)','published','2023-05-28 21:30:02','2023-05-28 21:30:02','{\"0\":\"products\\/1.jpg\",\"2\":\"products\\/56.jpg\"}'),(445,6,48,1.00,'It\'s not my first experience here on Codecanyon and I can honestly tell you all that Botble puts a LOT of effort into the support. They answer so fast, they helped me tons of times. REALLY by far THE BEST EXPERIENCE on Codecanyon. Those guys at Botble are so good that they deserve 5 stars. I recommend them, I trust them and I can\'t wait to see what they will sell in a near future. Thank you Botble :)','published','2023-05-28 21:30:02','2023-05-28 21:30:02','[\"products\\/18.jpg\"]'),(446,7,15,4.00,'I Love this Script. I also found how to add other fees. Now I just wait the BIG update for the Marketplace with the Bulk Import. Just do not forget to make it to be Multi-language for us the Botble Fans.','published','2023-05-28 21:30:02','2023-05-28 21:30:02','[\"products\\/17.jpg\",\"products\\/31.jpg\"]'),(447,10,41,4.00,'This script is well coded and is super fast. The support is pretty quick. Very patient and helpful team. I strongly recommend it and they deserve more than 5 stars.','published','2023-05-28 21:30:02','2023-05-28 21:30:02','[\"products\\/14.jpg\",\"products\\/38.jpg\"]'),(449,2,16,5.00,'We have received brilliant service support and will be expanding the features with the developer. Nice product!','published','2023-05-28 21:30:02','2023-05-28 21:30:02','[\"products\\/24.jpg\",\"products\\/49.jpg\"]'),(450,6,62,5.00,'Amazing code, amazing support. Overall, im really confident in Botble and im happy I made the right choice! Thank you so much guys for coding this masterpiece','published','2023-05-28 21:30:02','2023-05-28 21:30:02','[\"products\\/7.jpg\",\"products\\/36.jpg\"]'),(452,2,33,1.00,'Customer Support are grade (A*), however the code is a way too over engineered for it\'s purpose.','published','2023-05-28 21:30:02','2023-05-28 21:30:02','[\"products\\/11.jpg\",\"products\\/45.jpg\",\"products\\/52.jpg\"]'),(453,8,35,2.00,'Good app, good backup service and support. Good documentation.','published','2023-05-28 21:30:02','2023-05-28 21:30:02','[\"products\\/24.jpg\",\"products\\/39.jpg\"]'),(456,4,30,1.00,'Amazing code, amazing support. Overall, im really confident in Botble and im happy I made the right choice! Thank you so much guys for coding this masterpiece','published','2023-05-28 21:30:02','2023-05-28 21:30:02','[\"products\\/16.jpg\"]'),(458,9,39,5.00,'This script is well coded and is super fast. The support is pretty quick. Very patient and helpful team. I strongly recommend it and they deserve more than 5 stars.','published','2023-05-28 21:30:02','2023-05-28 21:30:02','[\"products\\/25.jpg\"]'),(460,10,39,1.00,'Ok good product. I have some issues in customizations. But its not correct to blame the developer. The product is good. Good luck for your business.','published','2023-05-28 21:30:02','2023-05-28 21:30:02','[\"products\\/24.jpg\",\"products\\/48.jpg\"]'),(461,10,46,5.00,'This script is well coded and is super fast. The support is pretty quick. Very patient and helpful team. I strongly recommend it and they deserve more than 5 stars.','published','2023-05-28 21:30:02','2023-05-28 21:30:02','[\"products\\/4.jpg\"]'),(464,8,7,3.00,'The script is the best of its class, fast, easy to implement and work with , and the most important thing is the great support team , Recommend with no doubt.','published','2023-05-28 21:30:02','2023-05-28 21:30:02','{\"0\":\"products\\/26.jpg\",\"2\":\"products\\/55.jpg\"}'),(465,2,12,5.00,'Customer Support are grade (A*), however the code is a way too over engineered for it\'s purpose.','published','2023-05-28 21:30:02','2023-05-28 21:30:02','[\"products\\/2.jpg\",\"products\\/48.jpg\"]'),(466,8,19,2.00,'Great E-commerce system. And much more : Wonderful Customer Support.','published','2023-05-28 21:30:02','2023-05-28 21:30:02','[\"products\\/14.jpg\"]'),(467,2,63,1.00,'I Love this Script. I also found how to add other fees. Now I just wait the BIG update for the Marketplace with the Bulk Import. Just do not forget to make it to be Multi-language for us the Botble Fans.','published','2023-05-28 21:30:02','2023-05-28 21:30:02','[\"products\\/29.jpg\"]'),(468,7,18,5.00,'The script is the best of its class, fast, easy to implement and work with , and the most important thing is the great support team , Recommend with no doubt.','published','2023-05-28 21:30:02','2023-05-28 21:30:02','[\"products\\/23.jpg\"]'),(470,10,35,4.00,'Best ecommerce CMS online store!','published','2023-05-28 21:30:02','2023-05-28 21:30:02','[\"products\\/23.jpg\",\"products\\/47.jpg\"]'),(473,5,63,2.00,'Clean & perfect source code','published','2023-05-28 21:30:02','2023-05-28 21:30:02','{\"0\":\"products\\/3.jpg\",\"2\":\"products\\/59.jpg\"}'),(475,5,4,4.00,'The script is the best of its class, fast, easy to implement and work with , and the most important thing is the great support team , Recommend with no doubt.','published','2023-05-28 21:30:02','2023-05-28 21:30:02','[\"products\\/12.jpg\",\"products\\/35.jpg\"]'),(476,3,45,2.00,'Solution is too robust for our purpose so we didn\'t use it at the end. But I appreciate customer support during initial configuration.','published','2023-05-28 21:30:02','2023-05-28 21:30:02','{\"0\":\"products\\/24.jpg\",\"2\":\"products\\/65.jpg\"}'),(477,9,43,4.00,'We have received brilliant service support and will be expanding the features with the developer. Nice product!','published','2023-05-28 21:30:02','2023-05-28 21:30:02','[\"products\\/14.jpg\",\"products\\/45.jpg\"]'),(481,5,30,5.00,'As a developer I reviewed this script. This is really awesome ecommerce script. I have convinced when I noticed that it\'s built on fully WordPress concept.','published','2023-05-28 21:30:02','2023-05-28 21:30:02','[\"products\\/14.jpg\",\"products\\/46.jpg\",\"products\\/53.jpg\"]'),(484,4,20,1.00,'Very enthusiastic support! Excellent code is written. It\'s a true pleasure working with.','published','2023-05-28 21:30:02','2023-05-28 21:30:02','{\"0\":\"products\\/27.jpg\",\"2\":\"products\\/55.jpg\"}'),(488,10,24,3.00,'Those guys now what they are doing, the release such a good product that it\'s a pleasure to work with ! Even when I was stuck on the project, I created a ticket and the next day it was replied by the team. GOOD JOB guys. I love working with them :)','published','2023-05-28 21:30:02','2023-05-28 21:30:02','[\"products\\/6.jpg\",\"products\\/43.jpg\",\"products\\/62.jpg\"]'),(489,10,23,2.00,'Very enthusiastic support! Excellent code is written. It\'s a true pleasure working with.','published','2023-05-28 21:30:02','2023-05-28 21:30:02','{\"0\":\"products\\/29.jpg\",\"2\":\"products\\/64.jpg\"}'),(493,4,29,5.00,'I Love this Script. I also found how to add other fees. Now I just wait the BIG update for the Marketplace with the Bulk Import. Just do not forget to make it to be Multi-language for us the Botble Fans.','published','2023-05-28 21:30:02','2023-05-28 21:30:02','[\"products\\/11.jpg\",\"products\\/34.jpg\"]'),(495,9,58,4.00,'We have received brilliant service support and will be expanding the features with the developer. Nice product!','published','2023-05-28 21:30:02','2023-05-28 21:30:02','{\"0\":\"products\\/18.jpg\",\"2\":\"products\\/62.jpg\"}'),(496,10,25,5.00,'This web app is really good in design, code quality & features. Besides, the customer support provided by the Botble team was really fast & helpful. You guys are awesome!','published','2023-05-28 21:30:02','2023-05-28 21:30:02','[\"products\\/24.jpg\",\"products\\/31.jpg\",\"products\\/63.jpg\"]'),(497,5,28,3.00,'Cool template. Excellent code quality. The support responds very quickly, which is very rare on themeforest and codecanyon.net, I buy a lot of templates, and everyone will have a response from technical support for two or three days. Thanks to tech support. I recommend to buy.','published','2023-05-28 21:30:02','2023-05-28 21:30:02','[\"products\\/2.jpg\",\"products\\/31.jpg\",\"products\\/56.jpg\"]'),(498,3,19,3.00,'As a developer I reviewed this script. This is really awesome ecommerce script. I have convinced when I noticed that it\'s built on fully WordPress concept.','published','2023-05-28 21:30:02','2023-05-28 21:30:02','[\"products\\/6.jpg\",\"products\\/44.jpg\"]'),(499,1,37,1.00,'Those guys now what they are doing, the release such a good product that it\'s a pleasure to work with ! Even when I was stuck on the project, I created a ticket and the next day it was replied by the team. GOOD JOB guys. I love working with them :)','published','2023-05-28 21:30:02','2023-05-28 21:30:02','[\"products\\/19.jpg\"]'),(511,8,57,1.00,'This script is well coded and is super fast. The support is pretty quick. Very patient and helpful team. I strongly recommend it and they deserve more than 5 stars.','published','2023-05-28 21:30:02','2023-05-28 21:30:02','[\"products\\/22.jpg\",\"products\\/31.jpg\"]'),(512,3,54,2.00,'Perfect +++++++++ i love it really also i get to fast ticket answers... Thanks Lot BOTBLE Teams','published','2023-05-28 21:30:02','2023-05-28 21:30:02','[\"products\\/22.jpg\",\"products\\/35.jpg\"]'),(515,1,46,2.00,'We have received brilliant service support and will be expanding the features with the developer. Nice product!','published','2023-05-28 21:30:02','2023-05-28 21:30:02','[\"products\\/18.jpg\",\"products\\/43.jpg\"]'),(517,6,37,5.00,'Cool template. Excellent code quality. The support responds very quickly, which is very rare on themeforest and codecanyon.net, I buy a lot of templates, and everyone will have a response from technical support for two or three days. Thanks to tech support. I recommend to buy.','published','2023-05-28 21:30:02','2023-05-28 21:30:02','[\"products\\/14.jpg\",\"products\\/35.jpg\",\"products\\/58.jpg\"]'),(518,6,63,4.00,'Cool template. Excellent code quality. The support responds very quickly, which is very rare on themeforest and codecanyon.net, I buy a lot of templates, and everyone will have a response from technical support for two or three days. Thanks to tech support. I recommend to buy.','published','2023-05-28 21:30:02','2023-05-28 21:30:02','[\"products\\/25.jpg\",\"products\\/50.jpg\"]'),(519,6,46,4.00,'This web app is really good in design, code quality & features. Besides, the customer support provided by the Botble team was really fast & helpful. You guys are awesome!','published','2023-05-28 21:30:02','2023-05-28 21:30:02','[\"products\\/22.jpg\",\"products\\/50.jpg\",\"products\\/56.jpg\"]'),(520,2,6,5.00,'I Love this Script. I also found how to add other fees. Now I just wait the BIG update for the Marketplace with the Bulk Import. Just do not forget to make it to be Multi-language for us the Botble Fans.','published','2023-05-28 21:30:02','2023-05-28 21:30:02','[\"products\\/26.jpg\",\"products\\/48.jpg\"]'),(522,7,33,3.00,'The best ecommerce CMS! Excellent coding! best support service! Thank you so much..... I really like your hard work.','published','2023-05-28 21:30:02','2023-05-28 21:30:02','[\"products\\/25.jpg\"]'),(524,10,31,2.00,'Amazing code, amazing support. Overall, im really confident in Botble and im happy I made the right choice! Thank you so much guys for coding this masterpiece','published','2023-05-28 21:30:02','2023-05-28 21:30:02','[\"products\\/15.jpg\",\"products\\/42.jpg\",\"products\\/55.jpg\"]'),(526,2,29,5.00,'Cool template. Excellent code quality. The support responds very quickly, which is very rare on themeforest and codecanyon.net, I buy a lot of templates, and everyone will have a response from technical support for two or three days. Thanks to tech support. I recommend to buy.','published','2023-05-28 21:30:02','2023-05-28 21:30:02','[\"products\\/3.jpg\",\"products\\/44.jpg\",\"products\\/62.jpg\"]'),(527,9,50,5.00,'The best store template! Excellent coding! Very good support! Thank you so much for all the help, I really appreciated.','published','2023-05-28 21:30:02','2023-05-28 21:30:02','[\"products\\/26.jpg\",\"products\\/36.jpg\"]'),(528,4,31,5.00,'Perfect +++++++++ i love it really also i get to fast ticket answers... Thanks Lot BOTBLE Teams','published','2023-05-28 21:30:02','2023-05-28 21:30:02','{\"0\":\"products\\/13.jpg\",\"2\":\"products\\/58.jpg\"}'),(530,4,21,4.00,'This web app is really good in design, code quality & features. Besides, the customer support provided by the Botble team was really fast & helpful. You guys are awesome!','published','2023-05-28 21:30:02','2023-05-28 21:30:02','[\"products\\/9.jpg\"]'),(531,10,10,3.00,'For me the best eCommerce script on Envato at this moment: modern, clean code, a lot of great features. The customer support is great too: I always get an answer within hours!','published','2023-05-28 21:30:02','2023-05-28 21:30:02','[\"products\\/12.jpg\",\"products\\/45.jpg\",\"products\\/64.jpg\"]'),(533,1,41,1.00,'Second or third time that I buy a Botble product, happy with the products and support. You guys do a good job :)','published','2023-05-28 21:30:02','2023-05-28 21:30:02','[\"products\\/30.jpg\"]'),(534,5,22,3.00,'This web app is really good in design, code quality & features. Besides, the customer support provided by the Botble team was really fast & helpful. You guys are awesome!','published','2023-05-28 21:30:02','2023-05-28 21:30:02','{\"0\":\"products\\/22.jpg\",\"2\":\"products\\/62.jpg\"}'),(535,7,39,3.00,'This script is well coded and is super fast. The support is pretty quick. Very patient and helpful team. I strongly recommend it and they deserve more than 5 stars.','published','2023-05-28 21:30:02','2023-05-28 21:30:02','[\"products\\/30.jpg\",\"products\\/47.jpg\"]'),(542,3,48,5.00,'I Love this Script. I also found how to add other fees. Now I just wait the BIG update for the Marketplace with the Bulk Import. Just do not forget to make it to be Multi-language for us the Botble Fans.','published','2023-05-28 21:30:02','2023-05-28 21:30:02','[\"products\\/18.jpg\"]'),(543,9,36,5.00,'The script is the best of its class, fast, easy to implement and work with , and the most important thing is the great support team , Recommend with no doubt.','published','2023-05-28 21:30:02','2023-05-28 21:30:02','[\"products\\/17.jpg\"]'),(544,4,1,1.00,'Very enthusiastic support! Excellent code is written. It\'s a true pleasure working with.','published','2023-05-28 21:30:02','2023-05-28 21:30:02','[\"products\\/12.jpg\",\"products\\/34.jpg\"]'),(545,7,61,3.00,'Best ecommerce CMS online store!','published','2023-05-28 21:30:02','2023-05-28 21:30:02','[\"products\\/11.jpg\",\"products\\/50.jpg\"]'),(549,10,58,4.00,'The script is the best of its class, fast, easy to implement and work with , and the most important thing is the great support team , Recommend with no doubt.','published','2023-05-28 21:30:02','2023-05-28 21:30:02','[\"products\\/15.jpg\",\"products\\/45.jpg\"]'),(554,2,25,2.00,'Perfect +++++++++ i love it really also i get to fast ticket answers... Thanks Lot BOTBLE Teams','published','2023-05-28 21:30:02','2023-05-28 21:30:02','[\"products\\/19.jpg\",\"products\\/42.jpg\",\"products\\/58.jpg\"]'),(556,9,49,3.00,'These guys are amazing! Responses immediately, amazing support and help... I immediately feel at ease after Purchasing..','published','2023-05-28 21:30:02','2023-05-28 21:30:02','[\"products\\/22.jpg\",\"products\\/34.jpg\",\"products\\/56.jpg\"]'),(558,6,23,1.00,'Second or third time that I buy a Botble product, happy with the products and support. You guys do a good job :)','published','2023-05-28 21:30:02','2023-05-28 21:30:02','[\"products\\/8.jpg\",\"products\\/41.jpg\"]'),(559,10,38,1.00,'The best ecommerce CMS! Excellent coding! best support service! Thank you so much..... I really like your hard work.','published','2023-05-28 21:30:02','2023-05-28 21:30:02','[\"products\\/6.jpg\"]'),(560,4,16,4.00,'The best store template! Excellent coding! Very good support! Thank you so much for all the help, I really appreciated.','published','2023-05-28 21:30:02','2023-05-28 21:30:02','[\"products\\/14.jpg\",\"products\\/34.jpg\"]'),(561,5,3,3.00,'Cool template. Excellent code quality. The support responds very quickly, which is very rare on themeforest and codecanyon.net, I buy a lot of templates, and everyone will have a response from technical support for two or three days. Thanks to tech support. I recommend to buy.','published','2023-05-28 21:30:02','2023-05-28 21:30:02','[\"products\\/22.jpg\",\"products\\/44.jpg\",\"products\\/55.jpg\"]'),(563,9,51,3.00,'Cool template. Excellent code quality. The support responds very quickly, which is very rare on themeforest and codecanyon.net, I buy a lot of templates, and everyone will have a response from technical support for two or three days. Thanks to tech support. I recommend to buy.','published','2023-05-28 21:30:02','2023-05-28 21:30:02','[\"products\\/30.jpg\",\"products\\/35.jpg\"]'),(567,8,55,5.00,'Clean & perfect source code','published','2023-05-28 21:30:02','2023-05-28 21:30:02','[\"products\\/3.jpg\",\"products\\/31.jpg\"]'),(568,6,64,1.00,'Perfect +++++++++ i love it really also i get to fast ticket answers... Thanks Lot BOTBLE Teams','published','2023-05-28 21:30:02','2023-05-28 21:30:02','[\"products\\/18.jpg\",\"products\\/45.jpg\",\"products\\/58.jpg\"]'),(570,10,30,2.00,'Great system, great support, good job Botble. I\'m looking forward to more great functional plugins.','published','2023-05-28 21:30:02','2023-05-28 21:30:02','[\"products\\/9.jpg\",\"products\\/50.jpg\"]'),(573,2,1,5.00,'Best ecommerce CMS online store!','published','2023-05-28 21:30:02','2023-05-28 21:30:02','[\"products\\/29.jpg\",\"products\\/44.jpg\"]'),(575,4,62,3.00,'Best ecommerce CMS online store!','published','2023-05-28 21:30:02','2023-05-28 21:30:02','[\"products\\/24.jpg\",\"products\\/40.jpg\"]'),(576,6,57,4.00,'Great system, great support, good job Botble. I\'m looking forward to more great functional plugins.','published','2023-05-28 21:30:02','2023-05-28 21:30:02','[\"products\\/24.jpg\",\"products\\/44.jpg\"]'),(578,10,6,5.00,'These guys are amazing! Responses immediately, amazing support and help... I immediately feel at ease after Purchasing..','published','2023-05-28 21:30:02','2023-05-28 21:30:02','[\"products\\/30.jpg\"]'),(579,7,42,2.00,'This script is well coded and is super fast. The support is pretty quick. Very patient and helpful team. I strongly recommend it and they deserve more than 5 stars.','published','2023-05-28 21:30:02','2023-05-28 21:30:02','[\"products\\/24.jpg\",\"products\\/40.jpg\"]'),(588,9,10,3.00,'As a developer I reviewed this script. This is really awesome ecommerce script. I have convinced when I noticed that it\'s built on fully WordPress concept.','published','2023-05-28 21:30:02','2023-05-28 21:30:02','[\"products\\/30.jpg\",\"products\\/48.jpg\"]'),(589,6,19,1.00,'This web app is really good in design, code quality & features. Besides, the customer support provided by the Botble team was really fast & helpful. You guys are awesome!','published','2023-05-28 21:30:02','2023-05-28 21:30:02','[\"products\\/9.jpg\",\"products\\/45.jpg\",\"products\\/51.jpg\"]'),(594,1,45,2.00,'Cool template. Excellent code quality. The support responds very quickly, which is very rare on themeforest and codecanyon.net, I buy a lot of templates, and everyone will have a response from technical support for two or three days. Thanks to tech support. I recommend to buy.','published','2023-05-28 21:30:02','2023-05-28 21:30:02','{\"0\":\"products\\/14.jpg\",\"2\":\"products\\/61.jpg\"}'),(597,8,30,3.00,'For me the best eCommerce script on Envato at this moment: modern, clean code, a lot of great features. The customer support is great too: I always get an answer within hours!','published','2023-05-28 21:30:02','2023-05-28 21:30:02','{\"0\":\"products\\/7.jpg\",\"2\":\"products\\/62.jpg\"}'),(599,7,1,4.00,'The code is good, in general, if you like it, can you give it 5 stars?','published','2023-05-28 21:30:02','2023-05-28 21:30:02','[\"products\\/15.jpg\",\"products\\/45.jpg\",\"products\\/63.jpg\"]'),(600,5,26,3.00,'For me the best eCommerce script on Envato at this moment: modern, clean code, a lot of great features. The customer support is great too: I always get an answer within hours!','published','2023-05-28 21:30:02','2023-05-28 21:30:02','[\"products\\/20.jpg\",\"products\\/43.jpg\",\"products\\/61.jpg\"]'),(601,2,31,5.00,'Perfect +++++++++ i love it really also i get to fast ticket answers... Thanks Lot BOTBLE Teams','published','2023-05-28 21:30:02','2023-05-28 21:30:02','[\"products\\/13.jpg\",\"products\\/48.jpg\"]'),(603,5,6,3.00,'The best ecommerce CMS! Excellent coding! best support service! Thank you so much..... I really like your hard work.','published','2023-05-28 21:30:02','2023-05-28 21:30:02','[\"products\\/29.jpg\",\"products\\/35.jpg\"]'),(606,2,58,5.00,'The best ecommerce CMS! Excellent coding! best support service! Thank you so much..... I really like your hard work.','published','2023-05-28 21:30:02','2023-05-28 21:30:02','[\"products\\/29.jpg\",\"products\\/42.jpg\"]'),(609,3,12,3.00,'Solution is too robust for our purpose so we didn\'t use it at the end. But I appreciate customer support during initial configuration.','published','2023-05-28 21:30:02','2023-05-28 21:30:02','[\"products\\/26.jpg\"]'),(615,2,64,1.00,'Clean & perfect source code','published','2023-05-28 21:30:02','2023-05-28 21:30:02','[\"products\\/10.jpg\",\"products\\/31.jpg\"]'),(618,7,31,4.00,'For me the best eCommerce script on Envato at this moment: modern, clean code, a lot of great features. The customer support is great too: I always get an answer within hours!','published','2023-05-28 21:30:02','2023-05-28 21:30:02','[\"products\\/3.jpg\",\"products\\/31.jpg\"]'),(619,8,23,4.00,'Best ecommerce CMS online store!','published','2023-05-28 21:30:02','2023-05-28 21:30:02','[\"products\\/29.jpg\",\"products\\/49.jpg\",\"products\\/56.jpg\"]'),(620,4,28,5.00,'Very enthusiastic support! Excellent code is written. It\'s a true pleasure working with.','published','2023-05-28 21:30:02','2023-05-28 21:30:02','[\"products\\/7.jpg\"]'),(621,4,23,2.00,'This script is well coded and is super fast. The support is pretty quick. Very patient and helpful team. I strongly recommend it and they deserve more than 5 stars.','published','2023-05-28 21:30:02','2023-05-28 21:30:02','[\"products\\/26.jpg\",\"products\\/50.jpg\"]'),(622,2,7,2.00,'The best store template! Excellent coding! Very good support! Thank you so much for all the help, I really appreciated.','published','2023-05-28 21:30:02','2023-05-28 21:30:02','[\"products\\/25.jpg\",\"products\\/36.jpg\",\"products\\/56.jpg\"]'),(623,3,43,5.00,'Clean & perfect source code','published','2023-05-28 21:30:02','2023-05-28 21:30:02','[\"products\\/7.jpg\",\"products\\/41.jpg\"]'),(626,7,26,4.00,'I Love this Script. I also found how to add other fees. Now I just wait the BIG update for the Marketplace with the Bulk Import. Just do not forget to make it to be Multi-language for us the Botble Fans.','published','2023-05-28 21:30:02','2023-05-28 21:30:02','[\"products\\/17.jpg\"]'),(627,7,35,1.00,'Great system, great support, good job Botble. I\'m looking forward to more great functional plugins.','published','2023-05-28 21:30:02','2023-05-28 21:30:02','[\"products\\/18.jpg\",\"products\\/39.jpg\"]'),(629,9,11,4.00,'Perfect +++++++++ i love it really also i get to fast ticket answers... Thanks Lot BOTBLE Teams','published','2023-05-28 21:30:02','2023-05-28 21:30:02','[\"products\\/26.jpg\"]'),(631,10,3,2.00,'Amazing code, amazing support. Overall, im really confident in Botble and im happy I made the right choice! Thank you so much guys for coding this masterpiece','published','2023-05-28 21:30:02','2023-05-28 21:30:02','[\"products\\/12.jpg\"]'),(632,1,17,2.00,'Ok good product. I have some issues in customizations. But its not correct to blame the developer. The product is good. Good luck for your business.','published','2023-05-28 21:30:02','2023-05-28 21:30:02','[\"products\\/11.jpg\"]'),(633,7,13,1.00,'Very enthusiastic support! Excellent code is written. It\'s a true pleasure working with.','published','2023-05-28 21:30:02','2023-05-28 21:30:02','[\"products\\/23.jpg\",\"products\\/31.jpg\"]'),(637,5,47,2.00,'Cool template. Excellent code quality. The support responds very quickly, which is very rare on themeforest and codecanyon.net, I buy a lot of templates, and everyone will have a response from technical support for two or three days. Thanks to tech support. I recommend to buy.','published','2023-05-28 21:30:02','2023-05-28 21:30:02','[\"products\\/12.jpg\"]'),(639,3,52,1.00,'The code is good, in general, if you like it, can you give it 5 stars?','published','2023-05-28 21:30:02','2023-05-28 21:30:02','[\"products\\/28.jpg\",\"products\\/33.jpg\"]'),(640,8,56,5.00,'We have received brilliant service support and will be expanding the features with the developer. Nice product!','published','2023-05-28 21:30:02','2023-05-28 21:30:02','[\"products\\/16.jpg\",\"products\\/32.jpg\"]'),(642,9,48,1.00,'It\'s not my first experience here on Codecanyon and I can honestly tell you all that Botble puts a LOT of effort into the support. They answer so fast, they helped me tons of times. REALLY by far THE BEST EXPERIENCE on Codecanyon. Those guys at Botble are so good that they deserve 5 stars. I recommend them, I trust them and I can\'t wait to see what they will sell in a near future. Thank you Botble :)','published','2023-05-28 21:30:02','2023-05-28 21:30:02','[\"products\\/15.jpg\"]'),(644,3,32,5.00,'Cool template. Excellent code quality. The support responds very quickly, which is very rare on themeforest and codecanyon.net, I buy a lot of templates, and everyone will have a response from technical support for two or three days. Thanks to tech support. I recommend to buy.','published','2023-05-28 21:30:02','2023-05-28 21:30:02','[\"products\\/29.jpg\"]'),(648,4,48,2.00,'The best ecommerce CMS! Excellent coding! best support service! Thank you so much..... I really like your hard work.','published','2023-05-28 21:30:02','2023-05-28 21:30:02','[\"products\\/9.jpg\",\"products\\/39.jpg\"]'),(656,8,51,4.00,'Best ecommerce CMS online store!','published','2023-05-28 21:30:02','2023-05-28 21:30:02','[\"products\\/10.jpg\",\"products\\/48.jpg\",\"products\\/53.jpg\"]'),(661,6,35,1.00,'We have received brilliant service support and will be expanding the features with the developer. Nice product!','published','2023-05-28 21:30:02','2023-05-28 21:30:02','[\"products\\/8.jpg\",\"products\\/40.jpg\",\"products\\/51.jpg\"]'),(663,1,57,5.00,'We have received brilliant service support and will be expanding the features with the developer. Nice product!','published','2023-05-28 21:30:02','2023-05-28 21:30:02','[\"products\\/27.jpg\",\"products\\/48.jpg\",\"products\\/54.jpg\"]'),(667,4,7,5.00,'Perfect +++++++++ i love it really also i get to fast ticket answers... Thanks Lot BOTBLE Teams','published','2023-05-28 21:30:02','2023-05-28 21:30:02','[\"products\\/30.jpg\"]'),(668,3,36,4.00,'As a developer I reviewed this script. This is really awesome ecommerce script. I have convinced when I noticed that it\'s built on fully WordPress concept.','published','2023-05-28 21:30:02','2023-05-28 21:30:02','[\"products\\/18.jpg\",\"products\\/40.jpg\"]'),(673,6,16,4.00,'This web app is really good in design, code quality & features. Besides, the customer support provided by the Botble team was really fast & helpful. You guys are awesome!','published','2023-05-28 21:30:02','2023-05-28 21:30:02','[\"products\\/23.jpg\",\"products\\/35.jpg\"]'),(674,9,55,1.00,'For me the best eCommerce script on Envato at this moment: modern, clean code, a lot of great features. The customer support is great too: I always get an answer within hours!','published','2023-05-28 21:30:02','2023-05-28 21:30:02','{\"0\":\"products\\/16.jpg\",\"2\":\"products\\/54.jpg\"}'),(681,6,32,2.00,'I Love this Script. I also found how to add other fees. Now I just wait the BIG update for the Marketplace with the Bulk Import. Just do not forget to make it to be Multi-language for us the Botble Fans.','published','2023-05-28 21:30:02','2023-05-28 21:30:02','[\"products\\/19.jpg\",\"products\\/35.jpg\",\"products\\/52.jpg\"]'),(688,4,4,3.00,'Best ecommerce CMS online store!','published','2023-05-28 21:30:02','2023-05-28 21:30:02','[\"products\\/12.jpg\"]'),(692,9,16,4.00,'The best store template! Excellent coding! Very good support! Thank you so much for all the help, I really appreciated.','published','2023-05-28 21:30:02','2023-05-28 21:30:02','[\"products\\/26.jpg\"]'),(693,4,19,1.00,'Great E-commerce system. And much more : Wonderful Customer Support.','published','2023-05-28 21:30:02','2023-05-28 21:30:02','[\"products\\/14.jpg\",\"products\\/43.jpg\"]'),(699,5,45,1.00,'It\'s not my first experience here on Codecanyon and I can honestly tell you all that Botble puts a LOT of effort into the support. They answer so fast, they helped me tons of times. REALLY by far THE BEST EXPERIENCE on Codecanyon. Those guys at Botble are so good that they deserve 5 stars. I recommend them, I trust them and I can\'t wait to see what they will sell in a near future. Thank you Botble :)','published','2023-05-28 21:30:02','2023-05-28 21:30:02','[\"products\\/3.jpg\",\"products\\/50.jpg\"]'),(701,1,48,2.00,'These guys are amazing! Responses immediately, amazing support and help... I immediately feel at ease after Purchasing..','published','2023-05-28 21:30:02','2023-05-28 21:30:02','[\"products\\/12.jpg\",\"products\\/40.jpg\",\"products\\/53.jpg\"]'),(704,6,58,5.00,'We have received brilliant service support and will be expanding the features with the developer. Nice product!','published','2023-05-28 21:30:02','2023-05-28 21:30:02','[\"products\\/12.jpg\",\"products\\/44.jpg\",\"products\\/52.jpg\"]'),(707,5,21,5.00,'Best ecommerce CMS online store!','published','2023-05-28 21:30:02','2023-05-28 21:30:02','[\"products\\/30.jpg\",\"products\\/42.jpg\"]'),(708,6,2,2.00,'The best store template! Excellent coding! Very good support! Thank you so much for all the help, I really appreciated.','published','2023-05-28 21:30:02','2023-05-28 21:30:02','[\"products\\/15.jpg\"]'),(713,6,53,5.00,'Great system, great support, good job Botble. I\'m looking forward to more great functional plugins.','published','2023-05-28 21:30:02','2023-05-28 21:30:02','[\"products\\/26.jpg\",\"products\\/33.jpg\"]'),(714,6,47,2.00,'It\'s not my first experience here on Codecanyon and I can honestly tell you all that Botble puts a LOT of effort into the support. They answer so fast, they helped me tons of times. REALLY by far THE BEST EXPERIENCE on Codecanyon. Those guys at Botble are so good that they deserve 5 stars. I recommend them, I trust them and I can\'t wait to see what they will sell in a near future. Thank you Botble :)','published','2023-05-28 21:30:02','2023-05-28 21:30:02','[\"products\\/19.jpg\",\"products\\/48.jpg\",\"products\\/60.jpg\"]'),(715,9,60,5.00,'It\'s not my first experience here on Codecanyon and I can honestly tell you all that Botble puts a LOT of effort into the support. They answer so fast, they helped me tons of times. REALLY by far THE BEST EXPERIENCE on Codecanyon. Those guys at Botble are so good that they deserve 5 stars. I recommend them, I trust them and I can\'t wait to see what they will sell in a near future. Thank you Botble :)','published','2023-05-28 21:30:02','2023-05-28 21:30:02','[\"products\\/17.jpg\"]'),(717,9,54,2.00,'We have received brilliant service support and will be expanding the features with the developer. Nice product!','published','2023-05-28 21:30:02','2023-05-28 21:30:02','[\"products\\/30.jpg\",\"products\\/41.jpg\"]'),(718,1,34,5.00,'Good app, good backup service and support. Good documentation.','published','2023-05-28 21:30:02','2023-05-28 21:30:02','{\"0\":\"products\\/26.jpg\",\"2\":\"products\\/56.jpg\"}'),(721,1,1,3.00,'Great system, great support, good job Botble. I\'m looking forward to more great functional plugins.','published','2023-05-28 21:30:02','2023-05-28 21:30:02','[\"products\\/12.jpg\",\"products\\/47.jpg\",\"products\\/55.jpg\"]'),(723,10,50,2.00,'As a developer I reviewed this script. This is really awesome ecommerce script. I have convinced when I noticed that it\'s built on fully WordPress concept.','published','2023-05-28 21:30:02','2023-05-28 21:30:02','[\"products\\/23.jpg\"]'),(726,2,50,2.00,'As a developer I reviewed this script. This is really awesome ecommerce script. I have convinced when I noticed that it\'s built on fully WordPress concept.','published','2023-05-28 21:30:02','2023-05-28 21:30:02','[\"products\\/26.jpg\",\"products\\/47.jpg\"]'),(727,4,63,1.00,'Good app, good backup service and support. Good documentation.','published','2023-05-28 21:30:02','2023-05-28 21:30:02','[\"products\\/30.jpg\",\"products\\/48.jpg\"]'),(729,6,33,3.00,'Great E-commerce system. And much more : Wonderful Customer Support.','published','2023-05-28 21:30:02','2023-05-28 21:30:02','{\"0\":\"products\\/1.jpg\",\"2\":\"products\\/54.jpg\"}'),(735,3,2,5.00,'Best ecommerce CMS online store!','published','2023-05-28 21:30:02','2023-05-28 21:30:02','[\"products\\/30.jpg\",\"products\\/36.jpg\"]'),(739,5,40,1.00,'These guys are amazing! Responses immediately, amazing support and help... I immediately feel at ease after Purchasing..','published','2023-05-28 21:30:02','2023-05-28 21:30:02','{\"0\":\"products\\/27.jpg\",\"2\":\"products\\/59.jpg\"}'),(741,10,63,1.00,'Amazing code, amazing support. Overall, im really confident in Botble and im happy I made the right choice! Thank you so much guys for coding this masterpiece','published','2023-05-28 21:30:02','2023-05-28 21:30:02','[\"products\\/10.jpg\"]'),(743,1,18,3.00,'Ok good product. I have some issues in customizations. But its not correct to blame the developer. The product is good. Good luck for your business.','published','2023-05-28 21:30:02','2023-05-28 21:30:02','[\"products\\/12.jpg\",\"products\\/41.jpg\"]'),(749,6,17,5.00,'Those guys now what they are doing, the release such a good product that it\'s a pleasure to work with ! Even when I was stuck on the project, I created a ticket and the next day it was replied by the team. GOOD JOB guys. I love working with them :)','published','2023-05-28 21:30:02','2023-05-28 21:30:02','[\"products\\/4.jpg\",\"products\\/50.jpg\",\"products\\/51.jpg\"]'),(752,8,53,1.00,'Very enthusiastic support! Excellent code is written. It\'s a true pleasure working with.','published','2023-05-28 21:30:02','2023-05-28 21:30:02','[\"products\\/17.jpg\",\"products\\/43.jpg\"]'),(754,5,65,1.00,'It\'s not my first experience here on Codecanyon and I can honestly tell you all that Botble puts a LOT of effort into the support. They answer so fast, they helped me tons of times. REALLY by far THE BEST EXPERIENCE on Codecanyon. Those guys at Botble are so good that they deserve 5 stars. I recommend them, I trust them and I can\'t wait to see what they will sell in a near future. Thank you Botble :)','published','2023-05-28 21:30:02','2023-05-28 21:30:02','[\"products\\/25.jpg\",\"products\\/48.jpg\",\"products\\/65.jpg\"]'),(756,4,54,3.00,'Perfect +++++++++ i love it really also i get to fast ticket answers... Thanks Lot BOTBLE Teams','published','2023-05-28 21:30:02','2023-05-28 21:30:02','[\"products\\/26.jpg\",\"products\\/42.jpg\",\"products\\/55.jpg\"]'),(757,7,27,4.00,'Ok good product. I have some issues in customizations. But its not correct to blame the developer. The product is good. Good luck for your business.','published','2023-05-28 21:30:02','2023-05-28 21:30:02','[\"products\\/28.jpg\",\"products\\/45.jpg\"]'),(766,1,61,5.00,'Good app, good backup service and support. Good documentation.','published','2023-05-28 21:30:02','2023-05-28 21:30:02','[\"products\\/8.jpg\",\"products\\/45.jpg\"]'),(770,8,8,1.00,'Clean & perfect source code','published','2023-05-28 21:30:02','2023-05-28 21:30:02','[\"products\\/13.jpg\"]'),(771,2,57,1.00,'This web app is really good in design, code quality & features. Besides, the customer support provided by the Botble team was really fast & helpful. You guys are awesome!','published','2023-05-28 21:30:02','2023-05-28 21:30:02','[\"products\\/8.jpg\"]'),(777,1,58,3.00,'We have received brilliant service support and will be expanding the features with the developer. Nice product!','published','2023-05-28 21:30:02','2023-05-28 21:30:02','[\"products\\/15.jpg\",\"products\\/41.jpg\",\"products\\/62.jpg\"]'),(778,4,58,3.00,'For me the best eCommerce script on Envato at this moment: modern, clean code, a lot of great features. The customer support is great too: I always get an answer within hours!','published','2023-05-28 21:30:02','2023-05-28 21:30:02','[\"products\\/5.jpg\",\"products\\/42.jpg\",\"products\\/64.jpg\"]'),(780,7,22,2.00,'Ok good product. I have some issues in customizations. But its not correct to blame the developer. The product is good. Good luck for your business.','published','2023-05-28 21:30:02','2023-05-28 21:30:02','[\"products\\/30.jpg\",\"products\\/36.jpg\",\"products\\/60.jpg\"]'),(781,9,47,3.00,'The best ecommerce CMS! Excellent coding! best support service! Thank you so much..... I really like your hard work.','published','2023-05-28 21:30:02','2023-05-28 21:30:02','{\"0\":\"products\\/4.jpg\",\"2\":\"products\\/64.jpg\"}'),(782,3,16,3.00,'The code is good, in general, if you like it, can you give it 5 stars?','published','2023-05-28 21:30:02','2023-05-28 21:30:02','[\"products\\/21.jpg\",\"products\\/48.jpg\"]'),(783,1,20,5.00,'Good app, good backup service and support. Good documentation.','published','2023-05-28 21:30:02','2023-05-28 21:30:02','[\"products\\/5.jpg\",\"products\\/48.jpg\",\"products\\/63.jpg\"]'),(784,8,21,1.00,'Customer Support are grade (A*), however the code is a way too over engineered for it\'s purpose.','published','2023-05-28 21:30:02','2023-05-28 21:30:02','[\"products\\/10.jpg\",\"products\\/40.jpg\"]'),(787,2,54,2.00,'I Love this Script. I also found how to add other fees. Now I just wait the BIG update for the Marketplace with the Bulk Import. Just do not forget to make it to be Multi-language for us the Botble Fans.','published','2023-05-28 21:30:02','2023-05-28 21:30:02','[\"products\\/16.jpg\"]'),(788,2,19,4.00,'Perfect +++++++++ i love it really also i get to fast ticket answers... Thanks Lot BOTBLE Teams','published','2023-05-28 21:30:02','2023-05-28 21:30:02','[\"products\\/23.jpg\"]'),(789,10,32,2.00,'The best store template! Excellent coding! Very good support! Thank you so much for all the help, I really appreciated.','published','2023-05-28 21:30:02','2023-05-28 21:30:02','[\"products\\/12.jpg\",\"products\\/43.jpg\"]'),(792,1,55,1.00,'For me the best eCommerce script on Envato at this moment: modern, clean code, a lot of great features. The customer support is great too: I always get an answer within hours!','published','2023-05-28 21:30:02','2023-05-28 21:30:02','[\"products\\/8.jpg\"]'),(796,5,29,1.00,'Very enthusiastic support! Excellent code is written. It\'s a true pleasure working with.','published','2023-05-28 21:30:02','2023-05-28 21:30:02','[\"products\\/7.jpg\"]'),(799,4,50,5.00,'The best ecommerce CMS! Excellent coding! best support service! Thank you so much..... I really like your hard work.','published','2023-05-28 21:30:02','2023-05-28 21:30:02','[\"products\\/10.jpg\"]'),(801,3,58,3.00,'Ok good product. I have some issues in customizations. But its not correct to blame the developer. The product is good. Good luck for your business.','published','2023-05-28 21:30:02','2023-05-28 21:30:02','[\"products\\/23.jpg\",\"products\\/49.jpg\",\"products\\/60.jpg\"]'),(804,1,35,1.00,'Second or third time that I buy a Botble product, happy with the products and support. You guys do a good job :)','published','2023-05-28 21:30:02','2023-05-28 21:30:02','[\"products\\/7.jpg\",\"products\\/32.jpg\",\"products\\/62.jpg\"]'),(806,2,26,4.00,'Second or third time that I buy a Botble product, happy with the products and support. You guys do a good job :)','published','2023-05-28 21:30:02','2023-05-28 21:30:02','{\"0\":\"products\\/25.jpg\",\"2\":\"products\\/51.jpg\"}'),(807,10,55,1.00,'The best store template! Excellent coding! Very good support! Thank you so much for all the help, I really appreciated.','published','2023-05-28 21:30:02','2023-05-28 21:30:02','[\"products\\/9.jpg\",\"products\\/40.jpg\"]'),(809,8,36,2.00,'This web app is really good in design, code quality & features. Besides, the customer support provided by the Botble team was really fast & helpful. You guys are awesome!','published','2023-05-28 21:30:02','2023-05-28 21:30:02','[\"products\\/24.jpg\"]'),(811,4,13,1.00,'The code is good, in general, if you like it, can you give it 5 stars?','published','2023-05-28 21:30:02','2023-05-28 21:30:02','[\"products\\/26.jpg\",\"products\\/34.jpg\"]'),(815,2,46,3.00,'The code is good, in general, if you like it, can you give it 5 stars?','published','2023-05-28 21:30:02','2023-05-28 21:30:02','[\"products\\/20.jpg\"]'),(817,5,9,4.00,'The script is the best of its class, fast, easy to implement and work with , and the most important thing is the great support team , Recommend with no doubt.','published','2023-05-28 21:30:02','2023-05-28 21:30:02','[\"products\\/6.jpg\",\"products\\/46.jpg\"]'),(820,6,20,4.00,'We have received brilliant service support and will be expanding the features with the developer. Nice product!','published','2023-05-28 21:30:02','2023-05-28 21:30:02','[\"products\\/4.jpg\",\"products\\/32.jpg\"]'),(824,9,6,5.00,'Very enthusiastic support! Excellent code is written. It\'s a true pleasure working with.','published','2023-05-28 21:30:02','2023-05-28 21:30:02','{\"0\":\"products\\/1.jpg\",\"2\":\"products\\/58.jpg\"}'),(826,6,49,3.00,'Amazing code, amazing support. Overall, im really confident in Botble and im happy I made the right choice! Thank you so much guys for coding this masterpiece','published','2023-05-28 21:30:02','2023-05-28 21:30:02','[\"products\\/5.jpg\",\"products\\/46.jpg\",\"products\\/58.jpg\"]'),(827,3,64,4.00,'Solution is too robust for our purpose so we didn\'t use it at the end. But I appreciate customer support during initial configuration.','published','2023-05-28 21:30:02','2023-05-28 21:30:02','[\"products\\/26.jpg\"]'),(831,10,37,2.00,'Second or third time that I buy a Botble product, happy with the products and support. You guys do a good job :)','published','2023-05-28 21:30:02','2023-05-28 21:30:02','[\"products\\/3.jpg\",\"products\\/42.jpg\",\"products\\/62.jpg\"]'),(835,8,14,2.00,'The code is good, in general, if you like it, can you give it 5 stars?','published','2023-05-28 21:30:02','2023-05-28 21:30:02','[\"products\\/1.jpg\",\"products\\/35.jpg\",\"products\\/53.jpg\"]'),(839,9,18,2.00,'The best store template! Excellent coding! Very good support! Thank you so much for all the help, I really appreciated.','published','2023-05-28 21:30:02','2023-05-28 21:30:02','[\"products\\/24.jpg\",\"products\\/38.jpg\",\"products\\/58.jpg\"]'),(840,7,65,3.00,'This script is well coded and is super fast. The support is pretty quick. Very patient and helpful team. I strongly recommend it and they deserve more than 5 stars.','published','2023-05-28 21:30:02','2023-05-28 21:30:02','[\"products\\/18.jpg\",\"products\\/50.jpg\"]'),(842,2,22,1.00,'Perfect +++++++++ i love it really also i get to fast ticket answers... Thanks Lot BOTBLE Teams','published','2023-05-28 21:30:02','2023-05-28 21:30:02','[\"products\\/2.jpg\",\"products\\/32.jpg\"]'),(843,9,9,4.00,'The best store template! Excellent coding! Very good support! Thank you so much for all the help, I really appreciated.','published','2023-05-28 21:30:02','2023-05-28 21:30:02','[\"products\\/4.jpg\",\"products\\/43.jpg\",\"products\\/63.jpg\"]'),(846,3,62,2.00,'Good app, good backup service and support. Good documentation.','published','2023-05-28 21:30:02','2023-05-28 21:30:02','[\"products\\/18.jpg\"]'),(851,9,63,5.00,'This web app is really good in design, code quality & features. Besides, the customer support provided by the Botble team was really fast & helpful. You guys are awesome!','published','2023-05-28 21:30:02','2023-05-28 21:30:02','[\"products\\/11.jpg\",\"products\\/32.jpg\"]'),(853,10,15,2.00,'The code is good, in general, if you like it, can you give it 5 stars?','published','2023-05-28 21:30:02','2023-05-28 21:30:02','[\"products\\/11.jpg\",\"products\\/39.jpg\"]'),(858,1,15,2.00,'These guys are amazing! Responses immediately, amazing support and help... I immediately feel at ease after Purchasing..','published','2023-05-28 21:30:02','2023-05-28 21:30:02','[\"products\\/2.jpg\",\"products\\/33.jpg\",\"products\\/53.jpg\"]'),(872,10,28,1.00,'Solution is too robust for our purpose so we didn\'t use it at the end. But I appreciate customer support during initial configuration.','published','2023-05-28 21:30:02','2023-05-28 21:30:02','[\"products\\/4.jpg\",\"products\\/36.jpg\",\"products\\/58.jpg\"]'),(877,7,23,2.00,'Second or third time that I buy a Botble product, happy with the products and support. You guys do a good job :)','published','2023-05-28 21:30:02','2023-05-28 21:30:02','[\"products\\/28.jpg\"]'),(879,4,41,4.00,'The code is good, in general, if you like it, can you give it 5 stars?','published','2023-05-28 21:30:02','2023-05-28 21:30:02','{\"0\":\"products\\/27.jpg\",\"2\":\"products\\/65.jpg\"}'),(882,4,9,2.00,'These guys are amazing! Responses immediately, amazing support and help... I immediately feel at ease after Purchasing..','published','2023-05-28 21:30:02','2023-05-28 21:30:02','[\"products\\/20.jpg\",\"products\\/43.jpg\",\"products\\/58.jpg\"]'),(887,2,38,3.00,'Solution is too robust for our purpose so we didn\'t use it at the end. But I appreciate customer support during initial configuration.','published','2023-05-28 21:30:02','2023-05-28 21:30:02','[\"products\\/15.jpg\"]'),(888,10,5,4.00,'The script is the best of its class, fast, easy to implement and work with , and the most important thing is the great support team , Recommend with no doubt.','published','2023-05-28 21:30:02','2023-05-28 21:30:02','[\"products\\/16.jpg\",\"products\\/41.jpg\",\"products\\/60.jpg\"]'),(892,10,62,1.00,'Cool template. Excellent code quality. The support responds very quickly, which is very rare on themeforest and codecanyon.net, I buy a lot of templates, and everyone will have a response from technical support for two or three days. Thanks to tech support. I recommend to buy.','published','2023-05-28 21:30:02','2023-05-28 21:30:02','[\"products\\/30.jpg\",\"products\\/38.jpg\"]'),(897,2,60,5.00,'Perfect +++++++++ i love it really also i get to fast ticket answers... Thanks Lot BOTBLE Teams','published','2023-05-28 21:30:02','2023-05-28 21:30:02','[\"products\\/1.jpg\",\"products\\/49.jpg\"]'),(900,5,64,3.00,'This script is well coded and is super fast. The support is pretty quick. Very patient and helpful team. I strongly recommend it and they deserve more than 5 stars.','published','2023-05-28 21:30:02','2023-05-28 21:30:02','[\"products\\/29.jpg\",\"products\\/40.jpg\",\"products\\/58.jpg\"]'),(903,7,16,2.00,'Those guys now what they are doing, the release such a good product that it\'s a pleasure to work with ! Even when I was stuck on the project, I created a ticket and the next day it was replied by the team. GOOD JOB guys. I love working with them :)','published','2023-05-28 21:30:02','2023-05-28 21:30:02','[\"products\\/13.jpg\",\"products\\/42.jpg\"]'),(907,10,26,3.00,'Great E-commerce system. And much more : Wonderful Customer Support.','published','2023-05-28 21:30:02','2023-05-28 21:30:02','[\"products\\/9.jpg\",\"products\\/43.jpg\"]'),(910,6,59,2.00,'For me the best eCommerce script on Envato at this moment: modern, clean code, a lot of great features. The customer support is great too: I always get an answer within hours!','published','2023-05-28 21:30:02','2023-05-28 21:30:02','[\"products\\/21.jpg\"]'),(913,3,10,5.00,'Very enthusiastic support! Excellent code is written. It\'s a true pleasure working with.','published','2023-05-28 21:30:02','2023-05-28 21:30:02','[\"products\\/3.jpg\",\"products\\/37.jpg\",\"products\\/56.jpg\"]'),(914,3,29,4.00,'Those guys now what they are doing, the release such a good product that it\'s a pleasure to work with ! Even when I was stuck on the project, I created a ticket and the next day it was replied by the team. GOOD JOB guys. I love working with them :)','published','2023-05-28 21:30:02','2023-05-28 21:30:02','[\"products\\/13.jpg\"]'),(916,9,29,5.00,'Cool template. Excellent code quality. The support responds very quickly, which is very rare on themeforest and codecanyon.net, I buy a lot of templates, and everyone will have a response from technical support for two or three days. Thanks to tech support. I recommend to buy.','published','2023-05-28 21:30:02','2023-05-28 21:30:02','{\"0\":\"products\\/15.jpg\",\"2\":\"products\\/53.jpg\"}'),(918,10,43,4.00,'Second or third time that I buy a Botble product, happy with the products and support. You guys do a good job :)','published','2023-05-28 21:30:02','2023-05-28 21:30:02','[\"products\\/24.jpg\",\"products\\/34.jpg\"]'),(924,6,18,1.00,'Great system, great support, good job Botble. I\'m looking forward to more great functional plugins.','published','2023-05-28 21:30:02','2023-05-28 21:30:02','[\"products\\/20.jpg\",\"products\\/33.jpg\",\"products\\/55.jpg\"]'),(928,5,41,4.00,'The best ecommerce CMS! Excellent coding! best support service! Thank you so much..... I really like your hard work.','published','2023-05-28 21:30:02','2023-05-28 21:30:02','[\"products\\/19.jpg\",\"products\\/32.jpg\"]'),(931,1,7,4.00,'I Love this Script. I also found how to add other fees. Now I just wait the BIG update for the Marketplace with the Bulk Import. Just do not forget to make it to be Multi-language for us the Botble Fans.','published','2023-05-28 21:30:02','2023-05-28 21:30:02','{\"0\":\"products\\/30.jpg\",\"2\":\"products\\/55.jpg\"}'),(933,10,40,3.00,'Customer Support are grade (A*), however the code is a way too over engineered for it\'s purpose.','published','2023-05-28 21:30:02','2023-05-28 21:30:02','[\"products\\/13.jpg\"]'),(936,2,45,1.00,'Solution is too robust for our purpose so we didn\'t use it at the end. But I appreciate customer support during initial configuration.','published','2023-05-28 21:30:02','2023-05-28 21:30:02','{\"0\":\"products\\/26.jpg\",\"2\":\"products\\/59.jpg\"}'),(940,10,61,3.00,'We have received brilliant service support and will be expanding the features with the developer. Nice product!','published','2023-05-28 21:30:02','2023-05-28 21:30:02','{\"0\":\"products\\/11.jpg\",\"2\":\"products\\/58.jpg\"}'),(945,4,8,2.00,'As a developer I reviewed this script. This is really awesome ecommerce script. I have convinced when I noticed that it\'s built on fully WordPress concept.','published','2023-05-28 21:30:02','2023-05-28 21:30:02','[\"products\\/11.jpg\",\"products\\/34.jpg\",\"products\\/56.jpg\"]'),(960,4,45,5.00,'Customer Support are grade (A*), however the code is a way too over engineered for it\'s purpose.','published','2023-05-28 21:30:02','2023-05-28 21:30:02','{\"0\":\"products\\/23.jpg\",\"2\":\"products\\/64.jpg\"}'),(964,7,49,4.00,'Best ecommerce CMS online store!','published','2023-05-28 21:30:02','2023-05-28 21:30:02','{\"0\":\"products\\/18.jpg\",\"2\":\"products\\/55.jpg\"}'),(965,6,11,3.00,'As a developer I reviewed this script. This is really awesome ecommerce script. I have convinced when I noticed that it\'s built on fully WordPress concept.','published','2023-05-28 21:30:02','2023-05-28 21:30:02','[\"products\\/15.jpg\",\"products\\/42.jpg\"]'),(971,1,60,5.00,'The code is good, in general, if you like it, can you give it 5 stars?','published','2023-05-28 21:30:02','2023-05-28 21:30:02','[\"products\\/18.jpg\"]'),(973,1,3,5.00,'These guys are amazing! Responses immediately, amazing support and help... I immediately feel at ease after Purchasing..','published','2023-05-28 21:30:02','2023-05-28 21:30:02','[\"products\\/30.jpg\",\"products\\/41.jpg\"]'),(974,1,5,5.00,'We have received brilliant service support and will be expanding the features with the developer. Nice product!','published','2023-05-28 21:30:02','2023-05-28 21:30:02','{\"0\":\"products\\/15.jpg\",\"2\":\"products\\/60.jpg\"}'),(979,9,12,3.00,'Very enthusiastic support! Excellent code is written. It\'s a true pleasure working with.','published','2023-05-28 21:30:02','2023-05-28 21:30:02','{\"0\":\"products\\/25.jpg\",\"2\":\"products\\/54.jpg\"}'),(980,3,20,2.00,'The script is the best of its class, fast, easy to implement and work with , and the most important thing is the great support team , Recommend with no doubt.','published','2023-05-28 21:30:02','2023-05-28 21:30:02','[\"products\\/16.jpg\",\"products\\/49.jpg\",\"products\\/51.jpg\"]'),(983,9,17,4.00,'Cool template. Excellent code quality. The support responds very quickly, which is very rare on themeforest and codecanyon.net, I buy a lot of templates, and everyone will have a response from technical support for two or three days. Thanks to tech support. I recommend to buy.','published','2023-05-28 21:30:02','2023-05-28 21:30:02','[\"products\\/3.jpg\",\"products\\/43.jpg\"]'),(994,6,51,2.00,'These guys are amazing! Responses immediately, amazing support and help... I immediately feel at ease after Purchasing..','published','2023-05-28 21:30:02','2023-05-28 21:30:02','[\"products\\/15.jpg\",\"products\\/48.jpg\",\"products\\/52.jpg\"]');
/*!40000 ALTER TABLE `ec_reviews` ENABLE KEYS */;
UNLOCK TABLES;

--
-- Table structure for table `ec_shipment_histories`
--

DROP TABLE IF EXISTS `ec_shipment_histories`;
/*!40101 SET @saved_cs_client     = @@character_set_client */;
/*!50503 SET character_set_client = utf8mb4 */;
CREATE TABLE `ec_shipment_histories` (
  `id` bigint unsigned NOT NULL AUTO_INCREMENT,
  `action` varchar(120) COLLATE utf8mb4_unicode_ci NOT NULL,
  `description` varchar(255) COLLATE utf8mb4_unicode_ci NOT NULL,
  `user_id` bigint unsigned DEFAULT NULL,
  `shipment_id` bigint unsigned NOT NULL,
  `order_id` bigint unsigned NOT NULL,
  `created_at` timestamp NULL DEFAULT NULL,
  `updated_at` timestamp NULL DEFAULT NULL,
  `user_type` varchar(255) COLLATE utf8mb4_unicode_ci NOT NULL DEFAULT 'Botble\\ACL\\Models\\User',
  PRIMARY KEY (`id`)
) ENGINE=InnoDB AUTO_INCREMENT=92 DEFAULT CHARSET=utf8mb4 COLLATE=utf8mb4_unicode_ci;
/*!40101 SET character_set_client = @saved_cs_client */;

--
-- Dumping data for table `ec_shipment_histories`
--

LOCK TABLES `ec_shipment_histories` WRITE;
/*!40000 ALTER TABLE `ec_shipment_histories` DISABLE KEYS */;
INSERT INTO `ec_shipment_histories` VALUES (1,'create_from_order','Shipping was created from order %order_id%',0,1,1,'2023-05-17 05:30:05','2023-05-17 05:30:05','Botble\\ACL\\Models\\User'),(2,'update_status','Changed status of shipping to: Approved. Updated by: %user_name%',0,1,1,'2023-05-27 05:30:05','2023-05-28 21:30:05','Botble\\ACL\\Models\\User'),(3,'create_from_order','Shipping was created from order %order_id%',0,2,2,'2023-05-13 21:30:05','2023-05-13 21:30:05','Botble\\ACL\\Models\\User'),(4,'update_status','Changed status of shipping to: Approved. Updated by: %user_name%',0,2,2,'2023-05-27 05:30:05','2023-05-28 21:30:05','Botble\\ACL\\Models\\User'),(5,'update_status','Changed status of shipping to: Delivered. Updated by: %user_name%',0,2,2,'2023-05-28 21:30:05','2023-05-28 21:30:05','Botble\\ACL\\Models\\User'),(6,'create_from_order','Shipping was created from order %order_id%',0,3,3,'2023-05-22 13:30:05','2023-05-22 13:30:05','Botble\\ACL\\Models\\User'),(7,'update_status','Changed status of shipping to: Approved. Updated by: %user_name%',0,3,3,'2023-05-27 07:30:05','2023-05-28 21:30:05','Botble\\ACL\\Models\\User'),(8,'update_status','Changed status of shipping to: Delivered. Updated by: %user_name%',0,3,3,'2023-05-28 21:30:05','2023-05-28 21:30:05','Botble\\ACL\\Models\\User'),(9,'create_from_order','Shipping was created from order %order_id%',0,4,4,'2023-05-17 19:30:05','2023-05-17 19:30:05','Botble\\ACL\\Models\\User'),(10,'update_status','Changed status of shipping to: Approved. Updated by: %user_name%',0,4,4,'2023-05-27 07:30:05','2023-05-28 21:30:05','Botble\\ACL\\Models\\User'),(11,'create_from_order','Shipping was created from order %order_id%',0,5,6,'2023-05-18 09:30:05','2023-05-18 09:30:05','Botble\\ACL\\Models\\User'),(12,'update_status','Changed status of shipping to: Approved. Updated by: %user_name%',0,5,6,'2023-05-27 09:30:05','2023-05-28 21:30:05','Botble\\ACL\\Models\\User'),(13,'create_from_order','Shipping was created from order %order_id%',0,6,7,'2023-05-27 09:30:05','2023-05-27 09:30:05','Botble\\ACL\\Models\\User'),(14,'update_status','Changed status of shipping to: Approved. Updated by: %user_name%',0,6,7,'2023-05-27 09:30:05','2023-05-28 21:30:05','Botble\\ACL\\Models\\User'),(15,'create_from_order','Shipping was created from order %order_id%',0,7,8,'2023-05-14 17:30:05','2023-05-14 17:30:05','Botble\\ACL\\Models\\User'),(16,'update_status','Changed status of shipping to: Approved. Updated by: %user_name%',0,7,8,'2023-05-27 11:30:05','2023-05-28 21:30:05','Botble\\ACL\\Models\\User'),(17,'update_status','Changed status of shipping to: Delivered. Updated by: %user_name%',0,7,8,'2023-05-28 21:30:05','2023-05-28 21:30:05','Botble\\ACL\\Models\\User'),(18,'create_from_order','Shipping was created from order %order_id%',0,8,9,'2023-05-21 19:30:05','2023-05-21 19:30:05','Botble\\ACL\\Models\\User'),(19,'update_status','Changed status of shipping to: Approved. Updated by: %user_name%',0,8,9,'2023-05-27 11:30:05','2023-05-28 21:30:05','Botble\\ACL\\Models\\User'),(20,'create_from_order','Shipping was created from order %order_id%',0,9,10,'2023-05-26 05:30:05','2023-05-26 05:30:05','Botble\\ACL\\Models\\User'),(21,'update_status','Changed status of shipping to: Approved. Updated by: %user_name%',0,9,10,'2023-05-27 13:30:05','2023-05-28 21:30:05','Botble\\ACL\\Models\\User'),(22,'create_from_order','Shipping was created from order %order_id%',0,10,11,'2023-05-18 05:30:05','2023-05-18 05:30:05','Botble\\ACL\\Models\\User'),(23,'update_status','Changed status of shipping to: Approved. Updated by: %user_name%',0,10,11,'2023-05-27 13:30:05','2023-05-28 21:30:05','Botble\\ACL\\Models\\User'),(24,'update_status','Changed status of shipping to: Delivered. Updated by: %user_name%',0,10,11,'2023-05-28 21:30:05','2023-05-28 21:30:05','Botble\\ACL\\Models\\User'),(25,'create_from_order','Shipping was created from order %order_id%',0,11,12,'2023-05-19 13:30:05','2023-05-19 13:30:05','Botble\\ACL\\Models\\User'),(26,'update_status','Changed status of shipping to: Approved. Updated by: %user_name%',0,11,12,'2023-05-27 13:30:05','2023-05-28 21:30:05','Botble\\ACL\\Models\\User'),(27,'create_from_order','Shipping was created from order %order_id%',0,12,13,'2023-05-26 09:30:05','2023-05-26 09:30:05','Botble\\ACL\\Models\\User'),(28,'update_status','Changed status of shipping to: Approved. Updated by: %user_name%',0,12,13,'2023-05-27 15:30:05','2023-05-28 21:30:05','Botble\\ACL\\Models\\User'),(29,'create_from_order','Shipping was created from order %order_id%',0,13,14,'2023-05-18 21:30:05','2023-05-18 21:30:05','Botble\\ACL\\Models\\User'),(30,'update_status','Changed status of shipping to: Approved. Updated by: %user_name%',0,13,14,'2023-05-27 15:30:05','2023-05-28 21:30:05','Botble\\ACL\\Models\\User'),(31,'create_from_order','Shipping was created from order %order_id%',0,14,15,'2023-05-23 01:30:05','2023-05-23 01:30:05','Botble\\ACL\\Models\\User'),(32,'update_status','Changed status of shipping to: Approved. Updated by: %user_name%',0,14,15,'2023-05-27 17:30:05','2023-05-28 21:30:05','Botble\\ACL\\Models\\User'),(33,'create_from_order','Shipping was created from order %order_id%',0,15,16,'2023-05-18 09:30:05','2023-05-18 09:30:05','Botble\\ACL\\Models\\User'),(34,'update_status','Changed status of shipping to: Approved. Updated by: %user_name%',0,15,16,'2023-05-27 17:30:05','2023-05-28 21:30:05','Botble\\ACL\\Models\\User'),(35,'create_from_order','Shipping was created from order %order_id%',0,16,18,'2023-05-19 03:30:05','2023-05-19 03:30:05','Botble\\ACL\\Models\\User'),(36,'update_status','Changed status of shipping to: Approved. Updated by: %user_name%',0,16,18,'2023-05-27 19:30:05','2023-05-28 21:30:05','Botble\\ACL\\Models\\User'),(37,'update_status','Changed status of shipping to: Delivered. Updated by: %user_name%',0,16,18,'2023-05-28 21:30:05','2023-05-28 21:30:05','Botble\\ACL\\Models\\User'),(38,'create_from_order','Shipping was created from order %order_id%',0,17,19,'2023-05-26 17:30:05','2023-05-26 17:30:05','Botble\\ACL\\Models\\User'),(39,'update_status','Changed status of shipping to: Approved. Updated by: %user_name%',0,17,19,'2023-05-27 19:30:05','2023-05-28 21:30:05','Botble\\ACL\\Models\\User'),(40,'create_from_order','Shipping was created from order %order_id%',0,18,24,'2023-05-26 03:30:05','2023-05-26 03:30:05','Botble\\ACL\\Models\\User'),(41,'update_status','Changed status of shipping to: Approved. Updated by: %user_name%',0,18,24,'2023-05-27 23:30:06','2023-05-28 21:30:06','Botble\\ACL\\Models\\User'),(42,'create_from_order','Shipping was created from order %order_id%',0,19,25,'2023-05-23 01:30:06','2023-05-23 01:30:06','Botble\\ACL\\Models\\User'),(43,'update_status','Changed status of shipping to: Approved. Updated by: %user_name%',0,19,25,'2023-05-28 01:30:06','2023-05-28 21:30:06','Botble\\ACL\\Models\\User'),(44,'update_status','Changed status of shipping to: Delivered. Updated by: %user_name%',0,19,25,'2023-05-28 21:30:06','2023-05-28 21:30:06','Botble\\ACL\\Models\\User'),(45,'create_from_order','Shipping was created from order %order_id%',0,20,26,'2023-05-27 05:30:06','2023-05-27 05:30:06','Botble\\ACL\\Models\\User'),(46,'update_status','Changed status of shipping to: Approved. Updated by: %user_name%',0,20,26,'2023-05-28 01:30:06','2023-05-28 21:30:06','Botble\\ACL\\Models\\User'),(47,'update_status','Changed status of shipping to: Delivered. Updated by: %user_name%',0,20,26,'2023-05-28 21:30:06','2023-05-28 21:30:06','Botble\\ACL\\Models\\User'),(48,'create_from_order','Shipping was created from order %order_id%',0,21,27,'2023-05-24 09:30:06','2023-05-24 09:30:06','Botble\\ACL\\Models\\User'),(49,'update_status','Changed status of shipping to: Approved. Updated by: %user_name%',0,21,27,'2023-05-28 03:30:06','2023-05-28 21:30:06','Botble\\ACL\\Models\\User'),(50,'update_cod_status','Updated COD status to Completed . Updated by: %user_name%',0,21,27,'2023-05-28 21:30:06','2023-05-28 21:30:06','Botble\\ACL\\Models\\User'),(51,'update_status','Changed status of shipping to: Delivered. Updated by: %user_name%',0,21,27,'2023-05-28 21:30:06','2023-05-28 21:30:06','Botble\\ACL\\Models\\User'),(52,'create_from_order','Shipping was created from order %order_id%',0,22,28,'2023-05-22 03:30:06','2023-05-22 03:30:06','Botble\\ACL\\Models\\User'),(53,'update_status','Changed status of shipping to: Approved. Updated by: %user_name%',0,22,28,'2023-05-28 03:30:06','2023-05-28 21:30:06','Botble\\ACL\\Models\\User'),(54,'update_status','Changed status of shipping to: Delivered. Updated by: %user_name%',0,22,28,'2023-05-28 21:30:06','2023-05-28 21:30:06','Botble\\ACL\\Models\\User'),(55,'create_from_order','Shipping was created from order %order_id%',0,23,29,'2023-05-24 09:30:06','2023-05-24 09:30:06','Botble\\ACL\\Models\\User'),(56,'update_status','Changed status of shipping to: Approved. Updated by: %user_name%',0,23,29,'2023-05-28 03:30:06','2023-05-28 21:30:06','Botble\\ACL\\Models\\User'),(57,'update_status','Changed status of shipping to: Delivered. Updated by: %user_name%',0,23,29,'2023-05-28 21:30:06','2023-05-28 21:30:06','Botble\\ACL\\Models\\User'),(58,'create_from_order','Shipping was created from order %order_id%',0,24,30,'2023-05-22 21:30:06','2023-05-22 21:30:06','Botble\\ACL\\Models\\User'),(59,'update_status','Changed status of shipping to: Approved. Updated by: %user_name%',0,24,30,'2023-05-28 05:30:06','2023-05-28 21:30:06','Botble\\ACL\\Models\\User'),(60,'update_status','Changed status of shipping to: Delivered. Updated by: %user_name%',0,24,30,'2023-05-28 21:30:06','2023-05-28 21:30:06','Botble\\ACL\\Models\\User'),(61,'create_from_order','Shipping was created from order %order_id%',0,25,31,'2023-05-22 05:30:06','2023-05-22 05:30:06','Botble\\ACL\\Models\\User'),(62,'update_status','Changed status of shipping to: Approved. Updated by: %user_name%',0,25,31,'2023-05-28 05:30:06','2023-05-28 21:30:06','Botble\\ACL\\Models\\User'),(63,'update_status','Changed status of shipping to: Delivered. Updated by: %user_name%',0,25,31,'2023-05-28 21:30:06','2023-05-28 21:30:06','Botble\\ACL\\Models\\User'),(64,'create_from_order','Shipping was created from order %order_id%',0,26,32,'2023-05-27 17:30:06','2023-05-27 17:30:06','Botble\\ACL\\Models\\User'),(65,'update_status','Changed status of shipping to: Approved. Updated by: %user_name%',0,26,32,'2023-05-28 07:30:06','2023-05-28 21:30:06','Botble\\ACL\\Models\\User'),(66,'create_from_order','Shipping was created from order %order_id%',0,27,33,'2023-05-23 15:30:06','2023-05-23 15:30:06','Botble\\ACL\\Models\\User'),(67,'update_status','Changed status of shipping to: Approved. Updated by: %user_name%',0,27,33,'2023-05-28 07:30:06','2023-05-28 21:30:06','Botble\\ACL\\Models\\User'),(68,'create_from_order','Shipping was created from order %order_id%',0,28,34,'2023-05-23 01:30:06','2023-05-23 01:30:06','Botble\\ACL\\Models\\User'),(69,'update_status','Changed status of shipping to: Approved. Updated by: %user_name%',0,28,34,'2023-05-28 07:30:06','2023-05-28 21:30:06','Botble\\ACL\\Models\\User'),(70,'update_status','Changed status of shipping to: Delivered. Updated by: %user_name%',0,28,34,'2023-05-28 21:30:06','2023-05-28 21:30:06','Botble\\ACL\\Models\\User'),(71,'create_from_order','Shipping was created from order %order_id%',0,29,36,'2023-05-25 21:30:06','2023-05-25 21:30:06','Botble\\ACL\\Models\\User'),(72,'update_status','Changed status of shipping to: Approved. Updated by: %user_name%',0,29,36,'2023-05-28 09:30:06','2023-05-28 21:30:06','Botble\\ACL\\Models\\User'),(73,'create_from_order','Shipping was created from order %order_id%',0,30,37,'2023-05-24 17:30:06','2023-05-24 17:30:06','Botble\\ACL\\Models\\User'),(74,'update_status','Changed status of shipping to: Approved. Updated by: %user_name%',0,30,37,'2023-05-28 11:30:06','2023-05-28 21:30:06','Botble\\ACL\\Models\\User'),(75,'update_status','Changed status of shipping to: Delivered. Updated by: %user_name%',0,30,37,'2023-05-28 21:30:06','2023-05-28 21:30:06','Botble\\ACL\\Models\\User'),(76,'create_from_order','Shipping was created from order %order_id%',0,31,38,'2023-05-27 15:30:06','2023-05-27 15:30:06','Botble\\ACL\\Models\\User'),(77,'update_status','Changed status of shipping to: Approved. Updated by: %user_name%',0,31,38,'2023-05-28 11:30:06','2023-05-28 21:30:06','Botble\\ACL\\Models\\User'),(78,'create_from_order','Shipping was created from order %order_id%',0,32,40,'2023-05-27 21:30:07','2023-05-27 21:30:07','Botble\\ACL\\Models\\User'),(79,'update_status','Changed status of shipping to: Approved. Updated by: %user_name%',0,32,40,'2023-05-28 13:30:07','2023-05-28 21:30:07','Botble\\ACL\\Models\\User'),(80,'update_status','Changed status of shipping to: Delivered. Updated by: %user_name%',0,32,40,'2023-05-28 21:30:07','2023-05-28 21:30:07','Botble\\ACL\\Models\\User'),(81,'create_from_order','Shipping was created from order %order_id%',0,33,41,'2023-05-28 13:30:07','2023-05-28 13:30:07','Botble\\ACL\\Models\\User'),(82,'update_status','Changed status of shipping to: Approved. Updated by: %user_name%',0,33,41,'2023-05-28 13:30:07','2023-05-28 21:30:07','Botble\\ACL\\Models\\User'),(83,'create_from_order','Shipping was created from order %order_id%',0,34,43,'2023-05-26 21:30:07','2023-05-26 21:30:07','Botble\\ACL\\Models\\User'),(84,'update_status','Changed status of shipping to: Approved. Updated by: %user_name%',0,34,43,'2023-05-28 15:30:07','2023-05-28 21:30:07','Botble\\ACL\\Models\\User'),(85,'create_from_order','Shipping was created from order %order_id%',0,35,45,'2023-05-27 05:30:07','2023-05-27 05:30:07','Botble\\ACL\\Models\\User'),(86,'update_status','Changed status of shipping to: Approved. Updated by: %user_name%',0,35,45,'2023-05-28 17:30:07','2023-05-28 21:30:07','Botble\\ACL\\Models\\User'),(87,'create_from_order','Shipping was created from order %order_id%',0,36,46,'2023-05-28 09:30:07','2023-05-28 09:30:07','Botble\\ACL\\Models\\User'),(88,'update_status','Changed status of shipping to: Approved. Updated by: %user_name%',0,36,46,'2023-05-28 17:30:07','2023-05-28 21:30:07','Botble\\ACL\\Models\\User'),(89,'update_status','Changed status of shipping to: Delivered. Updated by: %user_name%',0,36,46,'2023-05-28 21:30:07','2023-05-28 21:30:07','Botble\\ACL\\Models\\User'),(90,'create_from_order','Shipping was created from order %order_id%',0,37,47,'2023-05-28 11:30:07','2023-05-28 11:30:07','Botble\\ACL\\Models\\User'),(91,'update_status','Changed status of shipping to: Approved. Updated by: %user_name%',0,37,47,'2023-05-28 19:30:07','2023-05-28 21:30:07','Botble\\ACL\\Models\\User');
/*!40000 ALTER TABLE `ec_shipment_histories` ENABLE KEYS */;
UNLOCK TABLES;

--
-- Table structure for table `ec_shipments`
--

DROP TABLE IF EXISTS `ec_shipments`;
/*!40101 SET @saved_cs_client     = @@character_set_client */;
/*!50503 SET character_set_client = utf8mb4 */;
CREATE TABLE `ec_shipments` (
  `id` bigint unsigned NOT NULL AUTO_INCREMENT,
  `order_id` bigint unsigned NOT NULL,
  `user_id` bigint unsigned DEFAULT NULL,
  `weight` double(8,2) DEFAULT '0.00',
  `shipment_id` varchar(120) COLLATE utf8mb4_unicode_ci DEFAULT NULL,
  `rate_id` varchar(120) COLLATE utf8mb4_unicode_ci DEFAULT NULL,
  `note` varchar(120) COLLATE utf8mb4_unicode_ci DEFAULT NULL,
  `status` varchar(120) COLLATE utf8mb4_unicode_ci NOT NULL DEFAULT 'pending',
  `cod_amount` decimal(15,2) DEFAULT '0.00',
  `cod_status` varchar(60) COLLATE utf8mb4_unicode_ci NOT NULL DEFAULT 'pending',
  `cross_checking_status` varchar(60) COLLATE utf8mb4_unicode_ci NOT NULL DEFAULT 'pending',
  `price` decimal(15,2) DEFAULT '0.00',
  `store_id` bigint unsigned DEFAULT NULL,
  `created_at` timestamp NULL DEFAULT NULL,
  `updated_at` timestamp NULL DEFAULT NULL,
  `tracking_id` varchar(191) COLLATE utf8mb4_unicode_ci DEFAULT NULL,
  `shipping_company_name` varchar(191) COLLATE utf8mb4_unicode_ci DEFAULT NULL,
  `tracking_link` varchar(191) COLLATE utf8mb4_unicode_ci DEFAULT NULL,
  `estimate_date_shipped` datetime DEFAULT NULL,
  `date_shipped` datetime DEFAULT NULL,
  `label_url` text COLLATE utf8mb4_unicode_ci,
  `metadata` mediumtext COLLATE utf8mb4_unicode_ci,
  PRIMARY KEY (`id`)
) ENGINE=InnoDB AUTO_INCREMENT=38 DEFAULT CHARSET=utf8mb4 COLLATE=utf8mb4_unicode_ci;
/*!40101 SET character_set_client = @saved_cs_client */;

--
-- Dumping data for table `ec_shipments`
--

LOCK TABLES `ec_shipments` WRITE;
/*!40000 ALTER TABLE `ec_shipments` DISABLE KEYS */;
INSERT INTO `ec_shipments` VALUES (1,1,NULL,1232.00,NULL,NULL,'','approved',1198.00,'pending','pending',0.00,0,'2023-05-28 21:30:05','2023-05-28 21:30:05','JJD0096807636','AliExpress','https://mydhl.express.dhl/us/en/tracking.html#/track-by-reference','2023-06-05 04:30:05',NULL,NULL,NULL),(2,2,NULL,581.00,NULL,NULL,'','delivered',0.00,'completed','pending',0.00,0,'2023-05-28 21:30:05','2023-05-28 21:30:05','JJD0061772975','FastShipping','https://mydhl.express.dhl/us/en/tracking.html#/track-by-reference','2023-06-07 04:30:05','2023-05-29 04:30:05',NULL,NULL),(3,3,NULL,1136.00,NULL,NULL,'','delivered',0.00,'completed','pending',0.00,0,'2023-05-28 21:30:05','2023-05-28 21:30:05','JJD005210876','GHN','https://mydhl.express.dhl/us/en/tracking.html#/track-by-reference','2023-06-07 04:30:05','2023-05-29 04:30:05',NULL,NULL),(4,4,NULL,1162.00,NULL,NULL,'','approved',0.00,'completed','pending',0.00,0,'2023-05-28 21:30:05','2023-05-28 21:30:05','JJD0032412989','GHN','https://mydhl.express.dhl/us/en/tracking.html#/track-by-reference','2023-06-02 04:30:05',NULL,NULL,NULL),(5,6,NULL,1848.00,NULL,NULL,'','approved',0.00,'completed','pending',0.00,0,'2023-05-28 21:30:05','2023-05-28 21:30:05','JJD0099662861','AliExpress','https://mydhl.express.dhl/us/en/tracking.html#/track-by-reference','2023-06-01 04:30:05',NULL,NULL,NULL),(6,7,NULL,2559.00,NULL,NULL,'','approved',0.00,'completed','pending',0.00,0,'2023-05-28 21:30:05','2023-05-28 21:30:05','JJD0033072563','FastShipping','https://mydhl.express.dhl/us/en/tracking.html#/track-by-reference','2023-06-08 04:30:05',NULL,NULL,NULL),(7,8,NULL,2598.00,NULL,NULL,'','delivered',0.00,'completed','pending',0.00,0,'2023-05-28 21:30:05','2023-05-28 21:30:05','JJD0030060627','AliExpress','https://mydhl.express.dhl/us/en/tracking.html#/track-by-reference','2023-05-30 04:30:05','2023-05-29 04:30:05',NULL,NULL),(8,9,NULL,3411.00,NULL,NULL,'','approved',0.00,'completed','pending',0.00,0,'2023-05-28 21:30:05','2023-05-28 21:30:05','JJD0025546970','AliExpress','https://mydhl.express.dhl/us/en/tracking.html#/track-by-reference','2023-06-01 04:30:05',NULL,NULL,NULL),(9,10,NULL,1968.00,NULL,NULL,'','approved',0.00,'completed','pending',0.00,0,'2023-05-28 21:30:05','2023-05-28 21:30:05','JJD0042852936','DHL','https://mydhl.express.dhl/us/en/tracking.html#/track-by-reference','2023-06-06 04:30:05',NULL,NULL,NULL),(10,11,NULL,1162.00,NULL,NULL,'','delivered',0.00,'completed','pending',0.00,0,'2023-05-28 21:30:05','2023-05-28 21:30:05','JJD0094665282','GHN','https://mydhl.express.dhl/us/en/tracking.html#/track-by-reference','2023-05-31 04:30:05','2023-05-29 04:30:05',NULL,NULL),(11,12,NULL,1314.00,NULL,NULL,'','approved',0.00,'completed','pending',0.00,0,'2023-05-28 21:30:05','2023-05-28 21:30:05','JJD0058785533','GHN','https://mydhl.express.dhl/us/en/tracking.html#/track-by-reference','2023-06-03 04:30:05',NULL,NULL,NULL),(12,13,NULL,755.00,NULL,NULL,'','approved',0.00,'completed','pending',0.00,0,'2023-05-28 21:30:05','2023-05-28 21:30:05','JJD0097199174','FastShipping','https://mydhl.express.dhl/us/en/tracking.html#/track-by-reference','2023-05-30 04:30:05',NULL,NULL,NULL),(13,14,NULL,2133.00,NULL,NULL,'','approved',0.00,'completed','pending',0.00,0,'2023-05-28 21:30:05','2023-05-28 21:30:05','JJD0084978103','DHL','https://mydhl.express.dhl/us/en/tracking.html#/track-by-reference','2023-06-03 04:30:05',NULL,NULL,NULL),(14,15,NULL,1326.00,NULL,NULL,'','approved',0.00,'completed','pending',0.00,0,'2023-05-28 21:30:05','2023-05-28 21:30:05','JJD0067516109','AliExpress','https://mydhl.express.dhl/us/en/tracking.html#/track-by-reference','2023-06-05 04:30:05',NULL,NULL,NULL),(15,16,NULL,1558.00,NULL,NULL,'','approved',0.00,'completed','pending',0.00,0,'2023-05-28 21:30:05','2023-05-28 21:30:05','JJD0054755319','FastShipping','https://mydhl.express.dhl/us/en/tracking.html#/track-by-reference','2023-05-31 04:30:05',NULL,NULL,NULL),(16,18,NULL,2535.00,NULL,NULL,'','delivered',0.00,'completed','pending',0.00,0,'2023-05-28 21:30:05','2023-05-28 21:30:05','JJD0043721750','GHN','https://mydhl.express.dhl/us/en/tracking.html#/track-by-reference','2023-06-01 04:30:05','2023-05-29 04:30:05',NULL,NULL),(17,19,NULL,1156.00,NULL,NULL,'','approved',0.00,'completed','pending',0.00,0,'2023-05-28 21:30:05','2023-05-28 21:30:05','JJD0054555479','AliExpress','https://mydhl.express.dhl/us/en/tracking.html#/track-by-reference','2023-06-05 04:30:05',NULL,NULL,NULL),(18,24,NULL,2133.00,NULL,NULL,'','approved',0.00,'completed','pending',0.00,0,'2023-05-28 21:30:05','2023-05-28 21:30:05','JJD0025426324','GHN','https://mydhl.express.dhl/us/en/tracking.html#/track-by-reference','2023-06-05 04:30:05',NULL,NULL,NULL),(19,25,NULL,5720.00,NULL,NULL,'','delivered',0.00,'completed','pending',0.00,0,'2023-05-28 21:30:06','2023-05-28 21:30:06','JJD0054278466','FastShipping','https://mydhl.express.dhl/us/en/tracking.html#/track-by-reference','2023-06-01 04:30:06','2023-05-29 04:30:06',NULL,NULL),(20,26,NULL,1006.00,NULL,NULL,'','delivered',0.00,'completed','pending',0.00,0,'2023-05-28 21:30:06','2023-05-28 21:30:06','JJD0022799311','GHN','https://mydhl.express.dhl/us/en/tracking.html#/track-by-reference','2023-06-04 04:30:06','2023-05-29 04:30:06',NULL,NULL),(21,27,NULL,2203.00,NULL,NULL,'','delivered',3339.00,'completed','pending',0.00,0,'2023-05-28 21:30:06','2023-05-28 21:30:06','JJD0061669771','DHL','https://mydhl.express.dhl/us/en/tracking.html#/track-by-reference','2023-05-30 04:30:06','2023-05-29 04:30:06',NULL,NULL),(22,28,NULL,663.00,NULL,NULL,'','delivered',0.00,'completed','pending',0.00,0,'2023-05-28 21:30:06','2023-05-28 21:30:06','JJD0013201040','GHN','https://mydhl.express.dhl/us/en/tracking.html#/track-by-reference','2023-06-04 04:30:06','2023-05-29 04:30:06',NULL,NULL),(23,29,NULL,1971.00,NULL,NULL,'','delivered',0.00,'completed','pending',0.00,0,'2023-05-28 21:30:06','2023-05-28 21:30:06','JJD0039149956','GHN','https://mydhl.express.dhl/us/en/tracking.html#/track-by-reference','2023-06-01 04:30:06','2023-05-29 04:30:06',NULL,NULL),(24,30,NULL,1509.00,NULL,NULL,'','delivered',0.00,'completed','pending',0.00,0,'2023-05-28 21:30:06','2023-05-28 21:30:06','JJD0079204621','DHL','https://mydhl.express.dhl/us/en/tracking.html#/track-by-reference','2023-06-04 04:30:06','2023-05-29 04:30:06',NULL,NULL),(25,31,NULL,1989.00,NULL,NULL,'','delivered',0.00,'completed','pending',0.00,0,'2023-05-28 21:30:06','2023-05-28 21:30:06','JJD0058565032','GHN','https://mydhl.express.dhl/us/en/tracking.html#/track-by-reference','2023-06-07 04:30:06','2023-05-29 04:30:06',NULL,NULL),(26,32,NULL,1853.00,NULL,NULL,'','approved',0.00,'completed','pending',0.00,0,'2023-05-28 21:30:06','2023-05-28 21:30:06','JJD0065607335','FastShipping','https://mydhl.express.dhl/us/en/tracking.html#/track-by-reference','2023-05-30 04:30:06',NULL,NULL,NULL),(27,33,NULL,656.00,NULL,NULL,'','approved',0.00,'completed','pending',0.00,0,'2023-05-28 21:30:06','2023-05-28 21:30:06','JJD0082636838','GHN','https://mydhl.express.dhl/us/en/tracking.html#/track-by-reference','2023-06-08 04:30:06',NULL,NULL,NULL),(28,34,NULL,1558.00,NULL,NULL,'','delivered',0.00,'completed','pending',0.00,0,'2023-05-28 21:30:06','2023-05-28 21:30:06','JJD0052966507','DHL','https://mydhl.express.dhl/us/en/tracking.html#/track-by-reference','2023-06-01 04:30:06','2023-05-29 04:30:06',NULL,NULL),(29,36,NULL,1980.00,NULL,NULL,'','approved',0.00,'completed','pending',0.00,0,'2023-05-28 21:30:06','2023-05-28 21:30:06','JJD0011343947','AliExpress','https://mydhl.express.dhl/us/en/tracking.html#/track-by-reference','2023-06-05 04:30:06',NULL,NULL,NULL),(30,37,NULL,2211.00,NULL,NULL,'','delivered',0.00,'completed','pending',0.00,0,'2023-05-28 21:30:06','2023-05-28 21:30:06','JJD003666648','FastShipping','https://mydhl.express.dhl/us/en/tracking.html#/track-by-reference','2023-06-08 04:30:06','2023-05-29 04:30:06',NULL,NULL),(31,38,NULL,1986.00,NULL,NULL,'','approved',0.00,'completed','pending',0.00,0,'2023-05-28 21:30:06','2023-05-28 21:30:06','JJD0025977500','FastShipping','https://mydhl.express.dhl/us/en/tracking.html#/track-by-reference','2023-05-30 04:30:06',NULL,NULL,NULL),(32,40,NULL,1214.00,NULL,NULL,'','delivered',0.00,'completed','pending',0.00,0,'2023-05-28 21:30:07','2023-05-28 21:30:07','JJD0060309275','GHN','https://mydhl.express.dhl/us/en/tracking.html#/track-by-reference','2023-05-31 04:30:07','2023-05-29 04:30:07',NULL,NULL),(33,41,NULL,873.00,NULL,NULL,'','approved',0.00,'completed','pending',0.00,0,'2023-05-28 21:30:07','2023-05-28 21:30:07','JJD0097388411','FastShipping','https://mydhl.express.dhl/us/en/tracking.html#/track-by-reference','2023-06-03 04:30:07',NULL,NULL,NULL),(34,43,NULL,1441.00,NULL,NULL,'','approved',0.00,'completed','pending',0.00,0,'2023-05-28 21:30:07','2023-05-28 21:30:07','JJD0085742117','GHN','https://mydhl.express.dhl/us/en/tracking.html#/track-by-reference','2023-05-31 04:30:07',NULL,NULL,NULL),(35,45,NULL,2544.00,NULL,NULL,'','approved',0.00,'completed','pending',0.00,0,'2023-05-28 21:30:07','2023-05-28 21:30:07','JJD0074425101','FastShipping','https://mydhl.express.dhl/us/en/tracking.html#/track-by-reference','2023-06-06 04:30:07',NULL,NULL,NULL),(36,46,NULL,1509.00,NULL,NULL,'','delivered',0.00,'completed','pending',0.00,0,'2023-05-28 21:30:07','2023-05-28 21:30:07','JJD0073770464','AliExpress','https://mydhl.express.dhl/us/en/tracking.html#/track-by-reference','2023-06-04 04:30:07','2023-05-29 04:30:07',NULL,NULL),(37,47,NULL,669.00,NULL,NULL,'','approved',0.00,'completed','pending',0.00,0,'2023-05-28 21:30:07','2023-05-28 21:30:07','JJD0085256690','DHL','https://mydhl.express.dhl/us/en/tracking.html#/track-by-reference','2023-06-01 04:30:07',NULL,NULL,NULL);
/*!40000 ALTER TABLE `ec_shipments` ENABLE KEYS */;
UNLOCK TABLES;

--
-- Table structure for table `ec_shipping`
--

DROP TABLE IF EXISTS `ec_shipping`;
/*!40101 SET @saved_cs_client     = @@character_set_client */;
/*!50503 SET character_set_client = utf8mb4 */;
CREATE TABLE `ec_shipping` (
  `id` bigint unsigned NOT NULL AUTO_INCREMENT,
  `title` varchar(191) COLLATE utf8mb4_unicode_ci DEFAULT NULL,
  `country` varchar(120) COLLATE utf8mb4_unicode_ci DEFAULT NULL,
  `created_at` timestamp NULL DEFAULT NULL,
  `updated_at` timestamp NULL DEFAULT NULL,
  PRIMARY KEY (`id`)
) ENGINE=InnoDB AUTO_INCREMENT=2 DEFAULT CHARSET=utf8mb4 COLLATE=utf8mb4_unicode_ci;
/*!40101 SET character_set_client = @saved_cs_client */;

--
-- Dumping data for table `ec_shipping`
--

LOCK TABLES `ec_shipping` WRITE;
/*!40000 ALTER TABLE `ec_shipping` DISABLE KEYS */;
INSERT INTO `ec_shipping` VALUES (1,'All',NULL,'2023-05-28 21:30:02','2023-05-28 21:30:02');
/*!40000 ALTER TABLE `ec_shipping` ENABLE KEYS */;
UNLOCK TABLES;

--
-- Table structure for table `ec_shipping_rule_items`
--

DROP TABLE IF EXISTS `ec_shipping_rule_items`;
/*!40101 SET @saved_cs_client     = @@character_set_client */;
/*!50503 SET character_set_client = utf8mb4 */;
CREATE TABLE `ec_shipping_rule_items` (
  `id` bigint unsigned NOT NULL AUTO_INCREMENT,
  `shipping_rule_id` bigint unsigned NOT NULL,
  `country` varchar(120) COLLATE utf8mb4_unicode_ci DEFAULT NULL,
  `state` varchar(120) COLLATE utf8mb4_unicode_ci DEFAULT NULL,
  `city` varchar(120) COLLATE utf8mb4_unicode_ci DEFAULT NULL,
  `zip_code` varchar(20) COLLATE utf8mb4_unicode_ci DEFAULT NULL,
  `adjustment_price` decimal(15,2) DEFAULT '0.00',
  `is_enabled` tinyint(1) NOT NULL DEFAULT '1',
  `created_at` timestamp NULL DEFAULT NULL,
  `updated_at` timestamp NULL DEFAULT NULL,
  PRIMARY KEY (`id`)
) ENGINE=InnoDB DEFAULT CHARSET=utf8mb4 COLLATE=utf8mb4_unicode_ci;
/*!40101 SET character_set_client = @saved_cs_client */;

--
-- Dumping data for table `ec_shipping_rule_items`
--

LOCK TABLES `ec_shipping_rule_items` WRITE;
/*!40000 ALTER TABLE `ec_shipping_rule_items` DISABLE KEYS */;
/*!40000 ALTER TABLE `ec_shipping_rule_items` ENABLE KEYS */;
UNLOCK TABLES;

--
-- Table structure for table `ec_shipping_rules`
--

DROP TABLE IF EXISTS `ec_shipping_rules`;
/*!40101 SET @saved_cs_client     = @@character_set_client */;
/*!50503 SET character_set_client = utf8mb4 */;
CREATE TABLE `ec_shipping_rules` (
  `id` bigint unsigned NOT NULL AUTO_INCREMENT,
  `name` varchar(120) COLLATE utf8mb4_unicode_ci NOT NULL,
  `shipping_id` bigint unsigned NOT NULL,
  `type` varchar(24) CHARACTER SET utf8mb4 COLLATE utf8mb4_unicode_ci DEFAULT 'based_on_price',
  `from` decimal(15,2) DEFAULT '0.00',
  `to` decimal(15,2) DEFAULT '0.00',
  `price` decimal(15,2) DEFAULT '0.00',
  `created_at` timestamp NULL DEFAULT NULL,
  `updated_at` timestamp NULL DEFAULT NULL,
  PRIMARY KEY (`id`)
) ENGINE=InnoDB AUTO_INCREMENT=2 DEFAULT CHARSET=utf8mb4 COLLATE=utf8mb4_unicode_ci;
/*!40101 SET character_set_client = @saved_cs_client */;

--
-- Dumping data for table `ec_shipping_rules`
--

LOCK TABLES `ec_shipping_rules` WRITE;
/*!40000 ALTER TABLE `ec_shipping_rules` DISABLE KEYS */;
INSERT INTO `ec_shipping_rules` VALUES (1,'Free delivery',1,'based_on_price',0.00,NULL,0.00,'2023-05-28 21:30:02','2023-05-28 21:30:02');
/*!40000 ALTER TABLE `ec_shipping_rules` ENABLE KEYS */;
UNLOCK TABLES;

--
-- Table structure for table `ec_store_locators`
--

DROP TABLE IF EXISTS `ec_store_locators`;
/*!40101 SET @saved_cs_client     = @@character_set_client */;
/*!50503 SET character_set_client = utf8mb4 */;
CREATE TABLE `ec_store_locators` (
  `id` bigint unsigned NOT NULL AUTO_INCREMENT,
  `name` varchar(60) COLLATE utf8mb4_unicode_ci NOT NULL,
  `email` varchar(60) COLLATE utf8mb4_unicode_ci DEFAULT NULL,
  `phone` varchar(20) COLLATE utf8mb4_unicode_ci NOT NULL,
  `address` varchar(255) COLLATE utf8mb4_unicode_ci NOT NULL,
  `country` varchar(120) COLLATE utf8mb4_unicode_ci DEFAULT NULL,
  `state` varchar(120) COLLATE utf8mb4_unicode_ci DEFAULT NULL,
  `city` varchar(120) COLLATE utf8mb4_unicode_ci DEFAULT NULL,
  `is_primary` tinyint(1) DEFAULT '0',
  `is_shipping_location` tinyint(1) DEFAULT '1',
  `created_at` timestamp NULL DEFAULT NULL,
  `updated_at` timestamp NULL DEFAULT NULL,
  PRIMARY KEY (`id`)
) ENGINE=InnoDB AUTO_INCREMENT=2 DEFAULT CHARSET=utf8mb4 COLLATE=utf8mb4_unicode_ci;
/*!40101 SET character_set_client = @saved_cs_client */;

--
-- Dumping data for table `ec_store_locators`
--

LOCK TABLES `ec_store_locators` WRITE;
/*!40000 ALTER TABLE `ec_store_locators` DISABLE KEYS */;
INSERT INTO `ec_store_locators` VALUES (1,'Farmart','sales@botble.com','1800979769','502 New Street','AU','Brighton VIC','Brighton VIC',1,1,'2023-05-28 21:30:02','2023-05-28 21:30:02');
/*!40000 ALTER TABLE `ec_store_locators` ENABLE KEYS */;
UNLOCK TABLES;

--
-- Table structure for table `ec_tax_products`
--

DROP TABLE IF EXISTS `ec_tax_products`;
/*!40101 SET @saved_cs_client     = @@character_set_client */;
/*!50503 SET character_set_client = utf8mb4 */;
CREATE TABLE `ec_tax_products` (
  `tax_id` bigint unsigned NOT NULL,
  `product_id` bigint unsigned NOT NULL,
  PRIMARY KEY (`product_id`,`tax_id`),
  KEY `ec_tax_products_tax_id_index` (`tax_id`),
  KEY `ec_tax_products_product_id_index` (`product_id`)
) ENGINE=InnoDB DEFAULT CHARSET=utf8mb4 COLLATE=utf8mb4_unicode_ci;
/*!40101 SET character_set_client = @saved_cs_client */;

--
-- Dumping data for table `ec_tax_products`
--

LOCK TABLES `ec_tax_products` WRITE;
/*!40000 ALTER TABLE `ec_tax_products` DISABLE KEYS */;
INSERT INTO `ec_tax_products` VALUES (1,1),(1,2),(1,3),(1,4),(1,5),(1,6),(1,7),(1,8),(1,9),(1,10),(1,11),(1,12),(1,13),(1,14),(1,15),(1,16),(1,17),(1,18),(1,19),(1,20),(1,21),(1,22),(1,23),(1,24),(1,25),(1,26),(1,27),(1,28),(1,29),(1,30),(1,31),(1,32),(1,33),(1,34),(1,35),(1,36),(1,37),(1,38),(1,39),(1,40),(1,41),(1,42),(1,43),(1,44),(1,45),(1,46),(1,47),(1,48),(1,49),(1,50),(1,51),(1,52),(1,53),(1,54),(1,55),(1,56),(1,57),(1,58),(1,59),(1,60),(1,61),(1,62),(1,63),(1,64),(1,65);
/*!40000 ALTER TABLE `ec_tax_products` ENABLE KEYS */;
UNLOCK TABLES;

--
-- Table structure for table `ec_taxes`
--

DROP TABLE IF EXISTS `ec_taxes`;
/*!40101 SET @saved_cs_client     = @@character_set_client */;
/*!50503 SET character_set_client = utf8mb4 */;
CREATE TABLE `ec_taxes` (
  `id` bigint unsigned NOT NULL AUTO_INCREMENT,
  `title` varchar(191) COLLATE utf8mb4_unicode_ci DEFAULT NULL,
  `percentage` double(8,6) DEFAULT NULL,
  `priority` int DEFAULT NULL,
  `status` varchar(60) COLLATE utf8mb4_unicode_ci NOT NULL DEFAULT 'published',
  `created_at` timestamp NULL DEFAULT NULL,
  `updated_at` timestamp NULL DEFAULT NULL,
  PRIMARY KEY (`id`)
) ENGINE=InnoDB AUTO_INCREMENT=4 DEFAULT CHARSET=utf8mb4 COLLATE=utf8mb4_unicode_ci;
/*!40101 SET character_set_client = @saved_cs_client */;

--
-- Dumping data for table `ec_taxes`
--

LOCK TABLES `ec_taxes` WRITE;
/*!40000 ALTER TABLE `ec_taxes` DISABLE KEYS */;
INSERT INTO `ec_taxes` VALUES (1,'VAT',10.000000,1,'published','2023-05-28 21:30:02','2023-05-28 21:30:02'),(2,'None',0.000000,2,'published','2023-05-28 21:30:02','2023-05-28 21:30:02'),(3,'Import Tax',15.000000,3,'published','2023-05-28 21:30:02','2023-05-28 21:30:02');
/*!40000 ALTER TABLE `ec_taxes` ENABLE KEYS */;
UNLOCK TABLES;

--
-- Table structure for table `ec_wish_lists`
--

DROP TABLE IF EXISTS `ec_wish_lists`;
/*!40101 SET @saved_cs_client     = @@character_set_client */;
/*!50503 SET character_set_client = utf8mb4 */;
CREATE TABLE `ec_wish_lists` (
  `id` bigint unsigned NOT NULL AUTO_INCREMENT,
  `customer_id` bigint unsigned NOT NULL,
  `product_id` bigint unsigned NOT NULL,
  `created_at` timestamp NULL DEFAULT NULL,
  `updated_at` timestamp NULL DEFAULT NULL,
  PRIMARY KEY (`id`),
  KEY `ec_wish_lists_product_id_customer_id_index` (`product_id`,`customer_id`)
) ENGINE=InnoDB DEFAULT CHARSET=utf8mb4 COLLATE=utf8mb4_unicode_ci;
/*!40101 SET character_set_client = @saved_cs_client */;

--
-- Dumping data for table `ec_wish_lists`
--

LOCK TABLES `ec_wish_lists` WRITE;
/*!40000 ALTER TABLE `ec_wish_lists` DISABLE KEYS */;
/*!40000 ALTER TABLE `ec_wish_lists` ENABLE KEYS */;
UNLOCK TABLES;

--
-- Table structure for table `failed_jobs`
--

DROP TABLE IF EXISTS `failed_jobs`;
/*!40101 SET @saved_cs_client     = @@character_set_client */;
/*!50503 SET character_set_client = utf8mb4 */;
CREATE TABLE `failed_jobs` (
  `id` bigint unsigned NOT NULL AUTO_INCREMENT,
  `uuid` varchar(191) COLLATE utf8mb4_unicode_ci NOT NULL,
  `connection` text COLLATE utf8mb4_unicode_ci NOT NULL,
  `queue` text COLLATE utf8mb4_unicode_ci NOT NULL,
  `payload` longtext COLLATE utf8mb4_unicode_ci NOT NULL,
  `exception` longtext COLLATE utf8mb4_unicode_ci NOT NULL,
  `failed_at` timestamp NOT NULL DEFAULT CURRENT_TIMESTAMP,
  PRIMARY KEY (`id`),
  UNIQUE KEY `failed_jobs_uuid_unique` (`uuid`)
) ENGINE=InnoDB DEFAULT CHARSET=utf8mb4 COLLATE=utf8mb4_unicode_ci;
/*!40101 SET character_set_client = @saved_cs_client */;

--
-- Dumping data for table `failed_jobs`
--

LOCK TABLES `failed_jobs` WRITE;
/*!40000 ALTER TABLE `failed_jobs` DISABLE KEYS */;
/*!40000 ALTER TABLE `failed_jobs` ENABLE KEYS */;
UNLOCK TABLES;

--
-- Table structure for table `faq_categories`
--

DROP TABLE IF EXISTS `faq_categories`;
/*!40101 SET @saved_cs_client     = @@character_set_client */;
/*!50503 SET character_set_client = utf8mb4 */;
CREATE TABLE `faq_categories` (
  `id` bigint unsigned NOT NULL AUTO_INCREMENT,
  `name` varchar(120) COLLATE utf8mb4_unicode_ci NOT NULL,
  `order` tinyint NOT NULL DEFAULT '0',
  `status` varchar(60) COLLATE utf8mb4_unicode_ci NOT NULL DEFAULT 'published',
  `created_at` timestamp NULL DEFAULT NULL,
  `updated_at` timestamp NULL DEFAULT NULL,
  PRIMARY KEY (`id`)
) ENGINE=InnoDB AUTO_INCREMENT=4 DEFAULT CHARSET=utf8mb4 COLLATE=utf8mb4_unicode_ci;
/*!40101 SET character_set_client = @saved_cs_client */;

--
-- Dumping data for table `faq_categories`
--

LOCK TABLES `faq_categories` WRITE;
/*!40000 ALTER TABLE `faq_categories` DISABLE KEYS */;
INSERT INTO `faq_categories` VALUES (1,'SHIPPING',0,'published','2023-05-28 21:30:02','2023-05-28 21:30:02'),(2,'PAYMENT',1,'published','2023-05-28 21:30:02','2023-05-28 21:30:02'),(3,'ORDER &amp; RETURNS',2,'published','2023-05-28 21:30:02','2023-05-28 21:30:02');
/*!40000 ALTER TABLE `faq_categories` ENABLE KEYS */;
UNLOCK TABLES;

--
-- Table structure for table `faq_categories_translations`
--

DROP TABLE IF EXISTS `faq_categories_translations`;
/*!40101 SET @saved_cs_client     = @@character_set_client */;
/*!50503 SET character_set_client = utf8mb4 */;
CREATE TABLE `faq_categories_translations` (
  `lang_code` varchar(191) COLLATE utf8mb4_unicode_ci NOT NULL,
  `faq_categories_id` bigint unsigned NOT NULL,
  `name` varchar(120) COLLATE utf8mb4_unicode_ci DEFAULT NULL,
  PRIMARY KEY (`lang_code`,`faq_categories_id`)
) ENGINE=InnoDB DEFAULT CHARSET=utf8mb4 COLLATE=utf8mb4_unicode_ci;
/*!40101 SET character_set_client = @saved_cs_client */;

--
-- Dumping data for table `faq_categories_translations`
--

LOCK TABLES `faq_categories_translations` WRITE;
/*!40000 ALTER TABLE `faq_categories_translations` DISABLE KEYS */;
INSERT INTO `faq_categories_translations` VALUES ('vi',1,'VẬN CHUYỂN'),('vi',2,'THANH TOÁN'),('vi',3,'ĐƠN HÀNG & HOÀN TRẢ');
/*!40000 ALTER TABLE `faq_categories_translations` ENABLE KEYS */;
UNLOCK TABLES;

--
-- Table structure for table `faqs`
--

DROP TABLE IF EXISTS `faqs`;
/*!40101 SET @saved_cs_client     = @@character_set_client */;
/*!50503 SET character_set_client = utf8mb4 */;
CREATE TABLE `faqs` (
  `id` bigint unsigned NOT NULL AUTO_INCREMENT,
  `question` text COLLATE utf8mb4_unicode_ci NOT NULL,
  `answer` text COLLATE utf8mb4_unicode_ci NOT NULL,
  `category_id` bigint unsigned NOT NULL,
  `status` varchar(60) COLLATE utf8mb4_unicode_ci NOT NULL DEFAULT 'published',
  `created_at` timestamp NULL DEFAULT NULL,
  `updated_at` timestamp NULL DEFAULT NULL,
  PRIMARY KEY (`id`)
) ENGINE=InnoDB AUTO_INCREMENT=11 DEFAULT CHARSET=utf8mb4 COLLATE=utf8mb4_unicode_ci;
/*!40101 SET character_set_client = @saved_cs_client */;

--
-- Dumping data for table `faqs`
--

LOCK TABLES `faqs` WRITE;
/*!40000 ALTER TABLE `faqs` DISABLE KEYS */;
INSERT INTO `faqs` VALUES (1,'What Shipping Methods Are Available?','Ex Portland Pitchfork irure mustache. Eutra fap before they sold out literally. Aliquip ugh bicycle rights actually mlkshk, seitan squid craft beer tempor.',1,'published','2023-05-28 21:30:02','2023-05-28 21:30:02'),(2,'Do You Ship Internationally?','Hoodie tote bag mixtape tofu. Typewriter jean shorts wolf quinoa, messenger bag organic freegan cray.',1,'published','2023-05-28 21:30:02','2023-05-28 21:30:02'),(3,'How Long Will It Take To Get My Package?','Swag slow-carb quinoa VHS typewriter pork belly brunch, paleo single-origin coffee Wes Anderson. Flexitarian Pitchfork forage, literally paleo fap pour-over. Wes Anderson Pinterest YOLO fanny pack meggings, deep v XOXO chambray sustainable slow-carb raw denim church-key fap chillwave Etsy. +1 typewriter kitsch, American Apparel tofu Banksy Vice.',1,'published','2023-05-28 21:30:02','2023-05-28 21:30:02'),(4,'What Payment Methods Are Accepted?','Fashion axe DIY jean shorts, swag kale chips meh polaroid kogi butcher Wes Anderson chambray next level semiotics gentrify yr. Voluptate photo booth fugiat Vice. Austin sed Williamsburg, ea labore raw denim voluptate cred proident mixtape excepteur mustache. Twee chia photo booth readymade food truck, hoodie roof party swag keytar PBR DIY.',2,'published','2023-05-28 21:30:02','2023-05-28 21:30:02'),(5,'Is Buying On-Line Safe?','Art party authentic freegan semiotics jean shorts chia cred. Neutra Austin roof party Brooklyn, synth Thundercats swag 8-bit photo booth. Plaid letterpress leggings craft beer meh ethical Pinterest.',2,'published','2023-05-28 21:30:02','2023-05-28 21:30:02'),(6,'How do I place an Order?','Keytar cray slow-carb, Godard banh mi salvia pour-over. Slow-carb Odd Future seitan normcore. Master cleanse American Apparel gentrify flexitarian beard slow-carb next level. Raw denim polaroid paleo farm-to-table, put a bird on it lo-fi tattooed Wes Anderson Pinterest letterpress. Fingerstache McSweeney’s pour-over, letterpress Schlitz photo booth master cleanse bespoke hashtag chillwave gentrify.',3,'published','2023-05-28 21:30:02','2023-05-28 21:30:02'),(7,'How Can I Cancel Or Change My Order?','Plaid letterpress leggings craft beer meh ethical Pinterest. Art party authentic freegan semiotics jean shorts chia cred. Neutra Austin roof party Brooklyn, synth Thundercats swag 8-bit photo booth.',3,'published','2023-05-28 21:30:02','2023-05-28 21:30:02'),(8,'Do I need an account to place an order?','Thundercats swag 8-bit photo booth. Plaid letterpress leggings craft beer meh ethical Pinterest. Twee chia photo booth readymade food truck, hoodie roof party swag keytar PBR DIY. Cray ugh 3 wolf moon fap, fashion axe irony butcher cornhole typewriter chambray VHS banjo street art.',3,'published','2023-05-28 21:30:02','2023-05-28 21:30:02'),(9,'How Do I Track My Order?','Keytar cray slow-carb, Godard banh mi salvia pour-over. Slow-carb @Odd Future seitan normcore. Master cleanse American Apparel gentrify flexitarian beard slow-carb next level.',3,'published','2023-05-28 21:30:02','2023-05-28 21:30:02'),(10,'How Can I Return a Product?','Kale chips Truffaut Williamsburg, hashtag fixie Pinterest raw denim c hambray drinking vinegar Carles street art Bushwick gastropub. Wolf Tumblr paleo church-key. Plaid food truck Echo Park YOLO bitters hella, direct trade Thundercats leggings quinoa before they sold out. You probably haven’t heard of them wayfarers authentic umami drinking vinegar Pinterest Cosby sweater, fingerstache fap High Life.',3,'published','2023-05-28 21:30:02','2023-05-28 21:30:02');
/*!40000 ALTER TABLE `faqs` ENABLE KEYS */;
UNLOCK TABLES;

--
-- Table structure for table `faqs_translations`
--

DROP TABLE IF EXISTS `faqs_translations`;
/*!40101 SET @saved_cs_client     = @@character_set_client */;
/*!50503 SET character_set_client = utf8mb4 */;
CREATE TABLE `faqs_translations` (
  `lang_code` varchar(191) COLLATE utf8mb4_unicode_ci NOT NULL,
  `faqs_id` bigint unsigned NOT NULL,
  `question` text COLLATE utf8mb4_unicode_ci,
  `answer` text COLLATE utf8mb4_unicode_ci,
  PRIMARY KEY (`lang_code`,`faqs_id`)
) ENGINE=InnoDB DEFAULT CHARSET=utf8mb4 COLLATE=utf8mb4_unicode_ci;
/*!40101 SET character_set_client = @saved_cs_client */;

--
-- Dumping data for table `faqs_translations`
--

LOCK TABLES `faqs_translations` WRITE;
/*!40000 ALTER TABLE `faqs_translations` DISABLE KEYS */;
INSERT INTO `faqs_translations` VALUES ('vi',1,'Có những phương thức vận chuyển nào?','Ex Portland Pitchfork irure ria mép. Eutra fap trước khi họ bán hết theo đúng nghĩa đen. Aliquip ugh quyền xe đạp thực sự mlkshk, rượu bia thủ công mực seitan. '),('vi',2,'Bạn có giao hàng quốc tế không?','Áo hoodie túi tote Tofu mixtape. Quần đùi jean đánh chữ Wolf quinoa, túi messenger hữu cơ freegan cray. '),('vi',3,'Mất bao lâu để nhận được gói hàng của tôi?','Bữa nửa buổi ăn sáng bằng bụng heo quay từ máy đánh chữ VHS, cà phê có nguồn gốc đơn Paleo, Wes Anderson. Khoan Pitchfork linh hoạt, theo nghĩa đen là đổ qua fap theo nghĩa đen. Wes Anderson Pinterest YOLO fanny pack meggings, deep v XOXO chambray bền vững slow-carb raw denim Church-key fap chillwave Etsy. +1 bộ dụng cụ đánh máy, đậu phụ Banksy Vice của American Apparel. '),('vi',4,'Phương thức thanh toán nào được chấp nhận?','Fashion Axe DIY jean shorts, swag kale chips meh polaroid kogi butcher Wes Anderson chambray next level semiotics gentrify yr. Quầy ảnh Voluptate fugiat Vice. Austin sed Williamsburg, ea labore raw denim voluptate cred proident mixtape excepteur ria mép. Twee chia gian hàng chụp ảnh xe bán đồ ăn sẵn, bữa tiệc trên mái áo hoodie swag keytar PBR DIY. '),('vi',5,'Mua trực tuyến có an toàn không?','Bữa tiệc nghệ thuật đích thực freegan semiotics jean shorts chia credit. Tiệc trên mái nhà Neutra Austin Brooklyn, Thundercats swag synth gian hàng ảnh 8-bit. Xà cạp letterpress kẻ sọc thủ công bia meh đạo đức Pinterest. '),('vi',6,'Làm cách nào để đặt hàng?','Keytar cray slow-carb, Godard banh mi salvia pour-over. Slow-carb Odd Định mức seitan trong tương lai. Master làm sạch American Apparel nhẹ nhàng làm sạch râu linh hoạt chậm carb cấp độ tiếp theo. Vải thô denim polaroid nhạt từ trang trại đến bàn, đặt một con chim trên đó hình xăm lo-fi Wes Anderson Pinterest letterpress. Bậc thầy gian hàng ảnh Schlitz của Fingerstache McSweeney đang làm sạch thẻ bắt đầu bằng hashtag theo yêu cầu riêng, chillwave gentrify. '),('vi',7,'Làm cách nào để tôi có thể hủy hoặc thay đổi đơn hàng của mình?','Xà cạp letterpress kẻ sọc thủ công bia meh đạo đức Pinterest. Bữa tiệc nghệ thuật đích thực freegan semiotics jean shorts chia tín. Tiệc trên mái nhà Neutra Austin ở Brooklyn, synth Thundercats có gian hàng ảnh 8-bit. '),('vi',8,'Tôi có cần tài khoản để đặt hàng không?','Thundercats làm lung lay gian hàng ảnh 8-bit. Xà cạp letterpress kẻ sọc thủ công bia meh đạo đức Pinterest. Twee chia ảnh gian hàng xe bán thức ăn làm sẵn, bữa tiệc trên mái áo hoodie swag keytar PBR DIY. Cray ugh 3 wolf moon fap, rìu thời trang mỉa mai người bán thịt máy đánh chữ chambray VHS banjo nghệ thuật đường phố. '),('vi',9,'Làm cách nào để theo dõi đơn hàng của tôi?','Keytar cray slow-carb, Godard banh mi salvia pour-over. Slow-carb @Odd Định mức seitan trong tương lai. Bậc thầy làm sạch American Apparel nhẹ nhàng làm sạch râu linh hoạt theo kiểu chậm carb cấp độ tiếp theo. '),('vi',10,'Làm cách nào để trả lại sản phẩm?','Kale chips Truffaut Williamsburg, fixie hashtag Pinterest raw denim c hambray uống giấm Carles street art Bushwick gastropub. Chìa khóa nhà thờ Wolf Tumblr. Xe tải thực phẩm kẻ sọc Echo Park YOLO cắn hella, giao dịch trực tiếp Thundercats legging quinoa trước khi bán hết. Có thể bạn chưa từng nghe nói về họ những người truyền bá vị umami đích thực uống giấm Pinterest Áo len Cosby, fingerstache fap High Life. ');
/*!40000 ALTER TABLE `faqs_translations` ENABLE KEYS */;
UNLOCK TABLES;

--
-- Table structure for table `jobs`
--

DROP TABLE IF EXISTS `jobs`;
/*!40101 SET @saved_cs_client     = @@character_set_client */;
/*!50503 SET character_set_client = utf8mb4 */;
CREATE TABLE `jobs` (
  `id` bigint unsigned NOT NULL AUTO_INCREMENT,
  `queue` varchar(191) COLLATE utf8mb4_unicode_ci NOT NULL,
  `payload` longtext COLLATE utf8mb4_unicode_ci NOT NULL,
  `attempts` tinyint unsigned NOT NULL,
  `reserved_at` int unsigned DEFAULT NULL,
  `available_at` int unsigned NOT NULL,
  `created_at` int unsigned NOT NULL,
  PRIMARY KEY (`id`),
  KEY `jobs_queue_index` (`queue`)
) ENGINE=InnoDB DEFAULT CHARSET=utf8mb4 COLLATE=utf8mb4_unicode_ci;
/*!40101 SET character_set_client = @saved_cs_client */;

--
-- Dumping data for table `jobs`
--

LOCK TABLES `jobs` WRITE;
/*!40000 ALTER TABLE `jobs` DISABLE KEYS */;
/*!40000 ALTER TABLE `jobs` ENABLE KEYS */;
UNLOCK TABLES;

--
-- Table structure for table `language_meta`
--

DROP TABLE IF EXISTS `language_meta`;
/*!40101 SET @saved_cs_client     = @@character_set_client */;
/*!50503 SET character_set_client = utf8mb4 */;
CREATE TABLE `language_meta` (
  `lang_meta_id` bigint unsigned NOT NULL AUTO_INCREMENT,
  `lang_meta_code` text COLLATE utf8mb4_unicode_ci,
  `lang_meta_origin` varchar(255) COLLATE utf8mb4_unicode_ci NOT NULL,
  `reference_id` bigint unsigned NOT NULL,
  `reference_type` varchar(120) COLLATE utf8mb4_unicode_ci NOT NULL,
  PRIMARY KEY (`lang_meta_id`),
  KEY `language_meta_reference_id_index` (`reference_id`)
) ENGINE=InnoDB AUTO_INCREMENT=17 DEFAULT CHARSET=utf8mb4 COLLATE=utf8mb4_unicode_ci;
/*!40101 SET character_set_client = @saved_cs_client */;

--
-- Dumping data for table `language_meta`
--

LOCK TABLES `language_meta` WRITE;
/*!40000 ALTER TABLE `language_meta` DISABLE KEYS */;
INSERT INTO `language_meta` VALUES (1,'en_US','385439bb36b5333324c7708dbba2dd51',1,'Botble\\SimpleSlider\\Models\\SimpleSlider'),(2,'vi','385439bb36b5333324c7708dbba2dd51',2,'Botble\\SimpleSlider\\Models\\SimpleSlider'),(3,'en_US','2b3e7c3cb40f89aa8a1d59ca8320f349',1,'Botble\\Menu\\Models\\MenuLocation'),(4,'en_US','dd31b77efd519c91a55bb8188823e844',1,'Botble\\Menu\\Models\\Menu'),(5,'en_US','7af13bcb6ca62dbe27048b0014760ecb',2,'Botble\\Menu\\Models\\MenuLocation'),(6,'en_US','8760234eac2e269d91aa452774807e0b',2,'Botble\\Menu\\Models\\Menu'),(7,'en_US','a6e21a1ed8b818c4759bca4fc94124cc',3,'Botble\\Menu\\Models\\Menu'),(8,'en_US','0c03e7e658f040cc0d111dbd32ede179',4,'Botble\\Menu\\Models\\Menu'),(9,'en_US','d150cac5f26a6b90ff00f2d4fdf01f03',5,'Botble\\Menu\\Models\\Menu'),(10,'vi','123fe12d9bf553c8821f5e429257075f',3,'Botble\\Menu\\Models\\MenuLocation'),(11,'vi','d150cac5f26a6b90ff00f2d4fdf01f03',6,'Botble\\Menu\\Models\\Menu'),(12,'vi','8760234eac2e269d91aa452774807e0b',7,'Botble\\Menu\\Models\\Menu'),(13,'vi','47bae735afc2c39ed57ad3b9d24b1f0b',4,'Botble\\Menu\\Models\\MenuLocation'),(14,'vi','0c03e7e658f040cc0d111dbd32ede179',8,'Botble\\Menu\\Models\\Menu'),(15,'vi','8760234eac2e269d91aa452774807e0b',9,'Botble\\Menu\\Models\\Menu'),(16,'vi','8760234eac2e269d91aa452774807e0b',10,'Botble\\Menu\\Models\\Menu');
/*!40000 ALTER TABLE `language_meta` ENABLE KEYS */;
UNLOCK TABLES;

--
-- Table structure for table `languages`
--

DROP TABLE IF EXISTS `languages`;
/*!40101 SET @saved_cs_client     = @@character_set_client */;
/*!50503 SET character_set_client = utf8mb4 */;
CREATE TABLE `languages` (
  `lang_id` bigint unsigned NOT NULL AUTO_INCREMENT,
  `lang_name` varchar(120) COLLATE utf8mb4_unicode_ci NOT NULL,
  `lang_locale` varchar(20) COLLATE utf8mb4_unicode_ci NOT NULL,
  `lang_code` varchar(20) COLLATE utf8mb4_unicode_ci NOT NULL,
  `lang_flag` varchar(20) COLLATE utf8mb4_unicode_ci DEFAULT NULL,
  `lang_is_default` tinyint unsigned NOT NULL DEFAULT '0',
  `lang_order` int NOT NULL DEFAULT '0',
  `lang_is_rtl` tinyint unsigned NOT NULL DEFAULT '0',
  PRIMARY KEY (`lang_id`)
) ENGINE=InnoDB AUTO_INCREMENT=4 DEFAULT CHARSET=utf8mb4 COLLATE=utf8mb4_unicode_ci;
/*!40101 SET character_set_client = @saved_cs_client */;

--
-- Dumping data for table `languages`
--

LOCK TABLES `languages` WRITE;
/*!40000 ALTER TABLE `languages` DISABLE KEYS */;
INSERT INTO `languages` VALUES (1,'English','en','en_US','us',1,0,0),(2,'Tiếng Việt','vi','vi','vn',0,1,0),(3,'Arabic','ar','ar','ar',0,2,1);
/*!40000 ALTER TABLE `languages` ENABLE KEYS */;
UNLOCK TABLES;

--
-- Table structure for table `media_files`
--

DROP TABLE IF EXISTS `media_files`;
/*!40101 SET @saved_cs_client     = @@character_set_client */;
/*!50503 SET character_set_client = utf8mb4 */;
CREATE TABLE `media_files` (
  `id` bigint unsigned NOT NULL AUTO_INCREMENT,
  `user_id` bigint unsigned NOT NULL,
  `name` varchar(255) COLLATE utf8mb4_unicode_ci NOT NULL,
  `alt` varchar(191) COLLATE utf8mb4_unicode_ci DEFAULT NULL,
  `folder_id` bigint unsigned NOT NULL DEFAULT '0',
  `mime_type` varchar(120) COLLATE utf8mb4_unicode_ci NOT NULL,
  `size` int NOT NULL,
  `url` varchar(255) COLLATE utf8mb4_unicode_ci NOT NULL,
  `options` text COLLATE utf8mb4_unicode_ci,
  `created_at` timestamp NULL DEFAULT NULL,
  `updated_at` timestamp NULL DEFAULT NULL,
  `deleted_at` timestamp NULL DEFAULT NULL,
  PRIMARY KEY (`id`),
  KEY `media_files_user_id_index` (`user_id`),
  KEY `media_files_index` (`folder_id`,`user_id`,`created_at`)
) ENGINE=InnoDB AUTO_INCREMENT=262 DEFAULT CHARSET=utf8mb4 COLLATE=utf8mb4_unicode_ci;
/*!40101 SET character_set_client = @saved_cs_client */;

--
-- Dumping data for table `media_files`
--

LOCK TABLES `media_files` WRITE;
/*!40000 ALTER TABLE `media_files` DISABLE KEYS */;
INSERT INTO `media_files` VALUES (1,0,'1','1',1,'image/png',1593,'brands/1.png','[]','2023-05-28 21:29:51','2023-05-28 21:29:51',NULL),(2,0,'2','2',1,'image/png',1593,'brands/2.png','[]','2023-05-28 21:29:51','2023-05-28 21:29:51',NULL),(3,0,'3','3',1,'image/png',1593,'brands/3.png','[]','2023-05-28 21:29:51','2023-05-28 21:29:51',NULL),(4,0,'4','4',1,'image/png',1593,'brands/4.png','[]','2023-05-28 21:29:51','2023-05-28 21:29:51',NULL),(5,0,'1','1',2,'image/png',1307,'product-categories/1.png','[]','2023-05-28 21:29:51','2023-05-28 21:29:51',NULL),(6,0,'2','2',2,'image/png',1307,'product-categories/2.png','[]','2023-05-28 21:29:51','2023-05-28 21:29:51',NULL),(7,0,'3','3',2,'image/png',1307,'product-categories/3.png','[]','2023-05-28 21:29:51','2023-05-28 21:29:51',NULL),(8,0,'4','4',2,'image/png',1307,'product-categories/4.png','[]','2023-05-28 21:29:51','2023-05-28 21:29:51',NULL),(9,0,'5','5',2,'image/png',1307,'product-categories/5.png','[]','2023-05-28 21:29:51','2023-05-28 21:29:51',NULL),(10,0,'6','6',2,'image/png',1307,'product-categories/6.png','[]','2023-05-28 21:29:51','2023-05-28 21:29:51',NULL),(11,0,'7','7',2,'image/png',1307,'product-categories/7.png','[]','2023-05-28 21:29:51','2023-05-28 21:29:51',NULL),(12,0,'8','8',2,'image/png',1307,'product-categories/8.png','[]','2023-05-28 21:29:51','2023-05-28 21:29:51',NULL),(13,0,'1','1',3,'image/jpeg',2165,'products/1.jpg','[]','2023-05-28 21:29:51','2023-05-28 21:29:51',NULL),(14,0,'10-1','10-1',3,'image/jpeg',2165,'products/10-1.jpg','[]','2023-05-28 21:29:51','2023-05-28 21:29:51',NULL),(15,0,'10-2','10-2',3,'image/jpeg',2165,'products/10-2.jpg','[]','2023-05-28 21:29:51','2023-05-28 21:29:51',NULL),(16,0,'10','10',3,'image/jpeg',2165,'products/10.jpg','[]','2023-05-28 21:29:51','2023-05-28 21:29:51',NULL),(17,0,'11-1','11-1',3,'image/jpeg',2165,'products/11-1.jpg','[]','2023-05-28 21:29:51','2023-05-28 21:29:51',NULL),(18,0,'11-2','11-2',3,'image/jpeg',2165,'products/11-2.jpg','[]','2023-05-28 21:29:51','2023-05-28 21:29:51',NULL),(19,0,'11-3','11-3',3,'image/jpeg',2165,'products/11-3.jpg','[]','2023-05-28 21:29:51','2023-05-28 21:29:51',NULL),(20,0,'11','11',3,'image/jpeg',2165,'products/11.jpg','[]','2023-05-28 21:29:51','2023-05-28 21:29:51',NULL),(21,0,'12-1','12-1',3,'image/jpeg',2165,'products/12-1.jpg','[]','2023-05-28 21:29:51','2023-05-28 21:29:51',NULL),(22,0,'12-2','12-2',3,'image/jpeg',2165,'products/12-2.jpg','[]','2023-05-28 21:29:51','2023-05-28 21:29:51',NULL),(23,0,'12-3','12-3',3,'image/jpeg',2165,'products/12-3.jpg','[]','2023-05-28 21:29:51','2023-05-28 21:29:51',NULL),(24,0,'12','12',3,'image/jpeg',2165,'products/12.jpg','[]','2023-05-28 21:29:51','2023-05-28 21:29:51',NULL),(25,0,'13-1','13-1',3,'image/jpeg',2165,'products/13-1.jpg','[]','2023-05-28 21:29:51','2023-05-28 21:29:51',NULL),(26,0,'13','13',3,'image/jpeg',2165,'products/13.jpg','[]','2023-05-28 21:29:51','2023-05-28 21:29:51',NULL),(27,0,'14','14',3,'image/jpeg',2165,'products/14.jpg','[]','2023-05-28 21:29:51','2023-05-28 21:29:51',NULL),(28,0,'15-1','15-1',3,'image/jpeg',2165,'products/15-1.jpg','[]','2023-05-28 21:29:52','2023-05-28 21:29:52',NULL),(29,0,'15','15',3,'image/jpeg',2165,'products/15.jpg','[]','2023-05-28 21:29:52','2023-05-28 21:29:52',NULL),(30,0,'16','16',3,'image/jpeg',2165,'products/16.jpg','[]','2023-05-28 21:29:52','2023-05-28 21:29:52',NULL),(31,0,'17-1','17-1',3,'image/jpeg',2165,'products/17-1.jpg','[]','2023-05-28 21:29:52','2023-05-28 21:29:52',NULL),(32,0,'17-2','17-2',3,'image/jpeg',2165,'products/17-2.jpg','[]','2023-05-28 21:29:52','2023-05-28 21:29:52',NULL),(33,0,'17-3','17-3',3,'image/jpeg',2165,'products/17-3.jpg','[]','2023-05-28 21:29:52','2023-05-28 21:29:52',NULL),(34,0,'17','17',3,'image/jpeg',2165,'products/17.jpg','[]','2023-05-28 21:29:52','2023-05-28 21:29:52',NULL),(35,0,'18-1','18-1',3,'image/jpeg',2165,'products/18-1.jpg','[]','2023-05-28 21:29:52','2023-05-28 21:29:52',NULL),(36,0,'18-2','18-2',3,'image/jpeg',2165,'products/18-2.jpg','[]','2023-05-28 21:29:52','2023-05-28 21:29:52',NULL),(37,0,'18-3','18-3',3,'image/jpeg',2165,'products/18-3.jpg','[]','2023-05-28 21:29:52','2023-05-28 21:29:52',NULL),(38,0,'18','18',3,'image/jpeg',2165,'products/18.jpg','[]','2023-05-28 21:29:52','2023-05-28 21:29:52',NULL),(39,0,'19-1','19-1',3,'image/jpeg',2165,'products/19-1.jpg','[]','2023-05-28 21:29:52','2023-05-28 21:29:52',NULL),(40,0,'19-2','19-2',3,'image/jpeg',2165,'products/19-2.jpg','[]','2023-05-28 21:29:52','2023-05-28 21:29:52',NULL),(41,0,'19-3','19-3',3,'image/jpeg',2165,'products/19-3.jpg','[]','2023-05-28 21:29:52','2023-05-28 21:29:52',NULL),(42,0,'19','19',3,'image/jpeg',2165,'products/19.jpg','[]','2023-05-28 21:29:52','2023-05-28 21:29:52',NULL),(43,0,'2-1','2-1',3,'image/jpeg',2165,'products/2-1.jpg','[]','2023-05-28 21:29:52','2023-05-28 21:29:52',NULL),(44,0,'2-2','2-2',3,'image/jpeg',2165,'products/2-2.jpg','[]','2023-05-28 21:29:52','2023-05-28 21:29:52',NULL),(45,0,'2-3','2-3',3,'image/jpeg',2165,'products/2-3.jpg','[]','2023-05-28 21:29:52','2023-05-28 21:29:52',NULL),(46,0,'2','2',3,'image/jpeg',2165,'products/2.jpg','[]','2023-05-28 21:29:52','2023-05-28 21:29:52',NULL),(47,0,'20-1','20-1',3,'image/jpeg',2165,'products/20-1.jpg','[]','2023-05-28 21:29:52','2023-05-28 21:29:52',NULL),(48,0,'20-2','20-2',3,'image/jpeg',2165,'products/20-2.jpg','[]','2023-05-28 21:29:52','2023-05-28 21:29:52',NULL),(49,0,'20-3','20-3',3,'image/jpeg',2165,'products/20-3.jpg','[]','2023-05-28 21:29:52','2023-05-28 21:29:52',NULL),(50,0,'20','20',3,'image/jpeg',2165,'products/20.jpg','[]','2023-05-28 21:29:52','2023-05-28 21:29:52',NULL),(51,0,'21-1','21-1',3,'image/jpeg',2165,'products/21-1.jpg','[]','2023-05-28 21:29:52','2023-05-28 21:29:52',NULL),(52,0,'21-2','21-2',3,'image/jpeg',2165,'products/21-2.jpg','[]','2023-05-28 21:29:52','2023-05-28 21:29:52',NULL),(53,0,'21','21',3,'image/jpeg',2165,'products/21.jpg','[]','2023-05-28 21:29:52','2023-05-28 21:29:52',NULL),(54,0,'22-1','22-1',3,'image/jpeg',2165,'products/22-1.jpg','[]','2023-05-28 21:29:52','2023-05-28 21:29:52',NULL),(55,0,'22-2','22-2',3,'image/jpeg',2165,'products/22-2.jpg','[]','2023-05-28 21:29:52','2023-05-28 21:29:52',NULL),(56,0,'22-3','22-3',3,'image/jpeg',2165,'products/22-3.jpg','[]','2023-05-28 21:29:52','2023-05-28 21:29:52',NULL),(57,0,'22','22',3,'image/jpeg',2165,'products/22.jpg','[]','2023-05-28 21:29:52','2023-05-28 21:29:52',NULL),(58,0,'23-1','23-1',3,'image/jpeg',2165,'products/23-1.jpg','[]','2023-05-28 21:29:52','2023-05-28 21:29:52',NULL),(59,0,'23-2','23-2',3,'image/jpeg',2165,'products/23-2.jpg','[]','2023-05-28 21:29:52','2023-05-28 21:29:52',NULL),(60,0,'23-3','23-3',3,'image/jpeg',2165,'products/23-3.jpg','[]','2023-05-28 21:29:52','2023-05-28 21:29:52',NULL),(61,0,'23','23',3,'image/jpeg',2165,'products/23.jpg','[]','2023-05-28 21:29:52','2023-05-28 21:29:52',NULL),(62,0,'24-1','24-1',3,'image/jpeg',2165,'products/24-1.jpg','[]','2023-05-28 21:29:52','2023-05-28 21:29:52',NULL),(63,0,'24-2','24-2',3,'image/jpeg',2165,'products/24-2.jpg','[]','2023-05-28 21:29:52','2023-05-28 21:29:52',NULL),(64,0,'24','24',3,'image/jpeg',2165,'products/24.jpg','[]','2023-05-28 21:29:52','2023-05-28 21:29:52',NULL),(65,0,'25-1','25-1',3,'image/jpeg',2165,'products/25-1.jpg','[]','2023-05-28 21:29:52','2023-05-28 21:29:52',NULL),(66,0,'25-2','25-2',3,'image/jpeg',2165,'products/25-2.jpg','[]','2023-05-28 21:29:52','2023-05-28 21:29:52',NULL),(67,0,'25','25',3,'image/jpeg',2165,'products/25.jpg','[]','2023-05-28 21:29:52','2023-05-28 21:29:52',NULL),(68,0,'26-1','26-1',3,'image/jpeg',2165,'products/26-1.jpg','[]','2023-05-28 21:29:52','2023-05-28 21:29:52',NULL),(69,0,'26','26',3,'image/jpeg',2165,'products/26.jpg','[]','2023-05-28 21:29:52','2023-05-28 21:29:52',NULL),(70,0,'27-1','27-1',3,'image/jpeg',2165,'products/27-1.jpg','[]','2023-05-28 21:29:52','2023-05-28 21:29:52',NULL),(71,0,'27','27',3,'image/jpeg',2165,'products/27.jpg','[]','2023-05-28 21:29:52','2023-05-28 21:29:52',NULL),(72,0,'28-1','28-1',3,'image/jpeg',2165,'products/28-1.jpg','[]','2023-05-28 21:29:52','2023-05-28 21:29:52',NULL),(73,0,'28-2','28-2',3,'image/jpeg',2165,'products/28-2.jpg','[]','2023-05-28 21:29:52','2023-05-28 21:29:52',NULL),(74,0,'28','28',3,'image/jpeg',2165,'products/28.jpg','[]','2023-05-28 21:29:52','2023-05-28 21:29:52',NULL),(75,0,'29-1','29-1',3,'image/jpeg',2165,'products/29-1.jpg','[]','2023-05-28 21:29:52','2023-05-28 21:29:52',NULL),(76,0,'29-2','29-2',3,'image/jpeg',2165,'products/29-2.jpg','[]','2023-05-28 21:29:52','2023-05-28 21:29:52',NULL),(77,0,'29','29',3,'image/jpeg',2165,'products/29.jpg','[]','2023-05-28 21:29:53','2023-05-28 21:29:53',NULL),(78,0,'3','3',3,'image/jpeg',2165,'products/3.jpg','[]','2023-05-28 21:29:53','2023-05-28 21:29:53',NULL),(79,0,'30-1','30-1',3,'image/jpeg',2165,'products/30-1.jpg','[]','2023-05-28 21:29:53','2023-05-28 21:29:53',NULL),(80,0,'30-2','30-2',3,'image/jpeg',2165,'products/30-2.jpg','[]','2023-05-28 21:29:53','2023-05-28 21:29:53',NULL),(81,0,'30','30',3,'image/jpeg',2165,'products/30.jpg','[]','2023-05-28 21:29:53','2023-05-28 21:29:53',NULL),(82,0,'31-1','31-1',3,'image/jpeg',2165,'products/31-1.jpg','[]','2023-05-28 21:29:53','2023-05-28 21:29:53',NULL),(83,0,'31','31',3,'image/jpeg',2165,'products/31.jpg','[]','2023-05-28 21:29:53','2023-05-28 21:29:53',NULL),(84,0,'32-1','32-1',3,'image/jpeg',2165,'products/32-1.jpg','[]','2023-05-28 21:29:53','2023-05-28 21:29:53',NULL),(85,0,'32-2','32-2',3,'image/jpeg',2165,'products/32-2.jpg','[]','2023-05-28 21:29:53','2023-05-28 21:29:53',NULL),(86,0,'32','32',3,'image/jpeg',2165,'products/32.jpg','[]','2023-05-28 21:29:53','2023-05-28 21:29:53',NULL),(87,0,'33-1','33-1',3,'image/jpeg',2165,'products/33-1.jpg','[]','2023-05-28 21:29:53','2023-05-28 21:29:53',NULL),(88,0,'33-2','33-2',3,'image/jpeg',2165,'products/33-2.jpg','[]','2023-05-28 21:29:53','2023-05-28 21:29:53',NULL),(89,0,'33','33',3,'image/jpeg',2165,'products/33.jpg','[]','2023-05-28 21:29:53','2023-05-28 21:29:53',NULL),(90,0,'34-1','34-1',3,'image/jpeg',2165,'products/34-1.jpg','[]','2023-05-28 21:29:53','2023-05-28 21:29:53',NULL),(91,0,'34','34',3,'image/jpeg',2165,'products/34.jpg','[]','2023-05-28 21:29:53','2023-05-28 21:29:53',NULL),(92,0,'35-1','35-1',3,'image/jpeg',2165,'products/35-1.jpg','[]','2023-05-28 21:29:53','2023-05-28 21:29:53',NULL),(93,0,'35','35',3,'image/jpeg',2165,'products/35.jpg','[]','2023-05-28 21:29:53','2023-05-28 21:29:53',NULL),(94,0,'36-1','36-1',3,'image/jpeg',2165,'products/36-1.jpg','[]','2023-05-28 21:29:53','2023-05-28 21:29:53',NULL),(95,0,'36-2','36-2',3,'image/jpeg',2165,'products/36-2.jpg','[]','2023-05-28 21:29:53','2023-05-28 21:29:53',NULL),(96,0,'36','36',3,'image/jpeg',2165,'products/36.jpg','[]','2023-05-28 21:29:53','2023-05-28 21:29:53',NULL),(97,0,'37-1','37-1',3,'image/jpeg',2165,'products/37-1.jpg','[]','2023-05-28 21:29:53','2023-05-28 21:29:53',NULL),(98,0,'37-2','37-2',3,'image/jpeg',2165,'products/37-2.jpg','[]','2023-05-28 21:29:53','2023-05-28 21:29:53',NULL),(99,0,'37','37',3,'image/jpeg',2165,'products/37.jpg','[]','2023-05-28 21:29:53','2023-05-28 21:29:53',NULL),(100,0,'38-1','38-1',3,'image/jpeg',2165,'products/38-1.jpg','[]','2023-05-28 21:29:53','2023-05-28 21:29:53',NULL),(101,0,'38-2','38-2',3,'image/jpeg',2165,'products/38-2.jpg','[]','2023-05-28 21:29:53','2023-05-28 21:29:53',NULL),(102,0,'38-3','38-3',3,'image/jpeg',2165,'products/38-3.jpg','[]','2023-05-28 21:29:53','2023-05-28 21:29:53',NULL),(103,0,'38','38',3,'image/jpeg',2165,'products/38.jpg','[]','2023-05-28 21:29:53','2023-05-28 21:29:53',NULL),(104,0,'39-1','39-1',3,'image/jpeg',2165,'products/39-1.jpg','[]','2023-05-28 21:29:53','2023-05-28 21:29:53',NULL),(105,0,'39-2','39-2',3,'image/jpeg',2165,'products/39-2.jpg','[]','2023-05-28 21:29:53','2023-05-28 21:29:53',NULL),(106,0,'39','39',3,'image/jpeg',2165,'products/39.jpg','[]','2023-05-28 21:29:53','2023-05-28 21:29:53',NULL),(107,0,'4-1','4-1',3,'image/jpeg',2165,'products/4-1.jpg','[]','2023-05-28 21:29:53','2023-05-28 21:29:53',NULL),(108,0,'4-2','4-2',3,'image/jpeg',2165,'products/4-2.jpg','[]','2023-05-28 21:29:53','2023-05-28 21:29:53',NULL),(109,0,'4-3','4-3',3,'image/jpeg',2165,'products/4-3.jpg','[]','2023-05-28 21:29:53','2023-05-28 21:29:53',NULL),(110,0,'4','4',3,'image/jpeg',2165,'products/4.jpg','[]','2023-05-28 21:29:53','2023-05-28 21:29:53',NULL),(111,0,'40-1','40-1',3,'image/jpeg',2165,'products/40-1.jpg','[]','2023-05-28 21:29:53','2023-05-28 21:29:53',NULL),(112,0,'40','40',3,'image/jpeg',2165,'products/40.jpg','[]','2023-05-28 21:29:53','2023-05-28 21:29:53',NULL),(113,0,'41-1','41-1',3,'image/jpeg',2165,'products/41-1.jpg','[]','2023-05-28 21:29:53','2023-05-28 21:29:53',NULL),(114,0,'41-2','41-2',3,'image/jpeg',2165,'products/41-2.jpg','[]','2023-05-28 21:29:53','2023-05-28 21:29:53',NULL),(115,0,'41','41',3,'image/jpeg',2165,'products/41.jpg','[]','2023-05-28 21:29:53','2023-05-28 21:29:53',NULL),(116,0,'42-1','42-1',3,'image/jpeg',2165,'products/42-1.jpg','[]','2023-05-28 21:29:53','2023-05-28 21:29:53',NULL),(117,0,'42-2','42-2',3,'image/jpeg',2165,'products/42-2.jpg','[]','2023-05-28 21:29:53','2023-05-28 21:29:53',NULL),(118,0,'42','42',3,'image/jpeg',2165,'products/42.jpg','[]','2023-05-28 21:29:53','2023-05-28 21:29:53',NULL),(119,0,'43-1','43-1',3,'image/jpeg',2165,'products/43-1.jpg','[]','2023-05-28 21:29:53','2023-05-28 21:29:53',NULL),(120,0,'43-2','43-2',3,'image/jpeg',2165,'products/43-2.jpg','[]','2023-05-28 21:29:53','2023-05-28 21:29:53',NULL),(121,0,'43','43',3,'image/jpeg',2165,'products/43.jpg','[]','2023-05-28 21:29:53','2023-05-28 21:29:53',NULL),(122,0,'44-1','44-1',3,'image/jpeg',2165,'products/44-1.jpg','[]','2023-05-28 21:29:53','2023-05-28 21:29:53',NULL),(123,0,'44-2','44-2',3,'image/jpeg',2165,'products/44-2.jpg','[]','2023-05-28 21:29:53','2023-05-28 21:29:53',NULL),(124,0,'44','44',3,'image/jpeg',2165,'products/44.jpg','[]','2023-05-28 21:29:53','2023-05-28 21:29:53',NULL),(125,0,'45-1','45-1',3,'image/jpeg',2165,'products/45-1.jpg','[]','2023-05-28 21:29:54','2023-05-28 21:29:54',NULL),(126,0,'45','45',3,'image/jpeg',2165,'products/45.jpg','[]','2023-05-28 21:29:54','2023-05-28 21:29:54',NULL),(127,0,'46-1','46-1',3,'image/jpeg',2165,'products/46-1.jpg','[]','2023-05-28 21:29:54','2023-05-28 21:29:54',NULL),(128,0,'46','46',3,'image/jpeg',2165,'products/46.jpg','[]','2023-05-28 21:29:54','2023-05-28 21:29:54',NULL),(129,0,'47-1','47-1',3,'image/jpeg',2165,'products/47-1.jpg','[]','2023-05-28 21:29:54','2023-05-28 21:29:54',NULL),(130,0,'47','47',3,'image/jpeg',2165,'products/47.jpg','[]','2023-05-28 21:29:54','2023-05-28 21:29:54',NULL),(131,0,'48-1','48-1',3,'image/jpeg',2165,'products/48-1.jpg','[]','2023-05-28 21:29:54','2023-05-28 21:29:54',NULL),(132,0,'48-2','48-2',3,'image/jpeg',2165,'products/48-2.jpg','[]','2023-05-28 21:29:54','2023-05-28 21:29:54',NULL),(133,0,'48','48',3,'image/jpeg',2165,'products/48.jpg','[]','2023-05-28 21:29:54','2023-05-28 21:29:54',NULL),(134,0,'49-1','49-1',3,'image/jpeg',2165,'products/49-1.jpg','[]','2023-05-28 21:29:54','2023-05-28 21:29:54',NULL),(135,0,'49-2','49-2',3,'image/jpeg',2165,'products/49-2.jpg','[]','2023-05-28 21:29:54','2023-05-28 21:29:54',NULL),(136,0,'49','49',3,'image/jpeg',2165,'products/49.jpg','[]','2023-05-28 21:29:54','2023-05-28 21:29:54',NULL),(137,0,'5-1','5-1',3,'image/jpeg',2165,'products/5-1.jpg','[]','2023-05-28 21:29:54','2023-05-28 21:29:54',NULL),(138,0,'5-2','5-2',3,'image/jpeg',2165,'products/5-2.jpg','[]','2023-05-28 21:29:54','2023-05-28 21:29:54',NULL),(139,0,'5-3','5-3',3,'image/jpeg',2165,'products/5-3.jpg','[]','2023-05-28 21:29:54','2023-05-28 21:29:54',NULL),(140,0,'5','5',3,'image/jpeg',2165,'products/5.jpg','[]','2023-05-28 21:29:54','2023-05-28 21:29:54',NULL),(141,0,'50-1','50-1',3,'image/jpeg',2165,'products/50-1.jpg','[]','2023-05-28 21:29:54','2023-05-28 21:29:54',NULL),(142,0,'50','50',3,'image/jpeg',2165,'products/50.jpg','[]','2023-05-28 21:29:54','2023-05-28 21:29:54',NULL),(143,0,'51','51',3,'image/jpeg',2165,'products/51.jpg','[]','2023-05-28 21:29:54','2023-05-28 21:29:54',NULL),(144,0,'52-1','52-1',3,'image/jpeg',2165,'products/52-1.jpg','[]','2023-05-28 21:29:54','2023-05-28 21:29:54',NULL),(145,0,'52-2','52-2',3,'image/jpeg',2165,'products/52-2.jpg','[]','2023-05-28 21:29:54','2023-05-28 21:29:54',NULL),(146,0,'52','52',3,'image/jpeg',2165,'products/52.jpg','[]','2023-05-28 21:29:54','2023-05-28 21:29:54',NULL),(147,0,'53-1','53-1',3,'image/jpeg',2165,'products/53-1.jpg','[]','2023-05-28 21:29:54','2023-05-28 21:29:54',NULL),(148,0,'53','53',3,'image/jpeg',2165,'products/53.jpg','[]','2023-05-28 21:29:54','2023-05-28 21:29:54',NULL),(149,0,'54-1','54-1',3,'image/jpeg',2165,'products/54-1.jpg','[]','2023-05-28 21:29:54','2023-05-28 21:29:54',NULL),(150,0,'54','54',3,'image/jpeg',2165,'products/54.jpg','[]','2023-05-28 21:29:54','2023-05-28 21:29:54',NULL),(151,0,'55-1','55-1',3,'image/jpeg',2165,'products/55-1.jpg','[]','2023-05-28 21:29:54','2023-05-28 21:29:54',NULL),(152,0,'55-2','55-2',3,'image/jpeg',2165,'products/55-2.jpg','[]','2023-05-28 21:29:54','2023-05-28 21:29:54',NULL),(153,0,'55','55',3,'image/jpeg',2165,'products/55.jpg','[]','2023-05-28 21:29:54','2023-05-28 21:29:54',NULL),(154,0,'56-1','56-1',3,'image/jpeg',2165,'products/56-1.jpg','[]','2023-05-28 21:29:54','2023-05-28 21:29:54',NULL),(155,0,'56-2','56-2',3,'image/jpeg',2165,'products/56-2.jpg','[]','2023-05-28 21:29:54','2023-05-28 21:29:54',NULL),(156,0,'56','56',3,'image/jpeg',2165,'products/56.jpg','[]','2023-05-28 21:29:54','2023-05-28 21:29:54',NULL),(157,0,'57-1','57-1',3,'image/jpeg',2165,'products/57-1.jpg','[]','2023-05-28 21:29:54','2023-05-28 21:29:54',NULL),(158,0,'57','57',3,'image/jpeg',2165,'products/57.jpg','[]','2023-05-28 21:29:54','2023-05-28 21:29:54',NULL),(159,0,'58-1','58-1',3,'image/jpeg',2165,'products/58-1.jpg','[]','2023-05-28 21:29:54','2023-05-28 21:29:54',NULL),(160,0,'58-2','58-2',3,'image/jpeg',2165,'products/58-2.jpg','[]','2023-05-28 21:29:54','2023-05-28 21:29:54',NULL),(161,0,'58','58',3,'image/jpeg',2165,'products/58.jpg','[]','2023-05-28 21:29:54','2023-05-28 21:29:54',NULL),(162,0,'59-1','59-1',3,'image/jpeg',2165,'products/59-1.jpg','[]','2023-05-28 21:29:54','2023-05-28 21:29:54',NULL),(163,0,'59-2','59-2',3,'image/jpeg',2165,'products/59-2.jpg','[]','2023-05-28 21:29:54','2023-05-28 21:29:54',NULL),(164,0,'59-3','59-3',3,'image/jpeg',2165,'products/59-3.jpg','[]','2023-05-28 21:29:54','2023-05-28 21:29:54',NULL),(165,0,'59','59',3,'image/jpeg',2165,'products/59.jpg','[]','2023-05-28 21:29:54','2023-05-28 21:29:54',NULL),(166,0,'6','6',3,'image/jpeg',2165,'products/6.jpg','[]','2023-05-28 21:29:54','2023-05-28 21:29:54',NULL),(167,0,'60-1','60-1',3,'image/jpeg',2165,'products/60-1.jpg','[]','2023-05-28 21:29:54','2023-05-28 21:29:54',NULL),(168,0,'60-2','60-2',3,'image/jpeg',2165,'products/60-2.jpg','[]','2023-05-28 21:29:54','2023-05-28 21:29:54',NULL),(169,0,'60','60',3,'image/jpeg',2165,'products/60.jpg','[]','2023-05-28 21:29:55','2023-05-28 21:29:55',NULL),(170,0,'61-1','61-1',3,'image/jpeg',2165,'products/61-1.jpg','[]','2023-05-28 21:29:55','2023-05-28 21:29:55',NULL),(171,0,'61','61',3,'image/jpeg',2165,'products/61.jpg','[]','2023-05-28 21:29:55','2023-05-28 21:29:55',NULL),(172,0,'62-1','62-1',3,'image/jpeg',2165,'products/62-1.jpg','[]','2023-05-28 21:29:55','2023-05-28 21:29:55',NULL),(173,0,'62','62',3,'image/jpeg',2165,'products/62.jpg','[]','2023-05-28 21:29:55','2023-05-28 21:29:55',NULL),(174,0,'63-1','63-1',3,'image/jpeg',2165,'products/63-1.jpg','[]','2023-05-28 21:29:55','2023-05-28 21:29:55',NULL),(175,0,'63','63',3,'image/jpeg',2165,'products/63.jpg','[]','2023-05-28 21:29:55','2023-05-28 21:29:55',NULL),(176,0,'64-1','64-1',3,'image/jpeg',2165,'products/64-1.jpg','[]','2023-05-28 21:29:55','2023-05-28 21:29:55',NULL),(177,0,'64','64',3,'image/jpeg',2165,'products/64.jpg','[]','2023-05-28 21:29:55','2023-05-28 21:29:55',NULL),(178,0,'65-1','65-1',3,'image/jpeg',2165,'products/65-1.jpg','[]','2023-05-28 21:29:55','2023-05-28 21:29:55',NULL),(179,0,'65-2','65-2',3,'image/jpeg',2165,'products/65-2.jpg','[]','2023-05-28 21:29:55','2023-05-28 21:29:55',NULL),(180,0,'65','65',3,'image/jpeg',2165,'products/65.jpg','[]','2023-05-28 21:29:55','2023-05-28 21:29:55',NULL),(181,0,'7','7',3,'image/jpeg',2165,'products/7.jpg','[]','2023-05-28 21:29:55','2023-05-28 21:29:55',NULL),(182,0,'8-1','8-1',3,'image/jpeg',2165,'products/8-1.jpg','[]','2023-05-28 21:29:55','2023-05-28 21:29:55',NULL),(183,0,'8-2','8-2',3,'image/jpeg',2165,'products/8-2.jpg','[]','2023-05-28 21:29:55','2023-05-28 21:29:55',NULL),(184,0,'8-3','8-3',3,'image/jpeg',2165,'products/8-3.jpg','[]','2023-05-28 21:29:55','2023-05-28 21:29:55',NULL),(185,0,'8','8',3,'image/jpeg',2165,'products/8.jpg','[]','2023-05-28 21:29:55','2023-05-28 21:29:55',NULL),(186,0,'9-1','9-1',3,'image/jpeg',2165,'products/9-1.jpg','[]','2023-05-28 21:29:55','2023-05-28 21:29:55',NULL),(187,0,'9-2','9-2',3,'image/jpeg',2165,'products/9-2.jpg','[]','2023-05-28 21:29:55','2023-05-28 21:29:55',NULL),(188,0,'9','9',3,'image/jpeg',2165,'products/9.jpg','[]','2023-05-28 21:29:55','2023-05-28 21:29:55',NULL),(189,0,'1','1',4,'image/jpeg',2165,'customers/1.jpg','[]','2023-05-28 21:30:00','2023-05-28 21:30:00',NULL),(190,0,'10','10',4,'image/jpeg',2165,'customers/10.jpg','[]','2023-05-28 21:30:00','2023-05-28 21:30:00',NULL),(191,0,'2','2',4,'image/jpeg',2165,'customers/2.jpg','[]','2023-05-28 21:30:01','2023-05-28 21:30:01',NULL),(192,0,'3','3',4,'image/jpeg',2165,'customers/3.jpg','[]','2023-05-28 21:30:01','2023-05-28 21:30:01',NULL),(193,0,'4','4',4,'image/jpeg',2165,'customers/4.jpg','[]','2023-05-28 21:30:01','2023-05-28 21:30:01',NULL),(194,0,'5','5',4,'image/jpeg',2165,'customers/5.jpg','[]','2023-05-28 21:30:01','2023-05-28 21:30:01',NULL),(195,0,'6','6',4,'image/jpeg',2165,'customers/6.jpg','[]','2023-05-28 21:30:01','2023-05-28 21:30:01',NULL),(196,0,'7','7',4,'image/jpeg',2165,'customers/7.jpg','[]','2023-05-28 21:30:01','2023-05-28 21:30:01',NULL),(197,0,'8','8',4,'image/jpeg',2165,'customers/8.jpg','[]','2023-05-28 21:30:01','2023-05-28 21:30:01',NULL),(198,0,'9','9',4,'image/jpeg',2165,'customers/9.jpg','[]','2023-05-28 21:30:01','2023-05-28 21:30:01',NULL),(199,0,'1','1',5,'image/jpeg',2165,'news/1.jpg','[]','2023-05-28 21:30:02','2023-05-28 21:30:02',NULL),(200,0,'10','10',5,'image/jpeg',2165,'news/10.jpg','[]','2023-05-28 21:30:02','2023-05-28 21:30:02',NULL),(201,0,'11','11',5,'image/jpeg',2165,'news/11.jpg','[]','2023-05-28 21:30:02','2023-05-28 21:30:02',NULL),(202,0,'2','2',5,'image/jpeg',2165,'news/2.jpg','[]','2023-05-28 21:30:02','2023-05-28 21:30:02',NULL),(203,0,'3','3',5,'image/jpeg',2165,'news/3.jpg','[]','2023-05-28 21:30:02','2023-05-28 21:30:02',NULL),(204,0,'4','4',5,'image/jpeg',2165,'news/4.jpg','[]','2023-05-28 21:30:02','2023-05-28 21:30:02',NULL),(205,0,'5','5',5,'image/jpeg',2165,'news/5.jpg','[]','2023-05-28 21:30:02','2023-05-28 21:30:02',NULL),(206,0,'6','6',5,'image/jpeg',2165,'news/6.jpg','[]','2023-05-28 21:30:02','2023-05-28 21:30:02',NULL),(207,0,'7','7',5,'image/jpeg',2165,'news/7.jpg','[]','2023-05-28 21:30:02','2023-05-28 21:30:02',NULL),(208,0,'8','8',5,'image/jpeg',2165,'news/8.jpg','[]','2023-05-28 21:30:02','2023-05-28 21:30:02',NULL),(209,0,'9','9',5,'image/jpeg',2165,'news/9.jpg','[]','2023-05-28 21:30:02','2023-05-28 21:30:02',NULL),(210,0,'01-sm','01-sm',6,'image/jpeg',2443,'sliders/01-sm.jpg','[]','2023-05-28 21:30:02','2023-05-28 21:30:02',NULL),(211,0,'01','01',6,'image/jpeg',3996,'sliders/01.jpg','[]','2023-05-28 21:30:02','2023-05-28 21:30:02',NULL),(212,0,'02-sm','02-sm',6,'image/jpeg',2443,'sliders/02-sm.jpg','[]','2023-05-28 21:30:02','2023-05-28 21:30:02',NULL),(213,0,'02','02',6,'image/jpeg',3996,'sliders/02.jpg','[]','2023-05-28 21:30:02','2023-05-28 21:30:02',NULL),(214,0,'1','1',7,'image/jpeg',1586,'promotion/1.jpg','[]','2023-05-28 21:30:02','2023-05-28 21:30:02',NULL),(215,0,'2','2',7,'image/png',3424,'promotion/2.png','[]','2023-05-28 21:30:02','2023-05-28 21:30:02',NULL),(216,0,'3','3',7,'image/png',2624,'promotion/3.png','[]','2023-05-28 21:30:02','2023-05-28 21:30:02',NULL),(217,0,'4','4',7,'image/png',2760,'promotion/4.png','[]','2023-05-28 21:30:02','2023-05-28 21:30:02',NULL),(218,0,'5','5',7,'image/png',5436,'promotion/5.png','[]','2023-05-28 21:30:02','2023-05-28 21:30:02',NULL),(219,0,'404','404',8,'image/png',15402,'general/404.png','[]','2023-05-28 21:30:03','2023-05-28 21:30:03',NULL),(220,0,'app-android','app-android',8,'image/png',289,'general/app-android.png','[]','2023-05-28 21:30:03','2023-05-28 21:30:03',NULL),(221,0,'app-bg','app-bg',8,'image/png',1962,'general/app-bg.png','[]','2023-05-28 21:30:03','2023-05-28 21:30:03',NULL),(222,0,'app-ios','app-ios',8,'image/png',289,'general/app-ios.png','[]','2023-05-28 21:30:03','2023-05-28 21:30:03',NULL),(223,0,'background','background',8,'image/jpeg',13923,'general/background.jpg','[]','2023-05-28 21:30:03','2023-05-28 21:30:03',NULL),(224,0,'blog-bg','blog-bg',8,'image/jpeg',29013,'general/blog-bg.jpg','[]','2023-05-28 21:30:03','2023-05-28 21:30:03',NULL),(225,0,'coming-soon','coming-soon',8,'image/jpeg',3921,'general/coming-soon.jpg','[]','2023-05-28 21:30:03','2023-05-28 21:30:03',NULL),(226,0,'facebook','facebook',8,'image/png',310,'general/facebook.png','[]','2023-05-28 21:30:03','2023-05-28 21:30:03',NULL),(227,0,'favicon','favicon',8,'image/png',2623,'general/favicon.png','[]','2023-05-28 21:30:03','2023-05-28 21:30:03',NULL),(228,0,'footer-payments','footer-payments',8,'image/png',259,'general/footer-payments.png','[]','2023-05-28 21:30:03','2023-05-28 21:30:03',NULL),(229,0,'icon-protect','icon-protect',8,'image/png',766,'general/icon-protect.png','[]','2023-05-28 21:30:03','2023-05-28 21:30:03',NULL),(230,0,'icon-reload','icon-reload',8,'image/png',721,'general/icon-reload.png','[]','2023-05-28 21:30:03','2023-05-28 21:30:03',NULL),(231,0,'icon-rocket','icon-rocket',8,'image/png',801,'general/icon-rocket.png','[]','2023-05-28 21:30:03','2023-05-28 21:30:03',NULL),(232,0,'icon-support','icon-support',8,'image/png',863,'general/icon-support.png','[]','2023-05-28 21:30:03','2023-05-28 21:30:03',NULL),(233,0,'icon-tag','icon-tag',8,'image/png',582,'general/icon-tag.png','[]','2023-05-28 21:30:03','2023-05-28 21:30:03',NULL),(234,0,'instagram','instagram',8,'image/png',1105,'general/instagram.png','[]','2023-05-28 21:30:03','2023-05-28 21:30:03',NULL),(235,0,'logo-light','logo-light',8,'image/png',5397,'general/logo-light.png','[]','2023-05-28 21:30:03','2023-05-28 21:30:03',NULL),(236,0,'logo','logo',8,'image/png',6054,'general/logo.png','[]','2023-05-28 21:30:03','2023-05-28 21:30:03',NULL),(237,0,'open-graph-image','open-graph-image',8,'image/png',144373,'general/open-graph-image.png','[]','2023-05-28 21:30:03','2023-05-28 21:30:03',NULL),(238,0,'pinterest','pinterest',8,'image/png',985,'general/pinterest.png','[]','2023-05-28 21:30:03','2023-05-28 21:30:03',NULL),(239,0,'placeholder','placeholder',8,'image/png',966,'general/placeholder.png','[]','2023-05-28 21:30:03','2023-05-28 21:30:03',NULL),(240,0,'slider-bg','slider-bg',8,'image/jpeg',13923,'general/slider-bg.jpg','[]','2023-05-28 21:30:03','2023-05-28 21:30:03',NULL),(241,0,'twitter','twitter',8,'image/png',791,'general/twitter.png','[]','2023-05-28 21:30:03','2023-05-28 21:30:03',NULL),(242,0,'youtube','youtube',8,'image/png',457,'general/youtube.png','[]','2023-05-28 21:30:03','2023-05-28 21:30:03',NULL),(243,0,'1','1',9,'image/png',790,'stores/1.png','[]','2023-05-28 21:30:03','2023-05-28 21:30:03',NULL),(244,0,'10','10',9,'image/png',790,'stores/10.png','[]','2023-05-28 21:30:03','2023-05-28 21:30:03',NULL),(245,0,'11','11',9,'image/png',790,'stores/11.png','[]','2023-05-28 21:30:03','2023-05-28 21:30:03',NULL),(246,0,'12','12',9,'image/png',790,'stores/12.png','[]','2023-05-28 21:30:03','2023-05-28 21:30:03',NULL),(247,0,'13','13',9,'image/png',790,'stores/13.png','[]','2023-05-28 21:30:03','2023-05-28 21:30:03',NULL),(248,0,'14','14',9,'image/png',790,'stores/14.png','[]','2023-05-28 21:30:03','2023-05-28 21:30:03',NULL),(249,0,'15','15',9,'image/png',790,'stores/15.png','[]','2023-05-28 21:30:03','2023-05-28 21:30:03',NULL),(250,0,'16','16',9,'image/png',351,'stores/16.png','[]','2023-05-28 21:30:03','2023-05-28 21:30:03',NULL),(251,0,'17','17',9,'image/png',351,'stores/17.png','[]','2023-05-28 21:30:03','2023-05-28 21:30:03',NULL),(252,0,'2','2',9,'image/png',790,'stores/2.png','[]','2023-05-28 21:30:03','2023-05-28 21:30:03',NULL),(253,0,'3','3',9,'image/png',790,'stores/3.png','[]','2023-05-28 21:30:03','2023-05-28 21:30:03',NULL),(254,0,'4','4',9,'image/png',790,'stores/4.png','[]','2023-05-28 21:30:03','2023-05-28 21:30:03',NULL),(255,0,'5','5',9,'image/png',790,'stores/5.png','[]','2023-05-28 21:30:03','2023-05-28 21:30:03',NULL),(256,0,'6','6',9,'image/png',790,'stores/6.png','[]','2023-05-28 21:30:03','2023-05-28 21:30:03',NULL),(257,0,'7','7',9,'image/png',790,'stores/7.png','[]','2023-05-28 21:30:03','2023-05-28 21:30:03',NULL),(258,0,'8','8',9,'image/png',790,'stores/8.png','[]','2023-05-28 21:30:03','2023-05-28 21:30:03',NULL),(259,0,'9','9',9,'image/png',790,'stores/9.png','[]','2023-05-28 21:30:03','2023-05-28 21:30:03',NULL),(260,0,'background-1','background-1',9,'image/jpeg',5265,'stores/background-1.jpg','[]','2023-05-28 21:30:03','2023-05-28 21:30:03',NULL),(261,0,'background-2','background-2',9,'image/jpeg',5265,'stores/background-2.jpg','[]','2023-05-28 21:30:03','2023-05-28 21:30:03',NULL);
/*!40000 ALTER TABLE `media_files` ENABLE KEYS */;
UNLOCK TABLES;

--
-- Table structure for table `media_folders`
--

DROP TABLE IF EXISTS `media_folders`;
/*!40101 SET @saved_cs_client     = @@character_set_client */;
/*!50503 SET character_set_client = utf8mb4 */;
CREATE TABLE `media_folders` (
  `id` bigint unsigned NOT NULL AUTO_INCREMENT,
  `user_id` bigint unsigned NOT NULL,
  `name` varchar(191) COLLATE utf8mb4_unicode_ci DEFAULT NULL,
  `slug` varchar(191) COLLATE utf8mb4_unicode_ci DEFAULT NULL,
  `parent_id` bigint unsigned NOT NULL DEFAULT '0',
  `created_at` timestamp NULL DEFAULT NULL,
  `updated_at` timestamp NULL DEFAULT NULL,
  `deleted_at` timestamp NULL DEFAULT NULL,
  PRIMARY KEY (`id`),
  KEY `media_folders_user_id_index` (`user_id`),
  KEY `media_folders_index` (`parent_id`,`user_id`,`created_at`)
) ENGINE=InnoDB AUTO_INCREMENT=10 DEFAULT CHARSET=utf8mb4 COLLATE=utf8mb4_unicode_ci;
/*!40101 SET character_set_client = @saved_cs_client */;

--
-- Dumping data for table `media_folders`
--

LOCK TABLES `media_folders` WRITE;
/*!40000 ALTER TABLE `media_folders` DISABLE KEYS */;
INSERT INTO `media_folders` VALUES (1,0,'brands','brands',0,'2023-05-28 21:29:51','2023-05-28 21:29:51',NULL),(2,0,'product-categories','product-categories',0,'2023-05-28 21:29:51','2023-05-28 21:29:51',NULL),(3,0,'products','products',0,'2023-05-28 21:29:51','2023-05-28 21:29:51',NULL),(4,0,'customers','customers',0,'2023-05-28 21:30:00','2023-05-28 21:30:00',NULL),(5,0,'news','news',0,'2023-05-28 21:30:02','2023-05-28 21:30:02',NULL),(6,0,'sliders','sliders',0,'2023-05-28 21:30:02','2023-05-28 21:30:02',NULL),(7,0,'promotion','promotion',0,'2023-05-28 21:30:02','2023-05-28 21:30:02',NULL),(8,0,'general','general',0,'2023-05-28 21:30:03','2023-05-28 21:30:03',NULL),(9,0,'stores','stores',0,'2023-05-28 21:30:03','2023-05-28 21:30:03',NULL);
/*!40000 ALTER TABLE `media_folders` ENABLE KEYS */;
UNLOCK TABLES;

--
-- Table structure for table `media_settings`
--

DROP TABLE IF EXISTS `media_settings`;
/*!40101 SET @saved_cs_client     = @@character_set_client */;
/*!50503 SET character_set_client = utf8mb4 */;
CREATE TABLE `media_settings` (
  `id` bigint unsigned NOT NULL AUTO_INCREMENT,
  `key` varchar(120) COLLATE utf8mb4_unicode_ci NOT NULL,
  `value` text COLLATE utf8mb4_unicode_ci,
  `media_id` bigint unsigned DEFAULT NULL,
  `user_id` bigint unsigned DEFAULT NULL,
  `created_at` timestamp NULL DEFAULT NULL,
  `updated_at` timestamp NULL DEFAULT NULL,
  PRIMARY KEY (`id`)
) ENGINE=InnoDB DEFAULT CHARSET=utf8mb4 COLLATE=utf8mb4_unicode_ci;
/*!40101 SET character_set_client = @saved_cs_client */;

--
-- Dumping data for table `media_settings`
--

LOCK TABLES `media_settings` WRITE;
/*!40000 ALTER TABLE `media_settings` DISABLE KEYS */;
/*!40000 ALTER TABLE `media_settings` ENABLE KEYS */;
UNLOCK TABLES;

--
-- Table structure for table `menu_locations`
--

DROP TABLE IF EXISTS `menu_locations`;
/*!40101 SET @saved_cs_client     = @@character_set_client */;
/*!50503 SET character_set_client = utf8mb4 */;
CREATE TABLE `menu_locations` (
  `id` bigint unsigned NOT NULL AUTO_INCREMENT,
  `menu_id` bigint unsigned NOT NULL,
  `location` varchar(120) COLLATE utf8mb4_unicode_ci NOT NULL,
  `created_at` timestamp NULL DEFAULT NULL,
  `updated_at` timestamp NULL DEFAULT NULL,
  PRIMARY KEY (`id`),
  KEY `menu_locations_menu_id_created_at_index` (`menu_id`,`created_at`)
) ENGINE=InnoDB AUTO_INCREMENT=5 DEFAULT CHARSET=utf8mb4 COLLATE=utf8mb4_unicode_ci;
/*!40101 SET character_set_client = @saved_cs_client */;

--
-- Dumping data for table `menu_locations`
--

LOCK TABLES `menu_locations` WRITE;
/*!40000 ALTER TABLE `menu_locations` DISABLE KEYS */;
INSERT INTO `menu_locations` VALUES (1,1,'main-menu','2023-05-28 21:30:02','2023-05-28 21:30:02'),(2,2,'header-navigation','2023-05-28 21:30:03','2023-05-28 21:30:03'),(3,6,'main-menu','2023-05-28 21:30:03','2023-05-28 21:30:03'),(4,8,'header-navigation','2023-05-28 21:30:03','2023-05-28 21:30:03');
/*!40000 ALTER TABLE `menu_locations` ENABLE KEYS */;
UNLOCK TABLES;

--
-- Table structure for table `menu_nodes`
--

DROP TABLE IF EXISTS `menu_nodes`;
/*!40101 SET @saved_cs_client     = @@character_set_client */;
/*!50503 SET character_set_client = utf8mb4 */;
CREATE TABLE `menu_nodes` (
  `id` bigint unsigned NOT NULL AUTO_INCREMENT,
  `menu_id` bigint unsigned NOT NULL,
  `parent_id` bigint unsigned NOT NULL DEFAULT '0',
  `reference_id` bigint unsigned DEFAULT NULL,
  `reference_type` varchar(255) COLLATE utf8mb4_unicode_ci DEFAULT NULL,
  `url` varchar(120) COLLATE utf8mb4_unicode_ci DEFAULT NULL,
  `icon_font` varchar(50) COLLATE utf8mb4_unicode_ci DEFAULT NULL,
  `position` tinyint unsigned NOT NULL DEFAULT '0',
  `title` varchar(120) COLLATE utf8mb4_unicode_ci DEFAULT NULL,
  `css_class` varchar(120) COLLATE utf8mb4_unicode_ci DEFAULT NULL,
  `target` varchar(20) COLLATE utf8mb4_unicode_ci NOT NULL DEFAULT '_self',
  `has_child` tinyint unsigned NOT NULL DEFAULT '0',
  `created_at` timestamp NULL DEFAULT NULL,
  `updated_at` timestamp NULL DEFAULT NULL,
  PRIMARY KEY (`id`),
  KEY `menu_nodes_menu_id_index` (`menu_id`),
  KEY `menu_nodes_parent_id_index` (`parent_id`),
  KEY `reference_id` (`reference_id`),
  KEY `reference_type` (`reference_type`)
) ENGINE=InnoDB AUTO_INCREMENT=63 DEFAULT CHARSET=utf8mb4 COLLATE=utf8mb4_unicode_ci;
/*!40101 SET character_set_client = @saved_cs_client */;

--
-- Dumping data for table `menu_nodes`
--

LOCK TABLES `menu_nodes` WRITE;
/*!40000 ALTER TABLE `menu_nodes` DISABLE KEYS */;
INSERT INTO `menu_nodes` VALUES (1,1,0,NULL,NULL,'/products/smart-watches','icon icon-tag',0,'Special Prices',NULL,'_self',0,'2023-05-28 21:30:02','2023-05-28 21:30:02'),(2,1,0,NULL,NULL,'#',NULL,0,'Pages',NULL,'_self',1,'2023-05-28 21:30:02','2023-05-28 21:30:02'),(3,1,2,2,'Botble\\Page\\Models\\Page','/about-us',NULL,0,'About us',NULL,'_self',0,'2023-05-28 21:30:02','2023-05-28 21:30:03'),(4,1,2,3,'Botble\\Page\\Models\\Page','/terms-of-use',NULL,0,'Terms Of Use',NULL,'_self',0,'2023-05-28 21:30:02','2023-05-28 21:30:03'),(5,1,2,4,'Botble\\Page\\Models\\Page','/terms-conditions',NULL,0,'Terms & Conditions',NULL,'_self',0,'2023-05-28 21:30:02','2023-05-28 21:30:03'),(6,1,2,5,'Botble\\Page\\Models\\Page','/refund-policy',NULL,0,'Refund Policy',NULL,'_self',0,'2023-05-28 21:30:02','2023-05-28 21:30:03'),(7,1,2,12,'Botble\\Page\\Models\\Page','/coming-soon',NULL,0,'Coming soon',NULL,'_self',0,'2023-05-28 21:30:02','2023-05-28 21:30:03'),(8,1,0,NULL,NULL,'/products',NULL,0,'Shop',NULL,'_self',1,'2023-05-28 21:30:02','2023-05-28 21:30:02'),(9,1,8,NULL,NULL,'/products',NULL,0,'All products',NULL,'_self',0,'2023-05-28 21:30:02','2023-05-28 21:30:02'),(10,1,8,15,'Botble\\Ecommerce\\Models\\ProductCategory','/product-categories/potatoes',NULL,0,'Products Of Category',NULL,'_self',0,'2023-05-28 21:30:02','2023-05-28 21:30:03'),(11,1,8,NULL,NULL,'/products/beat-headphone',NULL,0,'Product Single',NULL,'_self',0,'2023-05-28 21:30:02','2023-05-28 21:30:02'),(12,1,0,NULL,NULL,'/stores',NULL,0,'Stores',NULL,'_self',0,'2023-05-28 21:30:02','2023-05-28 21:30:02'),(13,1,0,6,'Botble\\Page\\Models\\Page','/blog',NULL,0,'Blog',NULL,'_self',0,'2023-05-28 21:30:02','2023-05-28 21:30:03'),(14,1,0,7,'Botble\\Page\\Models\\Page','/faqs',NULL,0,'FAQs',NULL,'_self',0,'2023-05-28 21:30:02','2023-05-28 21:30:03'),(15,1,0,8,'Botble\\Page\\Models\\Page','/contact',NULL,0,'Contact',NULL,'_self',0,'2023-05-28 21:30:02','2023-05-28 21:30:03'),(16,2,0,2,'Botble\\Page\\Models\\Page','/about-us',NULL,0,'About Us',NULL,'_self',0,'2023-05-28 21:30:03','2023-05-28 21:30:03'),(17,2,0,NULL,NULL,'wishlist',NULL,0,'Wishlist',NULL,'_self',0,'2023-05-28 21:30:03','2023-05-28 21:30:03'),(18,2,0,NULL,NULL,'orders/tracking',NULL,0,'Order Tracking',NULL,'_self',0,'2023-05-28 21:30:03','2023-05-28 21:30:03'),(19,3,0,3,'Botble\\Page\\Models\\Page','/terms-of-use',NULL,0,'Terms Of Use',NULL,'_self',0,'2023-05-28 21:30:03','2023-05-28 21:30:03'),(20,3,0,4,'Botble\\Page\\Models\\Page','/terms-conditions',NULL,0,'Terms & Conditions',NULL,'_self',0,'2023-05-28 21:30:03','2023-05-28 21:30:03'),(21,3,0,5,'Botble\\Page\\Models\\Page','/refund-policy',NULL,0,'Refund Policy',NULL,'_self',0,'2023-05-28 21:30:03','2023-05-28 21:30:03'),(22,3,0,7,'Botble\\Page\\Models\\Page','/faqs',NULL,0,'FAQs',NULL,'_self',0,'2023-05-28 21:30:03','2023-05-28 21:30:03'),(23,3,0,NULL,NULL,'/nothing',NULL,0,'404 Page',NULL,'_self',0,'2023-05-28 21:30:03','2023-05-28 21:30:03'),(24,4,0,2,'Botble\\Page\\Models\\Page','/about-us',NULL,0,'About us',NULL,'_self',0,'2023-05-28 21:30:03','2023-05-28 21:30:03'),(25,4,0,10,'Botble\\Page\\Models\\Page','/affiliate',NULL,0,'Affiliate',NULL,'_self',0,'2023-05-28 21:30:03','2023-05-28 21:30:03'),(26,4,0,11,'Botble\\Page\\Models\\Page','/career',NULL,0,'Career',NULL,'_self',0,'2023-05-28 21:30:03','2023-05-28 21:30:03'),(27,4,0,8,'Botble\\Page\\Models\\Page','/contact',NULL,0,'Contact us',NULL,'_self',0,'2023-05-28 21:30:03','2023-05-28 21:30:03'),(28,5,0,6,'Botble\\Page\\Models\\Page','/blog',NULL,0,'Our blog',NULL,'_self',0,'2023-05-28 21:30:03','2023-05-28 21:30:03'),(29,5,0,NULL,NULL,'/cart',NULL,0,'Cart',NULL,'_self',0,'2023-05-28 21:30:03','2023-05-28 21:30:03'),(30,5,0,NULL,NULL,'/customer/overview',NULL,0,'My account',NULL,'_self',0,'2023-05-28 21:30:03','2023-05-28 21:30:03'),(31,5,0,NULL,NULL,'/products',NULL,0,'Shop',NULL,'_self',0,'2023-05-28 21:30:03','2023-05-28 21:30:03'),(32,6,0,NULL,NULL,'/',NULL,0,'Trang chủ',NULL,'_self',0,'2023-05-28 21:30:03','2023-05-28 21:30:03'),(33,6,0,NULL,NULL,'#',NULL,0,'Trang',NULL,'_self',1,'2023-05-28 21:30:03','2023-05-28 21:30:03'),(34,6,33,2,'Botble\\Page\\Models\\Page','/about-us',NULL,0,'Về chúng tôi',NULL,'_self',0,'2023-05-28 21:30:03','2023-05-28 21:30:03'),(35,6,33,3,'Botble\\Page\\Models\\Page','/terms-of-use',NULL,0,'Điều khoản sử dụng',NULL,'_self',0,'2023-05-28 21:30:03','2023-05-28 21:30:03'),(36,6,33,4,'Botble\\Page\\Models\\Page','/terms-conditions',NULL,0,'Điều khoản và quy định',NULL,'_self',0,'2023-05-28 21:30:03','2023-05-28 21:30:03'),(37,6,33,5,'Botble\\Page\\Models\\Page','/refund-policy',NULL,0,'Chính sách hoàn hàng',NULL,'_self',0,'2023-05-28 21:30:03','2023-05-28 21:30:03'),(38,6,33,12,'Botble\\Page\\Models\\Page','/coming-soon',NULL,0,'Sắp ra mắt',NULL,'_self',0,'2023-05-28 21:30:03','2023-05-28 21:30:03'),(39,6,0,NULL,NULL,'/products',NULL,0,'Sản phẩm',NULL,'_self',1,'2023-05-28 21:30:03','2023-05-28 21:30:03'),(40,6,39,NULL,NULL,'/products',NULL,0,'Tất cả sản phẩm',NULL,'_self',0,'2023-05-28 21:30:03','2023-05-28 21:30:03'),(41,6,39,15,'Botble\\Ecommerce\\Models\\ProductCategory','/product-categories/potatoes',NULL,0,'Danh mục sản phẩm',NULL,'_self',0,'2023-05-28 21:30:03','2023-05-28 21:30:03'),(42,6,39,NULL,NULL,'/products/beat-headphone',NULL,0,'Sản phẩm chi tiết',NULL,'_self',0,'2023-05-28 21:30:03','2023-05-28 21:30:03'),(43,6,0,NULL,NULL,'/stores',NULL,0,'Cửa hàng',NULL,'_self',0,'2023-05-28 21:30:03','2023-05-28 21:30:03'),(44,6,0,6,'Botble\\Page\\Models\\Page','/blog',NULL,0,'Tin tức',NULL,'_self',0,'2023-05-28 21:30:03','2023-05-28 21:30:03'),(45,6,0,7,'Botble\\Page\\Models\\Page','/faqs',NULL,0,'FAQs',NULL,'_self',0,'2023-05-28 21:30:03','2023-05-28 21:30:03'),(46,6,0,8,'Botble\\Page\\Models\\Page','/contact',NULL,0,'Liên hệ',NULL,'_self',0,'2023-05-28 21:30:03','2023-05-28 21:30:03'),(47,7,0,3,'Botble\\Page\\Models\\Page','/terms-of-use',NULL,0,'Điều khoản sử dụng',NULL,'_self',0,'2023-05-28 21:30:03','2023-05-28 21:30:03'),(48,7,0,4,'Botble\\Page\\Models\\Page','/terms-conditions',NULL,0,'Điều khoản và quy định',NULL,'_self',0,'2023-05-28 21:30:03','2023-05-28 21:30:03'),(49,7,0,5,'Botble\\Page\\Models\\Page','/refund-policy',NULL,0,'Chính sách hoàn hàng',NULL,'_self',0,'2023-05-28 21:30:03','2023-05-28 21:30:03'),(50,7,0,6,'Botble\\Page\\Models\\Page','/blog',NULL,0,'FAQs',NULL,'_self',0,'2023-05-28 21:30:03','2023-05-28 21:30:03'),(51,7,0,NULL,NULL,'/nothing',NULL,0,'404 Page',NULL,'_self',0,'2023-05-28 21:30:03','2023-05-28 21:30:03'),(52,8,0,2,'Botble\\Page\\Models\\Page','/about-us',NULL,0,'Về chúng tôi',NULL,'_self',0,'2023-05-28 21:30:03','2023-05-28 21:30:03'),(53,8,0,NULL,NULL,'wishlist',NULL,0,'Danh sách ưa thích',NULL,'_self',0,'2023-05-28 21:30:03','2023-05-28 21:30:03'),(54,8,0,NULL,NULL,'orders/tracking',NULL,0,'Theo dõi đơn hàng',NULL,'_self',0,'2023-05-28 21:30:03','2023-05-28 21:30:03'),(55,9,0,2,'Botble\\Page\\Models\\Page','/about-us',NULL,0,'Về chúng tôi',NULL,'_self',0,'2023-05-28 21:30:03','2023-05-28 21:30:03'),(56,9,0,10,'Botble\\Page\\Models\\Page','/affiliate',NULL,0,'Tiếp thị liên kết',NULL,'_self',0,'2023-05-28 21:30:03','2023-05-28 21:30:03'),(57,9,0,11,'Botble\\Page\\Models\\Page','/career',NULL,0,'Tuyển dụng',NULL,'_self',0,'2023-05-28 21:30:03','2023-05-28 21:30:03'),(58,9,0,8,'Botble\\Page\\Models\\Page','/contact',NULL,0,'Liên hệ',NULL,'_self',0,'2023-05-28 21:30:03','2023-05-28 21:30:03'),(59,10,0,6,'Botble\\Page\\Models\\Page','/blog',NULL,0,'Tin tức',NULL,'_self',0,'2023-05-28 21:30:03','2023-05-28 21:30:03'),(60,10,0,NULL,NULL,'/cart',NULL,0,'Giỏ hàng',NULL,'_self',0,'2023-05-28 21:30:03','2023-05-28 21:30:03'),(61,10,0,NULL,NULL,'/customer/overview',NULL,0,'Tài khoản',NULL,'_self',0,'2023-05-28 21:30:03','2023-05-28 21:30:03'),(62,10,0,NULL,NULL,'/products',NULL,0,'Sản phẩm',NULL,'_self',0,'2023-05-28 21:30:03','2023-05-28 21:30:03');
/*!40000 ALTER TABLE `menu_nodes` ENABLE KEYS */;
UNLOCK TABLES;

--
-- Table structure for table `menus`
--

DROP TABLE IF EXISTS `menus`;
/*!40101 SET @saved_cs_client     = @@character_set_client */;
/*!50503 SET character_set_client = utf8mb4 */;
CREATE TABLE `menus` (
  `id` bigint unsigned NOT NULL AUTO_INCREMENT,
  `name` varchar(120) COLLATE utf8mb4_unicode_ci NOT NULL,
  `slug` varchar(120) COLLATE utf8mb4_unicode_ci DEFAULT NULL,
  `status` varchar(60) COLLATE utf8mb4_unicode_ci NOT NULL DEFAULT 'published',
  `created_at` timestamp NULL DEFAULT NULL,
  `updated_at` timestamp NULL DEFAULT NULL,
  PRIMARY KEY (`id`),
  UNIQUE KEY `menus_slug_unique` (`slug`)
) ENGINE=InnoDB AUTO_INCREMENT=11 DEFAULT CHARSET=utf8mb4 COLLATE=utf8mb4_unicode_ci;
/*!40101 SET character_set_client = @saved_cs_client */;

--
-- Dumping data for table `menus`
--

LOCK TABLES `menus` WRITE;
/*!40000 ALTER TABLE `menus` DISABLE KEYS */;
INSERT INTO `menus` VALUES (1,'Main menu','main-menu','published','2023-05-28 21:30:02','2023-05-28 21:30:02'),(2,'Header menu','header-menu','published','2023-05-28 21:30:03','2023-05-28 21:30:03'),(3,'Useful Links','useful-links','published','2023-05-28 21:30:03','2023-05-28 21:30:03'),(4,'Help Center','help-center','published','2023-05-28 21:30:03','2023-05-28 21:30:03'),(5,'Business','business','published','2023-05-28 21:30:03','2023-05-28 21:30:03'),(6,'Menu chính','menu-chinh','published','2023-05-28 21:30:03','2023-05-28 21:30:03'),(7,'Liên kết hữu ích','lien-ket-huu-ich','published','2023-05-28 21:30:03','2023-05-28 21:30:03'),(8,'Menu trên cùng','menu-tren-cung','published','2023-05-28 21:30:03','2023-05-28 21:30:03'),(9,'Trung tâm trợ giúp','trung-tam-tro-giup','published','2023-05-28 21:30:03','2023-05-28 21:30:03'),(10,'Doanh nghiệp','doanh-nghiep','published','2023-05-28 21:30:03','2023-05-28 21:30:03');
/*!40000 ALTER TABLE `menus` ENABLE KEYS */;
UNLOCK TABLES;

--
-- Table structure for table `meta_boxes`
--

DROP TABLE IF EXISTS `meta_boxes`;
/*!40101 SET @saved_cs_client     = @@character_set_client */;
/*!50503 SET character_set_client = utf8mb4 */;
CREATE TABLE `meta_boxes` (
  `id` bigint unsigned NOT NULL AUTO_INCREMENT,
  `meta_key` varchar(255) COLLATE utf8mb4_unicode_ci NOT NULL,
  `meta_value` text COLLATE utf8mb4_unicode_ci,
  `reference_id` bigint unsigned NOT NULL,
  `reference_type` varchar(120) COLLATE utf8mb4_unicode_ci NOT NULL,
  `created_at` timestamp NULL DEFAULT NULL,
  `updated_at` timestamp NULL DEFAULT NULL,
  PRIMARY KEY (`id`),
  KEY `meta_boxes_reference_id_index` (`reference_id`)
) ENGINE=InnoDB AUTO_INCREMENT=99 DEFAULT CHARSET=utf8mb4 COLLATE=utf8mb4_unicode_ci;
/*!40101 SET character_set_client = @saved_cs_client */;

--
-- Dumping data for table `meta_boxes`
--

LOCK TABLES `meta_boxes` WRITE;
/*!40000 ALTER TABLE `meta_boxes` DISABLE KEYS */;
INSERT INTO `meta_boxes` VALUES (1,'icon','[\"icon-star\"]',1,'Botble\\Ecommerce\\Models\\ProductCategory','2023-05-28 21:29:51','2023-05-28 21:29:51'),(2,'icon','[\"icon-bread\"]',24,'Botble\\Ecommerce\\Models\\ProductCategory','2023-05-28 21:29:51','2023-05-28 21:29:51'),(3,'icon','[\"icon-hamburger\"]',52,'Botble\\Ecommerce\\Models\\ProductCategory','2023-05-28 21:29:51','2023-05-28 21:29:51'),(4,'icon','[\"icon-steak\"]',53,'Botble\\Ecommerce\\Models\\ProductCategory','2023-05-28 21:29:51','2023-05-28 21:29:51'),(5,'icon','[\"icon-glass\"]',54,'Botble\\Ecommerce\\Models\\ProductCategory','2023-05-28 21:29:51','2023-05-28 21:29:51'),(6,'icon','[\"icon-teacup\"]',80,'Botble\\Ecommerce\\Models\\ProductCategory','2023-05-28 21:29:51','2023-05-28 21:29:51'),(7,'icon','[\"icon-coffee-cup\"]',81,'Botble\\Ecommerce\\Models\\ProductCategory','2023-05-28 21:29:51','2023-05-28 21:29:51'),(8,'icon','[\"icon-hotdog\"]',82,'Botble\\Ecommerce\\Models\\ProductCategory','2023-05-28 21:29:51','2023-05-28 21:29:51'),(9,'icon','[\"icon-cheese\"]',83,'Botble\\Ecommerce\\Models\\ProductCategory','2023-05-28 21:29:51','2023-05-28 21:29:51'),(10,'faq_schema_config','[[[{\"key\":\"question\",\"value\":\"What Shipping Methods Are Available?\"},{\"key\":\"answer\",\"value\":\"Ex Portland Pitchfork irure mustache. Eutra fap before they sold out literally. Aliquip ugh bicycle rights actually mlkshk, seitan squid craft beer tempor.\"}],[{\"key\":\"question\",\"value\":\"Do You Ship Internationally?\"},{\"key\":\"answer\",\"value\":\"Hoodie tote bag mixtape tofu. Typewriter jean shorts wolf quinoa, messenger bag organic freegan cray.\"}],[{\"key\":\"question\",\"value\":\"How Long Will It Take To Get My Package?\"},{\"key\":\"answer\",\"value\":\"Swag slow-carb quinoa VHS typewriter pork belly brunch, paleo single-origin coffee Wes Anderson. Flexitarian Pitchfork forage, literally paleo fap pour-over. Wes Anderson Pinterest YOLO fanny pack meggings, deep v XOXO chambray sustainable slow-carb raw denim church-key fap chillwave Etsy. +1 typewriter kitsch, American Apparel tofu Banksy Vice.\"}],[{\"key\":\"question\",\"value\":\"What Payment Methods Are Accepted?\"},{\"key\":\"answer\",\"value\":\"Fashion axe DIY jean shorts, swag kale chips meh polaroid kogi butcher Wes Anderson chambray next level semiotics gentrify yr. Voluptate photo booth fugiat Vice. Austin sed Williamsburg, ea labore raw denim voluptate cred proident mixtape excepteur mustache. Twee chia photo booth readymade food truck, hoodie roof party swag keytar PBR DIY.\"}],[{\"key\":\"question\",\"value\":\"Is Buying On-Line Safe?\"},{\"key\":\"answer\",\"value\":\"Art party authentic freegan semiotics jean shorts chia cred. Neutra Austin roof party Brooklyn, synth Thundercats swag 8-bit photo booth. Plaid letterpress leggings craft beer meh ethical Pinterest.\"}]]]',1,'Botble\\Ecommerce\\Models\\Product','2023-05-28 21:29:55','2023-05-28 21:29:55'),(11,'faq_schema_config','[[[{\"key\":\"question\",\"value\":\"What Shipping Methods Are Available?\"},{\"key\":\"answer\",\"value\":\"Ex Portland Pitchfork irure mustache. Eutra fap before they sold out literally. Aliquip ugh bicycle rights actually mlkshk, seitan squid craft beer tempor.\"}],[{\"key\":\"question\",\"value\":\"Do You Ship Internationally?\"},{\"key\":\"answer\",\"value\":\"Hoodie tote bag mixtape tofu. Typewriter jean shorts wolf quinoa, messenger bag organic freegan cray.\"}],[{\"key\":\"question\",\"value\":\"How Long Will It Take To Get My Package?\"},{\"key\":\"answer\",\"value\":\"Swag slow-carb quinoa VHS typewriter pork belly brunch, paleo single-origin coffee Wes Anderson. Flexitarian Pitchfork forage, literally paleo fap pour-over. Wes Anderson Pinterest YOLO fanny pack meggings, deep v XOXO chambray sustainable slow-carb raw denim church-key fap chillwave Etsy. +1 typewriter kitsch, American Apparel tofu Banksy Vice.\"}],[{\"key\":\"question\",\"value\":\"What Payment Methods Are Accepted?\"},{\"key\":\"answer\",\"value\":\"Fashion axe DIY jean shorts, swag kale chips meh polaroid kogi butcher Wes Anderson chambray next level semiotics gentrify yr. Voluptate photo booth fugiat Vice. Austin sed Williamsburg, ea labore raw denim voluptate cred proident mixtape excepteur mustache. Twee chia photo booth readymade food truck, hoodie roof party swag keytar PBR DIY.\"}],[{\"key\":\"question\",\"value\":\"Is Buying On-Line Safe?\"},{\"key\":\"answer\",\"value\":\"Art party authentic freegan semiotics jean shorts chia cred. Neutra Austin roof party Brooklyn, synth Thundercats swag 8-bit photo booth. Plaid letterpress leggings craft beer meh ethical Pinterest.\"}]]]',2,'Botble\\Ecommerce\\Models\\Product','2023-05-28 21:29:55','2023-05-28 21:29:55'),(12,'faq_schema_config','[[[{\"key\":\"question\",\"value\":\"What Shipping Methods Are Available?\"},{\"key\":\"answer\",\"value\":\"Ex Portland Pitchfork irure mustache. Eutra fap before they sold out literally. Aliquip ugh bicycle rights actually mlkshk, seitan squid craft beer tempor.\"}],[{\"key\":\"question\",\"value\":\"Do You Ship Internationally?\"},{\"key\":\"answer\",\"value\":\"Hoodie tote bag mixtape tofu. Typewriter jean shorts wolf quinoa, messenger bag organic freegan cray.\"}],[{\"key\":\"question\",\"value\":\"How Long Will It Take To Get My Package?\"},{\"key\":\"answer\",\"value\":\"Swag slow-carb quinoa VHS typewriter pork belly brunch, paleo single-origin coffee Wes Anderson. Flexitarian Pitchfork forage, literally paleo fap pour-over. Wes Anderson Pinterest YOLO fanny pack meggings, deep v XOXO chambray sustainable slow-carb raw denim church-key fap chillwave Etsy. +1 typewriter kitsch, American Apparel tofu Banksy Vice.\"}],[{\"key\":\"question\",\"value\":\"What Payment Methods Are Accepted?\"},{\"key\":\"answer\",\"value\":\"Fashion axe DIY jean shorts, swag kale chips meh polaroid kogi butcher Wes Anderson chambray next level semiotics gentrify yr. Voluptate photo booth fugiat Vice. Austin sed Williamsburg, ea labore raw denim voluptate cred proident mixtape excepteur mustache. Twee chia photo booth readymade food truck, hoodie roof party swag keytar PBR DIY.\"}],[{\"key\":\"question\",\"value\":\"Is Buying On-Line Safe?\"},{\"key\":\"answer\",\"value\":\"Art party authentic freegan semiotics jean shorts chia cred. Neutra Austin roof party Brooklyn, synth Thundercats swag 8-bit photo booth. Plaid letterpress leggings craft beer meh ethical Pinterest.\"}]]]',3,'Botble\\Ecommerce\\Models\\Product','2023-05-28 21:29:55','2023-05-28 21:29:55'),(13,'faq_schema_config','[[[{\"key\":\"question\",\"value\":\"What Shipping Methods Are Available?\"},{\"key\":\"answer\",\"value\":\"Ex Portland Pitchfork irure mustache. Eutra fap before they sold out literally. Aliquip ugh bicycle rights actually mlkshk, seitan squid craft beer tempor.\"}],[{\"key\":\"question\",\"value\":\"Do You Ship Internationally?\"},{\"key\":\"answer\",\"value\":\"Hoodie tote bag mixtape tofu. Typewriter jean shorts wolf quinoa, messenger bag organic freegan cray.\"}],[{\"key\":\"question\",\"value\":\"How Long Will It Take To Get My Package?\"},{\"key\":\"answer\",\"value\":\"Swag slow-carb quinoa VHS typewriter pork belly brunch, paleo single-origin coffee Wes Anderson. Flexitarian Pitchfork forage, literally paleo fap pour-over. Wes Anderson Pinterest YOLO fanny pack meggings, deep v XOXO chambray sustainable slow-carb raw denim church-key fap chillwave Etsy. +1 typewriter kitsch, American Apparel tofu Banksy Vice.\"}],[{\"key\":\"question\",\"value\":\"What Payment Methods Are Accepted?\"},{\"key\":\"answer\",\"value\":\"Fashion axe DIY jean shorts, swag kale chips meh polaroid kogi butcher Wes Anderson chambray next level semiotics gentrify yr. Voluptate photo booth fugiat Vice. Austin sed Williamsburg, ea labore raw denim voluptate cred proident mixtape excepteur mustache. Twee chia photo booth readymade food truck, hoodie roof party swag keytar PBR DIY.\"}],[{\"key\":\"question\",\"value\":\"Is Buying On-Line Safe?\"},{\"key\":\"answer\",\"value\":\"Art party authentic freegan semiotics jean shorts chia cred. Neutra Austin roof party Brooklyn, synth Thundercats swag 8-bit photo booth. Plaid letterpress leggings craft beer meh ethical Pinterest.\"}]]]',4,'Botble\\Ecommerce\\Models\\Product','2023-05-28 21:29:55','2023-05-28 21:29:55'),(14,'faq_schema_config','[[[{\"key\":\"question\",\"value\":\"What Shipping Methods Are Available?\"},{\"key\":\"answer\",\"value\":\"Ex Portland Pitchfork irure mustache. Eutra fap before they sold out literally. Aliquip ugh bicycle rights actually mlkshk, seitan squid craft beer tempor.\"}],[{\"key\":\"question\",\"value\":\"Do You Ship Internationally?\"},{\"key\":\"answer\",\"value\":\"Hoodie tote bag mixtape tofu. Typewriter jean shorts wolf quinoa, messenger bag organic freegan cray.\"}],[{\"key\":\"question\",\"value\":\"How Long Will It Take To Get My Package?\"},{\"key\":\"answer\",\"value\":\"Swag slow-carb quinoa VHS typewriter pork belly brunch, paleo single-origin coffee Wes Anderson. Flexitarian Pitchfork forage, literally paleo fap pour-over. Wes Anderson Pinterest YOLO fanny pack meggings, deep v XOXO chambray sustainable slow-carb raw denim church-key fap chillwave Etsy. +1 typewriter kitsch, American Apparel tofu Banksy Vice.\"}],[{\"key\":\"question\",\"value\":\"What Payment Methods Are Accepted?\"},{\"key\":\"answer\",\"value\":\"Fashion axe DIY jean shorts, swag kale chips meh polaroid kogi butcher Wes Anderson chambray next level semiotics gentrify yr. Voluptate photo booth fugiat Vice. Austin sed Williamsburg, ea labore raw denim voluptate cred proident mixtape excepteur mustache. Twee chia photo booth readymade food truck, hoodie roof party swag keytar PBR DIY.\"}],[{\"key\":\"question\",\"value\":\"Is Buying On-Line Safe?\"},{\"key\":\"answer\",\"value\":\"Art party authentic freegan semiotics jean shorts chia cred. Neutra Austin roof party Brooklyn, synth Thundercats swag 8-bit photo booth. Plaid letterpress leggings craft beer meh ethical Pinterest.\"}]]]',5,'Botble\\Ecommerce\\Models\\Product','2023-05-28 21:29:55','2023-05-28 21:29:55'),(15,'faq_schema_config','[[[{\"key\":\"question\",\"value\":\"What Shipping Methods Are Available?\"},{\"key\":\"answer\",\"value\":\"Ex Portland Pitchfork irure mustache. Eutra fap before they sold out literally. Aliquip ugh bicycle rights actually mlkshk, seitan squid craft beer tempor.\"}],[{\"key\":\"question\",\"value\":\"Do You Ship Internationally?\"},{\"key\":\"answer\",\"value\":\"Hoodie tote bag mixtape tofu. Typewriter jean shorts wolf quinoa, messenger bag organic freegan cray.\"}],[{\"key\":\"question\",\"value\":\"How Long Will It Take To Get My Package?\"},{\"key\":\"answer\",\"value\":\"Swag slow-carb quinoa VHS typewriter pork belly brunch, paleo single-origin coffee Wes Anderson. Flexitarian Pitchfork forage, literally paleo fap pour-over. Wes Anderson Pinterest YOLO fanny pack meggings, deep v XOXO chambray sustainable slow-carb raw denim church-key fap chillwave Etsy. +1 typewriter kitsch, American Apparel tofu Banksy Vice.\"}],[{\"key\":\"question\",\"value\":\"What Payment Methods Are Accepted?\"},{\"key\":\"answer\",\"value\":\"Fashion axe DIY jean shorts, swag kale chips meh polaroid kogi butcher Wes Anderson chambray next level semiotics gentrify yr. Voluptate photo booth fugiat Vice. Austin sed Williamsburg, ea labore raw denim voluptate cred proident mixtape excepteur mustache. Twee chia photo booth readymade food truck, hoodie roof party swag keytar PBR DIY.\"}],[{\"key\":\"question\",\"value\":\"Is Buying On-Line Safe?\"},{\"key\":\"answer\",\"value\":\"Art party authentic freegan semiotics jean shorts chia cred. Neutra Austin roof party Brooklyn, synth Thundercats swag 8-bit photo booth. Plaid letterpress leggings craft beer meh ethical Pinterest.\"}]]]',6,'Botble\\Ecommerce\\Models\\Product','2023-05-28 21:29:55','2023-05-28 21:29:55'),(16,'faq_schema_config','[[[{\"key\":\"question\",\"value\":\"What Shipping Methods Are Available?\"},{\"key\":\"answer\",\"value\":\"Ex Portland Pitchfork irure mustache. Eutra fap before they sold out literally. Aliquip ugh bicycle rights actually mlkshk, seitan squid craft beer tempor.\"}],[{\"key\":\"question\",\"value\":\"Do You Ship Internationally?\"},{\"key\":\"answer\",\"value\":\"Hoodie tote bag mixtape tofu. Typewriter jean shorts wolf quinoa, messenger bag organic freegan cray.\"}],[{\"key\":\"question\",\"value\":\"How Long Will It Take To Get My Package?\"},{\"key\":\"answer\",\"value\":\"Swag slow-carb quinoa VHS typewriter pork belly brunch, paleo single-origin coffee Wes Anderson. Flexitarian Pitchfork forage, literally paleo fap pour-over. Wes Anderson Pinterest YOLO fanny pack meggings, deep v XOXO chambray sustainable slow-carb raw denim church-key fap chillwave Etsy. +1 typewriter kitsch, American Apparel tofu Banksy Vice.\"}],[{\"key\":\"question\",\"value\":\"What Payment Methods Are Accepted?\"},{\"key\":\"answer\",\"value\":\"Fashion axe DIY jean shorts, swag kale chips meh polaroid kogi butcher Wes Anderson chambray next level semiotics gentrify yr. Voluptate photo booth fugiat Vice. Austin sed Williamsburg, ea labore raw denim voluptate cred proident mixtape excepteur mustache. Twee chia photo booth readymade food truck, hoodie roof party swag keytar PBR DIY.\"}],[{\"key\":\"question\",\"value\":\"Is Buying On-Line Safe?\"},{\"key\":\"answer\",\"value\":\"Art party authentic freegan semiotics jean shorts chia cred. Neutra Austin roof party Brooklyn, synth Thundercats swag 8-bit photo booth. Plaid letterpress leggings craft beer meh ethical Pinterest.\"}]]]',7,'Botble\\Ecommerce\\Models\\Product','2023-05-28 21:29:55','2023-05-28 21:29:55'),(17,'faq_schema_config','[[[{\"key\":\"question\",\"value\":\"What Shipping Methods Are Available?\"},{\"key\":\"answer\",\"value\":\"Ex Portland Pitchfork irure mustache. Eutra fap before they sold out literally. Aliquip ugh bicycle rights actually mlkshk, seitan squid craft beer tempor.\"}],[{\"key\":\"question\",\"value\":\"Do You Ship Internationally?\"},{\"key\":\"answer\",\"value\":\"Hoodie tote bag mixtape tofu. Typewriter jean shorts wolf quinoa, messenger bag organic freegan cray.\"}],[{\"key\":\"question\",\"value\":\"How Long Will It Take To Get My Package?\"},{\"key\":\"answer\",\"value\":\"Swag slow-carb quinoa VHS typewriter pork belly brunch, paleo single-origin coffee Wes Anderson. Flexitarian Pitchfork forage, literally paleo fap pour-over. Wes Anderson Pinterest YOLO fanny pack meggings, deep v XOXO chambray sustainable slow-carb raw denim church-key fap chillwave Etsy. +1 typewriter kitsch, American Apparel tofu Banksy Vice.\"}],[{\"key\":\"question\",\"value\":\"What Payment Methods Are Accepted?\"},{\"key\":\"answer\",\"value\":\"Fashion axe DIY jean shorts, swag kale chips meh polaroid kogi butcher Wes Anderson chambray next level semiotics gentrify yr. Voluptate photo booth fugiat Vice. Austin sed Williamsburg, ea labore raw denim voluptate cred proident mixtape excepteur mustache. Twee chia photo booth readymade food truck, hoodie roof party swag keytar PBR DIY.\"}],[{\"key\":\"question\",\"value\":\"Is Buying On-Line Safe?\"},{\"key\":\"answer\",\"value\":\"Art party authentic freegan semiotics jean shorts chia cred. Neutra Austin roof party Brooklyn, synth Thundercats swag 8-bit photo booth. Plaid letterpress leggings craft beer meh ethical Pinterest.\"}]]]',8,'Botble\\Ecommerce\\Models\\Product','2023-05-28 21:29:55','2023-05-28 21:29:55'),(18,'faq_schema_config','[[[{\"key\":\"question\",\"value\":\"What Shipping Methods Are Available?\"},{\"key\":\"answer\",\"value\":\"Ex Portland Pitchfork irure mustache. Eutra fap before they sold out literally. Aliquip ugh bicycle rights actually mlkshk, seitan squid craft beer tempor.\"}],[{\"key\":\"question\",\"value\":\"Do You Ship Internationally?\"},{\"key\":\"answer\",\"value\":\"Hoodie tote bag mixtape tofu. Typewriter jean shorts wolf quinoa, messenger bag organic freegan cray.\"}],[{\"key\":\"question\",\"value\":\"How Long Will It Take To Get My Package?\"},{\"key\":\"answer\",\"value\":\"Swag slow-carb quinoa VHS typewriter pork belly brunch, paleo single-origin coffee Wes Anderson. Flexitarian Pitchfork forage, literally paleo fap pour-over. Wes Anderson Pinterest YOLO fanny pack meggings, deep v XOXO chambray sustainable slow-carb raw denim church-key fap chillwave Etsy. +1 typewriter kitsch, American Apparel tofu Banksy Vice.\"}],[{\"key\":\"question\",\"value\":\"What Payment Methods Are Accepted?\"},{\"key\":\"answer\",\"value\":\"Fashion axe DIY jean shorts, swag kale chips meh polaroid kogi butcher Wes Anderson chambray next level semiotics gentrify yr. Voluptate photo booth fugiat Vice. Austin sed Williamsburg, ea labore raw denim voluptate cred proident mixtape excepteur mustache. Twee chia photo booth readymade food truck, hoodie roof party swag keytar PBR DIY.\"}],[{\"key\":\"question\",\"value\":\"Is Buying On-Line Safe?\"},{\"key\":\"answer\",\"value\":\"Art party authentic freegan semiotics jean shorts chia cred. Neutra Austin roof party Brooklyn, synth Thundercats swag 8-bit photo booth. Plaid letterpress leggings craft beer meh ethical Pinterest.\"}]]]',9,'Botble\\Ecommerce\\Models\\Product','2023-05-28 21:29:55','2023-05-28 21:29:55'),(19,'faq_schema_config','[[[{\"key\":\"question\",\"value\":\"What Shipping Methods Are Available?\"},{\"key\":\"answer\",\"value\":\"Ex Portland Pitchfork irure mustache. Eutra fap before they sold out literally. Aliquip ugh bicycle rights actually mlkshk, seitan squid craft beer tempor.\"}],[{\"key\":\"question\",\"value\":\"Do You Ship Internationally?\"},{\"key\":\"answer\",\"value\":\"Hoodie tote bag mixtape tofu. Typewriter jean shorts wolf quinoa, messenger bag organic freegan cray.\"}],[{\"key\":\"question\",\"value\":\"How Long Will It Take To Get My Package?\"},{\"key\":\"answer\",\"value\":\"Swag slow-carb quinoa VHS typewriter pork belly brunch, paleo single-origin coffee Wes Anderson. Flexitarian Pitchfork forage, literally paleo fap pour-over. Wes Anderson Pinterest YOLO fanny pack meggings, deep v XOXO chambray sustainable slow-carb raw denim church-key fap chillwave Etsy. +1 typewriter kitsch, American Apparel tofu Banksy Vice.\"}],[{\"key\":\"question\",\"value\":\"What Payment Methods Are Accepted?\"},{\"key\":\"answer\",\"value\":\"Fashion axe DIY jean shorts, swag kale chips meh polaroid kogi butcher Wes Anderson chambray next level semiotics gentrify yr. Voluptate photo booth fugiat Vice. Austin sed Williamsburg, ea labore raw denim voluptate cred proident mixtape excepteur mustache. Twee chia photo booth readymade food truck, hoodie roof party swag keytar PBR DIY.\"}],[{\"key\":\"question\",\"value\":\"Is Buying On-Line Safe?\"},{\"key\":\"answer\",\"value\":\"Art party authentic freegan semiotics jean shorts chia cred. Neutra Austin roof party Brooklyn, synth Thundercats swag 8-bit photo booth. Plaid letterpress leggings craft beer meh ethical Pinterest.\"}]]]',10,'Botble\\Ecommerce\\Models\\Product','2023-05-28 21:29:55','2023-05-28 21:29:55'),(20,'faq_schema_config','[[[{\"key\":\"question\",\"value\":\"What Shipping Methods Are Available?\"},{\"key\":\"answer\",\"value\":\"Ex Portland Pitchfork irure mustache. Eutra fap before they sold out literally. Aliquip ugh bicycle rights actually mlkshk, seitan squid craft beer tempor.\"}],[{\"key\":\"question\",\"value\":\"Do You Ship Internationally?\"},{\"key\":\"answer\",\"value\":\"Hoodie tote bag mixtape tofu. Typewriter jean shorts wolf quinoa, messenger bag organic freegan cray.\"}],[{\"key\":\"question\",\"value\":\"How Long Will It Take To Get My Package?\"},{\"key\":\"answer\",\"value\":\"Swag slow-carb quinoa VHS typewriter pork belly brunch, paleo single-origin coffee Wes Anderson. Flexitarian Pitchfork forage, literally paleo fap pour-over. Wes Anderson Pinterest YOLO fanny pack meggings, deep v XOXO chambray sustainable slow-carb raw denim church-key fap chillwave Etsy. +1 typewriter kitsch, American Apparel tofu Banksy Vice.\"}],[{\"key\":\"question\",\"value\":\"What Payment Methods Are Accepted?\"},{\"key\":\"answer\",\"value\":\"Fashion axe DIY jean shorts, swag kale chips meh polaroid kogi butcher Wes Anderson chambray next level semiotics gentrify yr. Voluptate photo booth fugiat Vice. Austin sed Williamsburg, ea labore raw denim voluptate cred proident mixtape excepteur mustache. Twee chia photo booth readymade food truck, hoodie roof party swag keytar PBR DIY.\"}],[{\"key\":\"question\",\"value\":\"Is Buying On-Line Safe?\"},{\"key\":\"answer\",\"value\":\"Art party authentic freegan semiotics jean shorts chia cred. Neutra Austin roof party Brooklyn, synth Thundercats swag 8-bit photo booth. Plaid letterpress leggings craft beer meh ethical Pinterest.\"}]]]',11,'Botble\\Ecommerce\\Models\\Product','2023-05-28 21:29:55','2023-05-28 21:29:55'),(21,'faq_schema_config','[[[{\"key\":\"question\",\"value\":\"What Shipping Methods Are Available?\"},{\"key\":\"answer\",\"value\":\"Ex Portland Pitchfork irure mustache. Eutra fap before they sold out literally. Aliquip ugh bicycle rights actually mlkshk, seitan squid craft beer tempor.\"}],[{\"key\":\"question\",\"value\":\"Do You Ship Internationally?\"},{\"key\":\"answer\",\"value\":\"Hoodie tote bag mixtape tofu. Typewriter jean shorts wolf quinoa, messenger bag organic freegan cray.\"}],[{\"key\":\"question\",\"value\":\"How Long Will It Take To Get My Package?\"},{\"key\":\"answer\",\"value\":\"Swag slow-carb quinoa VHS typewriter pork belly brunch, paleo single-origin coffee Wes Anderson. Flexitarian Pitchfork forage, literally paleo fap pour-over. Wes Anderson Pinterest YOLO fanny pack meggings, deep v XOXO chambray sustainable slow-carb raw denim church-key fap chillwave Etsy. +1 typewriter kitsch, American Apparel tofu Banksy Vice.\"}],[{\"key\":\"question\",\"value\":\"What Payment Methods Are Accepted?\"},{\"key\":\"answer\",\"value\":\"Fashion axe DIY jean shorts, swag kale chips meh polaroid kogi butcher Wes Anderson chambray next level semiotics gentrify yr. Voluptate photo booth fugiat Vice. Austin sed Williamsburg, ea labore raw denim voluptate cred proident mixtape excepteur mustache. Twee chia photo booth readymade food truck, hoodie roof party swag keytar PBR DIY.\"}],[{\"key\":\"question\",\"value\":\"Is Buying On-Line Safe?\"},{\"key\":\"answer\",\"value\":\"Art party authentic freegan semiotics jean shorts chia cred. Neutra Austin roof party Brooklyn, synth Thundercats swag 8-bit photo booth. Plaid letterpress leggings craft beer meh ethical Pinterest.\"}]]]',12,'Botble\\Ecommerce\\Models\\Product','2023-05-28 21:29:55','2023-05-28 21:29:55'),(22,'faq_schema_config','[[[{\"key\":\"question\",\"value\":\"What Shipping Methods Are Available?\"},{\"key\":\"answer\",\"value\":\"Ex Portland Pitchfork irure mustache. Eutra fap before they sold out literally. Aliquip ugh bicycle rights actually mlkshk, seitan squid craft beer tempor.\"}],[{\"key\":\"question\",\"value\":\"Do You Ship Internationally?\"},{\"key\":\"answer\",\"value\":\"Hoodie tote bag mixtape tofu. Typewriter jean shorts wolf quinoa, messenger bag organic freegan cray.\"}],[{\"key\":\"question\",\"value\":\"How Long Will It Take To Get My Package?\"},{\"key\":\"answer\",\"value\":\"Swag slow-carb quinoa VHS typewriter pork belly brunch, paleo single-origin coffee Wes Anderson. Flexitarian Pitchfork forage, literally paleo fap pour-over. Wes Anderson Pinterest YOLO fanny pack meggings, deep v XOXO chambray sustainable slow-carb raw denim church-key fap chillwave Etsy. +1 typewriter kitsch, American Apparel tofu Banksy Vice.\"}],[{\"key\":\"question\",\"value\":\"What Payment Methods Are Accepted?\"},{\"key\":\"answer\",\"value\":\"Fashion axe DIY jean shorts, swag kale chips meh polaroid kogi butcher Wes Anderson chambray next level semiotics gentrify yr. Voluptate photo booth fugiat Vice. Austin sed Williamsburg, ea labore raw denim voluptate cred proident mixtape excepteur mustache. Twee chia photo booth readymade food truck, hoodie roof party swag keytar PBR DIY.\"}],[{\"key\":\"question\",\"value\":\"Is Buying On-Line Safe?\"},{\"key\":\"answer\",\"value\":\"Art party authentic freegan semiotics jean shorts chia cred. Neutra Austin roof party Brooklyn, synth Thundercats swag 8-bit photo booth. Plaid letterpress leggings craft beer meh ethical Pinterest.\"}]]]',13,'Botble\\Ecommerce\\Models\\Product','2023-05-28 21:29:55','2023-05-28 21:29:55'),(23,'faq_schema_config','[[[{\"key\":\"question\",\"value\":\"What Shipping Methods Are Available?\"},{\"key\":\"answer\",\"value\":\"Ex Portland Pitchfork irure mustache. Eutra fap before they sold out literally. Aliquip ugh bicycle rights actually mlkshk, seitan squid craft beer tempor.\"}],[{\"key\":\"question\",\"value\":\"Do You Ship Internationally?\"},{\"key\":\"answer\",\"value\":\"Hoodie tote bag mixtape tofu. Typewriter jean shorts wolf quinoa, messenger bag organic freegan cray.\"}],[{\"key\":\"question\",\"value\":\"How Long Will It Take To Get My Package?\"},{\"key\":\"answer\",\"value\":\"Swag slow-carb quinoa VHS typewriter pork belly brunch, paleo single-origin coffee Wes Anderson. Flexitarian Pitchfork forage, literally paleo fap pour-over. Wes Anderson Pinterest YOLO fanny pack meggings, deep v XOXO chambray sustainable slow-carb raw denim church-key fap chillwave Etsy. +1 typewriter kitsch, American Apparel tofu Banksy Vice.\"}],[{\"key\":\"question\",\"value\":\"What Payment Methods Are Accepted?\"},{\"key\":\"answer\",\"value\":\"Fashion axe DIY jean shorts, swag kale chips meh polaroid kogi butcher Wes Anderson chambray next level semiotics gentrify yr. Voluptate photo booth fugiat Vice. Austin sed Williamsburg, ea labore raw denim voluptate cred proident mixtape excepteur mustache. Twee chia photo booth readymade food truck, hoodie roof party swag keytar PBR DIY.\"}],[{\"key\":\"question\",\"value\":\"Is Buying On-Line Safe?\"},{\"key\":\"answer\",\"value\":\"Art party authentic freegan semiotics jean shorts chia cred. Neutra Austin roof party Brooklyn, synth Thundercats swag 8-bit photo booth. Plaid letterpress leggings craft beer meh ethical Pinterest.\"}]]]',14,'Botble\\Ecommerce\\Models\\Product','2023-05-28 21:29:55','2023-05-28 21:29:55'),(24,'faq_schema_config','[[[{\"key\":\"question\",\"value\":\"What Shipping Methods Are Available?\"},{\"key\":\"answer\",\"value\":\"Ex Portland Pitchfork irure mustache. Eutra fap before they sold out literally. Aliquip ugh bicycle rights actually mlkshk, seitan squid craft beer tempor.\"}],[{\"key\":\"question\",\"value\":\"Do You Ship Internationally?\"},{\"key\":\"answer\",\"value\":\"Hoodie tote bag mixtape tofu. Typewriter jean shorts wolf quinoa, messenger bag organic freegan cray.\"}],[{\"key\":\"question\",\"value\":\"How Long Will It Take To Get My Package?\"},{\"key\":\"answer\",\"value\":\"Swag slow-carb quinoa VHS typewriter pork belly brunch, paleo single-origin coffee Wes Anderson. Flexitarian Pitchfork forage, literally paleo fap pour-over. Wes Anderson Pinterest YOLO fanny pack meggings, deep v XOXO chambray sustainable slow-carb raw denim church-key fap chillwave Etsy. +1 typewriter kitsch, American Apparel tofu Banksy Vice.\"}],[{\"key\":\"question\",\"value\":\"What Payment Methods Are Accepted?\"},{\"key\":\"answer\",\"value\":\"Fashion axe DIY jean shorts, swag kale chips meh polaroid kogi butcher Wes Anderson chambray next level semiotics gentrify yr. Voluptate photo booth fugiat Vice. Austin sed Williamsburg, ea labore raw denim voluptate cred proident mixtape excepteur mustache. Twee chia photo booth readymade food truck, hoodie roof party swag keytar PBR DIY.\"}],[{\"key\":\"question\",\"value\":\"Is Buying On-Line Safe?\"},{\"key\":\"answer\",\"value\":\"Art party authentic freegan semiotics jean shorts chia cred. Neutra Austin roof party Brooklyn, synth Thundercats swag 8-bit photo booth. Plaid letterpress leggings craft beer meh ethical Pinterest.\"}]]]',15,'Botble\\Ecommerce\\Models\\Product','2023-05-28 21:29:55','2023-05-28 21:29:55'),(25,'faq_schema_config','[[[{\"key\":\"question\",\"value\":\"What Shipping Methods Are Available?\"},{\"key\":\"answer\",\"value\":\"Ex Portland Pitchfork irure mustache. Eutra fap before they sold out literally. Aliquip ugh bicycle rights actually mlkshk, seitan squid craft beer tempor.\"}],[{\"key\":\"question\",\"value\":\"Do You Ship Internationally?\"},{\"key\":\"answer\",\"value\":\"Hoodie tote bag mixtape tofu. Typewriter jean shorts wolf quinoa, messenger bag organic freegan cray.\"}],[{\"key\":\"question\",\"value\":\"How Long Will It Take To Get My Package?\"},{\"key\":\"answer\",\"value\":\"Swag slow-carb quinoa VHS typewriter pork belly brunch, paleo single-origin coffee Wes Anderson. Flexitarian Pitchfork forage, literally paleo fap pour-over. Wes Anderson Pinterest YOLO fanny pack meggings, deep v XOXO chambray sustainable slow-carb raw denim church-key fap chillwave Etsy. +1 typewriter kitsch, American Apparel tofu Banksy Vice.\"}],[{\"key\":\"question\",\"value\":\"What Payment Methods Are Accepted?\"},{\"key\":\"answer\",\"value\":\"Fashion axe DIY jean shorts, swag kale chips meh polaroid kogi butcher Wes Anderson chambray next level semiotics gentrify yr. Voluptate photo booth fugiat Vice. Austin sed Williamsburg, ea labore raw denim voluptate cred proident mixtape excepteur mustache. Twee chia photo booth readymade food truck, hoodie roof party swag keytar PBR DIY.\"}],[{\"key\":\"question\",\"value\":\"Is Buying On-Line Safe?\"},{\"key\":\"answer\",\"value\":\"Art party authentic freegan semiotics jean shorts chia cred. Neutra Austin roof party Brooklyn, synth Thundercats swag 8-bit photo booth. Plaid letterpress leggings craft beer meh ethical Pinterest.\"}]]]',16,'Botble\\Ecommerce\\Models\\Product','2023-05-28 21:29:55','2023-05-28 21:29:55'),(26,'faq_schema_config','[[[{\"key\":\"question\",\"value\":\"What Shipping Methods Are Available?\"},{\"key\":\"answer\",\"value\":\"Ex Portland Pitchfork irure mustache. Eutra fap before they sold out literally. Aliquip ugh bicycle rights actually mlkshk, seitan squid craft beer tempor.\"}],[{\"key\":\"question\",\"value\":\"Do You Ship Internationally?\"},{\"key\":\"answer\",\"value\":\"Hoodie tote bag mixtape tofu. Typewriter jean shorts wolf quinoa, messenger bag organic freegan cray.\"}],[{\"key\":\"question\",\"value\":\"How Long Will It Take To Get My Package?\"},{\"key\":\"answer\",\"value\":\"Swag slow-carb quinoa VHS typewriter pork belly brunch, paleo single-origin coffee Wes Anderson. Flexitarian Pitchfork forage, literally paleo fap pour-over. Wes Anderson Pinterest YOLO fanny pack meggings, deep v XOXO chambray sustainable slow-carb raw denim church-key fap chillwave Etsy. +1 typewriter kitsch, American Apparel tofu Banksy Vice.\"}],[{\"key\":\"question\",\"value\":\"What Payment Methods Are Accepted?\"},{\"key\":\"answer\",\"value\":\"Fashion axe DIY jean shorts, swag kale chips meh polaroid kogi butcher Wes Anderson chambray next level semiotics gentrify yr. Voluptate photo booth fugiat Vice. Austin sed Williamsburg, ea labore raw denim voluptate cred proident mixtape excepteur mustache. Twee chia photo booth readymade food truck, hoodie roof party swag keytar PBR DIY.\"}],[{\"key\":\"question\",\"value\":\"Is Buying On-Line Safe?\"},{\"key\":\"answer\",\"value\":\"Art party authentic freegan semiotics jean shorts chia cred. Neutra Austin roof party Brooklyn, synth Thundercats swag 8-bit photo booth. Plaid letterpress leggings craft beer meh ethical Pinterest.\"}]]]',17,'Botble\\Ecommerce\\Models\\Product','2023-05-28 21:29:55','2023-05-28 21:29:55'),(27,'faq_schema_config','[[[{\"key\":\"question\",\"value\":\"What Shipping Methods Are Available?\"},{\"key\":\"answer\",\"value\":\"Ex Portland Pitchfork irure mustache. Eutra fap before they sold out literally. Aliquip ugh bicycle rights actually mlkshk, seitan squid craft beer tempor.\"}],[{\"key\":\"question\",\"value\":\"Do You Ship Internationally?\"},{\"key\":\"answer\",\"value\":\"Hoodie tote bag mixtape tofu. Typewriter jean shorts wolf quinoa, messenger bag organic freegan cray.\"}],[{\"key\":\"question\",\"value\":\"How Long Will It Take To Get My Package?\"},{\"key\":\"answer\",\"value\":\"Swag slow-carb quinoa VHS typewriter pork belly brunch, paleo single-origin coffee Wes Anderson. Flexitarian Pitchfork forage, literally paleo fap pour-over. Wes Anderson Pinterest YOLO fanny pack meggings, deep v XOXO chambray sustainable slow-carb raw denim church-key fap chillwave Etsy. +1 typewriter kitsch, American Apparel tofu Banksy Vice.\"}],[{\"key\":\"question\",\"value\":\"What Payment Methods Are Accepted?\"},{\"key\":\"answer\",\"value\":\"Fashion axe DIY jean shorts, swag kale chips meh polaroid kogi butcher Wes Anderson chambray next level semiotics gentrify yr. Voluptate photo booth fugiat Vice. Austin sed Williamsburg, ea labore raw denim voluptate cred proident mixtape excepteur mustache. Twee chia photo booth readymade food truck, hoodie roof party swag keytar PBR DIY.\"}],[{\"key\":\"question\",\"value\":\"Is Buying On-Line Safe?\"},{\"key\":\"answer\",\"value\":\"Art party authentic freegan semiotics jean shorts chia cred. Neutra Austin roof party Brooklyn, synth Thundercats swag 8-bit photo booth. Plaid letterpress leggings craft beer meh ethical Pinterest.\"}]]]',18,'Botble\\Ecommerce\\Models\\Product','2023-05-28 21:29:55','2023-05-28 21:29:55'),(28,'faq_schema_config','[[[{\"key\":\"question\",\"value\":\"What Shipping Methods Are Available?\"},{\"key\":\"answer\",\"value\":\"Ex Portland Pitchfork irure mustache. Eutra fap before they sold out literally. Aliquip ugh bicycle rights actually mlkshk, seitan squid craft beer tempor.\"}],[{\"key\":\"question\",\"value\":\"Do You Ship Internationally?\"},{\"key\":\"answer\",\"value\":\"Hoodie tote bag mixtape tofu. Typewriter jean shorts wolf quinoa, messenger bag organic freegan cray.\"}],[{\"key\":\"question\",\"value\":\"How Long Will It Take To Get My Package?\"},{\"key\":\"answer\",\"value\":\"Swag slow-carb quinoa VHS typewriter pork belly brunch, paleo single-origin coffee Wes Anderson. Flexitarian Pitchfork forage, literally paleo fap pour-over. Wes Anderson Pinterest YOLO fanny pack meggings, deep v XOXO chambray sustainable slow-carb raw denim church-key fap chillwave Etsy. +1 typewriter kitsch, American Apparel tofu Banksy Vice.\"}],[{\"key\":\"question\",\"value\":\"What Payment Methods Are Accepted?\"},{\"key\":\"answer\",\"value\":\"Fashion axe DIY jean shorts, swag kale chips meh polaroid kogi butcher Wes Anderson chambray next level semiotics gentrify yr. Voluptate photo booth fugiat Vice. Austin sed Williamsburg, ea labore raw denim voluptate cred proident mixtape excepteur mustache. Twee chia photo booth readymade food truck, hoodie roof party swag keytar PBR DIY.\"}],[{\"key\":\"question\",\"value\":\"Is Buying On-Line Safe?\"},{\"key\":\"answer\",\"value\":\"Art party authentic freegan semiotics jean shorts chia cred. Neutra Austin roof party Brooklyn, synth Thundercats swag 8-bit photo booth. Plaid letterpress leggings craft beer meh ethical Pinterest.\"}]]]',19,'Botble\\Ecommerce\\Models\\Product','2023-05-28 21:29:55','2023-05-28 21:29:55'),(29,'faq_schema_config','[[[{\"key\":\"question\",\"value\":\"What Shipping Methods Are Available?\"},{\"key\":\"answer\",\"value\":\"Ex Portland Pitchfork irure mustache. Eutra fap before they sold out literally. Aliquip ugh bicycle rights actually mlkshk, seitan squid craft beer tempor.\"}],[{\"key\":\"question\",\"value\":\"Do You Ship Internationally?\"},{\"key\":\"answer\",\"value\":\"Hoodie tote bag mixtape tofu. Typewriter jean shorts wolf quinoa, messenger bag organic freegan cray.\"}],[{\"key\":\"question\",\"value\":\"How Long Will It Take To Get My Package?\"},{\"key\":\"answer\",\"value\":\"Swag slow-carb quinoa VHS typewriter pork belly brunch, paleo single-origin coffee Wes Anderson. Flexitarian Pitchfork forage, literally paleo fap pour-over. Wes Anderson Pinterest YOLO fanny pack meggings, deep v XOXO chambray sustainable slow-carb raw denim church-key fap chillwave Etsy. +1 typewriter kitsch, American Apparel tofu Banksy Vice.\"}],[{\"key\":\"question\",\"value\":\"What Payment Methods Are Accepted?\"},{\"key\":\"answer\",\"value\":\"Fashion axe DIY jean shorts, swag kale chips meh polaroid kogi butcher Wes Anderson chambray next level semiotics gentrify yr. Voluptate photo booth fugiat Vice. Austin sed Williamsburg, ea labore raw denim voluptate cred proident mixtape excepteur mustache. Twee chia photo booth readymade food truck, hoodie roof party swag keytar PBR DIY.\"}],[{\"key\":\"question\",\"value\":\"Is Buying On-Line Safe?\"},{\"key\":\"answer\",\"value\":\"Art party authentic freegan semiotics jean shorts chia cred. Neutra Austin roof party Brooklyn, synth Thundercats swag 8-bit photo booth. Plaid letterpress leggings craft beer meh ethical Pinterest.\"}]]]',20,'Botble\\Ecommerce\\Models\\Product','2023-05-28 21:29:55','2023-05-28 21:29:55'),(30,'faq_schema_config','[[[{\"key\":\"question\",\"value\":\"What Shipping Methods Are Available?\"},{\"key\":\"answer\",\"value\":\"Ex Portland Pitchfork irure mustache. Eutra fap before they sold out literally. Aliquip ugh bicycle rights actually mlkshk, seitan squid craft beer tempor.\"}],[{\"key\":\"question\",\"value\":\"Do You Ship Internationally?\"},{\"key\":\"answer\",\"value\":\"Hoodie tote bag mixtape tofu. Typewriter jean shorts wolf quinoa, messenger bag organic freegan cray.\"}],[{\"key\":\"question\",\"value\":\"How Long Will It Take To Get My Package?\"},{\"key\":\"answer\",\"value\":\"Swag slow-carb quinoa VHS typewriter pork belly brunch, paleo single-origin coffee Wes Anderson. Flexitarian Pitchfork forage, literally paleo fap pour-over. Wes Anderson Pinterest YOLO fanny pack meggings, deep v XOXO chambray sustainable slow-carb raw denim church-key fap chillwave Etsy. +1 typewriter kitsch, American Apparel tofu Banksy Vice.\"}],[{\"key\":\"question\",\"value\":\"What Payment Methods Are Accepted?\"},{\"key\":\"answer\",\"value\":\"Fashion axe DIY jean shorts, swag kale chips meh polaroid kogi butcher Wes Anderson chambray next level semiotics gentrify yr. Voluptate photo booth fugiat Vice. Austin sed Williamsburg, ea labore raw denim voluptate cred proident mixtape excepteur mustache. Twee chia photo booth readymade food truck, hoodie roof party swag keytar PBR DIY.\"}],[{\"key\":\"question\",\"value\":\"Is Buying On-Line Safe?\"},{\"key\":\"answer\",\"value\":\"Art party authentic freegan semiotics jean shorts chia cred. Neutra Austin roof party Brooklyn, synth Thundercats swag 8-bit photo booth. Plaid letterpress leggings craft beer meh ethical Pinterest.\"}]]]',21,'Botble\\Ecommerce\\Models\\Product','2023-05-28 21:29:55','2023-05-28 21:29:55'),(31,'faq_schema_config','[[[{\"key\":\"question\",\"value\":\"What Shipping Methods Are Available?\"},{\"key\":\"answer\",\"value\":\"Ex Portland Pitchfork irure mustache. Eutra fap before they sold out literally. Aliquip ugh bicycle rights actually mlkshk, seitan squid craft beer tempor.\"}],[{\"key\":\"question\",\"value\":\"Do You Ship Internationally?\"},{\"key\":\"answer\",\"value\":\"Hoodie tote bag mixtape tofu. Typewriter jean shorts wolf quinoa, messenger bag organic freegan cray.\"}],[{\"key\":\"question\",\"value\":\"How Long Will It Take To Get My Package?\"},{\"key\":\"answer\",\"value\":\"Swag slow-carb quinoa VHS typewriter pork belly brunch, paleo single-origin coffee Wes Anderson. Flexitarian Pitchfork forage, literally paleo fap pour-over. Wes Anderson Pinterest YOLO fanny pack meggings, deep v XOXO chambray sustainable slow-carb raw denim church-key fap chillwave Etsy. +1 typewriter kitsch, American Apparel tofu Banksy Vice.\"}],[{\"key\":\"question\",\"value\":\"What Payment Methods Are Accepted?\"},{\"key\":\"answer\",\"value\":\"Fashion axe DIY jean shorts, swag kale chips meh polaroid kogi butcher Wes Anderson chambray next level semiotics gentrify yr. Voluptate photo booth fugiat Vice. Austin sed Williamsburg, ea labore raw denim voluptate cred proident mixtape excepteur mustache. Twee chia photo booth readymade food truck, hoodie roof party swag keytar PBR DIY.\"}],[{\"key\":\"question\",\"value\":\"Is Buying On-Line Safe?\"},{\"key\":\"answer\",\"value\":\"Art party authentic freegan semiotics jean shorts chia cred. Neutra Austin roof party Brooklyn, synth Thundercats swag 8-bit photo booth. Plaid letterpress leggings craft beer meh ethical Pinterest.\"}]]]',22,'Botble\\Ecommerce\\Models\\Product','2023-05-28 21:29:55','2023-05-28 21:29:55'),(32,'faq_schema_config','[[[{\"key\":\"question\",\"value\":\"What Shipping Methods Are Available?\"},{\"key\":\"answer\",\"value\":\"Ex Portland Pitchfork irure mustache. Eutra fap before they sold out literally. Aliquip ugh bicycle rights actually mlkshk, seitan squid craft beer tempor.\"}],[{\"key\":\"question\",\"value\":\"Do You Ship Internationally?\"},{\"key\":\"answer\",\"value\":\"Hoodie tote bag mixtape tofu. Typewriter jean shorts wolf quinoa, messenger bag organic freegan cray.\"}],[{\"key\":\"question\",\"value\":\"How Long Will It Take To Get My Package?\"},{\"key\":\"answer\",\"value\":\"Swag slow-carb quinoa VHS typewriter pork belly brunch, paleo single-origin coffee Wes Anderson. Flexitarian Pitchfork forage, literally paleo fap pour-over. Wes Anderson Pinterest YOLO fanny pack meggings, deep v XOXO chambray sustainable slow-carb raw denim church-key fap chillwave Etsy. +1 typewriter kitsch, American Apparel tofu Banksy Vice.\"}],[{\"key\":\"question\",\"value\":\"What Payment Methods Are Accepted?\"},{\"key\":\"answer\",\"value\":\"Fashion axe DIY jean shorts, swag kale chips meh polaroid kogi butcher Wes Anderson chambray next level semiotics gentrify yr. Voluptate photo booth fugiat Vice. Austin sed Williamsburg, ea labore raw denim voluptate cred proident mixtape excepteur mustache. Twee chia photo booth readymade food truck, hoodie roof party swag keytar PBR DIY.\"}],[{\"key\":\"question\",\"value\":\"Is Buying On-Line Safe?\"},{\"key\":\"answer\",\"value\":\"Art party authentic freegan semiotics jean shorts chia cred. Neutra Austin roof party Brooklyn, synth Thundercats swag 8-bit photo booth. Plaid letterpress leggings craft beer meh ethical Pinterest.\"}]]]',23,'Botble\\Ecommerce\\Models\\Product','2023-05-28 21:29:55','2023-05-28 21:29:55'),(33,'faq_schema_config','[[[{\"key\":\"question\",\"value\":\"What Shipping Methods Are Available?\"},{\"key\":\"answer\",\"value\":\"Ex Portland Pitchfork irure mustache. Eutra fap before they sold out literally. Aliquip ugh bicycle rights actually mlkshk, seitan squid craft beer tempor.\"}],[{\"key\":\"question\",\"value\":\"Do You Ship Internationally?\"},{\"key\":\"answer\",\"value\":\"Hoodie tote bag mixtape tofu. Typewriter jean shorts wolf quinoa, messenger bag organic freegan cray.\"}],[{\"key\":\"question\",\"value\":\"How Long Will It Take To Get My Package?\"},{\"key\":\"answer\",\"value\":\"Swag slow-carb quinoa VHS typewriter pork belly brunch, paleo single-origin coffee Wes Anderson. Flexitarian Pitchfork forage, literally paleo fap pour-over. Wes Anderson Pinterest YOLO fanny pack meggings, deep v XOXO chambray sustainable slow-carb raw denim church-key fap chillwave Etsy. +1 typewriter kitsch, American Apparel tofu Banksy Vice.\"}],[{\"key\":\"question\",\"value\":\"What Payment Methods Are Accepted?\"},{\"key\":\"answer\",\"value\":\"Fashion axe DIY jean shorts, swag kale chips meh polaroid kogi butcher Wes Anderson chambray next level semiotics gentrify yr. Voluptate photo booth fugiat Vice. Austin sed Williamsburg, ea labore raw denim voluptate cred proident mixtape excepteur mustache. Twee chia photo booth readymade food truck, hoodie roof party swag keytar PBR DIY.\"}],[{\"key\":\"question\",\"value\":\"Is Buying On-Line Safe?\"},{\"key\":\"answer\",\"value\":\"Art party authentic freegan semiotics jean shorts chia cred. Neutra Austin roof party Brooklyn, synth Thundercats swag 8-bit photo booth. Plaid letterpress leggings craft beer meh ethical Pinterest.\"}]]]',24,'Botble\\Ecommerce\\Models\\Product','2023-05-28 21:29:55','2023-05-28 21:29:55'),(34,'faq_schema_config','[[[{\"key\":\"question\",\"value\":\"What Shipping Methods Are Available?\"},{\"key\":\"answer\",\"value\":\"Ex Portland Pitchfork irure mustache. Eutra fap before they sold out literally. Aliquip ugh bicycle rights actually mlkshk, seitan squid craft beer tempor.\"}],[{\"key\":\"question\",\"value\":\"Do You Ship Internationally?\"},{\"key\":\"answer\",\"value\":\"Hoodie tote bag mixtape tofu. Typewriter jean shorts wolf quinoa, messenger bag organic freegan cray.\"}],[{\"key\":\"question\",\"value\":\"How Long Will It Take To Get My Package?\"},{\"key\":\"answer\",\"value\":\"Swag slow-carb quinoa VHS typewriter pork belly brunch, paleo single-origin coffee Wes Anderson. Flexitarian Pitchfork forage, literally paleo fap pour-over. Wes Anderson Pinterest YOLO fanny pack meggings, deep v XOXO chambray sustainable slow-carb raw denim church-key fap chillwave Etsy. +1 typewriter kitsch, American Apparel tofu Banksy Vice.\"}],[{\"key\":\"question\",\"value\":\"What Payment Methods Are Accepted?\"},{\"key\":\"answer\",\"value\":\"Fashion axe DIY jean shorts, swag kale chips meh polaroid kogi butcher Wes Anderson chambray next level semiotics gentrify yr. Voluptate photo booth fugiat Vice. Austin sed Williamsburg, ea labore raw denim voluptate cred proident mixtape excepteur mustache. Twee chia photo booth readymade food truck, hoodie roof party swag keytar PBR DIY.\"}],[{\"key\":\"question\",\"value\":\"Is Buying On-Line Safe?\"},{\"key\":\"answer\",\"value\":\"Art party authentic freegan semiotics jean shorts chia cred. Neutra Austin roof party Brooklyn, synth Thundercats swag 8-bit photo booth. Plaid letterpress leggings craft beer meh ethical Pinterest.\"}]]]',25,'Botble\\Ecommerce\\Models\\Product','2023-05-28 21:29:55','2023-05-28 21:29:55'),(35,'faq_schema_config','[[[{\"key\":\"question\",\"value\":\"What Shipping Methods Are Available?\"},{\"key\":\"answer\",\"value\":\"Ex Portland Pitchfork irure mustache. Eutra fap before they sold out literally. Aliquip ugh bicycle rights actually mlkshk, seitan squid craft beer tempor.\"}],[{\"key\":\"question\",\"value\":\"Do You Ship Internationally?\"},{\"key\":\"answer\",\"value\":\"Hoodie tote bag mixtape tofu. Typewriter jean shorts wolf quinoa, messenger bag organic freegan cray.\"}],[{\"key\":\"question\",\"value\":\"How Long Will It Take To Get My Package?\"},{\"key\":\"answer\",\"value\":\"Swag slow-carb quinoa VHS typewriter pork belly brunch, paleo single-origin coffee Wes Anderson. Flexitarian Pitchfork forage, literally paleo fap pour-over. Wes Anderson Pinterest YOLO fanny pack meggings, deep v XOXO chambray sustainable slow-carb raw denim church-key fap chillwave Etsy. +1 typewriter kitsch, American Apparel tofu Banksy Vice.\"}],[{\"key\":\"question\",\"value\":\"What Payment Methods Are Accepted?\"},{\"key\":\"answer\",\"value\":\"Fashion axe DIY jean shorts, swag kale chips meh polaroid kogi butcher Wes Anderson chambray next level semiotics gentrify yr. Voluptate photo booth fugiat Vice. Austin sed Williamsburg, ea labore raw denim voluptate cred proident mixtape excepteur mustache. Twee chia photo booth readymade food truck, hoodie roof party swag keytar PBR DIY.\"}],[{\"key\":\"question\",\"value\":\"Is Buying On-Line Safe?\"},{\"key\":\"answer\",\"value\":\"Art party authentic freegan semiotics jean shorts chia cred. Neutra Austin roof party Brooklyn, synth Thundercats swag 8-bit photo booth. Plaid letterpress leggings craft beer meh ethical Pinterest.\"}]]]',26,'Botble\\Ecommerce\\Models\\Product','2023-05-28 21:29:55','2023-05-28 21:29:55'),(36,'faq_schema_config','[[[{\"key\":\"question\",\"value\":\"What Shipping Methods Are Available?\"},{\"key\":\"answer\",\"value\":\"Ex Portland Pitchfork irure mustache. Eutra fap before they sold out literally. Aliquip ugh bicycle rights actually mlkshk, seitan squid craft beer tempor.\"}],[{\"key\":\"question\",\"value\":\"Do You Ship Internationally?\"},{\"key\":\"answer\",\"value\":\"Hoodie tote bag mixtape tofu. Typewriter jean shorts wolf quinoa, messenger bag organic freegan cray.\"}],[{\"key\":\"question\",\"value\":\"How Long Will It Take To Get My Package?\"},{\"key\":\"answer\",\"value\":\"Swag slow-carb quinoa VHS typewriter pork belly brunch, paleo single-origin coffee Wes Anderson. Flexitarian Pitchfork forage, literally paleo fap pour-over. Wes Anderson Pinterest YOLO fanny pack meggings, deep v XOXO chambray sustainable slow-carb raw denim church-key fap chillwave Etsy. +1 typewriter kitsch, American Apparel tofu Banksy Vice.\"}],[{\"key\":\"question\",\"value\":\"What Payment Methods Are Accepted?\"},{\"key\":\"answer\",\"value\":\"Fashion axe DIY jean shorts, swag kale chips meh polaroid kogi butcher Wes Anderson chambray next level semiotics gentrify yr. Voluptate photo booth fugiat Vice. Austin sed Williamsburg, ea labore raw denim voluptate cred proident mixtape excepteur mustache. Twee chia photo booth readymade food truck, hoodie roof party swag keytar PBR DIY.\"}],[{\"key\":\"question\",\"value\":\"Is Buying On-Line Safe?\"},{\"key\":\"answer\",\"value\":\"Art party authentic freegan semiotics jean shorts chia cred. Neutra Austin roof party Brooklyn, synth Thundercats swag 8-bit photo booth. Plaid letterpress leggings craft beer meh ethical Pinterest.\"}]]]',27,'Botble\\Ecommerce\\Models\\Product','2023-05-28 21:29:55','2023-05-28 21:29:55'),(37,'faq_schema_config','[[[{\"key\":\"question\",\"value\":\"What Shipping Methods Are Available?\"},{\"key\":\"answer\",\"value\":\"Ex Portland Pitchfork irure mustache. Eutra fap before they sold out literally. Aliquip ugh bicycle rights actually mlkshk, seitan squid craft beer tempor.\"}],[{\"key\":\"question\",\"value\":\"Do You Ship Internationally?\"},{\"key\":\"answer\",\"value\":\"Hoodie tote bag mixtape tofu. Typewriter jean shorts wolf quinoa, messenger bag organic freegan cray.\"}],[{\"key\":\"question\",\"value\":\"How Long Will It Take To Get My Package?\"},{\"key\":\"answer\",\"value\":\"Swag slow-carb quinoa VHS typewriter pork belly brunch, paleo single-origin coffee Wes Anderson. Flexitarian Pitchfork forage, literally paleo fap pour-over. Wes Anderson Pinterest YOLO fanny pack meggings, deep v XOXO chambray sustainable slow-carb raw denim church-key fap chillwave Etsy. +1 typewriter kitsch, American Apparel tofu Banksy Vice.\"}],[{\"key\":\"question\",\"value\":\"What Payment Methods Are Accepted?\"},{\"key\":\"answer\",\"value\":\"Fashion axe DIY jean shorts, swag kale chips meh polaroid kogi butcher Wes Anderson chambray next level semiotics gentrify yr. Voluptate photo booth fugiat Vice. Austin sed Williamsburg, ea labore raw denim voluptate cred proident mixtape excepteur mustache. Twee chia photo booth readymade food truck, hoodie roof party swag keytar PBR DIY.\"}],[{\"key\":\"question\",\"value\":\"Is Buying On-Line Safe?\"},{\"key\":\"answer\",\"value\":\"Art party authentic freegan semiotics jean shorts chia cred. Neutra Austin roof party Brooklyn, synth Thundercats swag 8-bit photo booth. Plaid letterpress leggings craft beer meh ethical Pinterest.\"}]]]',28,'Botble\\Ecommerce\\Models\\Product','2023-05-28 21:29:55','2023-05-28 21:29:55'),(38,'faq_schema_config','[[[{\"key\":\"question\",\"value\":\"What Shipping Methods Are Available?\"},{\"key\":\"answer\",\"value\":\"Ex Portland Pitchfork irure mustache. Eutra fap before they sold out literally. Aliquip ugh bicycle rights actually mlkshk, seitan squid craft beer tempor.\"}],[{\"key\":\"question\",\"value\":\"Do You Ship Internationally?\"},{\"key\":\"answer\",\"value\":\"Hoodie tote bag mixtape tofu. Typewriter jean shorts wolf quinoa, messenger bag organic freegan cray.\"}],[{\"key\":\"question\",\"value\":\"How Long Will It Take To Get My Package?\"},{\"key\":\"answer\",\"value\":\"Swag slow-carb quinoa VHS typewriter pork belly brunch, paleo single-origin coffee Wes Anderson. Flexitarian Pitchfork forage, literally paleo fap pour-over. Wes Anderson Pinterest YOLO fanny pack meggings, deep v XOXO chambray sustainable slow-carb raw denim church-key fap chillwave Etsy. +1 typewriter kitsch, American Apparel tofu Banksy Vice.\"}],[{\"key\":\"question\",\"value\":\"What Payment Methods Are Accepted?\"},{\"key\":\"answer\",\"value\":\"Fashion axe DIY jean shorts, swag kale chips meh polaroid kogi butcher Wes Anderson chambray next level semiotics gentrify yr. Voluptate photo booth fugiat Vice. Austin sed Williamsburg, ea labore raw denim voluptate cred proident mixtape excepteur mustache. Twee chia photo booth readymade food truck, hoodie roof party swag keytar PBR DIY.\"}],[{\"key\":\"question\",\"value\":\"Is Buying On-Line Safe?\"},{\"key\":\"answer\",\"value\":\"Art party authentic freegan semiotics jean shorts chia cred. Neutra Austin roof party Brooklyn, synth Thundercats swag 8-bit photo booth. Plaid letterpress leggings craft beer meh ethical Pinterest.\"}]]]',29,'Botble\\Ecommerce\\Models\\Product','2023-05-28 21:29:55','2023-05-28 21:29:55'),(39,'faq_schema_config','[[[{\"key\":\"question\",\"value\":\"What Shipping Methods Are Available?\"},{\"key\":\"answer\",\"value\":\"Ex Portland Pitchfork irure mustache. Eutra fap before they sold out literally. Aliquip ugh bicycle rights actually mlkshk, seitan squid craft beer tempor.\"}],[{\"key\":\"question\",\"value\":\"Do You Ship Internationally?\"},{\"key\":\"answer\",\"value\":\"Hoodie tote bag mixtape tofu. Typewriter jean shorts wolf quinoa, messenger bag organic freegan cray.\"}],[{\"key\":\"question\",\"value\":\"How Long Will It Take To Get My Package?\"},{\"key\":\"answer\",\"value\":\"Swag slow-carb quinoa VHS typewriter pork belly brunch, paleo single-origin coffee Wes Anderson. Flexitarian Pitchfork forage, literally paleo fap pour-over. Wes Anderson Pinterest YOLO fanny pack meggings, deep v XOXO chambray sustainable slow-carb raw denim church-key fap chillwave Etsy. +1 typewriter kitsch, American Apparel tofu Banksy Vice.\"}],[{\"key\":\"question\",\"value\":\"What Payment Methods Are Accepted?\"},{\"key\":\"answer\",\"value\":\"Fashion axe DIY jean shorts, swag kale chips meh polaroid kogi butcher Wes Anderson chambray next level semiotics gentrify yr. Voluptate photo booth fugiat Vice. Austin sed Williamsburg, ea labore raw denim voluptate cred proident mixtape excepteur mustache. Twee chia photo booth readymade food truck, hoodie roof party swag keytar PBR DIY.\"}],[{\"key\":\"question\",\"value\":\"Is Buying On-Line Safe?\"},{\"key\":\"answer\",\"value\":\"Art party authentic freegan semiotics jean shorts chia cred. Neutra Austin roof party Brooklyn, synth Thundercats swag 8-bit photo booth. Plaid letterpress leggings craft beer meh ethical Pinterest.\"}]]]',30,'Botble\\Ecommerce\\Models\\Product','2023-05-28 21:29:55','2023-05-28 21:29:55'),(40,'faq_schema_config','[[[{\"key\":\"question\",\"value\":\"What Shipping Methods Are Available?\"},{\"key\":\"answer\",\"value\":\"Ex Portland Pitchfork irure mustache. Eutra fap before they sold out literally. Aliquip ugh bicycle rights actually mlkshk, seitan squid craft beer tempor.\"}],[{\"key\":\"question\",\"value\":\"Do You Ship Internationally?\"},{\"key\":\"answer\",\"value\":\"Hoodie tote bag mixtape tofu. Typewriter jean shorts wolf quinoa, messenger bag organic freegan cray.\"}],[{\"key\":\"question\",\"value\":\"How Long Will It Take To Get My Package?\"},{\"key\":\"answer\",\"value\":\"Swag slow-carb quinoa VHS typewriter pork belly brunch, paleo single-origin coffee Wes Anderson. Flexitarian Pitchfork forage, literally paleo fap pour-over. Wes Anderson Pinterest YOLO fanny pack meggings, deep v XOXO chambray sustainable slow-carb raw denim church-key fap chillwave Etsy. +1 typewriter kitsch, American Apparel tofu Banksy Vice.\"}],[{\"key\":\"question\",\"value\":\"What Payment Methods Are Accepted?\"},{\"key\":\"answer\",\"value\":\"Fashion axe DIY jean shorts, swag kale chips meh polaroid kogi butcher Wes Anderson chambray next level semiotics gentrify yr. Voluptate photo booth fugiat Vice. Austin sed Williamsburg, ea labore raw denim voluptate cred proident mixtape excepteur mustache. Twee chia photo booth readymade food truck, hoodie roof party swag keytar PBR DIY.\"}],[{\"key\":\"question\",\"value\":\"Is Buying On-Line Safe?\"},{\"key\":\"answer\",\"value\":\"Art party authentic freegan semiotics jean shorts chia cred. Neutra Austin roof party Brooklyn, synth Thundercats swag 8-bit photo booth. Plaid letterpress leggings craft beer meh ethical Pinterest.\"}]]]',31,'Botble\\Ecommerce\\Models\\Product','2023-05-28 21:29:55','2023-05-28 21:29:55'),(41,'faq_schema_config','[[[{\"key\":\"question\",\"value\":\"What Shipping Methods Are Available?\"},{\"key\":\"answer\",\"value\":\"Ex Portland Pitchfork irure mustache. Eutra fap before they sold out literally. Aliquip ugh bicycle rights actually mlkshk, seitan squid craft beer tempor.\"}],[{\"key\":\"question\",\"value\":\"Do You Ship Internationally?\"},{\"key\":\"answer\",\"value\":\"Hoodie tote bag mixtape tofu. Typewriter jean shorts wolf quinoa, messenger bag organic freegan cray.\"}],[{\"key\":\"question\",\"value\":\"How Long Will It Take To Get My Package?\"},{\"key\":\"answer\",\"value\":\"Swag slow-carb quinoa VHS typewriter pork belly brunch, paleo single-origin coffee Wes Anderson. Flexitarian Pitchfork forage, literally paleo fap pour-over. Wes Anderson Pinterest YOLO fanny pack meggings, deep v XOXO chambray sustainable slow-carb raw denim church-key fap chillwave Etsy. +1 typewriter kitsch, American Apparel tofu Banksy Vice.\"}],[{\"key\":\"question\",\"value\":\"What Payment Methods Are Accepted?\"},{\"key\":\"answer\",\"value\":\"Fashion axe DIY jean shorts, swag kale chips meh polaroid kogi butcher Wes Anderson chambray next level semiotics gentrify yr. Voluptate photo booth fugiat Vice. Austin sed Williamsburg, ea labore raw denim voluptate cred proident mixtape excepteur mustache. Twee chia photo booth readymade food truck, hoodie roof party swag keytar PBR DIY.\"}],[{\"key\":\"question\",\"value\":\"Is Buying On-Line Safe?\"},{\"key\":\"answer\",\"value\":\"Art party authentic freegan semiotics jean shorts chia cred. Neutra Austin roof party Brooklyn, synth Thundercats swag 8-bit photo booth. Plaid letterpress leggings craft beer meh ethical Pinterest.\"}]]]',32,'Botble\\Ecommerce\\Models\\Product','2023-05-28 21:29:55','2023-05-28 21:29:55'),(42,'faq_schema_config','[[[{\"key\":\"question\",\"value\":\"What Shipping Methods Are Available?\"},{\"key\":\"answer\",\"value\":\"Ex Portland Pitchfork irure mustache. Eutra fap before they sold out literally. Aliquip ugh bicycle rights actually mlkshk, seitan squid craft beer tempor.\"}],[{\"key\":\"question\",\"value\":\"Do You Ship Internationally?\"},{\"key\":\"answer\",\"value\":\"Hoodie tote bag mixtape tofu. Typewriter jean shorts wolf quinoa, messenger bag organic freegan cray.\"}],[{\"key\":\"question\",\"value\":\"How Long Will It Take To Get My Package?\"},{\"key\":\"answer\",\"value\":\"Swag slow-carb quinoa VHS typewriter pork belly brunch, paleo single-origin coffee Wes Anderson. Flexitarian Pitchfork forage, literally paleo fap pour-over. Wes Anderson Pinterest YOLO fanny pack meggings, deep v XOXO chambray sustainable slow-carb raw denim church-key fap chillwave Etsy. +1 typewriter kitsch, American Apparel tofu Banksy Vice.\"}],[{\"key\":\"question\",\"value\":\"What Payment Methods Are Accepted?\"},{\"key\":\"answer\",\"value\":\"Fashion axe DIY jean shorts, swag kale chips meh polaroid kogi butcher Wes Anderson chambray next level semiotics gentrify yr. Voluptate photo booth fugiat Vice. Austin sed Williamsburg, ea labore raw denim voluptate cred proident mixtape excepteur mustache. Twee chia photo booth readymade food truck, hoodie roof party swag keytar PBR DIY.\"}],[{\"key\":\"question\",\"value\":\"Is Buying On-Line Safe?\"},{\"key\":\"answer\",\"value\":\"Art party authentic freegan semiotics jean shorts chia cred. Neutra Austin roof party Brooklyn, synth Thundercats swag 8-bit photo booth. Plaid letterpress leggings craft beer meh ethical Pinterest.\"}]]]',33,'Botble\\Ecommerce\\Models\\Product','2023-05-28 21:29:55','2023-05-28 21:29:55'),(43,'faq_schema_config','[[[{\"key\":\"question\",\"value\":\"What Shipping Methods Are Available?\"},{\"key\":\"answer\",\"value\":\"Ex Portland Pitchfork irure mustache. Eutra fap before they sold out literally. Aliquip ugh bicycle rights actually mlkshk, seitan squid craft beer tempor.\"}],[{\"key\":\"question\",\"value\":\"Do You Ship Internationally?\"},{\"key\":\"answer\",\"value\":\"Hoodie tote bag mixtape tofu. Typewriter jean shorts wolf quinoa, messenger bag organic freegan cray.\"}],[{\"key\":\"question\",\"value\":\"How Long Will It Take To Get My Package?\"},{\"key\":\"answer\",\"value\":\"Swag slow-carb quinoa VHS typewriter pork belly brunch, paleo single-origin coffee Wes Anderson. Flexitarian Pitchfork forage, literally paleo fap pour-over. Wes Anderson Pinterest YOLO fanny pack meggings, deep v XOXO chambray sustainable slow-carb raw denim church-key fap chillwave Etsy. +1 typewriter kitsch, American Apparel tofu Banksy Vice.\"}],[{\"key\":\"question\",\"value\":\"What Payment Methods Are Accepted?\"},{\"key\":\"answer\",\"value\":\"Fashion axe DIY jean shorts, swag kale chips meh polaroid kogi butcher Wes Anderson chambray next level semiotics gentrify yr. Voluptate photo booth fugiat Vice. Austin sed Williamsburg, ea labore raw denim voluptate cred proident mixtape excepteur mustache. Twee chia photo booth readymade food truck, hoodie roof party swag keytar PBR DIY.\"}],[{\"key\":\"question\",\"value\":\"Is Buying On-Line Safe?\"},{\"key\":\"answer\",\"value\":\"Art party authentic freegan semiotics jean shorts chia cred. Neutra Austin roof party Brooklyn, synth Thundercats swag 8-bit photo booth. Plaid letterpress leggings craft beer meh ethical Pinterest.\"}]]]',34,'Botble\\Ecommerce\\Models\\Product','2023-05-28 21:29:55','2023-05-28 21:29:55'),(44,'faq_schema_config','[[[{\"key\":\"question\",\"value\":\"What Shipping Methods Are Available?\"},{\"key\":\"answer\",\"value\":\"Ex Portland Pitchfork irure mustache. Eutra fap before they sold out literally. Aliquip ugh bicycle rights actually mlkshk, seitan squid craft beer tempor.\"}],[{\"key\":\"question\",\"value\":\"Do You Ship Internationally?\"},{\"key\":\"answer\",\"value\":\"Hoodie tote bag mixtape tofu. Typewriter jean shorts wolf quinoa, messenger bag organic freegan cray.\"}],[{\"key\":\"question\",\"value\":\"How Long Will It Take To Get My Package?\"},{\"key\":\"answer\",\"value\":\"Swag slow-carb quinoa VHS typewriter pork belly brunch, paleo single-origin coffee Wes Anderson. Flexitarian Pitchfork forage, literally paleo fap pour-over. Wes Anderson Pinterest YOLO fanny pack meggings, deep v XOXO chambray sustainable slow-carb raw denim church-key fap chillwave Etsy. +1 typewriter kitsch, American Apparel tofu Banksy Vice.\"}],[{\"key\":\"question\",\"value\":\"What Payment Methods Are Accepted?\"},{\"key\":\"answer\",\"value\":\"Fashion axe DIY jean shorts, swag kale chips meh polaroid kogi butcher Wes Anderson chambray next level semiotics gentrify yr. Voluptate photo booth fugiat Vice. Austin sed Williamsburg, ea labore raw denim voluptate cred proident mixtape excepteur mustache. Twee chia photo booth readymade food truck, hoodie roof party swag keytar PBR DIY.\"}],[{\"key\":\"question\",\"value\":\"Is Buying On-Line Safe?\"},{\"key\":\"answer\",\"value\":\"Art party authentic freegan semiotics jean shorts chia cred. Neutra Austin roof party Brooklyn, synth Thundercats swag 8-bit photo booth. Plaid letterpress leggings craft beer meh ethical Pinterest.\"}]]]',35,'Botble\\Ecommerce\\Models\\Product','2023-05-28 21:29:55','2023-05-28 21:29:55'),(45,'faq_schema_config','[[[{\"key\":\"question\",\"value\":\"What Shipping Methods Are Available?\"},{\"key\":\"answer\",\"value\":\"Ex Portland Pitchfork irure mustache. Eutra fap before they sold out literally. Aliquip ugh bicycle rights actually mlkshk, seitan squid craft beer tempor.\"}],[{\"key\":\"question\",\"value\":\"Do You Ship Internationally?\"},{\"key\":\"answer\",\"value\":\"Hoodie tote bag mixtape tofu. Typewriter jean shorts wolf quinoa, messenger bag organic freegan cray.\"}],[{\"key\":\"question\",\"value\":\"How Long Will It Take To Get My Package?\"},{\"key\":\"answer\",\"value\":\"Swag slow-carb quinoa VHS typewriter pork belly brunch, paleo single-origin coffee Wes Anderson. Flexitarian Pitchfork forage, literally paleo fap pour-over. Wes Anderson Pinterest YOLO fanny pack meggings, deep v XOXO chambray sustainable slow-carb raw denim church-key fap chillwave Etsy. +1 typewriter kitsch, American Apparel tofu Banksy Vice.\"}],[{\"key\":\"question\",\"value\":\"What Payment Methods Are Accepted?\"},{\"key\":\"answer\",\"value\":\"Fashion axe DIY jean shorts, swag kale chips meh polaroid kogi butcher Wes Anderson chambray next level semiotics gentrify yr. Voluptate photo booth fugiat Vice. Austin sed Williamsburg, ea labore raw denim voluptate cred proident mixtape excepteur mustache. Twee chia photo booth readymade food truck, hoodie roof party swag keytar PBR DIY.\"}],[{\"key\":\"question\",\"value\":\"Is Buying On-Line Safe?\"},{\"key\":\"answer\",\"value\":\"Art party authentic freegan semiotics jean shorts chia cred. Neutra Austin roof party Brooklyn, synth Thundercats swag 8-bit photo booth. Plaid letterpress leggings craft beer meh ethical Pinterest.\"}]]]',36,'Botble\\Ecommerce\\Models\\Product','2023-05-28 21:29:55','2023-05-28 21:29:55'),(46,'faq_schema_config','[[[{\"key\":\"question\",\"value\":\"What Shipping Methods Are Available?\"},{\"key\":\"answer\",\"value\":\"Ex Portland Pitchfork irure mustache. Eutra fap before they sold out literally. Aliquip ugh bicycle rights actually mlkshk, seitan squid craft beer tempor.\"}],[{\"key\":\"question\",\"value\":\"Do You Ship Internationally?\"},{\"key\":\"answer\",\"value\":\"Hoodie tote bag mixtape tofu. Typewriter jean shorts wolf quinoa, messenger bag organic freegan cray.\"}],[{\"key\":\"question\",\"value\":\"How Long Will It Take To Get My Package?\"},{\"key\":\"answer\",\"value\":\"Swag slow-carb quinoa VHS typewriter pork belly brunch, paleo single-origin coffee Wes Anderson. Flexitarian Pitchfork forage, literally paleo fap pour-over. Wes Anderson Pinterest YOLO fanny pack meggings, deep v XOXO chambray sustainable slow-carb raw denim church-key fap chillwave Etsy. +1 typewriter kitsch, American Apparel tofu Banksy Vice.\"}],[{\"key\":\"question\",\"value\":\"What Payment Methods Are Accepted?\"},{\"key\":\"answer\",\"value\":\"Fashion axe DIY jean shorts, swag kale chips meh polaroid kogi butcher Wes Anderson chambray next level semiotics gentrify yr. Voluptate photo booth fugiat Vice. Austin sed Williamsburg, ea labore raw denim voluptate cred proident mixtape excepteur mustache. Twee chia photo booth readymade food truck, hoodie roof party swag keytar PBR DIY.\"}],[{\"key\":\"question\",\"value\":\"Is Buying On-Line Safe?\"},{\"key\":\"answer\",\"value\":\"Art party authentic freegan semiotics jean shorts chia cred. Neutra Austin roof party Brooklyn, synth Thundercats swag 8-bit photo booth. Plaid letterpress leggings craft beer meh ethical Pinterest.\"}]]]',37,'Botble\\Ecommerce\\Models\\Product','2023-05-28 21:29:55','2023-05-28 21:29:55'),(47,'faq_schema_config','[[[{\"key\":\"question\",\"value\":\"What Shipping Methods Are Available?\"},{\"key\":\"answer\",\"value\":\"Ex Portland Pitchfork irure mustache. Eutra fap before they sold out literally. Aliquip ugh bicycle rights actually mlkshk, seitan squid craft beer tempor.\"}],[{\"key\":\"question\",\"value\":\"Do You Ship Internationally?\"},{\"key\":\"answer\",\"value\":\"Hoodie tote bag mixtape tofu. Typewriter jean shorts wolf quinoa, messenger bag organic freegan cray.\"}],[{\"key\":\"question\",\"value\":\"How Long Will It Take To Get My Package?\"},{\"key\":\"answer\",\"value\":\"Swag slow-carb quinoa VHS typewriter pork belly brunch, paleo single-origin coffee Wes Anderson. Flexitarian Pitchfork forage, literally paleo fap pour-over. Wes Anderson Pinterest YOLO fanny pack meggings, deep v XOXO chambray sustainable slow-carb raw denim church-key fap chillwave Etsy. +1 typewriter kitsch, American Apparel tofu Banksy Vice.\"}],[{\"key\":\"question\",\"value\":\"What Payment Methods Are Accepted?\"},{\"key\":\"answer\",\"value\":\"Fashion axe DIY jean shorts, swag kale chips meh polaroid kogi butcher Wes Anderson chambray next level semiotics gentrify yr. Voluptate photo booth fugiat Vice. Austin sed Williamsburg, ea labore raw denim voluptate cred proident mixtape excepteur mustache. Twee chia photo booth readymade food truck, hoodie roof party swag keytar PBR DIY.\"}],[{\"key\":\"question\",\"value\":\"Is Buying On-Line Safe?\"},{\"key\":\"answer\",\"value\":\"Art party authentic freegan semiotics jean shorts chia cred. Neutra Austin roof party Brooklyn, synth Thundercats swag 8-bit photo booth. Plaid letterpress leggings craft beer meh ethical Pinterest.\"}]]]',38,'Botble\\Ecommerce\\Models\\Product','2023-05-28 21:29:55','2023-05-28 21:29:55'),(48,'faq_schema_config','[[[{\"key\":\"question\",\"value\":\"What Shipping Methods Are Available?\"},{\"key\":\"answer\",\"value\":\"Ex Portland Pitchfork irure mustache. Eutra fap before they sold out literally. Aliquip ugh bicycle rights actually mlkshk, seitan squid craft beer tempor.\"}],[{\"key\":\"question\",\"value\":\"Do You Ship Internationally?\"},{\"key\":\"answer\",\"value\":\"Hoodie tote bag mixtape tofu. Typewriter jean shorts wolf quinoa, messenger bag organic freegan cray.\"}],[{\"key\":\"question\",\"value\":\"How Long Will It Take To Get My Package?\"},{\"key\":\"answer\",\"value\":\"Swag slow-carb quinoa VHS typewriter pork belly brunch, paleo single-origin coffee Wes Anderson. Flexitarian Pitchfork forage, literally paleo fap pour-over. Wes Anderson Pinterest YOLO fanny pack meggings, deep v XOXO chambray sustainable slow-carb raw denim church-key fap chillwave Etsy. +1 typewriter kitsch, American Apparel tofu Banksy Vice.\"}],[{\"key\":\"question\",\"value\":\"What Payment Methods Are Accepted?\"},{\"key\":\"answer\",\"value\":\"Fashion axe DIY jean shorts, swag kale chips meh polaroid kogi butcher Wes Anderson chambray next level semiotics gentrify yr. Voluptate photo booth fugiat Vice. Austin sed Williamsburg, ea labore raw denim voluptate cred proident mixtape excepteur mustache. Twee chia photo booth readymade food truck, hoodie roof party swag keytar PBR DIY.\"}],[{\"key\":\"question\",\"value\":\"Is Buying On-Line Safe?\"},{\"key\":\"answer\",\"value\":\"Art party authentic freegan semiotics jean shorts chia cred. Neutra Austin roof party Brooklyn, synth Thundercats swag 8-bit photo booth. Plaid letterpress leggings craft beer meh ethical Pinterest.\"}]]]',39,'Botble\\Ecommerce\\Models\\Product','2023-05-28 21:29:55','2023-05-28 21:29:55'),(49,'faq_schema_config','[[[{\"key\":\"question\",\"value\":\"What Shipping Methods Are Available?\"},{\"key\":\"answer\",\"value\":\"Ex Portland Pitchfork irure mustache. Eutra fap before they sold out literally. Aliquip ugh bicycle rights actually mlkshk, seitan squid craft beer tempor.\"}],[{\"key\":\"question\",\"value\":\"Do You Ship Internationally?\"},{\"key\":\"answer\",\"value\":\"Hoodie tote bag mixtape tofu. Typewriter jean shorts wolf quinoa, messenger bag organic freegan cray.\"}],[{\"key\":\"question\",\"value\":\"How Long Will It Take To Get My Package?\"},{\"key\":\"answer\",\"value\":\"Swag slow-carb quinoa VHS typewriter pork belly brunch, paleo single-origin coffee Wes Anderson. Flexitarian Pitchfork forage, literally paleo fap pour-over. Wes Anderson Pinterest YOLO fanny pack meggings, deep v XOXO chambray sustainable slow-carb raw denim church-key fap chillwave Etsy. +1 typewriter kitsch, American Apparel tofu Banksy Vice.\"}],[{\"key\":\"question\",\"value\":\"What Payment Methods Are Accepted?\"},{\"key\":\"answer\",\"value\":\"Fashion axe DIY jean shorts, swag kale chips meh polaroid kogi butcher Wes Anderson chambray next level semiotics gentrify yr. Voluptate photo booth fugiat Vice. Austin sed Williamsburg, ea labore raw denim voluptate cred proident mixtape excepteur mustache. Twee chia photo booth readymade food truck, hoodie roof party swag keytar PBR DIY.\"}],[{\"key\":\"question\",\"value\":\"Is Buying On-Line Safe?\"},{\"key\":\"answer\",\"value\":\"Art party authentic freegan semiotics jean shorts chia cred. Neutra Austin roof party Brooklyn, synth Thundercats swag 8-bit photo booth. Plaid letterpress leggings craft beer meh ethical Pinterest.\"}]]]',40,'Botble\\Ecommerce\\Models\\Product','2023-05-28 21:29:55','2023-05-28 21:29:55'),(50,'faq_schema_config','[[[{\"key\":\"question\",\"value\":\"What Shipping Methods Are Available?\"},{\"key\":\"answer\",\"value\":\"Ex Portland Pitchfork irure mustache. Eutra fap before they sold out literally. Aliquip ugh bicycle rights actually mlkshk, seitan squid craft beer tempor.\"}],[{\"key\":\"question\",\"value\":\"Do You Ship Internationally?\"},{\"key\":\"answer\",\"value\":\"Hoodie tote bag mixtape tofu. Typewriter jean shorts wolf quinoa, messenger bag organic freegan cray.\"}],[{\"key\":\"question\",\"value\":\"How Long Will It Take To Get My Package?\"},{\"key\":\"answer\",\"value\":\"Swag slow-carb quinoa VHS typewriter pork belly brunch, paleo single-origin coffee Wes Anderson. Flexitarian Pitchfork forage, literally paleo fap pour-over. Wes Anderson Pinterest YOLO fanny pack meggings, deep v XOXO chambray sustainable slow-carb raw denim church-key fap chillwave Etsy. +1 typewriter kitsch, American Apparel tofu Banksy Vice.\"}],[{\"key\":\"question\",\"value\":\"What Payment Methods Are Accepted?\"},{\"key\":\"answer\",\"value\":\"Fashion axe DIY jean shorts, swag kale chips meh polaroid kogi butcher Wes Anderson chambray next level semiotics gentrify yr. Voluptate photo booth fugiat Vice. Austin sed Williamsburg, ea labore raw denim voluptate cred proident mixtape excepteur mustache. Twee chia photo booth readymade food truck, hoodie roof party swag keytar PBR DIY.\"}],[{\"key\":\"question\",\"value\":\"Is Buying On-Line Safe?\"},{\"key\":\"answer\",\"value\":\"Art party authentic freegan semiotics jean shorts chia cred. Neutra Austin roof party Brooklyn, synth Thundercats swag 8-bit photo booth. Plaid letterpress leggings craft beer meh ethical Pinterest.\"}]]]',41,'Botble\\Ecommerce\\Models\\Product','2023-05-28 21:29:55','2023-05-28 21:29:55'),(51,'faq_schema_config','[[[{\"key\":\"question\",\"value\":\"What Shipping Methods Are Available?\"},{\"key\":\"answer\",\"value\":\"Ex Portland Pitchfork irure mustache. Eutra fap before they sold out literally. Aliquip ugh bicycle rights actually mlkshk, seitan squid craft beer tempor.\"}],[{\"key\":\"question\",\"value\":\"Do You Ship Internationally?\"},{\"key\":\"answer\",\"value\":\"Hoodie tote bag mixtape tofu. Typewriter jean shorts wolf quinoa, messenger bag organic freegan cray.\"}],[{\"key\":\"question\",\"value\":\"How Long Will It Take To Get My Package?\"},{\"key\":\"answer\",\"value\":\"Swag slow-carb quinoa VHS typewriter pork belly brunch, paleo single-origin coffee Wes Anderson. Flexitarian Pitchfork forage, literally paleo fap pour-over. Wes Anderson Pinterest YOLO fanny pack meggings, deep v XOXO chambray sustainable slow-carb raw denim church-key fap chillwave Etsy. +1 typewriter kitsch, American Apparel tofu Banksy Vice.\"}],[{\"key\":\"question\",\"value\":\"What Payment Methods Are Accepted?\"},{\"key\":\"answer\",\"value\":\"Fashion axe DIY jean shorts, swag kale chips meh polaroid kogi butcher Wes Anderson chambray next level semiotics gentrify yr. Voluptate photo booth fugiat Vice. Austin sed Williamsburg, ea labore raw denim voluptate cred proident mixtape excepteur mustache. Twee chia photo booth readymade food truck, hoodie roof party swag keytar PBR DIY.\"}],[{\"key\":\"question\",\"value\":\"Is Buying On-Line Safe?\"},{\"key\":\"answer\",\"value\":\"Art party authentic freegan semiotics jean shorts chia cred. Neutra Austin roof party Brooklyn, synth Thundercats swag 8-bit photo booth. Plaid letterpress leggings craft beer meh ethical Pinterest.\"}]]]',42,'Botble\\Ecommerce\\Models\\Product','2023-05-28 21:29:55','2023-05-28 21:29:55'),(52,'faq_schema_config','[[[{\"key\":\"question\",\"value\":\"What Shipping Methods Are Available?\"},{\"key\":\"answer\",\"value\":\"Ex Portland Pitchfork irure mustache. Eutra fap before they sold out literally. Aliquip ugh bicycle rights actually mlkshk, seitan squid craft beer tempor.\"}],[{\"key\":\"question\",\"value\":\"Do You Ship Internationally?\"},{\"key\":\"answer\",\"value\":\"Hoodie tote bag mixtape tofu. Typewriter jean shorts wolf quinoa, messenger bag organic freegan cray.\"}],[{\"key\":\"question\",\"value\":\"How Long Will It Take To Get My Package?\"},{\"key\":\"answer\",\"value\":\"Swag slow-carb quinoa VHS typewriter pork belly brunch, paleo single-origin coffee Wes Anderson. Flexitarian Pitchfork forage, literally paleo fap pour-over. Wes Anderson Pinterest YOLO fanny pack meggings, deep v XOXO chambray sustainable slow-carb raw denim church-key fap chillwave Etsy. +1 typewriter kitsch, American Apparel tofu Banksy Vice.\"}],[{\"key\":\"question\",\"value\":\"What Payment Methods Are Accepted?\"},{\"key\":\"answer\",\"value\":\"Fashion axe DIY jean shorts, swag kale chips meh polaroid kogi butcher Wes Anderson chambray next level semiotics gentrify yr. Voluptate photo booth fugiat Vice. Austin sed Williamsburg, ea labore raw denim voluptate cred proident mixtape excepteur mustache. Twee chia photo booth readymade food truck, hoodie roof party swag keytar PBR DIY.\"}],[{\"key\":\"question\",\"value\":\"Is Buying On-Line Safe?\"},{\"key\":\"answer\",\"value\":\"Art party authentic freegan semiotics jean shorts chia cred. Neutra Austin roof party Brooklyn, synth Thundercats swag 8-bit photo booth. Plaid letterpress leggings craft beer meh ethical Pinterest.\"}]]]',43,'Botble\\Ecommerce\\Models\\Product','2023-05-28 21:29:55','2023-05-28 21:29:55'),(53,'faq_schema_config','[[[{\"key\":\"question\",\"value\":\"What Shipping Methods Are Available?\"},{\"key\":\"answer\",\"value\":\"Ex Portland Pitchfork irure mustache. Eutra fap before they sold out literally. Aliquip ugh bicycle rights actually mlkshk, seitan squid craft beer tempor.\"}],[{\"key\":\"question\",\"value\":\"Do You Ship Internationally?\"},{\"key\":\"answer\",\"value\":\"Hoodie tote bag mixtape tofu. Typewriter jean shorts wolf quinoa, messenger bag organic freegan cray.\"}],[{\"key\":\"question\",\"value\":\"How Long Will It Take To Get My Package?\"},{\"key\":\"answer\",\"value\":\"Swag slow-carb quinoa VHS typewriter pork belly brunch, paleo single-origin coffee Wes Anderson. Flexitarian Pitchfork forage, literally paleo fap pour-over. Wes Anderson Pinterest YOLO fanny pack meggings, deep v XOXO chambray sustainable slow-carb raw denim church-key fap chillwave Etsy. +1 typewriter kitsch, American Apparel tofu Banksy Vice.\"}],[{\"key\":\"question\",\"value\":\"What Payment Methods Are Accepted?\"},{\"key\":\"answer\",\"value\":\"Fashion axe DIY jean shorts, swag kale chips meh polaroid kogi butcher Wes Anderson chambray next level semiotics gentrify yr. Voluptate photo booth fugiat Vice. Austin sed Williamsburg, ea labore raw denim voluptate cred proident mixtape excepteur mustache. Twee chia photo booth readymade food truck, hoodie roof party swag keytar PBR DIY.\"}],[{\"key\":\"question\",\"value\":\"Is Buying On-Line Safe?\"},{\"key\":\"answer\",\"value\":\"Art party authentic freegan semiotics jean shorts chia cred. Neutra Austin roof party Brooklyn, synth Thundercats swag 8-bit photo booth. Plaid letterpress leggings craft beer meh ethical Pinterest.\"}]]]',44,'Botble\\Ecommerce\\Models\\Product','2023-05-28 21:29:55','2023-05-28 21:29:55'),(54,'faq_schema_config','[[[{\"key\":\"question\",\"value\":\"What Shipping Methods Are Available?\"},{\"key\":\"answer\",\"value\":\"Ex Portland Pitchfork irure mustache. Eutra fap before they sold out literally. Aliquip ugh bicycle rights actually mlkshk, seitan squid craft beer tempor.\"}],[{\"key\":\"question\",\"value\":\"Do You Ship Internationally?\"},{\"key\":\"answer\",\"value\":\"Hoodie tote bag mixtape tofu. Typewriter jean shorts wolf quinoa, messenger bag organic freegan cray.\"}],[{\"key\":\"question\",\"value\":\"How Long Will It Take To Get My Package?\"},{\"key\":\"answer\",\"value\":\"Swag slow-carb quinoa VHS typewriter pork belly brunch, paleo single-origin coffee Wes Anderson. Flexitarian Pitchfork forage, literally paleo fap pour-over. Wes Anderson Pinterest YOLO fanny pack meggings, deep v XOXO chambray sustainable slow-carb raw denim church-key fap chillwave Etsy. +1 typewriter kitsch, American Apparel tofu Banksy Vice.\"}],[{\"key\":\"question\",\"value\":\"What Payment Methods Are Accepted?\"},{\"key\":\"answer\",\"value\":\"Fashion axe DIY jean shorts, swag kale chips meh polaroid kogi butcher Wes Anderson chambray next level semiotics gentrify yr. Voluptate photo booth fugiat Vice. Austin sed Williamsburg, ea labore raw denim voluptate cred proident mixtape excepteur mustache. Twee chia photo booth readymade food truck, hoodie roof party swag keytar PBR DIY.\"}],[{\"key\":\"question\",\"value\":\"Is Buying On-Line Safe?\"},{\"key\":\"answer\",\"value\":\"Art party authentic freegan semiotics jean shorts chia cred. Neutra Austin roof party Brooklyn, synth Thundercats swag 8-bit photo booth. Plaid letterpress leggings craft beer meh ethical Pinterest.\"}]]]',45,'Botble\\Ecommerce\\Models\\Product','2023-05-28 21:29:55','2023-05-28 21:29:55'),(55,'faq_schema_config','[[[{\"key\":\"question\",\"value\":\"What Shipping Methods Are Available?\"},{\"key\":\"answer\",\"value\":\"Ex Portland Pitchfork irure mustache. Eutra fap before they sold out literally. Aliquip ugh bicycle rights actually mlkshk, seitan squid craft beer tempor.\"}],[{\"key\":\"question\",\"value\":\"Do You Ship Internationally?\"},{\"key\":\"answer\",\"value\":\"Hoodie tote bag mixtape tofu. Typewriter jean shorts wolf quinoa, messenger bag organic freegan cray.\"}],[{\"key\":\"question\",\"value\":\"How Long Will It Take To Get My Package?\"},{\"key\":\"answer\",\"value\":\"Swag slow-carb quinoa VHS typewriter pork belly brunch, paleo single-origin coffee Wes Anderson. Flexitarian Pitchfork forage, literally paleo fap pour-over. Wes Anderson Pinterest YOLO fanny pack meggings, deep v XOXO chambray sustainable slow-carb raw denim church-key fap chillwave Etsy. +1 typewriter kitsch, American Apparel tofu Banksy Vice.\"}],[{\"key\":\"question\",\"value\":\"What Payment Methods Are Accepted?\"},{\"key\":\"answer\",\"value\":\"Fashion axe DIY jean shorts, swag kale chips meh polaroid kogi butcher Wes Anderson chambray next level semiotics gentrify yr. Voluptate photo booth fugiat Vice. Austin sed Williamsburg, ea labore raw denim voluptate cred proident mixtape excepteur mustache. Twee chia photo booth readymade food truck, hoodie roof party swag keytar PBR DIY.\"}],[{\"key\":\"question\",\"value\":\"Is Buying On-Line Safe?\"},{\"key\":\"answer\",\"value\":\"Art party authentic freegan semiotics jean shorts chia cred. Neutra Austin roof party Brooklyn, synth Thundercats swag 8-bit photo booth. Plaid letterpress leggings craft beer meh ethical Pinterest.\"}]]]',46,'Botble\\Ecommerce\\Models\\Product','2023-05-28 21:29:55','2023-05-28 21:29:55'),(56,'faq_schema_config','[[[{\"key\":\"question\",\"value\":\"What Shipping Methods Are Available?\"},{\"key\":\"answer\",\"value\":\"Ex Portland Pitchfork irure mustache. Eutra fap before they sold out literally. Aliquip ugh bicycle rights actually mlkshk, seitan squid craft beer tempor.\"}],[{\"key\":\"question\",\"value\":\"Do You Ship Internationally?\"},{\"key\":\"answer\",\"value\":\"Hoodie tote bag mixtape tofu. Typewriter jean shorts wolf quinoa, messenger bag organic freegan cray.\"}],[{\"key\":\"question\",\"value\":\"How Long Will It Take To Get My Package?\"},{\"key\":\"answer\",\"value\":\"Swag slow-carb quinoa VHS typewriter pork belly brunch, paleo single-origin coffee Wes Anderson. Flexitarian Pitchfork forage, literally paleo fap pour-over. Wes Anderson Pinterest YOLO fanny pack meggings, deep v XOXO chambray sustainable slow-carb raw denim church-key fap chillwave Etsy. +1 typewriter kitsch, American Apparel tofu Banksy Vice.\"}],[{\"key\":\"question\",\"value\":\"What Payment Methods Are Accepted?\"},{\"key\":\"answer\",\"value\":\"Fashion axe DIY jean shorts, swag kale chips meh polaroid kogi butcher Wes Anderson chambray next level semiotics gentrify yr. Voluptate photo booth fugiat Vice. Austin sed Williamsburg, ea labore raw denim voluptate cred proident mixtape excepteur mustache. Twee chia photo booth readymade food truck, hoodie roof party swag keytar PBR DIY.\"}],[{\"key\":\"question\",\"value\":\"Is Buying On-Line Safe?\"},{\"key\":\"answer\",\"value\":\"Art party authentic freegan semiotics jean shorts chia cred. Neutra Austin roof party Brooklyn, synth Thundercats swag 8-bit photo booth. Plaid letterpress leggings craft beer meh ethical Pinterest.\"}]]]',47,'Botble\\Ecommerce\\Models\\Product','2023-05-28 21:29:55','2023-05-28 21:29:55'),(57,'faq_schema_config','[[[{\"key\":\"question\",\"value\":\"What Shipping Methods Are Available?\"},{\"key\":\"answer\",\"value\":\"Ex Portland Pitchfork irure mustache. Eutra fap before they sold out literally. Aliquip ugh bicycle rights actually mlkshk, seitan squid craft beer tempor.\"}],[{\"key\":\"question\",\"value\":\"Do You Ship Internationally?\"},{\"key\":\"answer\",\"value\":\"Hoodie tote bag mixtape tofu. Typewriter jean shorts wolf quinoa, messenger bag organic freegan cray.\"}],[{\"key\":\"question\",\"value\":\"How Long Will It Take To Get My Package?\"},{\"key\":\"answer\",\"value\":\"Swag slow-carb quinoa VHS typewriter pork belly brunch, paleo single-origin coffee Wes Anderson. Flexitarian Pitchfork forage, literally paleo fap pour-over. Wes Anderson Pinterest YOLO fanny pack meggings, deep v XOXO chambray sustainable slow-carb raw denim church-key fap chillwave Etsy. +1 typewriter kitsch, American Apparel tofu Banksy Vice.\"}],[{\"key\":\"question\",\"value\":\"What Payment Methods Are Accepted?\"},{\"key\":\"answer\",\"value\":\"Fashion axe DIY jean shorts, swag kale chips meh polaroid kogi butcher Wes Anderson chambray next level semiotics gentrify yr. Voluptate photo booth fugiat Vice. Austin sed Williamsburg, ea labore raw denim voluptate cred proident mixtape excepteur mustache. Twee chia photo booth readymade food truck, hoodie roof party swag keytar PBR DIY.\"}],[{\"key\":\"question\",\"value\":\"Is Buying On-Line Safe?\"},{\"key\":\"answer\",\"value\":\"Art party authentic freegan semiotics jean shorts chia cred. Neutra Austin roof party Brooklyn, synth Thundercats swag 8-bit photo booth. Plaid letterpress leggings craft beer meh ethical Pinterest.\"}]]]',48,'Botble\\Ecommerce\\Models\\Product','2023-05-28 21:29:55','2023-05-28 21:29:55'),(58,'faq_schema_config','[[[{\"key\":\"question\",\"value\":\"What Shipping Methods Are Available?\"},{\"key\":\"answer\",\"value\":\"Ex Portland Pitchfork irure mustache. Eutra fap before they sold out literally. Aliquip ugh bicycle rights actually mlkshk, seitan squid craft beer tempor.\"}],[{\"key\":\"question\",\"value\":\"Do You Ship Internationally?\"},{\"key\":\"answer\",\"value\":\"Hoodie tote bag mixtape tofu. Typewriter jean shorts wolf quinoa, messenger bag organic freegan cray.\"}],[{\"key\":\"question\",\"value\":\"How Long Will It Take To Get My Package?\"},{\"key\":\"answer\",\"value\":\"Swag slow-carb quinoa VHS typewriter pork belly brunch, paleo single-origin coffee Wes Anderson. Flexitarian Pitchfork forage, literally paleo fap pour-over. Wes Anderson Pinterest YOLO fanny pack meggings, deep v XOXO chambray sustainable slow-carb raw denim church-key fap chillwave Etsy. +1 typewriter kitsch, American Apparel tofu Banksy Vice.\"}],[{\"key\":\"question\",\"value\":\"What Payment Methods Are Accepted?\"},{\"key\":\"answer\",\"value\":\"Fashion axe DIY jean shorts, swag kale chips meh polaroid kogi butcher Wes Anderson chambray next level semiotics gentrify yr. Voluptate photo booth fugiat Vice. Austin sed Williamsburg, ea labore raw denim voluptate cred proident mixtape excepteur mustache. Twee chia photo booth readymade food truck, hoodie roof party swag keytar PBR DIY.\"}],[{\"key\":\"question\",\"value\":\"Is Buying On-Line Safe?\"},{\"key\":\"answer\",\"value\":\"Art party authentic freegan semiotics jean shorts chia cred. Neutra Austin roof party Brooklyn, synth Thundercats swag 8-bit photo booth. Plaid letterpress leggings craft beer meh ethical Pinterest.\"}]]]',49,'Botble\\Ecommerce\\Models\\Product','2023-05-28 21:29:55','2023-05-28 21:29:55'),(59,'faq_schema_config','[[[{\"key\":\"question\",\"value\":\"What Shipping Methods Are Available?\"},{\"key\":\"answer\",\"value\":\"Ex Portland Pitchfork irure mustache. Eutra fap before they sold out literally. Aliquip ugh bicycle rights actually mlkshk, seitan squid craft beer tempor.\"}],[{\"key\":\"question\",\"value\":\"Do You Ship Internationally?\"},{\"key\":\"answer\",\"value\":\"Hoodie tote bag mixtape tofu. Typewriter jean shorts wolf quinoa, messenger bag organic freegan cray.\"}],[{\"key\":\"question\",\"value\":\"How Long Will It Take To Get My Package?\"},{\"key\":\"answer\",\"value\":\"Swag slow-carb quinoa VHS typewriter pork belly brunch, paleo single-origin coffee Wes Anderson. Flexitarian Pitchfork forage, literally paleo fap pour-over. Wes Anderson Pinterest YOLO fanny pack meggings, deep v XOXO chambray sustainable slow-carb raw denim church-key fap chillwave Etsy. +1 typewriter kitsch, American Apparel tofu Banksy Vice.\"}],[{\"key\":\"question\",\"value\":\"What Payment Methods Are Accepted?\"},{\"key\":\"answer\",\"value\":\"Fashion axe DIY jean shorts, swag kale chips meh polaroid kogi butcher Wes Anderson chambray next level semiotics gentrify yr. Voluptate photo booth fugiat Vice. Austin sed Williamsburg, ea labore raw denim voluptate cred proident mixtape excepteur mustache. Twee chia photo booth readymade food truck, hoodie roof party swag keytar PBR DIY.\"}],[{\"key\":\"question\",\"value\":\"Is Buying On-Line Safe?\"},{\"key\":\"answer\",\"value\":\"Art party authentic freegan semiotics jean shorts chia cred. Neutra Austin roof party Brooklyn, synth Thundercats swag 8-bit photo booth. Plaid letterpress leggings craft beer meh ethical Pinterest.\"}]]]',50,'Botble\\Ecommerce\\Models\\Product','2023-05-28 21:29:55','2023-05-28 21:29:55'),(60,'faq_schema_config','[[[{\"key\":\"question\",\"value\":\"What Shipping Methods Are Available?\"},{\"key\":\"answer\",\"value\":\"Ex Portland Pitchfork irure mustache. Eutra fap before they sold out literally. Aliquip ugh bicycle rights actually mlkshk, seitan squid craft beer tempor.\"}],[{\"key\":\"question\",\"value\":\"Do You Ship Internationally?\"},{\"key\":\"answer\",\"value\":\"Hoodie tote bag mixtape tofu. Typewriter jean shorts wolf quinoa, messenger bag organic freegan cray.\"}],[{\"key\":\"question\",\"value\":\"How Long Will It Take To Get My Package?\"},{\"key\":\"answer\",\"value\":\"Swag slow-carb quinoa VHS typewriter pork belly brunch, paleo single-origin coffee Wes Anderson. Flexitarian Pitchfork forage, literally paleo fap pour-over. Wes Anderson Pinterest YOLO fanny pack meggings, deep v XOXO chambray sustainable slow-carb raw denim church-key fap chillwave Etsy. +1 typewriter kitsch, American Apparel tofu Banksy Vice.\"}],[{\"key\":\"question\",\"value\":\"What Payment Methods Are Accepted?\"},{\"key\":\"answer\",\"value\":\"Fashion axe DIY jean shorts, swag kale chips meh polaroid kogi butcher Wes Anderson chambray next level semiotics gentrify yr. Voluptate photo booth fugiat Vice. Austin sed Williamsburg, ea labore raw denim voluptate cred proident mixtape excepteur mustache. Twee chia photo booth readymade food truck, hoodie roof party swag keytar PBR DIY.\"}],[{\"key\":\"question\",\"value\":\"Is Buying On-Line Safe?\"},{\"key\":\"answer\",\"value\":\"Art party authentic freegan semiotics jean shorts chia cred. Neutra Austin roof party Brooklyn, synth Thundercats swag 8-bit photo booth. Plaid letterpress leggings craft beer meh ethical Pinterest.\"}]]]',51,'Botble\\Ecommerce\\Models\\Product','2023-05-28 21:29:55','2023-05-28 21:29:55'),(61,'faq_schema_config','[[[{\"key\":\"question\",\"value\":\"What Shipping Methods Are Available?\"},{\"key\":\"answer\",\"value\":\"Ex Portland Pitchfork irure mustache. Eutra fap before they sold out literally. Aliquip ugh bicycle rights actually mlkshk, seitan squid craft beer tempor.\"}],[{\"key\":\"question\",\"value\":\"Do You Ship Internationally?\"},{\"key\":\"answer\",\"value\":\"Hoodie tote bag mixtape tofu. Typewriter jean shorts wolf quinoa, messenger bag organic freegan cray.\"}],[{\"key\":\"question\",\"value\":\"How Long Will It Take To Get My Package?\"},{\"key\":\"answer\",\"value\":\"Swag slow-carb quinoa VHS typewriter pork belly brunch, paleo single-origin coffee Wes Anderson. Flexitarian Pitchfork forage, literally paleo fap pour-over. Wes Anderson Pinterest YOLO fanny pack meggings, deep v XOXO chambray sustainable slow-carb raw denim church-key fap chillwave Etsy. +1 typewriter kitsch, American Apparel tofu Banksy Vice.\"}],[{\"key\":\"question\",\"value\":\"What Payment Methods Are Accepted?\"},{\"key\":\"answer\",\"value\":\"Fashion axe DIY jean shorts, swag kale chips meh polaroid kogi butcher Wes Anderson chambray next level semiotics gentrify yr. Voluptate photo booth fugiat Vice. Austin sed Williamsburg, ea labore raw denim voluptate cred proident mixtape excepteur mustache. Twee chia photo booth readymade food truck, hoodie roof party swag keytar PBR DIY.\"}],[{\"key\":\"question\",\"value\":\"Is Buying On-Line Safe?\"},{\"key\":\"answer\",\"value\":\"Art party authentic freegan semiotics jean shorts chia cred. Neutra Austin roof party Brooklyn, synth Thundercats swag 8-bit photo booth. Plaid letterpress leggings craft beer meh ethical Pinterest.\"}]]]',52,'Botble\\Ecommerce\\Models\\Product','2023-05-28 21:29:56','2023-05-28 21:29:56'),(62,'faq_schema_config','[[[{\"key\":\"question\",\"value\":\"What Shipping Methods Are Available?\"},{\"key\":\"answer\",\"value\":\"Ex Portland Pitchfork irure mustache. Eutra fap before they sold out literally. Aliquip ugh bicycle rights actually mlkshk, seitan squid craft beer tempor.\"}],[{\"key\":\"question\",\"value\":\"Do You Ship Internationally?\"},{\"key\":\"answer\",\"value\":\"Hoodie tote bag mixtape tofu. Typewriter jean shorts wolf quinoa, messenger bag organic freegan cray.\"}],[{\"key\":\"question\",\"value\":\"How Long Will It Take To Get My Package?\"},{\"key\":\"answer\",\"value\":\"Swag slow-carb quinoa VHS typewriter pork belly brunch, paleo single-origin coffee Wes Anderson. Flexitarian Pitchfork forage, literally paleo fap pour-over. Wes Anderson Pinterest YOLO fanny pack meggings, deep v XOXO chambray sustainable slow-carb raw denim church-key fap chillwave Etsy. +1 typewriter kitsch, American Apparel tofu Banksy Vice.\"}],[{\"key\":\"question\",\"value\":\"What Payment Methods Are Accepted?\"},{\"key\":\"answer\",\"value\":\"Fashion axe DIY jean shorts, swag kale chips meh polaroid kogi butcher Wes Anderson chambray next level semiotics gentrify yr. Voluptate photo booth fugiat Vice. Austin sed Williamsburg, ea labore raw denim voluptate cred proident mixtape excepteur mustache. Twee chia photo booth readymade food truck, hoodie roof party swag keytar PBR DIY.\"}],[{\"key\":\"question\",\"value\":\"Is Buying On-Line Safe?\"},{\"key\":\"answer\",\"value\":\"Art party authentic freegan semiotics jean shorts chia cred. Neutra Austin roof party Brooklyn, synth Thundercats swag 8-bit photo booth. Plaid letterpress leggings craft beer meh ethical Pinterest.\"}]]]',53,'Botble\\Ecommerce\\Models\\Product','2023-05-28 21:29:56','2023-05-28 21:29:56'),(63,'faq_schema_config','[[[{\"key\":\"question\",\"value\":\"What Shipping Methods Are Available?\"},{\"key\":\"answer\",\"value\":\"Ex Portland Pitchfork irure mustache. Eutra fap before they sold out literally. Aliquip ugh bicycle rights actually mlkshk, seitan squid craft beer tempor.\"}],[{\"key\":\"question\",\"value\":\"Do You Ship Internationally?\"},{\"key\":\"answer\",\"value\":\"Hoodie tote bag mixtape tofu. Typewriter jean shorts wolf quinoa, messenger bag organic freegan cray.\"}],[{\"key\":\"question\",\"value\":\"How Long Will It Take To Get My Package?\"},{\"key\":\"answer\",\"value\":\"Swag slow-carb quinoa VHS typewriter pork belly brunch, paleo single-origin coffee Wes Anderson. Flexitarian Pitchfork forage, literally paleo fap pour-over. Wes Anderson Pinterest YOLO fanny pack meggings, deep v XOXO chambray sustainable slow-carb raw denim church-key fap chillwave Etsy. +1 typewriter kitsch, American Apparel tofu Banksy Vice.\"}],[{\"key\":\"question\",\"value\":\"What Payment Methods Are Accepted?\"},{\"key\":\"answer\",\"value\":\"Fashion axe DIY jean shorts, swag kale chips meh polaroid kogi butcher Wes Anderson chambray next level semiotics gentrify yr. Voluptate photo booth fugiat Vice. Austin sed Williamsburg, ea labore raw denim voluptate cred proident mixtape excepteur mustache. Twee chia photo booth readymade food truck, hoodie roof party swag keytar PBR DIY.\"}],[{\"key\":\"question\",\"value\":\"Is Buying On-Line Safe?\"},{\"key\":\"answer\",\"value\":\"Art party authentic freegan semiotics jean shorts chia cred. Neutra Austin roof party Brooklyn, synth Thundercats swag 8-bit photo booth. Plaid letterpress leggings craft beer meh ethical Pinterest.\"}]]]',54,'Botble\\Ecommerce\\Models\\Product','2023-05-28 21:29:56','2023-05-28 21:29:56'),(64,'faq_schema_config','[[[{\"key\":\"question\",\"value\":\"What Shipping Methods Are Available?\"},{\"key\":\"answer\",\"value\":\"Ex Portland Pitchfork irure mustache. Eutra fap before they sold out literally. Aliquip ugh bicycle rights actually mlkshk, seitan squid craft beer tempor.\"}],[{\"key\":\"question\",\"value\":\"Do You Ship Internationally?\"},{\"key\":\"answer\",\"value\":\"Hoodie tote bag mixtape tofu. Typewriter jean shorts wolf quinoa, messenger bag organic freegan cray.\"}],[{\"key\":\"question\",\"value\":\"How Long Will It Take To Get My Package?\"},{\"key\":\"answer\",\"value\":\"Swag slow-carb quinoa VHS typewriter pork belly brunch, paleo single-origin coffee Wes Anderson. Flexitarian Pitchfork forage, literally paleo fap pour-over. Wes Anderson Pinterest YOLO fanny pack meggings, deep v XOXO chambray sustainable slow-carb raw denim church-key fap chillwave Etsy. +1 typewriter kitsch, American Apparel tofu Banksy Vice.\"}],[{\"key\":\"question\",\"value\":\"What Payment Methods Are Accepted?\"},{\"key\":\"answer\",\"value\":\"Fashion axe DIY jean shorts, swag kale chips meh polaroid kogi butcher Wes Anderson chambray next level semiotics gentrify yr. Voluptate photo booth fugiat Vice. Austin sed Williamsburg, ea labore raw denim voluptate cred proident mixtape excepteur mustache. Twee chia photo booth readymade food truck, hoodie roof party swag keytar PBR DIY.\"}],[{\"key\":\"question\",\"value\":\"Is Buying On-Line Safe?\"},{\"key\":\"answer\",\"value\":\"Art party authentic freegan semiotics jean shorts chia cred. Neutra Austin roof party Brooklyn, synth Thundercats swag 8-bit photo booth. Plaid letterpress leggings craft beer meh ethical Pinterest.\"}]]]',55,'Botble\\Ecommerce\\Models\\Product','2023-05-28 21:29:56','2023-05-28 21:29:56'),(65,'faq_schema_config','[[[{\"key\":\"question\",\"value\":\"What Shipping Methods Are Available?\"},{\"key\":\"answer\",\"value\":\"Ex Portland Pitchfork irure mustache. Eutra fap before they sold out literally. Aliquip ugh bicycle rights actually mlkshk, seitan squid craft beer tempor.\"}],[{\"key\":\"question\",\"value\":\"Do You Ship Internationally?\"},{\"key\":\"answer\",\"value\":\"Hoodie tote bag mixtape tofu. Typewriter jean shorts wolf quinoa, messenger bag organic freegan cray.\"}],[{\"key\":\"question\",\"value\":\"How Long Will It Take To Get My Package?\"},{\"key\":\"answer\",\"value\":\"Swag slow-carb quinoa VHS typewriter pork belly brunch, paleo single-origin coffee Wes Anderson. Flexitarian Pitchfork forage, literally paleo fap pour-over. Wes Anderson Pinterest YOLO fanny pack meggings, deep v XOXO chambray sustainable slow-carb raw denim church-key fap chillwave Etsy. +1 typewriter kitsch, American Apparel tofu Banksy Vice.\"}],[{\"key\":\"question\",\"value\":\"What Payment Methods Are Accepted?\"},{\"key\":\"answer\",\"value\":\"Fashion axe DIY jean shorts, swag kale chips meh polaroid kogi butcher Wes Anderson chambray next level semiotics gentrify yr. Voluptate photo booth fugiat Vice. Austin sed Williamsburg, ea labore raw denim voluptate cred proident mixtape excepteur mustache. Twee chia photo booth readymade food truck, hoodie roof party swag keytar PBR DIY.\"}],[{\"key\":\"question\",\"value\":\"Is Buying On-Line Safe?\"},{\"key\":\"answer\",\"value\":\"Art party authentic freegan semiotics jean shorts chia cred. Neutra Austin roof party Brooklyn, synth Thundercats swag 8-bit photo booth. Plaid letterpress leggings craft beer meh ethical Pinterest.\"}]]]',56,'Botble\\Ecommerce\\Models\\Product','2023-05-28 21:29:56','2023-05-28 21:29:56'),(66,'faq_schema_config','[[[{\"key\":\"question\",\"value\":\"What Shipping Methods Are Available?\"},{\"key\":\"answer\",\"value\":\"Ex Portland Pitchfork irure mustache. Eutra fap before they sold out literally. Aliquip ugh bicycle rights actually mlkshk, seitan squid craft beer tempor.\"}],[{\"key\":\"question\",\"value\":\"Do You Ship Internationally?\"},{\"key\":\"answer\",\"value\":\"Hoodie tote bag mixtape tofu. Typewriter jean shorts wolf quinoa, messenger bag organic freegan cray.\"}],[{\"key\":\"question\",\"value\":\"How Long Will It Take To Get My Package?\"},{\"key\":\"answer\",\"value\":\"Swag slow-carb quinoa VHS typewriter pork belly brunch, paleo single-origin coffee Wes Anderson. Flexitarian Pitchfork forage, literally paleo fap pour-over. Wes Anderson Pinterest YOLO fanny pack meggings, deep v XOXO chambray sustainable slow-carb raw denim church-key fap chillwave Etsy. +1 typewriter kitsch, American Apparel tofu Banksy Vice.\"}],[{\"key\":\"question\",\"value\":\"What Payment Methods Are Accepted?\"},{\"key\":\"answer\",\"value\":\"Fashion axe DIY jean shorts, swag kale chips meh polaroid kogi butcher Wes Anderson chambray next level semiotics gentrify yr. Voluptate photo booth fugiat Vice. Austin sed Williamsburg, ea labore raw denim voluptate cred proident mixtape excepteur mustache. Twee chia photo booth readymade food truck, hoodie roof party swag keytar PBR DIY.\"}],[{\"key\":\"question\",\"value\":\"Is Buying On-Line Safe?\"},{\"key\":\"answer\",\"value\":\"Art party authentic freegan semiotics jean shorts chia cred. Neutra Austin roof party Brooklyn, synth Thundercats swag 8-bit photo booth. Plaid letterpress leggings craft beer meh ethical Pinterest.\"}]]]',57,'Botble\\Ecommerce\\Models\\Product','2023-05-28 21:29:56','2023-05-28 21:29:56'),(67,'faq_schema_config','[[[{\"key\":\"question\",\"value\":\"What Shipping Methods Are Available?\"},{\"key\":\"answer\",\"value\":\"Ex Portland Pitchfork irure mustache. Eutra fap before they sold out literally. Aliquip ugh bicycle rights actually mlkshk, seitan squid craft beer tempor.\"}],[{\"key\":\"question\",\"value\":\"Do You Ship Internationally?\"},{\"key\":\"answer\",\"value\":\"Hoodie tote bag mixtape tofu. Typewriter jean shorts wolf quinoa, messenger bag organic freegan cray.\"}],[{\"key\":\"question\",\"value\":\"How Long Will It Take To Get My Package?\"},{\"key\":\"answer\",\"value\":\"Swag slow-carb quinoa VHS typewriter pork belly brunch, paleo single-origin coffee Wes Anderson. Flexitarian Pitchfork forage, literally paleo fap pour-over. Wes Anderson Pinterest YOLO fanny pack meggings, deep v XOXO chambray sustainable slow-carb raw denim church-key fap chillwave Etsy. +1 typewriter kitsch, American Apparel tofu Banksy Vice.\"}],[{\"key\":\"question\",\"value\":\"What Payment Methods Are Accepted?\"},{\"key\":\"answer\",\"value\":\"Fashion axe DIY jean shorts, swag kale chips meh polaroid kogi butcher Wes Anderson chambray next level semiotics gentrify yr. Voluptate photo booth fugiat Vice. Austin sed Williamsburg, ea labore raw denim voluptate cred proident mixtape excepteur mustache. Twee chia photo booth readymade food truck, hoodie roof party swag keytar PBR DIY.\"}],[{\"key\":\"question\",\"value\":\"Is Buying On-Line Safe?\"},{\"key\":\"answer\",\"value\":\"Art party authentic freegan semiotics jean shorts chia cred. Neutra Austin roof party Brooklyn, synth Thundercats swag 8-bit photo booth. Plaid letterpress leggings craft beer meh ethical Pinterest.\"}]]]',58,'Botble\\Ecommerce\\Models\\Product','2023-05-28 21:29:56','2023-05-28 21:29:56'),(68,'faq_schema_config','[[[{\"key\":\"question\",\"value\":\"What Shipping Methods Are Available?\"},{\"key\":\"answer\",\"value\":\"Ex Portland Pitchfork irure mustache. Eutra fap before they sold out literally. Aliquip ugh bicycle rights actually mlkshk, seitan squid craft beer tempor.\"}],[{\"key\":\"question\",\"value\":\"Do You Ship Internationally?\"},{\"key\":\"answer\",\"value\":\"Hoodie tote bag mixtape tofu. Typewriter jean shorts wolf quinoa, messenger bag organic freegan cray.\"}],[{\"key\":\"question\",\"value\":\"How Long Will It Take To Get My Package?\"},{\"key\":\"answer\",\"value\":\"Swag slow-carb quinoa VHS typewriter pork belly brunch, paleo single-origin coffee Wes Anderson. Flexitarian Pitchfork forage, literally paleo fap pour-over. Wes Anderson Pinterest YOLO fanny pack meggings, deep v XOXO chambray sustainable slow-carb raw denim church-key fap chillwave Etsy. +1 typewriter kitsch, American Apparel tofu Banksy Vice.\"}],[{\"key\":\"question\",\"value\":\"What Payment Methods Are Accepted?\"},{\"key\":\"answer\",\"value\":\"Fashion axe DIY jean shorts, swag kale chips meh polaroid kogi butcher Wes Anderson chambray next level semiotics gentrify yr. Voluptate photo booth fugiat Vice. Austin sed Williamsburg, ea labore raw denim voluptate cred proident mixtape excepteur mustache. Twee chia photo booth readymade food truck, hoodie roof party swag keytar PBR DIY.\"}],[{\"key\":\"question\",\"value\":\"Is Buying On-Line Safe?\"},{\"key\":\"answer\",\"value\":\"Art party authentic freegan semiotics jean shorts chia cred. Neutra Austin roof party Brooklyn, synth Thundercats swag 8-bit photo booth. Plaid letterpress leggings craft beer meh ethical Pinterest.\"}]]]',59,'Botble\\Ecommerce\\Models\\Product','2023-05-28 21:29:56','2023-05-28 21:29:56'),(69,'faq_schema_config','[[[{\"key\":\"question\",\"value\":\"What Shipping Methods Are Available?\"},{\"key\":\"answer\",\"value\":\"Ex Portland Pitchfork irure mustache. Eutra fap before they sold out literally. Aliquip ugh bicycle rights actually mlkshk, seitan squid craft beer tempor.\"}],[{\"key\":\"question\",\"value\":\"Do You Ship Internationally?\"},{\"key\":\"answer\",\"value\":\"Hoodie tote bag mixtape tofu. Typewriter jean shorts wolf quinoa, messenger bag organic freegan cray.\"}],[{\"key\":\"question\",\"value\":\"How Long Will It Take To Get My Package?\"},{\"key\":\"answer\",\"value\":\"Swag slow-carb quinoa VHS typewriter pork belly brunch, paleo single-origin coffee Wes Anderson. Flexitarian Pitchfork forage, literally paleo fap pour-over. Wes Anderson Pinterest YOLO fanny pack meggings, deep v XOXO chambray sustainable slow-carb raw denim church-key fap chillwave Etsy. +1 typewriter kitsch, American Apparel tofu Banksy Vice.\"}],[{\"key\":\"question\",\"value\":\"What Payment Methods Are Accepted?\"},{\"key\":\"answer\",\"value\":\"Fashion axe DIY jean shorts, swag kale chips meh polaroid kogi butcher Wes Anderson chambray next level semiotics gentrify yr. Voluptate photo booth fugiat Vice. Austin sed Williamsburg, ea labore raw denim voluptate cred proident mixtape excepteur mustache. Twee chia photo booth readymade food truck, hoodie roof party swag keytar PBR DIY.\"}],[{\"key\":\"question\",\"value\":\"Is Buying On-Line Safe?\"},{\"key\":\"answer\",\"value\":\"Art party authentic freegan semiotics jean shorts chia cred. Neutra Austin roof party Brooklyn, synth Thundercats swag 8-bit photo booth. Plaid letterpress leggings craft beer meh ethical Pinterest.\"}]]]',60,'Botble\\Ecommerce\\Models\\Product','2023-05-28 21:29:56','2023-05-28 21:29:56'),(70,'faq_schema_config','[[[{\"key\":\"question\",\"value\":\"What Shipping Methods Are Available?\"},{\"key\":\"answer\",\"value\":\"Ex Portland Pitchfork irure mustache. Eutra fap before they sold out literally. Aliquip ugh bicycle rights actually mlkshk, seitan squid craft beer tempor.\"}],[{\"key\":\"question\",\"value\":\"Do You Ship Internationally?\"},{\"key\":\"answer\",\"value\":\"Hoodie tote bag mixtape tofu. Typewriter jean shorts wolf quinoa, messenger bag organic freegan cray.\"}],[{\"key\":\"question\",\"value\":\"How Long Will It Take To Get My Package?\"},{\"key\":\"answer\",\"value\":\"Swag slow-carb quinoa VHS typewriter pork belly brunch, paleo single-origin coffee Wes Anderson. Flexitarian Pitchfork forage, literally paleo fap pour-over. Wes Anderson Pinterest YOLO fanny pack meggings, deep v XOXO chambray sustainable slow-carb raw denim church-key fap chillwave Etsy. +1 typewriter kitsch, American Apparel tofu Banksy Vice.\"}],[{\"key\":\"question\",\"value\":\"What Payment Methods Are Accepted?\"},{\"key\":\"answer\",\"value\":\"Fashion axe DIY jean shorts, swag kale chips meh polaroid kogi butcher Wes Anderson chambray next level semiotics gentrify yr. Voluptate photo booth fugiat Vice. Austin sed Williamsburg, ea labore raw denim voluptate cred proident mixtape excepteur mustache. Twee chia photo booth readymade food truck, hoodie roof party swag keytar PBR DIY.\"}],[{\"key\":\"question\",\"value\":\"Is Buying On-Line Safe?\"},{\"key\":\"answer\",\"value\":\"Art party authentic freegan semiotics jean shorts chia cred. Neutra Austin roof party Brooklyn, synth Thundercats swag 8-bit photo booth. Plaid letterpress leggings craft beer meh ethical Pinterest.\"}]]]',61,'Botble\\Ecommerce\\Models\\Product','2023-05-28 21:29:56','2023-05-28 21:29:56'),(71,'faq_schema_config','[[[{\"key\":\"question\",\"value\":\"What Shipping Methods Are Available?\"},{\"key\":\"answer\",\"value\":\"Ex Portland Pitchfork irure mustache. Eutra fap before they sold out literally. Aliquip ugh bicycle rights actually mlkshk, seitan squid craft beer tempor.\"}],[{\"key\":\"question\",\"value\":\"Do You Ship Internationally?\"},{\"key\":\"answer\",\"value\":\"Hoodie tote bag mixtape tofu. Typewriter jean shorts wolf quinoa, messenger bag organic freegan cray.\"}],[{\"key\":\"question\",\"value\":\"How Long Will It Take To Get My Package?\"},{\"key\":\"answer\",\"value\":\"Swag slow-carb quinoa VHS typewriter pork belly brunch, paleo single-origin coffee Wes Anderson. Flexitarian Pitchfork forage, literally paleo fap pour-over. Wes Anderson Pinterest YOLO fanny pack meggings, deep v XOXO chambray sustainable slow-carb raw denim church-key fap chillwave Etsy. +1 typewriter kitsch, American Apparel tofu Banksy Vice.\"}],[{\"key\":\"question\",\"value\":\"What Payment Methods Are Accepted?\"},{\"key\":\"answer\",\"value\":\"Fashion axe DIY jean shorts, swag kale chips meh polaroid kogi butcher Wes Anderson chambray next level semiotics gentrify yr. Voluptate photo booth fugiat Vice. Austin sed Williamsburg, ea labore raw denim voluptate cred proident mixtape excepteur mustache. Twee chia photo booth readymade food truck, hoodie roof party swag keytar PBR DIY.\"}],[{\"key\":\"question\",\"value\":\"Is Buying On-Line Safe?\"},{\"key\":\"answer\",\"value\":\"Art party authentic freegan semiotics jean shorts chia cred. Neutra Austin roof party Brooklyn, synth Thundercats swag 8-bit photo booth. Plaid letterpress leggings craft beer meh ethical Pinterest.\"}]]]',62,'Botble\\Ecommerce\\Models\\Product','2023-05-28 21:29:56','2023-05-28 21:29:56'),(72,'faq_schema_config','[[[{\"key\":\"question\",\"value\":\"What Shipping Methods Are Available?\"},{\"key\":\"answer\",\"value\":\"Ex Portland Pitchfork irure mustache. Eutra fap before they sold out literally. Aliquip ugh bicycle rights actually mlkshk, seitan squid craft beer tempor.\"}],[{\"key\":\"question\",\"value\":\"Do You Ship Internationally?\"},{\"key\":\"answer\",\"value\":\"Hoodie tote bag mixtape tofu. Typewriter jean shorts wolf quinoa, messenger bag organic freegan cray.\"}],[{\"key\":\"question\",\"value\":\"How Long Will It Take To Get My Package?\"},{\"key\":\"answer\",\"value\":\"Swag slow-carb quinoa VHS typewriter pork belly brunch, paleo single-origin coffee Wes Anderson. Flexitarian Pitchfork forage, literally paleo fap pour-over. Wes Anderson Pinterest YOLO fanny pack meggings, deep v XOXO chambray sustainable slow-carb raw denim church-key fap chillwave Etsy. +1 typewriter kitsch, American Apparel tofu Banksy Vice.\"}],[{\"key\":\"question\",\"value\":\"What Payment Methods Are Accepted?\"},{\"key\":\"answer\",\"value\":\"Fashion axe DIY jean shorts, swag kale chips meh polaroid kogi butcher Wes Anderson chambray next level semiotics gentrify yr. Voluptate photo booth fugiat Vice. Austin sed Williamsburg, ea labore raw denim voluptate cred proident mixtape excepteur mustache. Twee chia photo booth readymade food truck, hoodie roof party swag keytar PBR DIY.\"}],[{\"key\":\"question\",\"value\":\"Is Buying On-Line Safe?\"},{\"key\":\"answer\",\"value\":\"Art party authentic freegan semiotics jean shorts chia cred. Neutra Austin roof party Brooklyn, synth Thundercats swag 8-bit photo booth. Plaid letterpress leggings craft beer meh ethical Pinterest.\"}]]]',63,'Botble\\Ecommerce\\Models\\Product','2023-05-28 21:29:56','2023-05-28 21:29:56'),(73,'faq_schema_config','[[[{\"key\":\"question\",\"value\":\"What Shipping Methods Are Available?\"},{\"key\":\"answer\",\"value\":\"Ex Portland Pitchfork irure mustache. Eutra fap before they sold out literally. Aliquip ugh bicycle rights actually mlkshk, seitan squid craft beer tempor.\"}],[{\"key\":\"question\",\"value\":\"Do You Ship Internationally?\"},{\"key\":\"answer\",\"value\":\"Hoodie tote bag mixtape tofu. Typewriter jean shorts wolf quinoa, messenger bag organic freegan cray.\"}],[{\"key\":\"question\",\"value\":\"How Long Will It Take To Get My Package?\"},{\"key\":\"answer\",\"value\":\"Swag slow-carb quinoa VHS typewriter pork belly brunch, paleo single-origin coffee Wes Anderson. Flexitarian Pitchfork forage, literally paleo fap pour-over. Wes Anderson Pinterest YOLO fanny pack meggings, deep v XOXO chambray sustainable slow-carb raw denim church-key fap chillwave Etsy. +1 typewriter kitsch, American Apparel tofu Banksy Vice.\"}],[{\"key\":\"question\",\"value\":\"What Payment Methods Are Accepted?\"},{\"key\":\"answer\",\"value\":\"Fashion axe DIY jean shorts, swag kale chips meh polaroid kogi butcher Wes Anderson chambray next level semiotics gentrify yr. Voluptate photo booth fugiat Vice. Austin sed Williamsburg, ea labore raw denim voluptate cred proident mixtape excepteur mustache. Twee chia photo booth readymade food truck, hoodie roof party swag keytar PBR DIY.\"}],[{\"key\":\"question\",\"value\":\"Is Buying On-Line Safe?\"},{\"key\":\"answer\",\"value\":\"Art party authentic freegan semiotics jean shorts chia cred. Neutra Austin roof party Brooklyn, synth Thundercats swag 8-bit photo booth. Plaid letterpress leggings craft beer meh ethical Pinterest.\"}]]]',64,'Botble\\Ecommerce\\Models\\Product','2023-05-28 21:29:56','2023-05-28 21:29:56'),(74,'faq_schema_config','[[[{\"key\":\"question\",\"value\":\"What Shipping Methods Are Available?\"},{\"key\":\"answer\",\"value\":\"Ex Portland Pitchfork irure mustache. Eutra fap before they sold out literally. Aliquip ugh bicycle rights actually mlkshk, seitan squid craft beer tempor.\"}],[{\"key\":\"question\",\"value\":\"Do You Ship Internationally?\"},{\"key\":\"answer\",\"value\":\"Hoodie tote bag mixtape tofu. Typewriter jean shorts wolf quinoa, messenger bag organic freegan cray.\"}],[{\"key\":\"question\",\"value\":\"How Long Will It Take To Get My Package?\"},{\"key\":\"answer\",\"value\":\"Swag slow-carb quinoa VHS typewriter pork belly brunch, paleo single-origin coffee Wes Anderson. Flexitarian Pitchfork forage, literally paleo fap pour-over. Wes Anderson Pinterest YOLO fanny pack meggings, deep v XOXO chambray sustainable slow-carb raw denim church-key fap chillwave Etsy. +1 typewriter kitsch, American Apparel tofu Banksy Vice.\"}],[{\"key\":\"question\",\"value\":\"What Payment Methods Are Accepted?\"},{\"key\":\"answer\",\"value\":\"Fashion axe DIY jean shorts, swag kale chips meh polaroid kogi butcher Wes Anderson chambray next level semiotics gentrify yr. Voluptate photo booth fugiat Vice. Austin sed Williamsburg, ea labore raw denim voluptate cred proident mixtape excepteur mustache. Twee chia photo booth readymade food truck, hoodie roof party swag keytar PBR DIY.\"}],[{\"key\":\"question\",\"value\":\"Is Buying On-Line Safe?\"},{\"key\":\"answer\",\"value\":\"Art party authentic freegan semiotics jean shorts chia cred. Neutra Austin roof party Brooklyn, synth Thundercats swag 8-bit photo booth. Plaid letterpress leggings craft beer meh ethical Pinterest.\"}]]]',65,'Botble\\Ecommerce\\Models\\Product','2023-05-28 21:29:56','2023-05-28 21:29:56'),(75,'tablet_image','[\"sliders\\/01.jpg\"]',1,'Botble\\SimpleSlider\\Models\\SimpleSliderItem','2023-05-28 21:30:02','2023-05-28 21:30:02'),(76,'mobile_image','[\"sliders\\/01-sm.jpg\"]',1,'Botble\\SimpleSlider\\Models\\SimpleSliderItem','2023-05-28 21:30:02','2023-05-28 21:30:02'),(77,'tablet_image','[\"sliders\\/02.jpg\"]',2,'Botble\\SimpleSlider\\Models\\SimpleSliderItem','2023-05-28 21:30:02','2023-05-28 21:30:02'),(78,'mobile_image','[\"sliders\\/02-sm.jpg\"]',2,'Botble\\SimpleSlider\\Models\\SimpleSliderItem','2023-05-28 21:30:02','2023-05-28 21:30:02'),(79,'tablet_image','[\"sliders\\/01.jpg\"]',3,'Botble\\SimpleSlider\\Models\\SimpleSliderItem','2023-05-28 21:30:02','2023-05-28 21:30:02'),(80,'mobile_image','[\"sliders\\/01-sm.jpg\"]',3,'Botble\\SimpleSlider\\Models\\SimpleSliderItem','2023-05-28 21:30:02','2023-05-28 21:30:02'),(81,'tablet_image','[\"sliders\\/02.jpg\"]',4,'Botble\\SimpleSlider\\Models\\SimpleSliderItem','2023-05-28 21:30:02','2023-05-28 21:30:02'),(82,'mobile_image','[\"sliders\\/02-sm.jpg\"]',4,'Botble\\SimpleSlider\\Models\\SimpleSliderItem','2023-05-28 21:30:02','2023-05-28 21:30:02'),(83,'background','[\"stores\\/background-2.jpg\"]',1,'Botble\\Marketplace\\Models\\Store','2023-05-28 21:30:04','2023-05-28 21:30:04'),(84,'socials','[{\"facebook\":\"https:\\/\\/www.facebook.com\\/\",\"twitter\":\"https:\\/\\/www.twitter.com\\/\",\"youtube\":\"https:\\/\\/www.youtube.com\\/\",\"linkedin\":\"https:\\/\\/www.linkedin.com\\/\"}]',1,'Botble\\Marketplace\\Models\\Store','2023-05-28 21:30:04','2023-05-28 21:30:04'),(85,'background','[\"stores\\/background-2.jpg\"]',2,'Botble\\Marketplace\\Models\\Store','2023-05-28 21:30:04','2023-05-28 21:30:04'),(86,'socials','[{\"facebook\":\"https:\\/\\/www.facebook.com\\/\",\"twitter\":\"https:\\/\\/www.twitter.com\\/\",\"youtube\":\"https:\\/\\/www.youtube.com\\/\",\"linkedin\":\"https:\\/\\/www.linkedin.com\\/\"}]',2,'Botble\\Marketplace\\Models\\Store','2023-05-28 21:30:04','2023-05-28 21:30:04'),(87,'background','[\"stores\\/background-1.jpg\"]',3,'Botble\\Marketplace\\Models\\Store','2023-05-28 21:30:04','2023-05-28 21:30:04'),(88,'socials','[{\"facebook\":\"https:\\/\\/www.facebook.com\\/\",\"twitter\":\"https:\\/\\/www.twitter.com\\/\",\"youtube\":\"https:\\/\\/www.youtube.com\\/\",\"linkedin\":\"https:\\/\\/www.linkedin.com\\/\"}]',3,'Botble\\Marketplace\\Models\\Store','2023-05-28 21:30:04','2023-05-28 21:30:04'),(89,'background','[\"stores\\/background-1.jpg\"]',4,'Botble\\Marketplace\\Models\\Store','2023-05-28 21:30:04','2023-05-28 21:30:04'),(90,'socials','[{\"facebook\":\"https:\\/\\/www.facebook.com\\/\",\"twitter\":\"https:\\/\\/www.twitter.com\\/\",\"youtube\":\"https:\\/\\/www.youtube.com\\/\",\"linkedin\":\"https:\\/\\/www.linkedin.com\\/\"}]',4,'Botble\\Marketplace\\Models\\Store','2023-05-28 21:30:04','2023-05-28 21:30:04'),(91,'background','[\"stores\\/background-1.jpg\"]',5,'Botble\\Marketplace\\Models\\Store','2023-05-28 21:30:04','2023-05-28 21:30:04'),(92,'socials','[{\"facebook\":\"https:\\/\\/www.facebook.com\\/\",\"twitter\":\"https:\\/\\/www.twitter.com\\/\",\"youtube\":\"https:\\/\\/www.youtube.com\\/\",\"linkedin\":\"https:\\/\\/www.linkedin.com\\/\"}]',5,'Botble\\Marketplace\\Models\\Store','2023-05-28 21:30:04','2023-05-28 21:30:04'),(93,'background','[\"stores\\/background-1.jpg\"]',6,'Botble\\Marketplace\\Models\\Store','2023-05-28 21:30:04','2023-05-28 21:30:04'),(94,'socials','[{\"facebook\":\"https:\\/\\/www.facebook.com\\/\",\"twitter\":\"https:\\/\\/www.twitter.com\\/\",\"youtube\":\"https:\\/\\/www.youtube.com\\/\",\"linkedin\":\"https:\\/\\/www.linkedin.com\\/\"}]',6,'Botble\\Marketplace\\Models\\Store','2023-05-28 21:30:04','2023-05-28 21:30:04'),(95,'background','[\"stores\\/background-1.jpg\"]',7,'Botble\\Marketplace\\Models\\Store','2023-05-28 21:30:04','2023-05-28 21:30:04'),(96,'socials','[{\"facebook\":\"https:\\/\\/www.facebook.com\\/\",\"twitter\":\"https:\\/\\/www.twitter.com\\/\",\"youtube\":\"https:\\/\\/www.youtube.com\\/\",\"linkedin\":\"https:\\/\\/www.linkedin.com\\/\"}]',7,'Botble\\Marketplace\\Models\\Store','2023-05-28 21:30:04','2023-05-28 21:30:04'),(97,'background','[\"stores\\/background-1.jpg\"]',8,'Botble\\Marketplace\\Models\\Store','2023-05-28 21:30:04','2023-05-28 21:30:04'),(98,'socials','[{\"facebook\":\"https:\\/\\/www.facebook.com\\/\",\"twitter\":\"https:\\/\\/www.twitter.com\\/\",\"youtube\":\"https:\\/\\/www.youtube.com\\/\",\"linkedin\":\"https:\\/\\/www.linkedin.com\\/\"}]',8,'Botble\\Marketplace\\Models\\Store','2023-05-28 21:30:04','2023-05-28 21:30:04');
/*!40000 ALTER TABLE `meta_boxes` ENABLE KEYS */;
UNLOCK TABLES;

--
-- Table structure for table `migrations`
--

DROP TABLE IF EXISTS `migrations`;
/*!40101 SET @saved_cs_client     = @@character_set_client */;
/*!50503 SET character_set_client = utf8mb4 */;
CREATE TABLE `migrations` (
  `id` int unsigned NOT NULL AUTO_INCREMENT,
  `migration` varchar(191) COLLATE utf8mb4_unicode_ci NOT NULL,
  `batch` int NOT NULL,
  PRIMARY KEY (`id`)
) ENGINE=InnoDB AUTO_INCREMENT=132 DEFAULT CHARSET=utf8mb4 COLLATE=utf8mb4_unicode_ci;
/*!40101 SET character_set_client = @saved_cs_client */;

--
-- Dumping data for table `migrations`
--

LOCK TABLES `migrations` WRITE;
/*!40000 ALTER TABLE `migrations` DISABLE KEYS */;
INSERT INTO `migrations` VALUES (1,'2013_04_09_032329_create_base_tables',1),(2,'2013_04_09_062329_create_revisions_table',1),(3,'2014_10_12_000000_create_users_table',1),(4,'2014_10_12_100000_create_password_reset_tokens_table',1),(5,'2016_06_10_230148_create_acl_tables',1),(6,'2016_06_14_230857_create_menus_table',1),(7,'2016_06_28_221418_create_pages_table',1),(8,'2016_10_05_074239_create_setting_table',1),(9,'2016_11_28_032840_create_dashboard_widget_tables',1),(10,'2016_12_16_084601_create_widgets_table',1),(11,'2017_05_09_070343_create_media_tables',1),(12,'2017_11_03_070450_create_slug_table',1),(13,'2019_01_05_053554_create_jobs_table',1),(14,'2019_08_19_000000_create_failed_jobs_table',1),(15,'2019_12_14_000001_create_personal_access_tokens_table',1),(16,'2022_04_20_100851_add_index_to_media_table',1),(17,'2022_04_20_101046_add_index_to_menu_table',1),(18,'2022_07_10_034813_move_lang_folder_to_root',1),(19,'2022_08_04_051940_add_missing_column_expires_at',1),(20,'2022_09_01_000001_create_admin_notifications_tables',1),(21,'2022_10_14_024629_drop_column_is_featured',1),(22,'2022_11_18_063357_add_missing_timestamp_in_table_settings',1),(23,'2022_12_02_093615_update_slug_index_columns',1),(24,'2023_01_30_024431_add_alt_to_media_table',1),(25,'2023_02_16_042611_drop_table_password_resets',1),(26,'2023_04_23_005903_add_column_permissions_to_admin_notifications',1),(27,'2023_05_10_075124_drop_column_id_in_role_users_table',1),(28,'2020_11_18_150916_ads_create_ads_table',2),(29,'2021_12_02_035301_add_ads_translations_table',2),(30,'2023_04_17_062645_add_open_in_new_tab',2),(31,'2015_06_29_025744_create_audit_history',3),(32,'2015_06_18_033822_create_blog_table',4),(33,'2021_02_16_092633_remove_default_value_for_author_type',4),(34,'2021_12_03_030600_create_blog_translations',4),(35,'2022_04_19_113923_add_index_to_table_posts',4),(36,'2016_06_17_091537_create_contacts_table',5),(37,'2020_03_05_041139_create_ecommerce_tables',6),(38,'2021_01_01_044147_ecommerce_create_flash_sale_table',6),(39,'2021_01_17_082713_add_column_is_featured_to_product_collections_table',6),(40,'2021_01_18_024333_add_zip_code_into_table_customer_addresses',6),(41,'2021_02_18_073505_update_table_ec_reviews',6),(42,'2021_03_10_024419_add_column_confirmed_at_to_table_ec_customers',6),(43,'2021_03_10_025153_change_column_tax_amount',6),(44,'2021_03_20_033103_add_column_availability_to_table_ec_products',6),(45,'2021_04_28_074008_ecommerce_create_product_label_table',6),(46,'2021_05_31_173037_ecommerce_create_ec_products_translations',6),(47,'2021_06_28_153141_correct_slugs_data',6),(48,'2021_08_17_105016_remove_column_currency_id_in_some_tables',6),(49,'2021_08_30_142128_add_images_column_to_ec_reviews_table',6),(50,'2021_09_01_115151_remove_unused_fields_in_ec_products',6),(51,'2021_10_04_030050_add_column_created_by_to_table_ec_products',6),(52,'2021_10_05_122616_add_status_column_to_ec_customers_table',6),(53,'2021_11_03_025806_nullable_phone_number_in_ec_customer_addresses',6),(54,'2021_11_23_071403_correct_languages_for_product_variations',6),(55,'2021_11_28_031808_add_product_tags_translations',6),(56,'2021_12_01_031123_add_featured_image_to_ec_products',6),(57,'2022_01_01_033107_update_table_ec_shipments',6),(58,'2022_02_16_042457_improve_product_attribute_sets',6),(59,'2022_03_22_075758_correct_product_name',6),(60,'2022_04_19_113334_add_index_to_ec_products',6),(61,'2022_04_28_144405_remove_unused_table',6),(62,'2022_05_05_115015_create_ec_customer_recently_viewed_products_table',6),(63,'2022_05_18_143720_add_index_to_table_ec_product_categories',6),(64,'2022_06_16_095633_add_index_to_some_tables',6),(65,'2022_06_30_035148_create_order_referrals_table',6),(66,'2022_07_24_153815_add_completed_at_to_ec_orders_table',6),(67,'2022_08_14_032836_create_ec_order_returns_table',6),(68,'2022_08_14_033554_create_ec_order_return_items_table',6),(69,'2022_08_15_040324_add_billing_address',6),(70,'2022_08_30_091114_support_digital_products_table',6),(71,'2022_09_13_095744_create_options_table',6),(72,'2022_09_13_104347_create_option_value_table',6),(73,'2022_10_05_163518_alter_table_ec_order_product',6),(74,'2022_10_12_041517_create_invoices_table',6),(75,'2022_10_12_142226_update_orders_table',6),(76,'2022_10_13_024916_update_table_order_returns',6),(77,'2022_10_21_030830_update_columns_in_ec_shipments_table',6),(78,'2022_10_28_021046_update_columns_in_ec_shipments_table',6),(79,'2022_11_16_034522_update_type_column_in_ec_shipping_rules_table',6),(80,'2022_11_19_041643_add_ec_tax_product_table',6),(81,'2022_12_12_063830_update_tax_defadult_in_ec_tax_products_table',6),(82,'2022_12_17_041532_fix_address_in_order_invoice',6),(83,'2022_12_26_070329_create_ec_product_views_table',6),(84,'2023_01_04_033051_fix_product_categories',6),(85,'2023_01_09_050400_add_ec_global_options_translations_table',6),(86,'2023_01_10_093754_add_missing_option_value_id',6),(87,'2023_01_17_082713_add_column_barcode_and_cost_per_item_to_product_table',6),(88,'2023_01_26_021854_add_ec_customer_used_coupons_table',6),(89,'2023_02_08_015900_update_options_column_in_ec_order_product_table',6),(90,'2023_02_27_095752_remove_duplicate_reviews',6),(91,'2023_03_20_115757_add_user_type_column_to_ec_shipment_histories_table',6),(92,'2023_04_21_082427_create_ec_product_categorizables_table',6),(93,'2023_05_03_011331_add_missing_column_price_into_invoice_items_table',6),(94,'2023_05_17_025812_fix_invoice_issue',6),(95,'2023_05_26_073140_move_option_make_phone_field_optional_at_checkout_page_to_mandatory_fields',6),(96,'2023_05_27_144611_fix_exchange_rate_setting',6),(97,'2018_07_09_221238_create_faq_table',7),(98,'2021_12_03_082134_create_faq_translations',7),(99,'2016_10_03_032336_create_languages_table',8),(100,'2021_10_25_021023_fix-priority-load-for-language-advanced',9),(101,'2021_12_03_075608_create_page_translations',9),(102,'2019_11_18_061011_create_country_table',10),(103,'2021_12_03_084118_create_location_translations',10),(104,'2021_12_03_094518_migrate_old_location_data',10),(105,'2021_12_10_034440_switch_plugin_location_to_use_language_advanced',10),(106,'2022_01_16_085908_improve_plugin_location',10),(107,'2022_08_04_052122_delete_location_backup_tables',10),(108,'2023_04_23_061847_increase_state_translations_abbreviation_column',10),(109,'2021_07_06_030002_create_marketplace_table',11),(110,'2021_09_04_150137_add_vendor_verified_at_to_ec_customers_table',11),(111,'2021_10_04_033903_add_column_approved_by_into_table_ec_products',11),(112,'2021_10_06_124943_add_transaction_id_column_to_mp_customer_withdrawals_table',11),(113,'2021_10_10_054216_add_columns_to_mp_customer_revenues_table',11),(114,'2021_12_06_031304_update_table_mp_customer_revenues',11),(115,'2022_10_19_152916_add_columns_to_mp_stores_table',11),(116,'2022_10_20_062849_create_mp_category_sale_commissions_table',11),(117,'2022_11_02_071413_add_more_info_for_store',11),(118,'2022_11_02_080444_add_tax_info',11),(119,'2023_02_01_062030_add_store_translations',11),(120,'2023_02_13_032133_update_fee_column_mp_customer_revenues_table',11),(121,'2023_02_17_023648_fix_store_prefix',11),(122,'2017_10_24_154832_create_newsletter_table',12),(123,'2017_05_18_080441_create_payment_tables',13),(124,'2021_03_27_144913_add_customer_type_into_table_payments',13),(125,'2021_05_24_034720_make_column_currency_nullable',13),(126,'2021_08_09_161302_add_metadata_column_to_payments_table',13),(127,'2021_10_19_020859_update_metadata_field',13),(128,'2022_06_28_151901_activate_paypal_stripe_plugin',13),(129,'2022_07_07_153354_update_charge_id_in_table_payments',13),(130,'2017_07_11_140018_create_simple_slider_table',14),(131,'2016_10_07_193005_create_translations_table',15);
/*!40000 ALTER TABLE `migrations` ENABLE KEYS */;
UNLOCK TABLES;

--
-- Table structure for table `mp_category_sale_commissions`
--

DROP TABLE IF EXISTS `mp_category_sale_commissions`;
/*!40101 SET @saved_cs_client     = @@character_set_client */;
/*!50503 SET character_set_client = utf8mb4 */;
CREATE TABLE `mp_category_sale_commissions` (
  `id` bigint unsigned NOT NULL AUTO_INCREMENT,
  `product_category_id` bigint unsigned NOT NULL,
  `commission_percentage` decimal(8,2) NOT NULL DEFAULT '0.00',
  PRIMARY KEY (`id`),
  UNIQUE KEY `mp_category_sale_commissions_product_category_id_unique` (`product_category_id`)
) ENGINE=InnoDB DEFAULT CHARSET=utf8mb4 COLLATE=utf8mb4_unicode_ci;
/*!40101 SET character_set_client = @saved_cs_client */;

--
-- Dumping data for table `mp_category_sale_commissions`
--

LOCK TABLES `mp_category_sale_commissions` WRITE;
/*!40000 ALTER TABLE `mp_category_sale_commissions` DISABLE KEYS */;
/*!40000 ALTER TABLE `mp_category_sale_commissions` ENABLE KEYS */;
UNLOCK TABLES;

--
-- Table structure for table `mp_customer_revenues`
--

DROP TABLE IF EXISTS `mp_customer_revenues`;
/*!40101 SET @saved_cs_client     = @@character_set_client */;
/*!50503 SET character_set_client = utf8mb4 */;
CREATE TABLE `mp_customer_revenues` (
  `id` bigint unsigned NOT NULL AUTO_INCREMENT,
  `customer_id` bigint unsigned DEFAULT NULL,
  `order_id` bigint unsigned DEFAULT NULL,
  `sub_amount` decimal(15,2) DEFAULT '0.00',
  `fee` decimal(15,2) DEFAULT '0.00',
  `amount` decimal(15,2) DEFAULT '0.00',
  `current_balance` decimal(15,2) DEFAULT '0.00',
  `currency` varchar(120) COLLATE utf8mb4_unicode_ci DEFAULT NULL,
  `description` text COLLATE utf8mb4_unicode_ci,
  `created_at` timestamp NULL DEFAULT NULL,
  `updated_at` timestamp NULL DEFAULT NULL,
  `user_id` bigint unsigned NOT NULL DEFAULT '0',
  `type` varchar(60) COLLATE utf8mb4_unicode_ci DEFAULT NULL,
  PRIMARY KEY (`id`)
) ENGINE=InnoDB AUTO_INCREMENT=14 DEFAULT CHARSET=utf8mb4 COLLATE=utf8mb4_unicode_ci;
/*!40101 SET character_set_client = @saved_cs_client */;

--
-- Dumping data for table `mp_customer_revenues`
--

LOCK TABLES `mp_customer_revenues` WRITE;
/*!40000 ALTER TABLE `mp_customer_revenues` DISABLE KEYS */;
INSERT INTO `mp_customer_revenues` VALUES (1,7,2,680.00,0.00,680.00,0.00,'USD',NULL,'2023-05-26 15:30:07','2023-05-26 15:30:07',0,'add-amount'),(2,6,8,2094.00,0.00,2094.00,0.00,'USD',NULL,'2023-05-25 21:30:07','2023-05-25 21:30:07',0,'add-amount'),(3,7,11,1360.00,0.00,1360.00,680.00,'USD',NULL,'2023-05-21 21:30:07','2023-05-21 21:30:07',0,'add-amount'),(4,4,18,3633.00,0.00,3633.00,0.00,'USD',NULL,'2023-05-17 19:30:08','2023-05-17 19:30:08',0,'add-amount'),(5,5,26,1846.00,0.00,1846.00,0.00,'USD',NULL,'2023-05-26 15:30:08','2023-05-26 15:30:08',0,'add-amount'),(6,2,28,944.00,0.00,944.00,0.00,'USD',NULL,'2023-05-26 11:30:08','2023-05-26 11:30:08',0,'add-amount'),(7,5,29,3225.00,0.00,3225.00,1846.00,'USD',NULL,'2023-05-26 09:30:08','2023-05-26 09:30:08',0,'add-amount'),(8,5,30,2769.00,0.00,2769.00,5071.00,'USD',NULL,'2023-05-13 09:30:08','2023-05-13 09:30:08',0,'add-amount'),(9,2,31,2832.00,0.00,2832.00,944.00,'USD',NULL,'2023-05-26 05:30:08','2023-05-26 05:30:08',0,'add-amount'),(10,7,34,1032.00,0.00,1032.00,2040.00,'USD',NULL,'2023-05-14 07:30:08','2023-05-14 07:30:08',0,'add-amount'),(11,8,37,3579.00,0.00,3579.00,0.00,'USD',NULL,'2023-05-13 01:30:08','2023-05-13 01:30:08',0,'add-amount'),(12,5,40,1240.00,0.00,1240.00,7840.00,'USD',NULL,'2023-05-22 01:30:09','2023-05-22 01:30:09',0,'add-amount'),(13,5,46,2769.00,0.00,2769.00,9080.00,'USD',NULL,'2023-04-19 17:30:09','2023-04-19 17:30:09',0,'add-amount');
/*!40000 ALTER TABLE `mp_customer_revenues` ENABLE KEYS */;
UNLOCK TABLES;

--
-- Table structure for table `mp_customer_withdrawals`
--

DROP TABLE IF EXISTS `mp_customer_withdrawals`;
/*!40101 SET @saved_cs_client     = @@character_set_client */;
/*!50503 SET character_set_client = utf8mb4 */;
CREATE TABLE `mp_customer_withdrawals` (
  `id` bigint unsigned NOT NULL AUTO_INCREMENT,
  `customer_id` bigint unsigned DEFAULT NULL,
  `fee` decimal(15,2) unsigned DEFAULT '0.00',
  `amount` decimal(15,2) unsigned DEFAULT '0.00',
  `current_balance` decimal(15,2) unsigned DEFAULT '0.00',
  `currency` varchar(120) COLLATE utf8mb4_unicode_ci DEFAULT NULL,
  `description` text COLLATE utf8mb4_unicode_ci,
  `bank_info` text COLLATE utf8mb4_unicode_ci,
  `payment_channel` varchar(60) COLLATE utf8mb4_unicode_ci DEFAULT NULL,
  `user_id` bigint unsigned NOT NULL DEFAULT '0',
  `status` varchar(60) COLLATE utf8mb4_unicode_ci NOT NULL DEFAULT 'pending',
  `images` text COLLATE utf8mb4_unicode_ci,
  `created_at` timestamp NULL DEFAULT NULL,
  `updated_at` timestamp NULL DEFAULT NULL,
  `transaction_id` varchar(60) COLLATE utf8mb4_unicode_ci DEFAULT NULL,
  PRIMARY KEY (`id`)
) ENGINE=InnoDB AUTO_INCREMENT=16 DEFAULT CHARSET=utf8mb4 COLLATE=utf8mb4_unicode_ci;
/*!40101 SET character_set_client = @saved_cs_client */;

--
-- Dumping data for table `mp_customer_withdrawals`
--

LOCK TABLES `mp_customer_withdrawals` WRITE;
/*!40000 ALTER TABLE `mp_customer_withdrawals` DISABLE KEYS */;
INSERT INTO `mp_customer_withdrawals` VALUES (1,2,0.00,139.00,3776.00,'USD','','{\"name\":\"Kaleb Fisher DVM\",\"number\":\"+16057407018\",\"full_name\":\"Prof. Bailey Dooley\",\"description\":\"Mr. Ulices Romaguera\"}',NULL,0,'pending',NULL,'2023-05-28 21:30:09','2023-05-28 21:30:09',NULL),(2,2,0.00,3.00,3637.00,'USD','','{\"name\":\"Kaleb Fisher DVM\",\"number\":\"+16057407018\",\"full_name\":\"Prof. Bailey Dooley\",\"description\":\"Mr. Ulices Romaguera\"}',NULL,0,'processing',NULL,'2023-05-28 21:30:09','2023-05-28 21:30:09',NULL),(3,3,0.00,1.00,0.00,'USD','','{\"name\":\"Elouise Renner\",\"number\":\"+13649928208\",\"full_name\":\"Mrs. Alejandra Schultz\",\"description\":\"Dr. Brock Thompson IV\"}',NULL,0,'completed',NULL,'2023-05-28 21:30:09','2023-05-28 21:30:09',NULL),(4,4,0.00,422.00,3633.00,'USD','','{\"name\":\"Sabrina Kuphal\",\"number\":\"+15349763110\",\"full_name\":\"Esmeralda Bernhard\",\"description\":\"Einar Beier\"}',NULL,0,'processing',NULL,'2023-05-28 21:30:09','2023-05-28 21:30:09',NULL),(5,4,0.00,1012.00,3211.00,'USD','','{\"name\":\"Sabrina Kuphal\",\"number\":\"+15349763110\",\"full_name\":\"Esmeralda Bernhard\",\"description\":\"Einar Beier\"}',NULL,0,'pending',NULL,'2023-05-28 21:30:09','2023-05-28 21:30:09',NULL),(6,4,0.00,600.00,2199.00,'USD','','{\"name\":\"Sabrina Kuphal\",\"number\":\"+15349763110\",\"full_name\":\"Esmeralda Bernhard\",\"description\":\"Einar Beier\"}',NULL,0,'completed',NULL,'2023-05-28 21:30:09','2023-05-28 21:30:09',NULL),(7,5,0.00,2279.00,11849.00,'USD','','{\"name\":\"Anais Senger Jr.\",\"number\":\"+13805591076\",\"full_name\":\"Felipa Goodwin\",\"description\":\"Roderick McLaughlin\"}',NULL,0,'processing',NULL,'2023-05-28 21:30:09','2023-05-28 21:30:09',NULL),(8,5,0.00,554.00,9570.00,'USD','','{\"name\":\"Anais Senger Jr.\",\"number\":\"+13805591076\",\"full_name\":\"Felipa Goodwin\",\"description\":\"Roderick McLaughlin\"}',NULL,0,'pending',NULL,'2023-05-28 21:30:10','2023-05-28 21:30:10',NULL),(9,6,0.00,384.00,2094.00,'USD','','{\"name\":\"Louvenia Hegmann\",\"number\":\"+19792136260\",\"full_name\":\"Dr. Silas Dicki\",\"description\":\"Sonia Stehr\"}',NULL,0,'pending',NULL,'2023-05-28 21:30:10','2023-05-28 21:30:10',NULL),(10,6,0.00,78.00,1710.00,'USD','','{\"name\":\"Louvenia Hegmann\",\"number\":\"+19792136260\",\"full_name\":\"Dr. Silas Dicki\",\"description\":\"Sonia Stehr\"}',NULL,0,'processing',NULL,'2023-05-28 21:30:10','2023-05-28 21:30:10',NULL),(11,7,0.00,155.00,3072.00,'USD','','{\"name\":\"Stevie Leannon\",\"number\":\"+12406897300\",\"full_name\":\"Hardy Eichmann\",\"description\":\"Patricia Schmitt\"}',NULL,0,'pending',NULL,'2023-05-28 21:30:10','2023-05-28 21:30:10',NULL),(12,7,0.00,163.00,2917.00,'USD','','{\"name\":\"Stevie Leannon\",\"number\":\"+12406897300\",\"full_name\":\"Hardy Eichmann\",\"description\":\"Patricia Schmitt\"}',NULL,0,'completed',NULL,'2023-05-28 21:30:10','2023-05-28 21:30:10',NULL),(13,7,0.00,526.00,2754.00,'USD','','{\"name\":\"Stevie Leannon\",\"number\":\"+12406897300\",\"full_name\":\"Hardy Eichmann\",\"description\":\"Patricia Schmitt\"}',NULL,0,'completed',NULL,'2023-05-28 21:30:10','2023-05-28 21:30:10',NULL),(14,8,0.00,410.00,3579.00,'USD','','{\"name\":\"Adalberto Schneider IV\",\"number\":\"+15805470030\",\"full_name\":\"Jany Bergstrom\",\"description\":\"Nadia Mann\"}',NULL,0,'pending',NULL,'2023-05-28 21:30:10','2023-05-28 21:30:10',NULL),(15,8,0.00,901.00,3169.00,'USD','','{\"name\":\"Adalberto Schneider IV\",\"number\":\"+15805470030\",\"full_name\":\"Jany Bergstrom\",\"description\":\"Nadia Mann\"}',NULL,0,'pending',NULL,'2023-05-28 21:30:10','2023-05-28 21:30:10',NULL);
/*!40000 ALTER TABLE `mp_customer_withdrawals` ENABLE KEYS */;
UNLOCK TABLES;

--
-- Table structure for table `mp_stores`
--

DROP TABLE IF EXISTS `mp_stores`;
/*!40101 SET @saved_cs_client     = @@character_set_client */;
/*!50503 SET character_set_client = utf8mb4 */;
CREATE TABLE `mp_stores` (
  `id` bigint unsigned NOT NULL AUTO_INCREMENT,
  `name` varchar(255) COLLATE utf8mb4_unicode_ci NOT NULL,
  `email` varchar(60) COLLATE utf8mb4_unicode_ci DEFAULT NULL,
  `phone` varchar(20) COLLATE utf8mb4_unicode_ci DEFAULT NULL,
  `address` varchar(255) COLLATE utf8mb4_unicode_ci DEFAULT NULL,
  `country` varchar(120) COLLATE utf8mb4_unicode_ci DEFAULT NULL,
  `state` varchar(120) COLLATE utf8mb4_unicode_ci DEFAULT NULL,
  `city` varchar(120) COLLATE utf8mb4_unicode_ci DEFAULT NULL,
  `customer_id` bigint unsigned DEFAULT NULL,
  `logo` varchar(255) COLLATE utf8mb4_unicode_ci DEFAULT NULL,
  `description` varchar(400) COLLATE utf8mb4_unicode_ci DEFAULT NULL,
  `content` longtext COLLATE utf8mb4_unicode_ci,
  `status` varchar(60) COLLATE utf8mb4_unicode_ci NOT NULL DEFAULT 'published',
  `vendor_verified_at` datetime DEFAULT NULL,
  `created_at` timestamp NULL DEFAULT NULL,
  `updated_at` timestamp NULL DEFAULT NULL,
  `zip_code` varchar(20) COLLATE utf8mb4_unicode_ci DEFAULT NULL,
  `company` varchar(255) COLLATE utf8mb4_unicode_ci DEFAULT NULL,
  PRIMARY KEY (`id`)
) ENGINE=InnoDB AUTO_INCREMENT=9 DEFAULT CHARSET=utf8mb4 COLLATE=utf8mb4_unicode_ci;
/*!40101 SET character_set_client = @saved_cs_client */;

--
-- Dumping data for table `mp_stores`
--

LOCK TABLES `mp_stores` WRITE;
/*!40000 ALTER TABLE `mp_stores` DISABLE KEYS */;
INSERT INTO `mp_stores` VALUES (1,'GoPro','nchamplin@example.net','+12098686173','1224 McDermott Causeway Suite 884','AD','Tennessee','Hegmannmouth',1,'stores/1.png','Harum delectus libero ipsa soluta dolores dolorem non. Voluptates placeat laudantium iusto. Aliquid illo libero iure provident. Sit iusto nisi ipsam quasi doloremque velit nemo deleniti. Nemo perferendis et voluptatum et autem doloremque ex in. Nisi facere itaque recusandae earum laborum dolore dolorem. Et aut sequi et illo incidunt. Aliquid asperiores doloribus inventore.','<p>I have seen many people underestimating the power of their wallets. To them, they are just a functional item they use to carry. As a result, they often end up with the wallets which are not really suitable for them.</p>\n\n<p>You should pay more attention when you choose your wallets. There are a lot of them on the market with the different designs and styles. When you choose carefully, you would be able to buy a wallet that is catered to your needs. Not to mention that it will help to enhance your style significantly.</p>\n\n<p style=\"text-align:center;\"><img alt=\"f4\" src=\"/storage/news/1.jpg\"></p>\n\n<p><br>\n </p>\n\n<p><strong><em>For all of the reason above, here are 7 expert tips to help you pick up the right men’s wallet for you:</em></strong></p>\n\n<h4><strong>Number 1: Choose A Neat Wallet</strong></h4>\n\n<p>The wallet is an essential accessory that you should go simple. Simplicity is the best in this case. A simple and neat wallet with the plain color and even <strong>minimalist style</strong> is versatile. It can be used for both formal and casual events. In addition, that wallet will go well with most of the clothes in your wardrobe.</p>\n\n<p>Keep in mind that a wallet will tell other people about your personality and your fashion sense as much as other clothes you put on. Hence, don’t go cheesy on your wallet or else people will think that you have a funny and particular style.</p>\n\n<p style=\"text-align:center;\"><img alt=\"f5\" src=\"/storage/news/2.jpg\"></p>\n\n<p><br>\n </p>\n<hr>\n<h4><strong>Number 2: Choose The Right Size For Your Wallet</strong></h4>\n\n<p>You should avoid having an over-sized wallet. Don’t think that you need to buy a big wallet because you have a lot to carry with you. In addition, a fat wallet is very ugly. It will make it harder for you to slide the wallet into your trousers’ pocket. In addition, it will create a bulge and ruin your look.</p>\n\n<p>Before you go on to buy a new wallet, clean out your wallet and place all the items from your wallet on a table. Throw away things that you would never need any more such as the old bills or the expired gift cards. Remember to check your wallet on a frequent basis to get rid of all of the old stuff that you don’t need anymore.</p>\n\n<p style=\"text-align:center;\"><img alt=\"f1\" src=\"/storage/news/3.jpg\"></p>\n\n<p><br>\n </p>\n\n<hr>\n<h4><strong>Number 3: Don’t Limit Your Options Of Materials</strong></h4>\n\n<p>The types and designs of wallets are not the only things that you should consider when you go out searching for your best wallet. You have more than 1 option of material rather than leather to choose from as well.</p>\n\n<p>You can experiment with other available options such as cotton, polyester and canvas. They all have their own pros and cons. As a result, they will be suitable for different needs and requirements. You should think about them all in order to choose the material which you would like the most.</p>\n\n<p style=\"text-align:center;\"><img alt=\"f6\" src=\"/storage/news/4.jpg\"></p>\n\n<p><br>\n </p>\n\n<hr>\n<h4><strong>Number 4: Consider A Wallet As A Long Term Investment</strong></h4>\n\n<p>Your wallet is indeed an investment that you should consider spending a decent amount of time and effort on it. Another factor that you need to consider is how much you want to spend on your wallet. The price ranges of wallets on the market vary a great deal. You can find a wallet which is as cheap as about 5 to 7 dollars. On the other hand, you should expect to pay around 250 to 300 dollars for a high-quality wallet.</p>\n\n<p>In case you need a wallet to use for a long time, it is a good idea that you should invest a decent amount of money on a wallet. A high quality wallet from a reputational brand with the premium quality such as cowhide leather will last for a long time. In addition, it is an accessory to show off your fashion sense and your social status.</p>\n\n<p style=\"text-align:center;\"><img alt=\"f2\" src=\"/storage/news/5.jpg\"></p>\n\n<p> </p>\n','published',NULL,'2023-05-28 21:30:04','2023-05-28 21:30:04',NULL,NULL),(2,'Global Office','caleigh77@example.org','+17818042550','2221 Auer Road Apt. 367','NI','Illinois','Flatleyshire',2,'stores/2.png','Qui et quia facilis et sequi non. Fuga corrupti in occaecati. Culpa iusto officiis vitae dolores quasi neque quia consequatur. Vel neque molestiae aut exercitationem et. Quo asperiores nesciunt similique maxime. Dolorem minima velit pariatur sed et et voluptas in. Omnis aspernatur eveniet ad fugiat excepturi aut consequatur.','<p>I have seen many people underestimating the power of their wallets. To them, they are just a functional item they use to carry. As a result, they often end up with the wallets which are not really suitable for them.</p>\n\n<p>You should pay more attention when you choose your wallets. There are a lot of them on the market with the different designs and styles. When you choose carefully, you would be able to buy a wallet that is catered to your needs. Not to mention that it will help to enhance your style significantly.</p>\n\n<p style=\"text-align:center;\"><img alt=\"f4\" src=\"/storage/news/1.jpg\"></p>\n\n<p><br>\n </p>\n\n<p><strong><em>For all of the reason above, here are 7 expert tips to help you pick up the right men’s wallet for you:</em></strong></p>\n\n<h4><strong>Number 1: Choose A Neat Wallet</strong></h4>\n\n<p>The wallet is an essential accessory that you should go simple. Simplicity is the best in this case. A simple and neat wallet with the plain color and even <strong>minimalist style</strong> is versatile. It can be used for both formal and casual events. In addition, that wallet will go well with most of the clothes in your wardrobe.</p>\n\n<p>Keep in mind that a wallet will tell other people about your personality and your fashion sense as much as other clothes you put on. Hence, don’t go cheesy on your wallet or else people will think that you have a funny and particular style.</p>\n\n<p style=\"text-align:center;\"><img alt=\"f5\" src=\"/storage/news/2.jpg\"></p>\n\n<p><br>\n </p>\n<hr>\n<h4><strong>Number 2: Choose The Right Size For Your Wallet</strong></h4>\n\n<p>You should avoid having an over-sized wallet. Don’t think that you need to buy a big wallet because you have a lot to carry with you. In addition, a fat wallet is very ugly. It will make it harder for you to slide the wallet into your trousers’ pocket. In addition, it will create a bulge and ruin your look.</p>\n\n<p>Before you go on to buy a new wallet, clean out your wallet and place all the items from your wallet on a table. Throw away things that you would never need any more such as the old bills or the expired gift cards. Remember to check your wallet on a frequent basis to get rid of all of the old stuff that you don’t need anymore.</p>\n\n<p style=\"text-align:center;\"><img alt=\"f1\" src=\"/storage/news/3.jpg\"></p>\n\n<p><br>\n </p>\n\n<hr>\n<h4><strong>Number 3: Don’t Limit Your Options Of Materials</strong></h4>\n\n<p>The types and designs of wallets are not the only things that you should consider when you go out searching for your best wallet. You have more than 1 option of material rather than leather to choose from as well.</p>\n\n<p>You can experiment with other available options such as cotton, polyester and canvas. They all have their own pros and cons. As a result, they will be suitable for different needs and requirements. You should think about them all in order to choose the material which you would like the most.</p>\n\n<p style=\"text-align:center;\"><img alt=\"f6\" src=\"/storage/news/4.jpg\"></p>\n\n<p><br>\n </p>\n\n<hr>\n<h4><strong>Number 4: Consider A Wallet As A Long Term Investment</strong></h4>\n\n<p>Your wallet is indeed an investment that you should consider spending a decent amount of time and effort on it. Another factor that you need to consider is how much you want to spend on your wallet. The price ranges of wallets on the market vary a great deal. You can find a wallet which is as cheap as about 5 to 7 dollars. On the other hand, you should expect to pay around 250 to 300 dollars for a high-quality wallet.</p>\n\n<p>In case you need a wallet to use for a long time, it is a good idea that you should invest a decent amount of money on a wallet. A high quality wallet from a reputational brand with the premium quality such as cowhide leather will last for a long time. In addition, it is an accessory to show off your fashion sense and your social status.</p>\n\n<p style=\"text-align:center;\"><img alt=\"f2\" src=\"/storage/news/5.jpg\"></p>\n\n<p> </p>\n','published',NULL,'2023-05-28 21:30:04','2023-05-28 21:30:04',NULL,NULL),(3,'Young Shop','zgutkowski@example.net','+17858889068','99046 Chadrick Glens Suite 603','SY','Mississippi','East Austenfurt',3,'stores/3.png','Rerum voluptatem officiis delectus. Modi reiciendis culpa ratione nulla reprehenderit provident. Numquam nulla maiores incidunt excepturi dignissimos doloribus earum. Et et qui tempora nemo vel suscipit non est. Quis saepe fuga id. Consectetur praesentium nihil eligendi quod. Recusandae libero facilis sed nihil dolorem.','<p>I have seen many people underestimating the power of their wallets. To them, they are just a functional item they use to carry. As a result, they often end up with the wallets which are not really suitable for them.</p>\n\n<p>You should pay more attention when you choose your wallets. There are a lot of them on the market with the different designs and styles. When you choose carefully, you would be able to buy a wallet that is catered to your needs. Not to mention that it will help to enhance your style significantly.</p>\n\n<p style=\"text-align:center;\"><img alt=\"f4\" src=\"/storage/news/1.jpg\"></p>\n\n<p><br>\n </p>\n\n<p><strong><em>For all of the reason above, here are 7 expert tips to help you pick up the right men’s wallet for you:</em></strong></p>\n\n<h4><strong>Number 1: Choose A Neat Wallet</strong></h4>\n\n<p>The wallet is an essential accessory that you should go simple. Simplicity is the best in this case. A simple and neat wallet with the plain color and even <strong>minimalist style</strong> is versatile. It can be used for both formal and casual events. In addition, that wallet will go well with most of the clothes in your wardrobe.</p>\n\n<p>Keep in mind that a wallet will tell other people about your personality and your fashion sense as much as other clothes you put on. Hence, don’t go cheesy on your wallet or else people will think that you have a funny and particular style.</p>\n\n<p style=\"text-align:center;\"><img alt=\"f5\" src=\"/storage/news/2.jpg\"></p>\n\n<p><br>\n </p>\n<hr>\n<h4><strong>Number 2: Choose The Right Size For Your Wallet</strong></h4>\n\n<p>You should avoid having an over-sized wallet. Don’t think that you need to buy a big wallet because you have a lot to carry with you. In addition, a fat wallet is very ugly. It will make it harder for you to slide the wallet into your trousers’ pocket. In addition, it will create a bulge and ruin your look.</p>\n\n<p>Before you go on to buy a new wallet, clean out your wallet and place all the items from your wallet on a table. Throw away things that you would never need any more such as the old bills or the expired gift cards. Remember to check your wallet on a frequent basis to get rid of all of the old stuff that you don’t need anymore.</p>\n\n<p style=\"text-align:center;\"><img alt=\"f1\" src=\"/storage/news/3.jpg\"></p>\n\n<p><br>\n </p>\n\n<hr>\n<h4><strong>Number 3: Don’t Limit Your Options Of Materials</strong></h4>\n\n<p>The types and designs of wallets are not the only things that you should consider when you go out searching for your best wallet. You have more than 1 option of material rather than leather to choose from as well.</p>\n\n<p>You can experiment with other available options such as cotton, polyester and canvas. They all have their own pros and cons. As a result, they will be suitable for different needs and requirements. You should think about them all in order to choose the material which you would like the most.</p>\n\n<p style=\"text-align:center;\"><img alt=\"f6\" src=\"/storage/news/4.jpg\"></p>\n\n<p><br>\n </p>\n\n<hr>\n<h4><strong>Number 4: Consider A Wallet As A Long Term Investment</strong></h4>\n\n<p>Your wallet is indeed an investment that you should consider spending a decent amount of time and effort on it. Another factor that you need to consider is how much you want to spend on your wallet. The price ranges of wallets on the market vary a great deal. You can find a wallet which is as cheap as about 5 to 7 dollars. On the other hand, you should expect to pay around 250 to 300 dollars for a high-quality wallet.</p>\n\n<p>In case you need a wallet to use for a long time, it is a good idea that you should invest a decent amount of money on a wallet. A high quality wallet from a reputational brand with the premium quality such as cowhide leather will last for a long time. In addition, it is an accessory to show off your fashion sense and your social status.</p>\n\n<p style=\"text-align:center;\"><img alt=\"f2\" src=\"/storage/news/5.jpg\"></p>\n\n<p> </p>\n','published',NULL,'2023-05-28 21:30:04','2023-05-28 21:30:04',NULL,NULL),(4,'Global Store','casper.makayla@example.com','+14846826974','4059 Brakus Manor Apt. 774','HU','Nebraska','Kihnstad',4,'stores/4.png','Consequatur praesentium et maiores totam voluptatem. Labore qui eligendi cum reprehenderit ad quam neque sint. Ut dolor tempore ipsa perferendis libero odit. Deserunt tenetur perferendis aut. Et assumenda voluptatem ut optio dolores. Dolor sed mollitia nam quo vel. Molestiae ipsam quaerat saepe ex ea porro iure ut. Quia quos qui tempora enim temporibus saepe similique recusandae.','<p>I have seen many people underestimating the power of their wallets. To them, they are just a functional item they use to carry. As a result, they often end up with the wallets which are not really suitable for them.</p>\n\n<p>You should pay more attention when you choose your wallets. There are a lot of them on the market with the different designs and styles. When you choose carefully, you would be able to buy a wallet that is catered to your needs. Not to mention that it will help to enhance your style significantly.</p>\n\n<p style=\"text-align:center;\"><img alt=\"f4\" src=\"/storage/news/1.jpg\"></p>\n\n<p><br>\n </p>\n\n<p><strong><em>For all of the reason above, here are 7 expert tips to help you pick up the right men’s wallet for you:</em></strong></p>\n\n<h4><strong>Number 1: Choose A Neat Wallet</strong></h4>\n\n<p>The wallet is an essential accessory that you should go simple. Simplicity is the best in this case. A simple and neat wallet with the plain color and even <strong>minimalist style</strong> is versatile. It can be used for both formal and casual events. In addition, that wallet will go well with most of the clothes in your wardrobe.</p>\n\n<p>Keep in mind that a wallet will tell other people about your personality and your fashion sense as much as other clothes you put on. Hence, don’t go cheesy on your wallet or else people will think that you have a funny and particular style.</p>\n\n<p style=\"text-align:center;\"><img alt=\"f5\" src=\"/storage/news/2.jpg\"></p>\n\n<p><br>\n </p>\n<hr>\n<h4><strong>Number 2: Choose The Right Size For Your Wallet</strong></h4>\n\n<p>You should avoid having an over-sized wallet. Don’t think that you need to buy a big wallet because you have a lot to carry with you. In addition, a fat wallet is very ugly. It will make it harder for you to slide the wallet into your trousers’ pocket. In addition, it will create a bulge and ruin your look.</p>\n\n<p>Before you go on to buy a new wallet, clean out your wallet and place all the items from your wallet on a table. Throw away things that you would never need any more such as the old bills or the expired gift cards. Remember to check your wallet on a frequent basis to get rid of all of the old stuff that you don’t need anymore.</p>\n\n<p style=\"text-align:center;\"><img alt=\"f1\" src=\"/storage/news/3.jpg\"></p>\n\n<p><br>\n </p>\n\n<hr>\n<h4><strong>Number 3: Don’t Limit Your Options Of Materials</strong></h4>\n\n<p>The types and designs of wallets are not the only things that you should consider when you go out searching for your best wallet. You have more than 1 option of material rather than leather to choose from as well.</p>\n\n<p>You can experiment with other available options such as cotton, polyester and canvas. They all have their own pros and cons. As a result, they will be suitable for different needs and requirements. You should think about them all in order to choose the material which you would like the most.</p>\n\n<p style=\"text-align:center;\"><img alt=\"f6\" src=\"/storage/news/4.jpg\"></p>\n\n<p><br>\n </p>\n\n<hr>\n<h4><strong>Number 4: Consider A Wallet As A Long Term Investment</strong></h4>\n\n<p>Your wallet is indeed an investment that you should consider spending a decent amount of time and effort on it. Another factor that you need to consider is how much you want to spend on your wallet. The price ranges of wallets on the market vary a great deal. You can find a wallet which is as cheap as about 5 to 7 dollars. On the other hand, you should expect to pay around 250 to 300 dollars for a high-quality wallet.</p>\n\n<p>In case you need a wallet to use for a long time, it is a good idea that you should invest a decent amount of money on a wallet. A high quality wallet from a reputational brand with the premium quality such as cowhide leather will last for a long time. In addition, it is an accessory to show off your fashion sense and your social status.</p>\n\n<p style=\"text-align:center;\"><img alt=\"f2\" src=\"/storage/news/5.jpg\"></p>\n\n<p> </p>\n','published',NULL,'2023-05-28 21:30:04','2023-05-28 21:30:04',NULL,NULL),(5,'Robert’s Store','sammy.dare@example.com','+12765341147','672 Courtney Cape','RO','Tennessee','West Alda',5,'stores/5.png','Vero nihil enim voluptatem molestiae. Ut dignissimos harum aliquid tempora molestiae et. Libero magnam nobis aliquam et. Sed assumenda quis sapiente recusandae aut consectetur dolor. Vero ut est quidem repudiandae. Omnis id molestiae nisi qui nostrum earum dolore dolorum. Maiores et incidunt nulla et. Expedita enim nesciunt vel repellat inventore dolores.','<p>I have seen many people underestimating the power of their wallets. To them, they are just a functional item they use to carry. As a result, they often end up with the wallets which are not really suitable for them.</p>\n\n<p>You should pay more attention when you choose your wallets. There are a lot of them on the market with the different designs and styles. When you choose carefully, you would be able to buy a wallet that is catered to your needs. Not to mention that it will help to enhance your style significantly.</p>\n\n<p style=\"text-align:center;\"><img alt=\"f4\" src=\"/storage/news/1.jpg\"></p>\n\n<p><br>\n </p>\n\n<p><strong><em>For all of the reason above, here are 7 expert tips to help you pick up the right men’s wallet for you:</em></strong></p>\n\n<h4><strong>Number 1: Choose A Neat Wallet</strong></h4>\n\n<p>The wallet is an essential accessory that you should go simple. Simplicity is the best in this case. A simple and neat wallet with the plain color and even <strong>minimalist style</strong> is versatile. It can be used for both formal and casual events. In addition, that wallet will go well with most of the clothes in your wardrobe.</p>\n\n<p>Keep in mind that a wallet will tell other people about your personality and your fashion sense as much as other clothes you put on. Hence, don’t go cheesy on your wallet or else people will think that you have a funny and particular style.</p>\n\n<p style=\"text-align:center;\"><img alt=\"f5\" src=\"/storage/news/2.jpg\"></p>\n\n<p><br>\n </p>\n<hr>\n<h4><strong>Number 2: Choose The Right Size For Your Wallet</strong></h4>\n\n<p>You should avoid having an over-sized wallet. Don’t think that you need to buy a big wallet because you have a lot to carry with you. In addition, a fat wallet is very ugly. It will make it harder for you to slide the wallet into your trousers’ pocket. In addition, it will create a bulge and ruin your look.</p>\n\n<p>Before you go on to buy a new wallet, clean out your wallet and place all the items from your wallet on a table. Throw away things that you would never need any more such as the old bills or the expired gift cards. Remember to check your wallet on a frequent basis to get rid of all of the old stuff that you don’t need anymore.</p>\n\n<p style=\"text-align:center;\"><img alt=\"f1\" src=\"/storage/news/3.jpg\"></p>\n\n<p><br>\n </p>\n\n<hr>\n<h4><strong>Number 3: Don’t Limit Your Options Of Materials</strong></h4>\n\n<p>The types and designs of wallets are not the only things that you should consider when you go out searching for your best wallet. You have more than 1 option of material rather than leather to choose from as well.</p>\n\n<p>You can experiment with other available options such as cotton, polyester and canvas. They all have their own pros and cons. As a result, they will be suitable for different needs and requirements. You should think about them all in order to choose the material which you would like the most.</p>\n\n<p style=\"text-align:center;\"><img alt=\"f6\" src=\"/storage/news/4.jpg\"></p>\n\n<p><br>\n </p>\n\n<hr>\n<h4><strong>Number 4: Consider A Wallet As A Long Term Investment</strong></h4>\n\n<p>Your wallet is indeed an investment that you should consider spending a decent amount of time and effort on it. Another factor that you need to consider is how much you want to spend on your wallet. The price ranges of wallets on the market vary a great deal. You can find a wallet which is as cheap as about 5 to 7 dollars. On the other hand, you should expect to pay around 250 to 300 dollars for a high-quality wallet.</p>\n\n<p>In case you need a wallet to use for a long time, it is a good idea that you should invest a decent amount of money on a wallet. A high quality wallet from a reputational brand with the premium quality such as cowhide leather will last for a long time. In addition, it is an accessory to show off your fashion sense and your social status.</p>\n\n<p style=\"text-align:center;\"><img alt=\"f2\" src=\"/storage/news/5.jpg\"></p>\n\n<p> </p>\n','published',NULL,'2023-05-28 21:30:04','2023-05-28 21:30:04',NULL,NULL),(6,'Stouffer','hyman.mertz@example.net','+14786843462','7435 Jacquelyn Walk','MZ','Colorado','South Delbertshire',6,'stores/6.png','Explicabo quia qui aut est. Tempore eos est sed beatae quos ullam perferendis ea. Consequatur quis unde ut ratione repellat mollitia minus error. Quia debitis aliquid sint laudantium. Quasi voluptatibus consequuntur dolorum facilis ut et et. Eveniet modi et rerum.','<p>I have seen many people underestimating the power of their wallets. To them, they are just a functional item they use to carry. As a result, they often end up with the wallets which are not really suitable for them.</p>\n\n<p>You should pay more attention when you choose your wallets. There are a lot of them on the market with the different designs and styles. When you choose carefully, you would be able to buy a wallet that is catered to your needs. Not to mention that it will help to enhance your style significantly.</p>\n\n<p style=\"text-align:center;\"><img alt=\"f4\" src=\"/storage/news/1.jpg\"></p>\n\n<p><br>\n </p>\n\n<p><strong><em>For all of the reason above, here are 7 expert tips to help you pick up the right men’s wallet for you:</em></strong></p>\n\n<h4><strong>Number 1: Choose A Neat Wallet</strong></h4>\n\n<p>The wallet is an essential accessory that you should go simple. Simplicity is the best in this case. A simple and neat wallet with the plain color and even <strong>minimalist style</strong> is versatile. It can be used for both formal and casual events. In addition, that wallet will go well with most of the clothes in your wardrobe.</p>\n\n<p>Keep in mind that a wallet will tell other people about your personality and your fashion sense as much as other clothes you put on. Hence, don’t go cheesy on your wallet or else people will think that you have a funny and particular style.</p>\n\n<p style=\"text-align:center;\"><img alt=\"f5\" src=\"/storage/news/2.jpg\"></p>\n\n<p><br>\n </p>\n<hr>\n<h4><strong>Number 2: Choose The Right Size For Your Wallet</strong></h4>\n\n<p>You should avoid having an over-sized wallet. Don’t think that you need to buy a big wallet because you have a lot to carry with you. In addition, a fat wallet is very ugly. It will make it harder for you to slide the wallet into your trousers’ pocket. In addition, it will create a bulge and ruin your look.</p>\n\n<p>Before you go on to buy a new wallet, clean out your wallet and place all the items from your wallet on a table. Throw away things that you would never need any more such as the old bills or the expired gift cards. Remember to check your wallet on a frequent basis to get rid of all of the old stuff that you don’t need anymore.</p>\n\n<p style=\"text-align:center;\"><img alt=\"f1\" src=\"/storage/news/3.jpg\"></p>\n\n<p><br>\n </p>\n\n<hr>\n<h4><strong>Number 3: Don’t Limit Your Options Of Materials</strong></h4>\n\n<p>The types and designs of wallets are not the only things that you should consider when you go out searching for your best wallet. You have more than 1 option of material rather than leather to choose from as well.</p>\n\n<p>You can experiment with other available options such as cotton, polyester and canvas. They all have their own pros and cons. As a result, they will be suitable for different needs and requirements. You should think about them all in order to choose the material which you would like the most.</p>\n\n<p style=\"text-align:center;\"><img alt=\"f6\" src=\"/storage/news/4.jpg\"></p>\n\n<p><br>\n </p>\n\n<hr>\n<h4><strong>Number 4: Consider A Wallet As A Long Term Investment</strong></h4>\n\n<p>Your wallet is indeed an investment that you should consider spending a decent amount of time and effort on it. Another factor that you need to consider is how much you want to spend on your wallet. The price ranges of wallets on the market vary a great deal. You can find a wallet which is as cheap as about 5 to 7 dollars. On the other hand, you should expect to pay around 250 to 300 dollars for a high-quality wallet.</p>\n\n<p>In case you need a wallet to use for a long time, it is a good idea that you should invest a decent amount of money on a wallet. A high quality wallet from a reputational brand with the premium quality such as cowhide leather will last for a long time. In addition, it is an accessory to show off your fashion sense and your social status.</p>\n\n<p style=\"text-align:center;\"><img alt=\"f2\" src=\"/storage/news/5.jpg\"></p>\n\n<p> </p>\n','published',NULL,'2023-05-28 21:30:04','2023-05-28 21:30:04',NULL,NULL),(7,'StarKist','shane19@example.net','+13517959973','1396 Mosciski Springs Suite 934','KM','Wisconsin','Kamrenbury',7,'stores/7.png','Dolore eaque et sint odit. In est et sit. Laboriosam at nihil quibusdam. Est inventore quo eos vel reprehenderit nemo nostrum consequatur. Necessitatibus voluptas tempora odio saepe. Voluptas velit autem sed autem dolorum repellat. Error architecto aliquid illo alias. Et eos alias et non.','<p>I have seen many people underestimating the power of their wallets. To them, they are just a functional item they use to carry. As a result, they often end up with the wallets which are not really suitable for them.</p>\n\n<p>You should pay more attention when you choose your wallets. There are a lot of them on the market with the different designs and styles. When you choose carefully, you would be able to buy a wallet that is catered to your needs. Not to mention that it will help to enhance your style significantly.</p>\n\n<p style=\"text-align:center;\"><img alt=\"f4\" src=\"/storage/news/1.jpg\"></p>\n\n<p><br>\n </p>\n\n<p><strong><em>For all of the reason above, here are 7 expert tips to help you pick up the right men’s wallet for you:</em></strong></p>\n\n<h4><strong>Number 1: Choose A Neat Wallet</strong></h4>\n\n<p>The wallet is an essential accessory that you should go simple. Simplicity is the best in this case. A simple and neat wallet with the plain color and even <strong>minimalist style</strong> is versatile. It can be used for both formal and casual events. In addition, that wallet will go well with most of the clothes in your wardrobe.</p>\n\n<p>Keep in mind that a wallet will tell other people about your personality and your fashion sense as much as other clothes you put on. Hence, don’t go cheesy on your wallet or else people will think that you have a funny and particular style.</p>\n\n<p style=\"text-align:center;\"><img alt=\"f5\" src=\"/storage/news/2.jpg\"></p>\n\n<p><br>\n </p>\n<hr>\n<h4><strong>Number 2: Choose The Right Size For Your Wallet</strong></h4>\n\n<p>You should avoid having an over-sized wallet. Don’t think that you need to buy a big wallet because you have a lot to carry with you. In addition, a fat wallet is very ugly. It will make it harder for you to slide the wallet into your trousers’ pocket. In addition, it will create a bulge and ruin your look.</p>\n\n<p>Before you go on to buy a new wallet, clean out your wallet and place all the items from your wallet on a table. Throw away things that you would never need any more such as the old bills or the expired gift cards. Remember to check your wallet on a frequent basis to get rid of all of the old stuff that you don’t need anymore.</p>\n\n<p style=\"text-align:center;\"><img alt=\"f1\" src=\"/storage/news/3.jpg\"></p>\n\n<p><br>\n </p>\n\n<hr>\n<h4><strong>Number 3: Don’t Limit Your Options Of Materials</strong></h4>\n\n<p>The types and designs of wallets are not the only things that you should consider when you go out searching for your best wallet. You have more than 1 option of material rather than leather to choose from as well.</p>\n\n<p>You can experiment with other available options such as cotton, polyester and canvas. They all have their own pros and cons. As a result, they will be suitable for different needs and requirements. You should think about them all in order to choose the material which you would like the most.</p>\n\n<p style=\"text-align:center;\"><img alt=\"f6\" src=\"/storage/news/4.jpg\"></p>\n\n<p><br>\n </p>\n\n<hr>\n<h4><strong>Number 4: Consider A Wallet As A Long Term Investment</strong></h4>\n\n<p>Your wallet is indeed an investment that you should consider spending a decent amount of time and effort on it. Another factor that you need to consider is how much you want to spend on your wallet. The price ranges of wallets on the market vary a great deal. You can find a wallet which is as cheap as about 5 to 7 dollars. On the other hand, you should expect to pay around 250 to 300 dollars for a high-quality wallet.</p>\n\n<p>In case you need a wallet to use for a long time, it is a good idea that you should invest a decent amount of money on a wallet. A high quality wallet from a reputational brand with the premium quality such as cowhide leather will last for a long time. In addition, it is an accessory to show off your fashion sense and your social status.</p>\n\n<p style=\"text-align:center;\"><img alt=\"f2\" src=\"/storage/news/5.jpg\"></p>\n\n<p> </p>\n','published',NULL,'2023-05-28 21:30:04','2023-05-28 21:30:04',NULL,NULL),(8,'Old El Paso','brook27@example.net','+16058796136','2388 Robel Mount Apt. 599','NZ','Indiana','Quitzonmouth',8,'stores/8.png','Dicta dolor blanditiis fugiat explicabo sunt eligendi. Perferendis sequi doloribus cumque praesentium error nostrum dolor. Aut eum qui delectus laboriosam. Reprehenderit et aut saepe laborum libero.','<p>I have seen many people underestimating the power of their wallets. To them, they are just a functional item they use to carry. As a result, they often end up with the wallets which are not really suitable for them.</p>\n\n<p>You should pay more attention when you choose your wallets. There are a lot of them on the market with the different designs and styles. When you choose carefully, you would be able to buy a wallet that is catered to your needs. Not to mention that it will help to enhance your style significantly.</p>\n\n<p style=\"text-align:center;\"><img alt=\"f4\" src=\"/storage/news/1.jpg\"></p>\n\n<p><br>\n </p>\n\n<p><strong><em>For all of the reason above, here are 7 expert tips to help you pick up the right men’s wallet for you:</em></strong></p>\n\n<h4><strong>Number 1: Choose A Neat Wallet</strong></h4>\n\n<p>The wallet is an essential accessory that you should go simple. Simplicity is the best in this case. A simple and neat wallet with the plain color and even <strong>minimalist style</strong> is versatile. It can be used for both formal and casual events. In addition, that wallet will go well with most of the clothes in your wardrobe.</p>\n\n<p>Keep in mind that a wallet will tell other people about your personality and your fashion sense as much as other clothes you put on. Hence, don’t go cheesy on your wallet or else people will think that you have a funny and particular style.</p>\n\n<p style=\"text-align:center;\"><img alt=\"f5\" src=\"/storage/news/2.jpg\"></p>\n\n<p><br>\n </p>\n<hr>\n<h4><strong>Number 2: Choose The Right Size For Your Wallet</strong></h4>\n\n<p>You should avoid having an over-sized wallet. Don’t think that you need to buy a big wallet because you have a lot to carry with you. In addition, a fat wallet is very ugly. It will make it harder for you to slide the wallet into your trousers’ pocket. In addition, it will create a bulge and ruin your look.</p>\n\n<p>Before you go on to buy a new wallet, clean out your wallet and place all the items from your wallet on a table. Throw away things that you would never need any more such as the old bills or the expired gift cards. Remember to check your wallet on a frequent basis to get rid of all of the old stuff that you don’t need anymore.</p>\n\n<p style=\"text-align:center;\"><img alt=\"f1\" src=\"/storage/news/3.jpg\"></p>\n\n<p><br>\n </p>\n\n<hr>\n<h4><strong>Number 3: Don’t Limit Your Options Of Materials</strong></h4>\n\n<p>The types and designs of wallets are not the only things that you should consider when you go out searching for your best wallet. You have more than 1 option of material rather than leather to choose from as well.</p>\n\n<p>You can experiment with other available options such as cotton, polyester and canvas. They all have their own pros and cons. As a result, they will be suitable for different needs and requirements. You should think about them all in order to choose the material which you would like the most.</p>\n\n<p style=\"text-align:center;\"><img alt=\"f6\" src=\"/storage/news/4.jpg\"></p>\n\n<p><br>\n </p>\n\n<hr>\n<h4><strong>Number 4: Consider A Wallet As A Long Term Investment</strong></h4>\n\n<p>Your wallet is indeed an investment that you should consider spending a decent amount of time and effort on it. Another factor that you need to consider is how much you want to spend on your wallet. The price ranges of wallets on the market vary a great deal. You can find a wallet which is as cheap as about 5 to 7 dollars. On the other hand, you should expect to pay around 250 to 300 dollars for a high-quality wallet.</p>\n\n<p>In case you need a wallet to use for a long time, it is a good idea that you should invest a decent amount of money on a wallet. A high quality wallet from a reputational brand with the premium quality such as cowhide leather will last for a long time. In addition, it is an accessory to show off your fashion sense and your social status.</p>\n\n<p style=\"text-align:center;\"><img alt=\"f2\" src=\"/storage/news/5.jpg\"></p>\n\n<p> </p>\n','published',NULL,'2023-05-28 21:30:04','2023-05-28 21:30:04',NULL,NULL);
/*!40000 ALTER TABLE `mp_stores` ENABLE KEYS */;
UNLOCK TABLES;

--
-- Table structure for table `mp_stores_translations`
--

DROP TABLE IF EXISTS `mp_stores_translations`;
/*!40101 SET @saved_cs_client     = @@character_set_client */;
/*!50503 SET character_set_client = utf8mb4 */;
CREATE TABLE `mp_stores_translations` (
  `lang_code` varchar(191) COLLATE utf8mb4_unicode_ci NOT NULL,
  `mp_stores_id` bigint unsigned NOT NULL,
  `name` varchar(255) COLLATE utf8mb4_unicode_ci DEFAULT NULL,
  `description` varchar(400) COLLATE utf8mb4_unicode_ci DEFAULT NULL,
  `content` longtext COLLATE utf8mb4_unicode_ci,
  `address` varchar(255) COLLATE utf8mb4_unicode_ci DEFAULT NULL,
  `company` varchar(255) COLLATE utf8mb4_unicode_ci DEFAULT NULL,
  PRIMARY KEY (`lang_code`,`mp_stores_id`)
) ENGINE=InnoDB DEFAULT CHARSET=utf8mb4 COLLATE=utf8mb4_unicode_ci;
/*!40101 SET character_set_client = @saved_cs_client */;

--
-- Dumping data for table `mp_stores_translations`
--

LOCK TABLES `mp_stores_translations` WRITE;
/*!40000 ALTER TABLE `mp_stores_translations` DISABLE KEYS */;
/*!40000 ALTER TABLE `mp_stores_translations` ENABLE KEYS */;
UNLOCK TABLES;

--
-- Table structure for table `mp_vendor_info`
--

DROP TABLE IF EXISTS `mp_vendor_info`;
/*!40101 SET @saved_cs_client     = @@character_set_client */;
/*!50503 SET character_set_client = utf8mb4 */;
CREATE TABLE `mp_vendor_info` (
  `id` bigint unsigned NOT NULL AUTO_INCREMENT,
  `customer_id` bigint unsigned NOT NULL DEFAULT '0',
  `balance` decimal(15,2) NOT NULL DEFAULT '0.00',
  `total_fee` decimal(15,2) NOT NULL DEFAULT '0.00',
  `total_revenue` decimal(15,2) NOT NULL DEFAULT '0.00',
  `signature` varchar(255) COLLATE utf8mb4_unicode_ci DEFAULT NULL,
  `bank_info` text COLLATE utf8mb4_unicode_ci,
  `created_at` timestamp NULL DEFAULT NULL,
  `updated_at` timestamp NULL DEFAULT NULL,
  `payout_payment_method` varchar(120) COLLATE utf8mb4_unicode_ci DEFAULT 'bank_transfer',
  `tax_info` text COLLATE utf8mb4_unicode_ci,
  PRIMARY KEY (`id`)
) ENGINE=InnoDB AUTO_INCREMENT=9 DEFAULT CHARSET=utf8mb4 COLLATE=utf8mb4_unicode_ci;
/*!40101 SET character_set_client = @saved_cs_client */;

--
-- Dumping data for table `mp_vendor_info`
--

LOCK TABLES `mp_vendor_info` WRITE;
/*!40000 ALTER TABLE `mp_vendor_info` DISABLE KEYS */;
INSERT INTO `mp_vendor_info` VALUES (1,1,0.00,0.00,0.00,'$2y$10$MpqDEV20CHfKKOm8AuvaHervQ07yGMi7lCV/MiuBfPVywA0CpNfOK','{\"name\":\"Mr. Maxwell Price IV\",\"number\":\"+13528435105\",\"full_name\":\"Joesph Thompson PhD\",\"description\":\"Jarred Harris\"}','2023-05-28 21:30:04','2023-05-28 21:30:04','bank_transfer',NULL),(2,2,3634.00,0.00,3776.00,'$2y$10$520pJv4RPE4.4gN4/ZGnoeu6VlRUW7Lql4li3qMHmDM7pGoHCYpna','{\"name\":\"Kaleb Fisher DVM\",\"number\":\"+16057407018\",\"full_name\":\"Prof. Bailey Dooley\",\"description\":\"Mr. Ulices Romaguera\"}','2023-05-28 21:30:04','2023-05-28 21:30:09','bank_transfer',NULL),(3,3,-1.00,0.00,0.00,'$2y$10$tgkn9XgaQ/T97xEuWScLZ.5xu2PNwLzhetkKVioGnnB1.quNt494G','{\"name\":\"Elouise Renner\",\"number\":\"+13649928208\",\"full_name\":\"Mrs. Alejandra Schultz\",\"description\":\"Dr. Brock Thompson IV\"}','2023-05-28 21:30:04','2023-05-28 21:30:09','bank_transfer',NULL),(4,4,1599.00,0.00,3633.00,'$2y$10$cfmGiTv5xUct07eXx1rpN.ra9rDB6R1i/8YGB52x3FZRrp1Bl2nam','{\"name\":\"Sabrina Kuphal\",\"number\":\"+15349763110\",\"full_name\":\"Esmeralda Bernhard\",\"description\":\"Einar Beier\"}','2023-05-28 21:30:04','2023-05-28 21:30:09','bank_transfer',NULL),(5,5,9016.00,0.00,11849.00,'$2y$10$EJLn2jsWysdsjWVH271a.uHK4stKC5cSZ76TQY69aWP8fkwm.GmJq','{\"name\":\"Anais Senger Jr.\",\"number\":\"+13805591076\",\"full_name\":\"Felipa Goodwin\",\"description\":\"Roderick McLaughlin\"}','2023-05-28 21:30:04','2023-05-28 21:30:10','bank_transfer',NULL),(6,6,1632.00,0.00,2094.00,'$2y$10$7BDe3PEyX0dg8GSlTkQhI.v3POErd/EFVbXJ0EYATExRDgi6VfV.K','{\"name\":\"Louvenia Hegmann\",\"number\":\"+19792136260\",\"full_name\":\"Dr. Silas Dicki\",\"description\":\"Sonia Stehr\"}','2023-05-28 21:30:04','2023-05-28 21:30:10','bank_transfer',NULL),(7,7,2228.00,0.00,3072.00,'$2y$10$C7/siroaFHvvgnxMBGE3/OZ9D5gN7ubYJCTE9gTtSr1eKPg6wzL2e','{\"name\":\"Stevie Leannon\",\"number\":\"+12406897300\",\"full_name\":\"Hardy Eichmann\",\"description\":\"Patricia Schmitt\"}','2023-05-28 21:30:04','2023-05-28 21:30:10','bank_transfer',NULL),(8,8,2268.00,0.00,3579.00,'$2y$10$jdQlFytNxaqRHmuCkHVdku5Dtox8OweZTOz8MohQnxfRZkehcmSV2','{\"name\":\"Adalberto Schneider IV\",\"number\":\"+15805470030\",\"full_name\":\"Jany Bergstrom\",\"description\":\"Nadia Mann\"}','2023-05-28 21:30:04','2023-05-28 21:30:11','bank_transfer',NULL);
/*!40000 ALTER TABLE `mp_vendor_info` ENABLE KEYS */;
UNLOCK TABLES;

--
-- Table structure for table `newsletters`
--

DROP TABLE IF EXISTS `newsletters`;
/*!40101 SET @saved_cs_client     = @@character_set_client */;
/*!50503 SET character_set_client = utf8mb4 */;
CREATE TABLE `newsletters` (
  `id` bigint unsigned NOT NULL AUTO_INCREMENT,
  `email` varchar(120) COLLATE utf8mb4_unicode_ci NOT NULL,
  `name` varchar(120) COLLATE utf8mb4_unicode_ci DEFAULT NULL,
  `status` varchar(60) COLLATE utf8mb4_unicode_ci NOT NULL DEFAULT 'subscribed',
  `created_at` timestamp NULL DEFAULT NULL,
  `updated_at` timestamp NULL DEFAULT NULL,
  PRIMARY KEY (`id`)
) ENGINE=InnoDB DEFAULT CHARSET=utf8mb4 COLLATE=utf8mb4_unicode_ci;
/*!40101 SET character_set_client = @saved_cs_client */;

--
-- Dumping data for table `newsletters`
--

LOCK TABLES `newsletters` WRITE;
/*!40000 ALTER TABLE `newsletters` DISABLE KEYS */;
/*!40000 ALTER TABLE `newsletters` ENABLE KEYS */;
UNLOCK TABLES;

--
-- Table structure for table `pages`
--

DROP TABLE IF EXISTS `pages`;
/*!40101 SET @saved_cs_client     = @@character_set_client */;
/*!50503 SET character_set_client = utf8mb4 */;
CREATE TABLE `pages` (
  `id` bigint unsigned NOT NULL AUTO_INCREMENT,
  `name` varchar(120) COLLATE utf8mb4_unicode_ci NOT NULL,
  `content` longtext COLLATE utf8mb4_unicode_ci,
  `user_id` bigint unsigned NOT NULL,
  `image` varchar(255) COLLATE utf8mb4_unicode_ci DEFAULT NULL,
  `template` varchar(60) COLLATE utf8mb4_unicode_ci DEFAULT NULL,
  `description` varchar(400) COLLATE utf8mb4_unicode_ci DEFAULT NULL,
  `status` varchar(60) COLLATE utf8mb4_unicode_ci NOT NULL DEFAULT 'published',
  `created_at` timestamp NULL DEFAULT NULL,
  `updated_at` timestamp NULL DEFAULT NULL,
  PRIMARY KEY (`id`),
  KEY `pages_user_id_index` (`user_id`)
) ENGINE=InnoDB AUTO_INCREMENT=13 DEFAULT CHARSET=utf8mb4 COLLATE=utf8mb4_unicode_ci;
/*!40101 SET character_set_client = @saved_cs_client */;

--
-- Dumping data for table `pages`
--

LOCK TABLES `pages` WRITE;
/*!40000 ALTER TABLE `pages` DISABLE KEYS */;
INSERT INTO `pages` VALUES (1,'Home','<div>[simple-slider key=\"home-slider\" is_autoplay=\"yes\" autoplay_speed=\"5000\" ads=\"VC2C8Q1UGCBG\" background=\"general/slider-bg.jpg\"][/simple-slider]</div><div>[featured-product-categories title=\"Browse by Category\"][/featured-product-categories]</div><div>[featured-brands title=\"Featured Brands\"][/featured-brands]</div><div>[flash-sale title=\"Top Saver Today\" flash_sale_id=\"1\"][/flash-sale]</div><div>[product-category-products title=\"Just Landing\" category_id=\"23\"][/product-category-products]</div><div>[theme-ads key_1=\"IZ6WU8KUALYD\" key_2=\"ILSFJVYFGCPZ\" key_3=\"ZDOZUZZIU7FT\"][/theme-ads]</div><div>[featured-products title=\"Featured products\"][/featured-products]</div><div>[product-collections title=\"Essential Products\"][/product-collections]</div><div>[product-category-products category_id=\"18\"][/product-category-products]</div><div>[featured-posts title=\"Health Daily\" background=\"general/blog-bg.jpg\"\n                        app_enabled=\"1\"\n                        app_title=\"Shop faster with Farmart App\"\n                        app_description=\"Available on both iOS & Android\"\n                        app_bg=\"general/app-bg.png\"\n                        app_android_img=\"general/app-android.png\"\n                        app_android_link=\"#\"\n                        app_ios_img=\"general/app-ios.png\"\n                        app_ios_link=\"#\"][/featured-posts]</div>',1,NULL,'homepage',NULL,'published','2023-05-28 21:30:02','2023-05-28 21:30:02'),(2,'About us','<p>Duck. \'Found IT,\' the Mouse heard this, it turned round and get in at once.\' However, she got up in her hands, and was a dead silence instantly, and Alice heard it say to itself, half to Alice. \'Nothing,\' said Alice. \'Why?\' \'IT DOES THE BOOTS AND SHOES.\' the Gryphon whispered in reply, \'for fear they should forget them before the trial\'s begun.\' \'They\'re putting down their names,\' the Gryphon at the Duchess to play croquet.\' Then they all crowded together at one and then I\'ll tell him--it was.</p><p>Alice took up the fan she was exactly the right size for going through the door, she ran off at once, she found a little ledge of rock, and, as there was Mystery,\' the Mock Turtle. \'Very much indeed,\' said Alice. \'It must be the right distance--but then I wonder what was the first figure!\' said the King. The next witness would be wasting our breath.\" \"I\'ll be judge, I\'ll be jury,\" Said cunning old Fury: \"I\'ll try the whole she thought of herself, \'I wonder how many hours a day or two: wouldn\'t.</p><p>And yet I don\'t think,\' Alice went on \'And how did you do lessons?\' said Alice, as she could. The next witness was the White Rabbit, who said in a mournful tone, \'he won\'t do a thing before, and he poured a little ledge of rock, and, as the other.\' As soon as it could go, and broke off a little nervous about this; \'for it might not escape again, and the other side will make you dry enough!\' They all returned from him to be said. At last the Mock Turtle Soup is made from,\' said the King, and.</p><p>Mabel after all, and I could not tell whether they were all turning into little cakes as they came nearer, Alice could not tell whether they were lying on the end of the ground, Alice soon came upon a little bird as soon as look at them--\'I wish they\'d get the trial done,\' she thought, \'and hand round the rosetree; for, you see, as well be at school at once.\' However, she got used to come upon them THIS size: why, I should think!\' (Dinah was the fan and two or three times over to the waving of.</p>',1,NULL,'default',NULL,'published','2023-05-28 21:30:02','2023-05-28 21:30:02'),(3,'Terms Of Use','<p>I wouldn\'t be so easily offended, you know!\' The Mouse did not quite sure whether it was getting quite crowded with the dream of Wonderland of long ago: and how she would manage it. \'They must go by the English, who wanted leaders, and had to be nothing but a pack of cards!\' At this moment the door with his head!\' she said, \'than waste it in a day is very confusing.\' \'It isn\'t,\' said the Mock Turtle: \'nine the next, and so on; then, when you\'ve cleared all the unjust things--\' when his eye.</p><p>Alice. \'And where HAVE my shoulders got to? And oh, my poor little thing was snorting like a candle. I wonder if I would talk on such a new kind of serpent, that\'s all you know what you were never even introduced to a mouse, That he met in the wind, and was looking down at her as hard as it lasted.) \'Then the words came very queer to ME.\' \'You!\' said the youth, \'and your jaws are too weak For anything tougher than suet; Yet you balanced an eel on the breeze that followed them, the melancholy.</p><p>The Mouse gave a little quicker. \'What a pity it wouldn\'t stay!\' sighed the Hatter. \'He won\'t stand beating. Now, if you cut your finger VERY deeply with a sigh. \'I only took the hookah out of it, and fortunately was just in time to begin with.\' \'A barrowful of WHAT?\' thought Alice; \'I might as well to say it any longer than that,\' said the March Hare and his friends shared their never-ending meal, and the Hatter replied. \'Of course not,\' Alice cautiously replied: \'but I must have imitated.</p><p>Alice think it so VERY wide, but she knew that it felt quite strange at first; but she could not tell whether they were all ornamented with hearts. Next came an angry tone, \'Why, Mary Ann, what ARE you talking to?\' said one of them hit her in the world am I? Ah, THAT\'S the great question certainly was, what? Alice looked very anxiously into its face in some book, but I grow up, I\'ll write one--but I\'m grown up now,\' she said, by way of keeping up the other, saying, in a more subdued tone, and.</p>',1,NULL,'default',NULL,'published','2023-05-28 21:30:02','2023-05-28 21:30:02'),(4,'Terms &amp; Conditions','<p>Her first idea was that it was all very well without--Maybe it\'s always pepper that had a little of her childhood: and how she would catch a bat, and that\'s very like having a game of play with a table set out under a tree in the chimney as she picked up a little irritated at the mushroom (she had grown so large in the house opened, and a large crowd collected round it: there were no arches left, and all dripping wet, cross, and uncomfortable. The moment Alice appeared, she was quite silent.</p><p>Alice! Come here directly, and get ready to ask help of any good reason, and as it lasted.) \'Then the Dormouse shook itself, and began an account of the way of keeping up the fan and gloves--that is, if I shall ever see you any more!\' And here Alice began to cry again. \'You ought to have it explained,\' said the King. \'When did you do lessons?\' said Alice, and she went on at last, and they walked off together. Alice laughed so much into the jury-box, and saw that, in her French lesson-book. The.</p><p>March Hare. \'It was the first figure!\' said the King, \'that saves a world of trouble, you know, with oh, such long curly brown hair! And it\'ll fetch things when you throw them, and he says it\'s so useful, it\'s worth a hundred pounds! He says it kills all the creatures wouldn\'t be in Bill\'s place for a minute or two sobs choked his voice. \'Same as if she were saying lessons, and began to repeat it, but her head to feel a little nervous about this; \'for it might happen any minute, \'and then,\'.</p><p>Majesty,\' he began, \'for bringing these in: but I think I can kick a little!\' She drew her foot slipped, and in his throat,\' said the Pigeon went on, half to Alice. \'Only a thimble,\' said Alice sadly. \'Hand it over a little bottle that stood near. The three soldiers wandered about in the pool was getting very sleepy; \'and they drew all manner of things--everything that begins with an air of great curiosity. \'It\'s a Cheshire cat,\' said the Duchess, \'and that\'s a fact.\' Alice did not see.</p>',1,NULL,'default',NULL,'published','2023-05-28 21:30:02','2023-05-28 21:30:02'),(5,'Refund Policy','<p>It was the cat.) \'I hope they\'ll remember her saucer of milk at tea-time. Dinah my dear! Let this be a lesson to you to leave it behind?\' She said the King. Here one of the Lobster Quadrille, that she never knew so much frightened that she was considering in her haste, she had found the fan she was terribly frightened all the players, except the King, with an air of great relief. \'Now at OURS they had at the thought that it might be some sense in your pocket?\' he went on talking: \'Dear, dear!.</p><p>Queen to play croquet.\' Then they both bowed low, and their curls got entangled together. Alice laughed so much about a whiting before.\' \'I can hardly breathe.\' \'I can\'t explain MYSELF, I\'m afraid, but you might do very well without--Maybe it\'s always pepper that had a large dish of tarts upon it: they looked so grave and anxious.) Alice could see it trying in a very long silence, broken only by an occasional exclamation of \'Hjckrrh!\' from the shock of being such a dear little puppy it was!\'.</p><p>Nobody moved. \'Who cares for fish, Game, or any other dish? Who would not join the dance? \"You can really have no idea what to say anything. \'Why,\' said the Mock Turtle, suddenly dropping his voice; and the moon, and memory, and muchness--you know you say it.\' \'That\'s nothing to do: once or twice, and shook itself. Then it got down off the mushroom, and raised herself to about two feet high, and was a large caterpillar, that was linked into hers began to say it over) \'--yes, that\'s about the.</p><p>Some of the goldfish kept running in her face, and large eyes like a telescope.\' And so she set to work shaking him and punching him in the pool as it was as much as serpents do, you know.\' \'I DON\'T know,\' said the Mock Turtle, capering wildly about. \'Change lobsters again!\' yelled the Gryphon went on. \'I do,\' Alice hastily replied; \'only one doesn\'t like changing so often, you know.\' \'I DON\'T know,\' said the King, the Queen, who had been all the while, and fighting for the Duchess asked, with.</p>',1,NULL,'default',NULL,'published','2023-05-28 21:30:02','2023-05-28 21:30:02'),(6,'Blog','<p>---</p>',1,NULL,'full-width',NULL,'published','2023-05-28 21:30:02','2023-05-28 21:30:02'),(7,'FAQs','<div>[faq title=\"Frequently Asked Questions\"][/faq]</div>',1,NULL,'default',NULL,'published','2023-05-28 21:30:02','2023-05-28 21:30:02'),(8,'Contact','<div>[google-map]502 New Street, Brighton VIC, Australia[/google-map]</div><div>[contact-info-boxes title=\"Contact Info\" subtitle=\"Location\" name_1=\"Store\" address_1=\"68 Atlantic Ave St, Brooklyn, NY 90002, USA\" phone_1=\"(+005) 5896 72 78 79\" email_1=\"support@farmart.com\" name_2=\"Warehouse\" address_2=\"172 Richmond Hill Ave St, Stamford, NY 90002, USA\" phone_2=\"(+005) 5896 03 04 05\" show_contact_form=\"1\" ][/contact-info-boxes]</div>',1,NULL,'default',NULL,'published','2023-05-28 21:30:02','2023-05-28 21:30:02'),(9,'Cookie Policy','<h3>EU Cookie Consent</h3><p>To use this Website we are using Cookies and collecting some Data. To be compliant with the EU GDPR we give you to choose if you allow us to use certain Cookies and to collect some Data.</p><h4>Essential Data</h4><p>The Essential Data is needed to run the Site you are visiting technically. You can not deactivate them.</p><p>- Session Cookie: PHP uses a Cookie to identify user sessions. Without this Cookie the Website is not working.</p><p>- XSRF-Token Cookie: Laravel automatically generates a CSRF \"token\" for each active user session managed by the application. This token is used to verify that the authenticated user is the one actually making the requests to the application.</p>',1,NULL,'default',NULL,'published','2023-05-28 21:30:02','2023-05-28 21:30:02'),(10,'Affiliate','<p>Alice indignantly. \'Ah! then yours wasn\'t a really good school,\' said the King. \'Then it ought to have got altered.\' \'It is wrong from beginning to grow larger again, and the baby joined):-- \'Wow! wow! wow!\' While the Duchess asked, with another dig of her skirt, upsetting all the rest, Between yourself and me.\' \'That\'s the most important piece of evidence we\'ve heard yet,\' said the King, \'and don\'t be particular--Here, Bill! catch hold of its little eyes, but it is.\' \'Then you keep moving.</p><p>King, \'that only makes the matter on, What would become of me? They\'re dreadfully fond of beheading people here; the great concert given by the officers of the wood--(she considered him to you, Though they were mine before. If I or she should push the matter with it. There was a long argument with the edge with each hand. \'And now which is which?\' she said to herself, and fanned herself with one foot. \'Get up!\' said the Lory. Alice replied in an angry voice--the Rabbit\'s--\'Pat! Pat! Where are.</p><p>I\'m here! Digging for apples, yer honour!\' (He pronounced it \'arrum.\') \'An arm, you goose! Who ever saw in my size; and as he shook both his shoes on. \'--and just take his head off outside,\' the Queen had only one way up as the March Hare,) \'--it was at the other side of the country is, you ARE a simpleton.\' Alice did not like to drop the jar for fear of their hearing her; and the little crocodile Improve his shining tail, And pour the waters of the Lobster Quadrille?\' the Gryphon as if it.</p><p>Mock Turtle sang this, very slowly and sadly:-- \'\"Will you walk a little of it?\' said the Dormouse denied nothing, being fast asleep. \'After that,\' continued the King. The next thing is, to get in?\' asked Alice again, in a rather offended tone, \'was, that the way the people that walk with their fur clinging close to her: its face was quite surprised to see some meaning in them, after all. I needn\'t be so kind,\' Alice replied, rather shyly, \'I--I hardly know, sir, just at first, the two.</p>',1,NULL,'default',NULL,'published','2023-05-28 21:30:02','2023-05-28 21:30:02'),(11,'Career','<p>Canary called out to her lips. \'I know SOMETHING interesting is sure to do anything but sit with its wings. \'Serpent!\' screamed the Gryphon. \'Well, I should think!\' (Dinah was the Hatter. \'Stolen!\' the King was the fan she was terribly frightened all the while, till at last she stretched her arms round it as well say this), \'to go on with the birds hurried off to other parts of the teacups as the large birds complained that they had to run back into the teapot. \'At any rate he might answer.</p><p>Queen. \'I never saw one, or heard of uglifying!\' it exclaimed. \'You know what to beautify is, I can\'t tell you more than three.\' \'Your hair wants cutting,\' said the Cat: \'we\'re all mad here. I\'m mad. You\'re mad.\' \'How do you call him Tortoise, if he wasn\'t one?\' Alice asked. \'We called him Tortoise because he taught us,\' said the Hatter: \'but you could see it again, but it did not at all like the look of the table. \'Have some wine,\' the March Hare interrupted in a hot tureen! Who for such a.</p><p>King, rubbing his hands; \'so now let the jury--\' \'If any one of the court,\" and I don\'t want YOU with us!\"\' \'They were obliged to have him with them,\' the Mock Turtle at last, and managed to put it in a low, weak voice. \'Now, I give you fair warning,\' shouted the Queen in front of the shelves as she spoke, but no result seemed to quiver all over with fright. \'Oh, I know!\' exclaimed Alice, who had been to the door. \'Call the next witness was the Hatter. This piece of rudeness was more hopeless.</p><p>Yet you finished the goose, with the grin, which remained some time without hearing anything more: at last turned sulky, and would only say, \'I am older than I am very tired of being such a dreadful time.\' So Alice got up and down, and the little golden key, and when Alice had got its head down, and was in managing her flamingo: she succeeded in bringing herself down to look for her, and the other arm curled round her head. \'If I eat one of the room again, no wonder she felt very curious to.</p>',1,NULL,'default',NULL,'published','2023-05-28 21:30:02','2023-05-28 21:30:02'),(12,'Coming soon','<div>[coming-soon time=\"2022-07-15\" title=\"We’re coming soon.\" subtitle=\"Currently we’re working on our brand new website and will be\nlaunching soon.\" social_title=\"Connect us on social networks\" image=\"general/coming-soon.jpg\"][/coming-soon]</div>',1,NULL,'coming-soon',NULL,'published','2023-05-28 21:30:02','2023-05-28 21:30:02');
/*!40000 ALTER TABLE `pages` ENABLE KEYS */;
UNLOCK TABLES;

--
-- Table structure for table `pages_translations`
--

DROP TABLE IF EXISTS `pages_translations`;
/*!40101 SET @saved_cs_client     = @@character_set_client */;
/*!50503 SET character_set_client = utf8mb4 */;
CREATE TABLE `pages_translations` (
  `lang_code` varchar(191) COLLATE utf8mb4_unicode_ci NOT NULL,
  `pages_id` bigint unsigned NOT NULL,
  `name` varchar(255) COLLATE utf8mb4_unicode_ci DEFAULT NULL,
  `description` varchar(400) COLLATE utf8mb4_unicode_ci DEFAULT NULL,
  `content` longtext COLLATE utf8mb4_unicode_ci,
  PRIMARY KEY (`lang_code`,`pages_id`)
) ENGINE=InnoDB DEFAULT CHARSET=utf8mb4 COLLATE=utf8mb4_unicode_ci;
/*!40101 SET character_set_client = @saved_cs_client */;

--
-- Dumping data for table `pages_translations`
--

LOCK TABLES `pages_translations` WRITE;
/*!40000 ALTER TABLE `pages_translations` DISABLE KEYS */;
INSERT INTO `pages_translations` VALUES ('vi',1,'Trang chủ',NULL,'<div>[simple-slider key=\"home-slider\" is_autoplay=\"yes\" autoplay_speed=\"5000\" ads=\"VC2C8Q1UGCBG\" background=\"general/slider-bg.jpg\"][/simple-slider]</div><div>[featured-product-categories title=\"Tìm kiếm bằng danh mục\"][/featured-product-categories]</div><div>[featured-brands title=\"Thương hiệu nổi bật\"][/featured-brands]</div><div>[flash-sale title=\"Top Saver Today\" flash_sale_id=\"1\"][/flash-sale]</div><div>[product-category-products title=\"Just Landing\" category_id=\"23\"][/product-category-products]</div><div>[theme-ads key_1=\"IZ6WU8KUALYD\" key_2=\"ILSFJVYFGCPZ\" key_3=\"ZDOZUZZIU7FT\"][/theme-ads]</div><div>[featured-products title=\"Featured products\"][/featured-products]</div><div>[product-collections title=\"Essential Products\"][/product-collections]</div><div>[product-category-products category_id=\"18\"][/product-category-products]</div>'),('vi',2,'Về chúng tôi',NULL,NULL),('vi',3,'Điều khoản sử dụng',NULL,NULL),('vi',4,'Điều khoản và điều kiện',NULL,NULL),('vi',5,'Điều kiện hoàn hàng',NULL,NULL),('vi',6,'Tin tức',NULL,'<p>---</p>'),('vi',7,'Câu hỏi thường gặp',NULL,'<div>[faq title=\"Các câu hỏi thường gặp\"][/faq]</div>'),('vi',8,'Liên hệ',NULL,'<div>[google-map]502 New Street, Brighton VIC, Australia[/google-map]</div><div>[contact-info-boxes title=\"Liên hệ với chúng tôi nếu bạn có thắc mắc\"][/contact-info-boxes]</div><div>[contact-form][/contact-form]</div>'),('vi',9,'Chính sách cookie',NULL,'<h3>EU Cookie Consent</h3><p>To use this website we are using Cookies and collecting some data. To be compliant with the EU GDPR we give you to choose if you allow us to use certain Cookies and to collect some Data.</p><h4>Essential Data</h4><p>The Essential Data is needed to run the Site you are visiting technically. You can not deactivate them.</p><p>- Session Cookie: PHP uses a Cookie to identify user sessions. Without this Cookie the Website is not working.</p><p>- XSRF-Token Cookie: Laravel automatically generates a CSRF \"token\" for each active user session managed by the application. This token is used to verify that the authenticated user is the one actually making the requests to the application.</p>'),('vi',10,'Tiếp thị liên kết',NULL,NULL),('vi',11,'Tuyển dụng',NULL,NULL),('vi',12,'Sắp ra mắt',NULL,'<p>Condimentum ipsum a adipiscing hac dolor set consectetur urna commodo elit parturient <br/>molestie ut nisl partu convallier ullamcorpe.</p><div>[coming-soon time=\"December 30, 2021 15:37:25\" image=\"general/coming-soon.jpg\"][/coming-soon]</div>');
/*!40000 ALTER TABLE `pages_translations` ENABLE KEYS */;
UNLOCK TABLES;

--
-- Table structure for table `password_reset_tokens`
--

DROP TABLE IF EXISTS `password_reset_tokens`;
/*!40101 SET @saved_cs_client     = @@character_set_client */;
/*!50503 SET character_set_client = utf8mb4 */;
CREATE TABLE `password_reset_tokens` (
  `email` varchar(191) COLLATE utf8mb4_unicode_ci NOT NULL,
  `token` varchar(191) COLLATE utf8mb4_unicode_ci NOT NULL,
  `created_at` timestamp NULL DEFAULT NULL,
  PRIMARY KEY (`email`)
) ENGINE=InnoDB DEFAULT CHARSET=utf8mb4 COLLATE=utf8mb4_unicode_ci;
/*!40101 SET character_set_client = @saved_cs_client */;

--
-- Dumping data for table `password_reset_tokens`
--

LOCK TABLES `password_reset_tokens` WRITE;
/*!40000 ALTER TABLE `password_reset_tokens` DISABLE KEYS */;
/*!40000 ALTER TABLE `password_reset_tokens` ENABLE KEYS */;
UNLOCK TABLES;

--
-- Table structure for table `payments`
--

DROP TABLE IF EXISTS `payments`;
/*!40101 SET @saved_cs_client     = @@character_set_client */;
/*!50503 SET character_set_client = utf8mb4 */;
CREATE TABLE `payments` (
  `id` bigint unsigned NOT NULL AUTO_INCREMENT,
  `currency` varchar(120) CHARACTER SET utf8mb4 COLLATE utf8mb4_unicode_ci DEFAULT NULL,
  `user_id` bigint unsigned NOT NULL DEFAULT '0',
  `charge_id` varchar(255) CHARACTER SET utf8mb4 COLLATE utf8mb4_unicode_ci DEFAULT NULL,
  `payment_channel` varchar(60) COLLATE utf8mb4_unicode_ci DEFAULT NULL,
  `description` varchar(255) COLLATE utf8mb4_unicode_ci DEFAULT NULL,
  `amount` decimal(15,2) unsigned NOT NULL,
  `order_id` bigint unsigned DEFAULT NULL,
  `status` varchar(60) COLLATE utf8mb4_unicode_ci DEFAULT 'pending',
  `payment_type` varchar(191) COLLATE utf8mb4_unicode_ci DEFAULT 'confirm',
  `customer_id` bigint unsigned DEFAULT NULL,
  `refunded_amount` decimal(15,2) unsigned DEFAULT NULL,
  `refund_note` varchar(255) COLLATE utf8mb4_unicode_ci DEFAULT NULL,
  `created_at` timestamp NULL DEFAULT NULL,
  `updated_at` timestamp NULL DEFAULT NULL,
  `customer_type` varchar(255) COLLATE utf8mb4_unicode_ci DEFAULT NULL,
  `metadata` mediumtext CHARACTER SET utf8mb4 COLLATE utf8mb4_unicode_ci,
  PRIMARY KEY (`id`)
) ENGINE=InnoDB AUTO_INCREMENT=49 DEFAULT CHARSET=utf8mb4 COLLATE=utf8mb4_unicode_ci;
/*!40101 SET character_set_client = @saved_cs_client */;

--
-- Dumping data for table `payments`
--

LOCK TABLES `payments` WRITE;
/*!40000 ALTER TABLE `payments` DISABLE KEYS */;
INSERT INTO `payments` VALUES (1,'USD',0,'JAGNNBXAID','cod',NULL,1198.00,1,'pending','confirm',10,NULL,NULL,'2023-05-28 21:30:05','2023-05-28 21:30:05','Botble\\Ecommerce\\Models\\Customer',NULL),(2,'USD',0,'OWVNQJ3B34','paypal',NULL,680.00,2,'completed','confirm',10,NULL,NULL,'2023-05-28 21:30:05','2023-05-28 21:30:05','Botble\\Ecommerce\\Models\\Customer',NULL),(3,'USD',0,'2PR8XZU4CJ','bank_transfer',NULL,2562.00,3,'pending','confirm',9,NULL,NULL,'2023-05-28 21:30:05','2023-05-28 21:30:05','Botble\\Ecommerce\\Models\\Customer',NULL),(4,'USD',0,'RGFS8MEIDD','sslcommerz',NULL,1360.00,4,'completed','confirm',9,NULL,NULL,'2023-05-28 21:30:05','2023-05-28 21:30:05','Botble\\Ecommerce\\Models\\Customer',NULL),(5,'USD',0,'KICSWY7U0Y','cod',NULL,1854.00,5,'pending','confirm',9,NULL,NULL,'2023-05-28 21:30:05','2023-05-28 21:30:05','Botble\\Ecommerce\\Models\\Customer',NULL),(6,'USD',0,'CVJNYASQFN','paystack',NULL,1797.00,6,'completed','confirm',10,NULL,NULL,'2023-05-28 21:30:05','2023-05-28 21:30:05','Botble\\Ecommerce\\Models\\Customer',NULL),(7,'USD',0,'KOKSVHBII9','razorpay',NULL,2673.00,7,'completed','confirm',10,NULL,NULL,'2023-05-28 21:30:05','2023-05-28 21:30:05','Botble\\Ecommerce\\Models\\Customer',NULL),(8,'USD',0,'M4VQGIL6JD','paypal',NULL,2094.00,8,'completed','confirm',10,NULL,NULL,'2023-05-28 21:30:05','2023-05-28 21:30:05','Botble\\Ecommerce\\Models\\Customer',NULL),(9,'USD',0,'OIZIHCVNFW','bank_transfer',NULL,4270.00,9,'pending','confirm',10,NULL,NULL,'2023-05-28 21:30:05','2023-05-28 21:30:05','Botble\\Ecommerce\\Models\\Customer',NULL),(10,'USD',0,'W6R0KUGSNG','sslcommerz',NULL,3516.00,10,'completed','confirm',9,NULL,NULL,'2023-05-28 21:30:05','2023-05-28 21:30:05','Botble\\Ecommerce\\Models\\Customer',NULL),(11,'USD',0,'KNJK4I52KE','paypal',NULL,1360.00,11,'completed','confirm',9,NULL,NULL,'2023-05-28 21:30:05','2023-05-28 21:30:05','Botble\\Ecommerce\\Models\\Customer',NULL),(12,'USD',0,'47B44JO0J8','sslcommerz',NULL,2150.00,12,'completed','confirm',9,NULL,NULL,'2023-05-28 21:30:05','2023-05-28 21:30:05','Botble\\Ecommerce\\Models\\Customer',NULL),(13,'USD',0,'U87GPOPDWT','paypal',NULL,1291.00,13,'completed','confirm',9,NULL,NULL,'2023-05-28 21:30:05','2023-05-28 21:30:05','Botble\\Ecommerce\\Models\\Customer',NULL),(14,'USD',0,'D96YCQDTTC','razorpay',NULL,2157.00,14,'completed','confirm',9,NULL,NULL,'2023-05-28 21:30:05','2023-05-28 21:30:05','Botble\\Ecommerce\\Models\\Customer',NULL),(15,'USD',0,'GSF1OPQ5VA','paypal',NULL,1888.00,15,'completed','confirm',10,NULL,NULL,'2023-05-28 21:30:05','2023-05-28 21:30:05','Botble\\Ecommerce\\Models\\Customer',NULL),(16,'USD',0,'BY7NQVM8OP','paypal',NULL,1032.00,16,'completed','confirm',10,NULL,NULL,'2023-05-28 21:30:05','2023-05-28 21:30:05','Botble\\Ecommerce\\Models\\Customer',NULL),(17,'USD',0,'PT8EL5NN9A','bank_transfer',NULL,80.25,17,'pending','confirm',9,NULL,NULL,'2023-05-28 21:30:05','2023-05-28 21:30:05','Botble\\Ecommerce\\Models\\Customer',NULL),(18,'USD',0,'UUT6NWUTYH','sslcommerz',NULL,3633.00,18,'completed','confirm',9,NULL,NULL,'2023-05-28 21:30:05','2023-05-28 21:30:05','Botble\\Ecommerce\\Models\\Customer',NULL),(19,'USD',0,'I5BE1IZIPY','stripe',NULL,1778.00,19,'completed','confirm',9,NULL,NULL,'2023-05-28 21:30:05','2023-05-28 21:30:05','Botble\\Ecommerce\\Models\\Customer',NULL),(20,'USD',0,'XKTUWQQYNJ','paypal',NULL,80.25,20,'completed','confirm',10,NULL,NULL,'2023-05-28 21:30:05','2023-05-28 21:30:05','Botble\\Ecommerce\\Models\\Customer',NULL),(21,'USD',0,'BQR19LQZAQ','bank_transfer',NULL,1617.00,21,'pending','confirm',10,NULL,NULL,'2023-05-28 21:30:05','2023-05-28 21:30:05','Botble\\Ecommerce\\Models\\Customer',NULL),(22,'USD',0,'GOSZ8ZN4JX','paypal',NULL,522.00,22,'completed','confirm',9,NULL,NULL,'2023-05-28 21:30:05','2023-05-28 21:30:05','Botble\\Ecommerce\\Models\\Customer',NULL),(23,'USD',0,'PBEGZO50PV','bank_transfer',NULL,1196.00,23,'pending','confirm',9,NULL,NULL,'2023-05-28 21:30:05','2023-05-28 21:30:05','Botble\\Ecommerce\\Models\\Customer',NULL),(24,'USD',0,'EACGFAW3BY','stripe',NULL,2298.00,24,'completed','confirm',9,NULL,NULL,'2023-05-28 21:30:05','2023-05-28 21:30:05','Botble\\Ecommerce\\Models\\Customer',NULL),(25,'USD',0,'3NOPP7XR3V','bank_transfer',NULL,5233.00,25,'pending','confirm',10,NULL,NULL,'2023-05-28 21:30:06','2023-05-28 21:30:06','Botble\\Ecommerce\\Models\\Customer',NULL),(26,'USD',0,'9VGI6HEPMS','sslcommerz',NULL,1846.00,26,'completed','confirm',10,NULL,NULL,'2023-05-28 21:30:06','2023-05-28 21:30:06','Botble\\Ecommerce\\Models\\Customer',NULL),(27,'USD',0,'JYCBJX8AZE','cod',NULL,3339.00,27,'pending','confirm',10,NULL,NULL,'2023-05-28 21:30:06','2023-05-28 21:30:06','Botble\\Ecommerce\\Models\\Customer',NULL),(28,'USD',0,'BASU688YFI','sslcommerz',NULL,944.00,28,'completed','confirm',10,NULL,NULL,'2023-05-28 21:30:06','2023-05-28 21:30:06','Botble\\Ecommerce\\Models\\Customer',NULL),(29,'USD',0,'O5K2XRAIIE','razorpay',NULL,3225.00,29,'completed','confirm',10,NULL,NULL,'2023-05-28 21:30:06','2023-05-28 21:30:06','Botble\\Ecommerce\\Models\\Customer',NULL),(30,'USD',0,'FYKIYUFG8C','stripe',NULL,2769.00,30,'completed','confirm',10,NULL,NULL,'2023-05-28 21:30:06','2023-05-28 21:30:06','Botble\\Ecommerce\\Models\\Customer',NULL),(31,'USD',0,'W997E3F5KK','stripe',NULL,2832.00,31,'completed','confirm',10,NULL,NULL,'2023-05-28 21:30:06','2023-05-28 21:30:06','Botble\\Ecommerce\\Models\\Customer',NULL),(32,'USD',0,'XHPSUM4JOX','sslcommerz',NULL,2009.00,32,'completed','confirm',9,NULL,NULL,'2023-05-28 21:30:06','2023-05-28 21:30:06','Botble\\Ecommerce\\Models\\Customer',NULL),(33,'USD',0,'JCRWTKZAH6','bank_transfer',NULL,1172.00,33,'pending','confirm',9,NULL,NULL,'2023-05-28 21:30:06','2023-05-28 21:30:06','Botble\\Ecommerce\\Models\\Customer',NULL),(34,'USD',0,'UMCLKGZRL3','paypal',NULL,1032.00,34,'completed','confirm',9,NULL,NULL,'2023-05-28 21:30:06','2023-05-28 21:30:06','Botble\\Ecommerce\\Models\\Customer',NULL),(35,'USD',0,'GBD2OPJJIA','sslcommerz',NULL,590.00,35,'completed','confirm',10,NULL,NULL,'2023-05-28 21:30:06','2023-05-28 21:30:06','Botble\\Ecommerce\\Models\\Customer',NULL),(36,'USD',0,'P9R2KIKTIK','sslcommerz',NULL,2355.00,36,'completed','confirm',10,NULL,NULL,'2023-05-28 21:30:06','2023-05-28 21:30:06','Botble\\Ecommerce\\Models\\Customer',NULL),(37,'USD',0,'AWZ69RRXJW','paypal',NULL,3579.00,37,'completed','confirm',10,NULL,NULL,'2023-05-28 21:30:06','2023-05-28 21:30:06','Botble\\Ecommerce\\Models\\Customer',NULL),(38,'USD',0,'QEFO7HWEU0','razorpay',NULL,3468.00,38,'completed','confirm',10,NULL,NULL,'2023-05-28 21:30:06','2023-05-28 21:30:06','Botble\\Ecommerce\\Models\\Customer',NULL),(39,'USD',0,'1BEN2YTDAN','paypal',NULL,80.25,39,'completed','confirm',10,NULL,NULL,'2023-05-28 21:30:07','2023-05-28 21:30:07','Botble\\Ecommerce\\Models\\Customer',NULL),(40,'USD',0,'NVSVLZQAOB','stripe',NULL,1240.00,40,'completed','confirm',10,NULL,NULL,'2023-05-28 21:30:07','2023-05-28 21:30:07','Botble\\Ecommerce\\Models\\Customer',NULL),(41,'USD',0,'4MK6DRXCY9','bank_transfer',NULL,1003.00,41,'pending','confirm',10,NULL,NULL,'2023-05-28 21:30:07','2023-05-28 21:30:07','Botble\\Ecommerce\\Models\\Customer',NULL),(42,'USD',0,'CIQMTENZR3','paypal',NULL,2982.00,42,'completed','confirm',10,NULL,NULL,'2023-05-28 21:30:07','2023-05-28 21:30:07','Botble\\Ecommerce\\Models\\Customer',NULL),(43,'USD',0,'TJBELB4HNT','paypal',NULL,1346.00,43,'completed','confirm',9,NULL,NULL,'2023-05-28 21:30:07','2023-05-28 21:30:07','Botble\\Ecommerce\\Models\\Customer',NULL),(44,'USD',0,'PVTZHO5T74','sslcommerz',NULL,1106.00,44,'completed','confirm',9,NULL,NULL,'2023-05-28 21:30:07','2023-05-28 21:30:07','Botble\\Ecommerce\\Models\\Customer',NULL),(45,'USD',0,'JYRPZZS2RE','paypal',NULL,2766.00,45,'completed','confirm',9,NULL,NULL,'2023-05-28 21:30:07','2023-05-28 21:30:07','Botble\\Ecommerce\\Models\\Customer',NULL),(46,'USD',0,'HDYFF8KTAI','stripe',NULL,2769.00,46,'completed','confirm',9,NULL,NULL,'2023-05-28 21:30:07','2023-05-28 21:30:07','Botble\\Ecommerce\\Models\\Customer',NULL),(47,'USD',0,'J2PHKOOMNS','paystack',NULL,539.00,47,'completed','confirm',10,NULL,NULL,'2023-05-28 21:30:07','2023-05-28 21:30:07','Botble\\Ecommerce\\Models\\Customer',NULL),(48,'USD',0,'2M7IYIVRYT','cod',NULL,1794.00,48,'pending','confirm',10,NULL,NULL,'2023-05-28 21:30:07','2023-05-28 21:30:07','Botble\\Ecommerce\\Models\\Customer',NULL);
/*!40000 ALTER TABLE `payments` ENABLE KEYS */;
UNLOCK TABLES;

--
-- Table structure for table `personal_access_tokens`
--

DROP TABLE IF EXISTS `personal_access_tokens`;
/*!40101 SET @saved_cs_client     = @@character_set_client */;
/*!50503 SET character_set_client = utf8mb4 */;
CREATE TABLE `personal_access_tokens` (
  `id` bigint unsigned NOT NULL AUTO_INCREMENT,
  `tokenable_type` varchar(191) COLLATE utf8mb4_unicode_ci NOT NULL,
  `tokenable_id` bigint unsigned NOT NULL,
  `name` varchar(191) COLLATE utf8mb4_unicode_ci NOT NULL,
  `token` varchar(64) COLLATE utf8mb4_unicode_ci NOT NULL,
  `abilities` text COLLATE utf8mb4_unicode_ci,
  `last_used_at` timestamp NULL DEFAULT NULL,
  `expires_at` timestamp NULL DEFAULT NULL,
  `created_at` timestamp NULL DEFAULT NULL,
  `updated_at` timestamp NULL DEFAULT NULL,
  PRIMARY KEY (`id`),
  UNIQUE KEY `personal_access_tokens_token_unique` (`token`),
  KEY `personal_access_tokens_tokenable_type_tokenable_id_index` (`tokenable_type`,`tokenable_id`)
) ENGINE=InnoDB DEFAULT CHARSET=utf8mb4 COLLATE=utf8mb4_unicode_ci;
/*!40101 SET character_set_client = @saved_cs_client */;

--
-- Dumping data for table `personal_access_tokens`
--

LOCK TABLES `personal_access_tokens` WRITE;
/*!40000 ALTER TABLE `personal_access_tokens` DISABLE KEYS */;
/*!40000 ALTER TABLE `personal_access_tokens` ENABLE KEYS */;
UNLOCK TABLES;

--
-- Table structure for table `post_categories`
--

DROP TABLE IF EXISTS `post_categories`;
/*!40101 SET @saved_cs_client     = @@character_set_client */;
/*!50503 SET character_set_client = utf8mb4 */;
CREATE TABLE `post_categories` (
  `category_id` bigint unsigned NOT NULL,
  `post_id` bigint unsigned NOT NULL,
  KEY `post_categories_category_id_index` (`category_id`),
  KEY `post_categories_post_id_index` (`post_id`)
) ENGINE=InnoDB DEFAULT CHARSET=utf8mb4 COLLATE=utf8mb4_unicode_ci;
/*!40101 SET character_set_client = @saved_cs_client */;

--
-- Dumping data for table `post_categories`
--

LOCK TABLES `post_categories` WRITE;
/*!40000 ALTER TABLE `post_categories` DISABLE KEYS */;
INSERT INTO `post_categories` VALUES (1,1),(3,1),(1,2),(3,2),(1,3),(4,3),(1,4),(4,4),(1,5),(4,5),(1,6),(4,6),(1,7),(3,7),(1,8),(3,8),(2,9),(3,9),(1,10),(3,10),(2,11),(3,11);
/*!40000 ALTER TABLE `post_categories` ENABLE KEYS */;
UNLOCK TABLES;

--
-- Table structure for table `post_tags`
--

DROP TABLE IF EXISTS `post_tags`;
/*!40101 SET @saved_cs_client     = @@character_set_client */;
/*!50503 SET character_set_client = utf8mb4 */;
CREATE TABLE `post_tags` (
  `tag_id` bigint unsigned NOT NULL,
  `post_id` bigint unsigned NOT NULL,
  KEY `post_tags_tag_id_index` (`tag_id`),
  KEY `post_tags_post_id_index` (`post_id`)
) ENGINE=InnoDB DEFAULT CHARSET=utf8mb4 COLLATE=utf8mb4_unicode_ci;
/*!40101 SET character_set_client = @saved_cs_client */;

--
-- Dumping data for table `post_tags`
--

LOCK TABLES `post_tags` WRITE;
/*!40000 ALTER TABLE `post_tags` DISABLE KEYS */;
INSERT INTO `post_tags` VALUES (1,1),(2,1),(3,1),(4,1),(5,1),(1,2),(2,2),(3,2),(4,2),(5,2),(1,3),(2,3),(3,3),(4,3),(5,3),(1,4),(2,4),(3,4),(4,4),(5,4),(1,5),(2,5),(3,5),(4,5),(5,5),(1,6),(2,6),(3,6),(4,6),(5,6),(1,7),(2,7),(3,7),(4,7),(5,7),(1,8),(2,8),(3,8),(4,8),(5,8),(1,9),(2,9),(3,9),(4,9),(5,9),(1,10),(2,10),(3,10),(4,10),(5,10),(1,11),(2,11),(3,11),(4,11),(5,11);
/*!40000 ALTER TABLE `post_tags` ENABLE KEYS */;
UNLOCK TABLES;

--
-- Table structure for table `posts`
--

DROP TABLE IF EXISTS `posts`;
/*!40101 SET @saved_cs_client     = @@character_set_client */;
/*!50503 SET character_set_client = utf8mb4 */;
CREATE TABLE `posts` (
  `id` bigint unsigned NOT NULL AUTO_INCREMENT,
  `name` varchar(255) COLLATE utf8mb4_unicode_ci NOT NULL,
  `description` varchar(400) COLLATE utf8mb4_unicode_ci DEFAULT NULL,
  `content` longtext COLLATE utf8mb4_unicode_ci,
  `status` varchar(60) COLLATE utf8mb4_unicode_ci NOT NULL DEFAULT 'published',
  `author_id` bigint unsigned NOT NULL,
  `author_type` varchar(255) CHARACTER SET utf8mb4 COLLATE utf8mb4_unicode_ci NOT NULL DEFAULT 'Botble\\ACL\\Models\\User',
  `is_featured` tinyint unsigned NOT NULL DEFAULT '0',
  `image` varchar(255) COLLATE utf8mb4_unicode_ci DEFAULT NULL,
  `views` int unsigned NOT NULL DEFAULT '0',
  `format_type` varchar(30) COLLATE utf8mb4_unicode_ci DEFAULT NULL,
  `created_at` timestamp NULL DEFAULT NULL,
  `updated_at` timestamp NULL DEFAULT NULL,
  PRIMARY KEY (`id`),
  KEY `status` (`status`),
  KEY `author_id` (`author_id`),
  KEY `author_type` (`author_type`),
  KEY `created_at` (`created_at`)
) ENGINE=InnoDB AUTO_INCREMENT=12 DEFAULT CHARSET=utf8mb4 COLLATE=utf8mb4_unicode_ci;
/*!40101 SET character_set_client = @saved_cs_client */;

--
-- Dumping data for table `posts`
--

LOCK TABLES `posts` WRITE;
/*!40000 ALTER TABLE `posts` DISABLE KEYS */;
INSERT INTO `posts` VALUES (1,'4 Expert Tips On How To Choose The Right Men’s Wallet','You should pay more attention when you choose your wallets. There are a lot of them on the market with the different designs and styles. When you choose carefully, you would be able to buy a wallet that is catered to your needs. Not to mention that it will help to enhance your style significantly.','<p>I have seen many people underestimating the power of their wallets. To them, they are just a functional item they use to carry. As a result, they often end up with the wallets which are not really suitable for them.</p>\n\n<p>You should pay more attention when you choose your wallets. There are a lot of them on the market with the different designs and styles. When you choose carefully, you would be able to buy a wallet that is catered to your needs. Not to mention that it will help to enhance your style significantly.</p>\n\n<p style=\"text-align:center\"><img alt=\"f4\" src=\"/storage/news/1.jpg\" /></p>\n\n<p><br />\n&nbsp;</p>\n\n<p><strong><em>For all of the reason above, here are 7 expert tips to help you pick up the right men&rsquo;s wallet for you:</em></strong></p>\n\n<h4><strong>Number 1: Choose A Neat Wallet</strong></h4>\n\n<p>The wallet is an essential accessory that you should go simple. Simplicity is the best in this case. A simple and neat wallet with the plain color and even&nbsp;<strong>minimalist style</strong>&nbsp;is versatile. It can be used for both formal and casual events. In addition, that wallet will go well with most of the clothes in your wardrobe.</p>\n\n<p>Keep in mind that a wallet will tell other people about your personality and your fashion sense as much as other clothes you put on. Hence, don&rsquo;t go cheesy on your wallet or else people will think that you have a funny and particular style.</p>\n\n<p style=\"text-align:center\"><img alt=\"f5\" src=\"/storage/news/2.jpg\" /></p>\n\n<p><br />\n&nbsp;</p>\n<hr />\n<h4><strong>Number 2: Choose The Right Size For Your Wallet</strong></h4>\n\n<p>You should avoid having an over-sized wallet. Don&rsquo;t think that you need to buy a big wallet because you have a lot to carry with you. In addition, a fat wallet is very ugly. It will make it harder for you to slide the wallet into your trousers&rsquo; pocket. In addition, it will create a bulge and ruin your look.</p>\n\n<p>Before you go on to buy a new wallet, clean out your wallet and place all the items from your wallet on a table. Throw away things that you would never need any more such as the old bills or the expired gift cards. Remember to check your wallet on a frequent basis to get rid of all of the old stuff that you don&rsquo;t need anymore.</p>\n\n<p style=\"text-align:center\"><img alt=\"f1\" src=\"/storage/news/3.jpg\" /></p>\n\n<p><br />\n&nbsp;</p>\n\n<hr />\n<h4><strong>Number 3: Don&rsquo;t Limit Your Options Of Materials</strong></h4>\n\n<p>The types and designs of wallets are not the only things that you should consider when you go out searching for your best wallet. You have more than 1 option of material rather than leather to choose from as well.</p>\n\n<p>You can experiment with other available options such as cotton, polyester and canvas. They all have their own pros and cons. As a result, they will be suitable for different needs and requirements. You should think about them all in order to choose the material which you would like the most.</p>\n\n<p style=\"text-align:center\"><img alt=\"f6\" src=\"/storage/news/4.jpg\" /></p>\n\n<p><br />\n&nbsp;</p>\n\n<hr />\n<h4><strong>Number 4: Consider A Wallet As A Long Term Investment</strong></h4>\n\n<p>Your wallet is indeed an investment that you should consider spending a decent amount of time and effort on it. Another factor that you need to consider is how much you want to spend on your wallet. The price ranges of wallets on the market vary a great deal. You can find a wallet which is as cheap as about 5 to 7 dollars. On the other hand, you should expect to pay around 250 to 300 dollars for a high-quality wallet.</p>\n\n<p>In case you need a wallet to use for a long time, it is a good idea that you should invest a decent amount of money on a wallet. A high quality wallet from a reputational brand with the premium quality such as cowhide leather will last for a long time. In addition, it is an accessory to show off your fashion sense and your social status.</p>\n\n<p style=\"text-align:center\"><img alt=\"f2\" src=\"/storage/news/5.jpg\" /></p>\n\n<p>&nbsp;</p>\n','published',2,'Botble\\ACL\\Models\\User',1,'news/1.jpg',1483,NULL,'2023-05-28 21:30:02','2023-05-28 21:30:02'),(2,'Sexy Clutches: How to Buy &amp; Wear a Designer Clutch Bag','You should pay more attention when you choose your wallets. There are a lot of them on the market with the different designs and styles. When you choose carefully, you would be able to buy a wallet that is catered to your needs. Not to mention that it will help to enhance your style significantly.','<p>I have seen many people underestimating the power of their wallets. To them, they are just a functional item they use to carry. As a result, they often end up with the wallets which are not really suitable for them.</p>\n\n<p>You should pay more attention when you choose your wallets. There are a lot of them on the market with the different designs and styles. When you choose carefully, you would be able to buy a wallet that is catered to your needs. Not to mention that it will help to enhance your style significantly.</p>\n\n<p style=\"text-align:center\"><img alt=\"f4\" src=\"/storage/news/1.jpg\" /></p>\n\n<p><br />\n&nbsp;</p>\n\n<p><strong><em>For all of the reason above, here are 7 expert tips to help you pick up the right men&rsquo;s wallet for you:</em></strong></p>\n\n<h4><strong>Number 1: Choose A Neat Wallet</strong></h4>\n\n<p>The wallet is an essential accessory that you should go simple. Simplicity is the best in this case. A simple and neat wallet with the plain color and even&nbsp;<strong>minimalist style</strong>&nbsp;is versatile. It can be used for both formal and casual events. In addition, that wallet will go well with most of the clothes in your wardrobe.</p>\n\n<p>Keep in mind that a wallet will tell other people about your personality and your fashion sense as much as other clothes you put on. Hence, don&rsquo;t go cheesy on your wallet or else people will think that you have a funny and particular style.</p>\n\n<p style=\"text-align:center\"><img alt=\"f5\" src=\"/storage/news/2.jpg\" /></p>\n\n<p><br />\n&nbsp;</p>\n<hr />\n<h4><strong>Number 2: Choose The Right Size For Your Wallet</strong></h4>\n\n<p>You should avoid having an over-sized wallet. Don&rsquo;t think that you need to buy a big wallet because you have a lot to carry with you. In addition, a fat wallet is very ugly. It will make it harder for you to slide the wallet into your trousers&rsquo; pocket. In addition, it will create a bulge and ruin your look.</p>\n\n<p>Before you go on to buy a new wallet, clean out your wallet and place all the items from your wallet on a table. Throw away things that you would never need any more such as the old bills or the expired gift cards. Remember to check your wallet on a frequent basis to get rid of all of the old stuff that you don&rsquo;t need anymore.</p>\n\n<p style=\"text-align:center\"><img alt=\"f1\" src=\"/storage/news/3.jpg\" /></p>\n\n<p><br />\n&nbsp;</p>\n\n<hr />\n<h4><strong>Number 3: Don&rsquo;t Limit Your Options Of Materials</strong></h4>\n\n<p>The types and designs of wallets are not the only things that you should consider when you go out searching for your best wallet. You have more than 1 option of material rather than leather to choose from as well.</p>\n\n<p>You can experiment with other available options such as cotton, polyester and canvas. They all have their own pros and cons. As a result, they will be suitable for different needs and requirements. You should think about them all in order to choose the material which you would like the most.</p>\n\n<p style=\"text-align:center\"><img alt=\"f6\" src=\"/storage/news/4.jpg\" /></p>\n\n<p><br />\n&nbsp;</p>\n\n<hr />\n<h4><strong>Number 4: Consider A Wallet As A Long Term Investment</strong></h4>\n\n<p>Your wallet is indeed an investment that you should consider spending a decent amount of time and effort on it. Another factor that you need to consider is how much you want to spend on your wallet. The price ranges of wallets on the market vary a great deal. You can find a wallet which is as cheap as about 5 to 7 dollars. On the other hand, you should expect to pay around 250 to 300 dollars for a high-quality wallet.</p>\n\n<p>In case you need a wallet to use for a long time, it is a good idea that you should invest a decent amount of money on a wallet. A high quality wallet from a reputational brand with the premium quality such as cowhide leather will last for a long time. In addition, it is an accessory to show off your fashion sense and your social status.</p>\n\n<p style=\"text-align:center\"><img alt=\"f2\" src=\"/storage/news/5.jpg\" /></p>\n\n<p>&nbsp;</p>\n','published',2,'Botble\\ACL\\Models\\User',1,'news/2.jpg',1438,NULL,'2023-05-28 21:30:02','2023-05-28 21:30:02'),(3,'The Top 2020 Handbag Trends to Know','You should pay more attention when you choose your wallets. There are a lot of them on the market with the different designs and styles. When you choose carefully, you would be able to buy a wallet that is catered to your needs. Not to mention that it will help to enhance your style significantly.','<p>I have seen many people underestimating the power of their wallets. To them, they are just a functional item they use to carry. As a result, they often end up with the wallets which are not really suitable for them.</p>\n\n<p>You should pay more attention when you choose your wallets. There are a lot of them on the market with the different designs and styles. When you choose carefully, you would be able to buy a wallet that is catered to your needs. Not to mention that it will help to enhance your style significantly.</p>\n\n<p style=\"text-align:center\"><img alt=\"f4\" src=\"/storage/news/1.jpg\" /></p>\n\n<p><br />\n&nbsp;</p>\n\n<p><strong><em>For all of the reason above, here are 7 expert tips to help you pick up the right men&rsquo;s wallet for you:</em></strong></p>\n\n<h4><strong>Number 1: Choose A Neat Wallet</strong></h4>\n\n<p>The wallet is an essential accessory that you should go simple. Simplicity is the best in this case. A simple and neat wallet with the plain color and even&nbsp;<strong>minimalist style</strong>&nbsp;is versatile. It can be used for both formal and casual events. In addition, that wallet will go well with most of the clothes in your wardrobe.</p>\n\n<p>Keep in mind that a wallet will tell other people about your personality and your fashion sense as much as other clothes you put on. Hence, don&rsquo;t go cheesy on your wallet or else people will think that you have a funny and particular style.</p>\n\n<p style=\"text-align:center\"><img alt=\"f5\" src=\"/storage/news/2.jpg\" /></p>\n\n<p><br />\n&nbsp;</p>\n<hr />\n<h4><strong>Number 2: Choose The Right Size For Your Wallet</strong></h4>\n\n<p>You should avoid having an over-sized wallet. Don&rsquo;t think that you need to buy a big wallet because you have a lot to carry with you. In addition, a fat wallet is very ugly. It will make it harder for you to slide the wallet into your trousers&rsquo; pocket. In addition, it will create a bulge and ruin your look.</p>\n\n<p>Before you go on to buy a new wallet, clean out your wallet and place all the items from your wallet on a table. Throw away things that you would never need any more such as the old bills or the expired gift cards. Remember to check your wallet on a frequent basis to get rid of all of the old stuff that you don&rsquo;t need anymore.</p>\n\n<p style=\"text-align:center\"><img alt=\"f1\" src=\"/storage/news/3.jpg\" /></p>\n\n<p><br />\n&nbsp;</p>\n\n<hr />\n<h4><strong>Number 3: Don&rsquo;t Limit Your Options Of Materials</strong></h4>\n\n<p>The types and designs of wallets are not the only things that you should consider when you go out searching for your best wallet. You have more than 1 option of material rather than leather to choose from as well.</p>\n\n<p>You can experiment with other available options such as cotton, polyester and canvas. They all have their own pros and cons. As a result, they will be suitable for different needs and requirements. You should think about them all in order to choose the material which you would like the most.</p>\n\n<p style=\"text-align:center\"><img alt=\"f6\" src=\"/storage/news/4.jpg\" /></p>\n\n<p><br />\n&nbsp;</p>\n\n<hr />\n<h4><strong>Number 4: Consider A Wallet As A Long Term Investment</strong></h4>\n\n<p>Your wallet is indeed an investment that you should consider spending a decent amount of time and effort on it. Another factor that you need to consider is how much you want to spend on your wallet. The price ranges of wallets on the market vary a great deal. You can find a wallet which is as cheap as about 5 to 7 dollars. On the other hand, you should expect to pay around 250 to 300 dollars for a high-quality wallet.</p>\n\n<p>In case you need a wallet to use for a long time, it is a good idea that you should invest a decent amount of money on a wallet. A high quality wallet from a reputational brand with the premium quality such as cowhide leather will last for a long time. In addition, it is an accessory to show off your fashion sense and your social status.</p>\n\n<p style=\"text-align:center\"><img alt=\"f2\" src=\"/storage/news/5.jpg\" /></p>\n\n<p>&nbsp;</p>\n','published',2,'Botble\\ACL\\Models\\User',1,'news/3.jpg',864,NULL,'2023-05-28 21:30:02','2023-05-28 21:30:02'),(4,'How to Match the Color of Your Handbag With an Outfit','You should pay more attention when you choose your wallets. There are a lot of them on the market with the different designs and styles. When you choose carefully, you would be able to buy a wallet that is catered to your needs. Not to mention that it will help to enhance your style significantly.','<p>I have seen many people underestimating the power of their wallets. To them, they are just a functional item they use to carry. As a result, they often end up with the wallets which are not really suitable for them.</p>\n\n<p>You should pay more attention when you choose your wallets. There are a lot of them on the market with the different designs and styles. When you choose carefully, you would be able to buy a wallet that is catered to your needs. Not to mention that it will help to enhance your style significantly.</p>\n\n<p style=\"text-align:center\"><img alt=\"f4\" src=\"/storage/news/1.jpg\" /></p>\n\n<p><br />\n&nbsp;</p>\n\n<p><strong><em>For all of the reason above, here are 7 expert tips to help you pick up the right men&rsquo;s wallet for you:</em></strong></p>\n\n<h4><strong>Number 1: Choose A Neat Wallet</strong></h4>\n\n<p>The wallet is an essential accessory that you should go simple. Simplicity is the best in this case. A simple and neat wallet with the plain color and even&nbsp;<strong>minimalist style</strong>&nbsp;is versatile. It can be used for both formal and casual events. In addition, that wallet will go well with most of the clothes in your wardrobe.</p>\n\n<p>Keep in mind that a wallet will tell other people about your personality and your fashion sense as much as other clothes you put on. Hence, don&rsquo;t go cheesy on your wallet or else people will think that you have a funny and particular style.</p>\n\n<p style=\"text-align:center\"><img alt=\"f5\" src=\"/storage/news/2.jpg\" /></p>\n\n<p><br />\n&nbsp;</p>\n<hr />\n<h4><strong>Number 2: Choose The Right Size For Your Wallet</strong></h4>\n\n<p>You should avoid having an over-sized wallet. Don&rsquo;t think that you need to buy a big wallet because you have a lot to carry with you. In addition, a fat wallet is very ugly. It will make it harder for you to slide the wallet into your trousers&rsquo; pocket. In addition, it will create a bulge and ruin your look.</p>\n\n<p>Before you go on to buy a new wallet, clean out your wallet and place all the items from your wallet on a table. Throw away things that you would never need any more such as the old bills or the expired gift cards. Remember to check your wallet on a frequent basis to get rid of all of the old stuff that you don&rsquo;t need anymore.</p>\n\n<p style=\"text-align:center\"><img alt=\"f1\" src=\"/storage/news/3.jpg\" /></p>\n\n<p><br />\n&nbsp;</p>\n\n<hr />\n<h4><strong>Number 3: Don&rsquo;t Limit Your Options Of Materials</strong></h4>\n\n<p>The types and designs of wallets are not the only things that you should consider when you go out searching for your best wallet. You have more than 1 option of material rather than leather to choose from as well.</p>\n\n<p>You can experiment with other available options such as cotton, polyester and canvas. They all have their own pros and cons. As a result, they will be suitable for different needs and requirements. You should think about them all in order to choose the material which you would like the most.</p>\n\n<p style=\"text-align:center\"><img alt=\"f6\" src=\"/storage/news/4.jpg\" /></p>\n\n<p><br />\n&nbsp;</p>\n\n<hr />\n<h4><strong>Number 4: Consider A Wallet As A Long Term Investment</strong></h4>\n\n<p>Your wallet is indeed an investment that you should consider spending a decent amount of time and effort on it. Another factor that you need to consider is how much you want to spend on your wallet. The price ranges of wallets on the market vary a great deal. You can find a wallet which is as cheap as about 5 to 7 dollars. On the other hand, you should expect to pay around 250 to 300 dollars for a high-quality wallet.</p>\n\n<p>In case you need a wallet to use for a long time, it is a good idea that you should invest a decent amount of money on a wallet. A high quality wallet from a reputational brand with the premium quality such as cowhide leather will last for a long time. In addition, it is an accessory to show off your fashion sense and your social status.</p>\n\n<p style=\"text-align:center\"><img alt=\"f2\" src=\"/storage/news/5.jpg\" /></p>\n\n<p>&nbsp;</p>\n','published',2,'Botble\\ACL\\Models\\User',1,'news/4.jpg',474,NULL,'2023-05-28 21:30:02','2023-05-28 21:30:02'),(5,'How to Care for Leather Bags','You should pay more attention when you choose your wallets. There are a lot of them on the market with the different designs and styles. When you choose carefully, you would be able to buy a wallet that is catered to your needs. Not to mention that it will help to enhance your style significantly.','<p>I have seen many people underestimating the power of their wallets. To them, they are just a functional item they use to carry. As a result, they often end up with the wallets which are not really suitable for them.</p>\n\n<p>You should pay more attention when you choose your wallets. There are a lot of them on the market with the different designs and styles. When you choose carefully, you would be able to buy a wallet that is catered to your needs. Not to mention that it will help to enhance your style significantly.</p>\n\n<p style=\"text-align:center\"><img alt=\"f4\" src=\"/storage/news/1.jpg\" /></p>\n\n<p><br />\n&nbsp;</p>\n\n<p><strong><em>For all of the reason above, here are 7 expert tips to help you pick up the right men&rsquo;s wallet for you:</em></strong></p>\n\n<h4><strong>Number 1: Choose A Neat Wallet</strong></h4>\n\n<p>The wallet is an essential accessory that you should go simple. Simplicity is the best in this case. A simple and neat wallet with the plain color and even&nbsp;<strong>minimalist style</strong>&nbsp;is versatile. It can be used for both formal and casual events. In addition, that wallet will go well with most of the clothes in your wardrobe.</p>\n\n<p>Keep in mind that a wallet will tell other people about your personality and your fashion sense as much as other clothes you put on. Hence, don&rsquo;t go cheesy on your wallet or else people will think that you have a funny and particular style.</p>\n\n<p style=\"text-align:center\"><img alt=\"f5\" src=\"/storage/news/2.jpg\" /></p>\n\n<p><br />\n&nbsp;</p>\n<hr />\n<h4><strong>Number 2: Choose The Right Size For Your Wallet</strong></h4>\n\n<p>You should avoid having an over-sized wallet. Don&rsquo;t think that you need to buy a big wallet because you have a lot to carry with you. In addition, a fat wallet is very ugly. It will make it harder for you to slide the wallet into your trousers&rsquo; pocket. In addition, it will create a bulge and ruin your look.</p>\n\n<p>Before you go on to buy a new wallet, clean out your wallet and place all the items from your wallet on a table. Throw away things that you would never need any more such as the old bills or the expired gift cards. Remember to check your wallet on a frequent basis to get rid of all of the old stuff that you don&rsquo;t need anymore.</p>\n\n<p style=\"text-align:center\"><img alt=\"f1\" src=\"/storage/news/3.jpg\" /></p>\n\n<p><br />\n&nbsp;</p>\n\n<hr />\n<h4><strong>Number 3: Don&rsquo;t Limit Your Options Of Materials</strong></h4>\n\n<p>The types and designs of wallets are not the only things that you should consider when you go out searching for your best wallet. You have more than 1 option of material rather than leather to choose from as well.</p>\n\n<p>You can experiment with other available options such as cotton, polyester and canvas. They all have their own pros and cons. As a result, they will be suitable for different needs and requirements. You should think about them all in order to choose the material which you would like the most.</p>\n\n<p style=\"text-align:center\"><img alt=\"f6\" src=\"/storage/news/4.jpg\" /></p>\n\n<p><br />\n&nbsp;</p>\n\n<hr />\n<h4><strong>Number 4: Consider A Wallet As A Long Term Investment</strong></h4>\n\n<p>Your wallet is indeed an investment that you should consider spending a decent amount of time and effort on it. Another factor that you need to consider is how much you want to spend on your wallet. The price ranges of wallets on the market vary a great deal. You can find a wallet which is as cheap as about 5 to 7 dollars. On the other hand, you should expect to pay around 250 to 300 dollars for a high-quality wallet.</p>\n\n<p>In case you need a wallet to use for a long time, it is a good idea that you should invest a decent amount of money on a wallet. A high quality wallet from a reputational brand with the premium quality such as cowhide leather will last for a long time. In addition, it is an accessory to show off your fashion sense and your social status.</p>\n\n<p style=\"text-align:center\"><img alt=\"f2\" src=\"/storage/news/5.jpg\" /></p>\n\n<p>&nbsp;</p>\n','published',2,'Botble\\ACL\\Models\\User',1,'news/5.jpg',505,NULL,'2023-05-28 21:30:02','2023-05-28 21:30:02'),(6,'We\'re Crushing Hard on Summer\'s 10 Biggest Bag Trends','You should pay more attention when you choose your wallets. There are a lot of them on the market with the different designs and styles. When you choose carefully, you would be able to buy a wallet that is catered to your needs. Not to mention that it will help to enhance your style significantly.','<p>I have seen many people underestimating the power of their wallets. To them, they are just a functional item they use to carry. As a result, they often end up with the wallets which are not really suitable for them.</p>\n\n<p>You should pay more attention when you choose your wallets. There are a lot of them on the market with the different designs and styles. When you choose carefully, you would be able to buy a wallet that is catered to your needs. Not to mention that it will help to enhance your style significantly.</p>\n\n<p style=\"text-align:center\"><img alt=\"f4\" src=\"/storage/news/1.jpg\" /></p>\n\n<p><br />\n&nbsp;</p>\n\n<p><strong><em>For all of the reason above, here are 7 expert tips to help you pick up the right men&rsquo;s wallet for you:</em></strong></p>\n\n<h4><strong>Number 1: Choose A Neat Wallet</strong></h4>\n\n<p>The wallet is an essential accessory that you should go simple. Simplicity is the best in this case. A simple and neat wallet with the plain color and even&nbsp;<strong>minimalist style</strong>&nbsp;is versatile. It can be used for both formal and casual events. In addition, that wallet will go well with most of the clothes in your wardrobe.</p>\n\n<p>Keep in mind that a wallet will tell other people about your personality and your fashion sense as much as other clothes you put on. Hence, don&rsquo;t go cheesy on your wallet or else people will think that you have a funny and particular style.</p>\n\n<p style=\"text-align:center\"><img alt=\"f5\" src=\"/storage/news/2.jpg\" /></p>\n\n<p><br />\n&nbsp;</p>\n<hr />\n<h4><strong>Number 2: Choose The Right Size For Your Wallet</strong></h4>\n\n<p>You should avoid having an over-sized wallet. Don&rsquo;t think that you need to buy a big wallet because you have a lot to carry with you. In addition, a fat wallet is very ugly. It will make it harder for you to slide the wallet into your trousers&rsquo; pocket. In addition, it will create a bulge and ruin your look.</p>\n\n<p>Before you go on to buy a new wallet, clean out your wallet and place all the items from your wallet on a table. Throw away things that you would never need any more such as the old bills or the expired gift cards. Remember to check your wallet on a frequent basis to get rid of all of the old stuff that you don&rsquo;t need anymore.</p>\n\n<p style=\"text-align:center\"><img alt=\"f1\" src=\"/storage/news/3.jpg\" /></p>\n\n<p><br />\n&nbsp;</p>\n\n<hr />\n<h4><strong>Number 3: Don&rsquo;t Limit Your Options Of Materials</strong></h4>\n\n<p>The types and designs of wallets are not the only things that you should consider when you go out searching for your best wallet. You have more than 1 option of material rather than leather to choose from as well.</p>\n\n<p>You can experiment with other available options such as cotton, polyester and canvas. They all have their own pros and cons. As a result, they will be suitable for different needs and requirements. You should think about them all in order to choose the material which you would like the most.</p>\n\n<p style=\"text-align:center\"><img alt=\"f6\" src=\"/storage/news/4.jpg\" /></p>\n\n<p><br />\n&nbsp;</p>\n\n<hr />\n<h4><strong>Number 4: Consider A Wallet As A Long Term Investment</strong></h4>\n\n<p>Your wallet is indeed an investment that you should consider spending a decent amount of time and effort on it. Another factor that you need to consider is how much you want to spend on your wallet. The price ranges of wallets on the market vary a great deal. You can find a wallet which is as cheap as about 5 to 7 dollars. On the other hand, you should expect to pay around 250 to 300 dollars for a high-quality wallet.</p>\n\n<p>In case you need a wallet to use for a long time, it is a good idea that you should invest a decent amount of money on a wallet. A high quality wallet from a reputational brand with the premium quality such as cowhide leather will last for a long time. In addition, it is an accessory to show off your fashion sense and your social status.</p>\n\n<p style=\"text-align:center\"><img alt=\"f2\" src=\"/storage/news/5.jpg\" /></p>\n\n<p>&nbsp;</p>\n','published',2,'Botble\\ACL\\Models\\User',1,'news/6.jpg',1973,NULL,'2023-05-28 21:30:02','2023-05-28 21:30:02'),(7,'Essential Qualities of Highly Successful Music','You should pay more attention when you choose your wallets. There are a lot of them on the market with the different designs and styles. When you choose carefully, you would be able to buy a wallet that is catered to your needs. Not to mention that it will help to enhance your style significantly.','<p>I have seen many people underestimating the power of their wallets. To them, they are just a functional item they use to carry. As a result, they often end up with the wallets which are not really suitable for them.</p>\n\n<p>You should pay more attention when you choose your wallets. There are a lot of them on the market with the different designs and styles. When you choose carefully, you would be able to buy a wallet that is catered to your needs. Not to mention that it will help to enhance your style significantly.</p>\n\n<p style=\"text-align:center\"><img alt=\"f4\" src=\"/storage/news/1.jpg\" /></p>\n\n<p><br />\n&nbsp;</p>\n\n<p><strong><em>For all of the reason above, here are 7 expert tips to help you pick up the right men&rsquo;s wallet for you:</em></strong></p>\n\n<h4><strong>Number 1: Choose A Neat Wallet</strong></h4>\n\n<p>The wallet is an essential accessory that you should go simple. Simplicity is the best in this case. A simple and neat wallet with the plain color and even&nbsp;<strong>minimalist style</strong>&nbsp;is versatile. It can be used for both formal and casual events. In addition, that wallet will go well with most of the clothes in your wardrobe.</p>\n\n<p>Keep in mind that a wallet will tell other people about your personality and your fashion sense as much as other clothes you put on. Hence, don&rsquo;t go cheesy on your wallet or else people will think that you have a funny and particular style.</p>\n\n<p style=\"text-align:center\"><img alt=\"f5\" src=\"/storage/news/2.jpg\" /></p>\n\n<p><br />\n&nbsp;</p>\n<hr />\n<h4><strong>Number 2: Choose The Right Size For Your Wallet</strong></h4>\n\n<p>You should avoid having an over-sized wallet. Don&rsquo;t think that you need to buy a big wallet because you have a lot to carry with you. In addition, a fat wallet is very ugly. It will make it harder for you to slide the wallet into your trousers&rsquo; pocket. In addition, it will create a bulge and ruin your look.</p>\n\n<p>Before you go on to buy a new wallet, clean out your wallet and place all the items from your wallet on a table. Throw away things that you would never need any more such as the old bills or the expired gift cards. Remember to check your wallet on a frequent basis to get rid of all of the old stuff that you don&rsquo;t need anymore.</p>\n\n<p style=\"text-align:center\"><img alt=\"f1\" src=\"/storage/news/3.jpg\" /></p>\n\n<p><br />\n&nbsp;</p>\n\n<hr />\n<h4><strong>Number 3: Don&rsquo;t Limit Your Options Of Materials</strong></h4>\n\n<p>The types and designs of wallets are not the only things that you should consider when you go out searching for your best wallet. You have more than 1 option of material rather than leather to choose from as well.</p>\n\n<p>You can experiment with other available options such as cotton, polyester and canvas. They all have their own pros and cons. As a result, they will be suitable for different needs and requirements. You should think about them all in order to choose the material which you would like the most.</p>\n\n<p style=\"text-align:center\"><img alt=\"f6\" src=\"/storage/news/4.jpg\" /></p>\n\n<p><br />\n&nbsp;</p>\n\n<hr />\n<h4><strong>Number 4: Consider A Wallet As A Long Term Investment</strong></h4>\n\n<p>Your wallet is indeed an investment that you should consider spending a decent amount of time and effort on it. Another factor that you need to consider is how much you want to spend on your wallet. The price ranges of wallets on the market vary a great deal. You can find a wallet which is as cheap as about 5 to 7 dollars. On the other hand, you should expect to pay around 250 to 300 dollars for a high-quality wallet.</p>\n\n<p>In case you need a wallet to use for a long time, it is a good idea that you should invest a decent amount of money on a wallet. A high quality wallet from a reputational brand with the premium quality such as cowhide leather will last for a long time. In addition, it is an accessory to show off your fashion sense and your social status.</p>\n\n<p style=\"text-align:center\"><img alt=\"f2\" src=\"/storage/news/5.jpg\" /></p>\n\n<p>&nbsp;</p>\n','published',2,'Botble\\ACL\\Models\\User',1,'news/7.jpg',1372,NULL,'2023-05-28 21:30:02','2023-05-28 21:30:02'),(8,'9 Things I Love About Shaving My Head','You should pay more attention when you choose your wallets. There are a lot of them on the market with the different designs and styles. When you choose carefully, you would be able to buy a wallet that is catered to your needs. Not to mention that it will help to enhance your style significantly.','<p>I have seen many people underestimating the power of their wallets. To them, they are just a functional item they use to carry. As a result, they often end up with the wallets which are not really suitable for them.</p>\n\n<p>You should pay more attention when you choose your wallets. There are a lot of them on the market with the different designs and styles. When you choose carefully, you would be able to buy a wallet that is catered to your needs. Not to mention that it will help to enhance your style significantly.</p>\n\n<p style=\"text-align:center\"><img alt=\"f4\" src=\"/storage/news/1.jpg\" /></p>\n\n<p><br />\n&nbsp;</p>\n\n<p><strong><em>For all of the reason above, here are 7 expert tips to help you pick up the right men&rsquo;s wallet for you:</em></strong></p>\n\n<h4><strong>Number 1: Choose A Neat Wallet</strong></h4>\n\n<p>The wallet is an essential accessory that you should go simple. Simplicity is the best in this case. A simple and neat wallet with the plain color and even&nbsp;<strong>minimalist style</strong>&nbsp;is versatile. It can be used for both formal and casual events. In addition, that wallet will go well with most of the clothes in your wardrobe.</p>\n\n<p>Keep in mind that a wallet will tell other people about your personality and your fashion sense as much as other clothes you put on. Hence, don&rsquo;t go cheesy on your wallet or else people will think that you have a funny and particular style.</p>\n\n<p style=\"text-align:center\"><img alt=\"f5\" src=\"/storage/news/2.jpg\" /></p>\n\n<p><br />\n&nbsp;</p>\n<hr />\n<h4><strong>Number 2: Choose The Right Size For Your Wallet</strong></h4>\n\n<p>You should avoid having an over-sized wallet. Don&rsquo;t think that you need to buy a big wallet because you have a lot to carry with you. In addition, a fat wallet is very ugly. It will make it harder for you to slide the wallet into your trousers&rsquo; pocket. In addition, it will create a bulge and ruin your look.</p>\n\n<p>Before you go on to buy a new wallet, clean out your wallet and place all the items from your wallet on a table. Throw away things that you would never need any more such as the old bills or the expired gift cards. Remember to check your wallet on a frequent basis to get rid of all of the old stuff that you don&rsquo;t need anymore.</p>\n\n<p style=\"text-align:center\"><img alt=\"f1\" src=\"/storage/news/3.jpg\" /></p>\n\n<p><br />\n&nbsp;</p>\n\n<hr />\n<h4><strong>Number 3: Don&rsquo;t Limit Your Options Of Materials</strong></h4>\n\n<p>The types and designs of wallets are not the only things that you should consider when you go out searching for your best wallet. You have more than 1 option of material rather than leather to choose from as well.</p>\n\n<p>You can experiment with other available options such as cotton, polyester and canvas. They all have their own pros and cons. As a result, they will be suitable for different needs and requirements. You should think about them all in order to choose the material which you would like the most.</p>\n\n<p style=\"text-align:center\"><img alt=\"f6\" src=\"/storage/news/4.jpg\" /></p>\n\n<p><br />\n&nbsp;</p>\n\n<hr />\n<h4><strong>Number 4: Consider A Wallet As A Long Term Investment</strong></h4>\n\n<p>Your wallet is indeed an investment that you should consider spending a decent amount of time and effort on it. Another factor that you need to consider is how much you want to spend on your wallet. The price ranges of wallets on the market vary a great deal. You can find a wallet which is as cheap as about 5 to 7 dollars. On the other hand, you should expect to pay around 250 to 300 dollars for a high-quality wallet.</p>\n\n<p>In case you need a wallet to use for a long time, it is a good idea that you should invest a decent amount of money on a wallet. A high quality wallet from a reputational brand with the premium quality such as cowhide leather will last for a long time. In addition, it is an accessory to show off your fashion sense and your social status.</p>\n\n<p style=\"text-align:center\"><img alt=\"f2\" src=\"/storage/news/5.jpg\" /></p>\n\n<p>&nbsp;</p>\n','published',2,'Botble\\ACL\\Models\\User',1,'news/8.jpg',128,NULL,'2023-05-28 21:30:02','2023-05-28 21:30:02'),(9,'Why Teamwork Really Makes The Dream Work','You should pay more attention when you choose your wallets. There are a lot of them on the market with the different designs and styles. When you choose carefully, you would be able to buy a wallet that is catered to your needs. Not to mention that it will help to enhance your style significantly.','<p>I have seen many people underestimating the power of their wallets. To them, they are just a functional item they use to carry. As a result, they often end up with the wallets which are not really suitable for them.</p>\n\n<p>You should pay more attention when you choose your wallets. There are a lot of them on the market with the different designs and styles. When you choose carefully, you would be able to buy a wallet that is catered to your needs. Not to mention that it will help to enhance your style significantly.</p>\n\n<p style=\"text-align:center\"><img alt=\"f4\" src=\"/storage/news/1.jpg\" /></p>\n\n<p><br />\n&nbsp;</p>\n\n<p><strong><em>For all of the reason above, here are 7 expert tips to help you pick up the right men&rsquo;s wallet for you:</em></strong></p>\n\n<h4><strong>Number 1: Choose A Neat Wallet</strong></h4>\n\n<p>The wallet is an essential accessory that you should go simple. Simplicity is the best in this case. A simple and neat wallet with the plain color and even&nbsp;<strong>minimalist style</strong>&nbsp;is versatile. It can be used for both formal and casual events. In addition, that wallet will go well with most of the clothes in your wardrobe.</p>\n\n<p>Keep in mind that a wallet will tell other people about your personality and your fashion sense as much as other clothes you put on. Hence, don&rsquo;t go cheesy on your wallet or else people will think that you have a funny and particular style.</p>\n\n<p style=\"text-align:center\"><img alt=\"f5\" src=\"/storage/news/2.jpg\" /></p>\n\n<p><br />\n&nbsp;</p>\n<hr />\n<h4><strong>Number 2: Choose The Right Size For Your Wallet</strong></h4>\n\n<p>You should avoid having an over-sized wallet. Don&rsquo;t think that you need to buy a big wallet because you have a lot to carry with you. In addition, a fat wallet is very ugly. It will make it harder for you to slide the wallet into your trousers&rsquo; pocket. In addition, it will create a bulge and ruin your look.</p>\n\n<p>Before you go on to buy a new wallet, clean out your wallet and place all the items from your wallet on a table. Throw away things that you would never need any more such as the old bills or the expired gift cards. Remember to check your wallet on a frequent basis to get rid of all of the old stuff that you don&rsquo;t need anymore.</p>\n\n<p style=\"text-align:center\"><img alt=\"f1\" src=\"/storage/news/3.jpg\" /></p>\n\n<p><br />\n&nbsp;</p>\n\n<hr />\n<h4><strong>Number 3: Don&rsquo;t Limit Your Options Of Materials</strong></h4>\n\n<p>The types and designs of wallets are not the only things that you should consider when you go out searching for your best wallet. You have more than 1 option of material rather than leather to choose from as well.</p>\n\n<p>You can experiment with other available options such as cotton, polyester and canvas. They all have their own pros and cons. As a result, they will be suitable for different needs and requirements. You should think about them all in order to choose the material which you would like the most.</p>\n\n<p style=\"text-align:center\"><img alt=\"f6\" src=\"/storage/news/4.jpg\" /></p>\n\n<p><br />\n&nbsp;</p>\n\n<hr />\n<h4><strong>Number 4: Consider A Wallet As A Long Term Investment</strong></h4>\n\n<p>Your wallet is indeed an investment that you should consider spending a decent amount of time and effort on it. Another factor that you need to consider is how much you want to spend on your wallet. The price ranges of wallets on the market vary a great deal. You can find a wallet which is as cheap as about 5 to 7 dollars. On the other hand, you should expect to pay around 250 to 300 dollars for a high-quality wallet.</p>\n\n<p>In case you need a wallet to use for a long time, it is a good idea that you should invest a decent amount of money on a wallet. A high quality wallet from a reputational brand with the premium quality such as cowhide leather will last for a long time. In addition, it is an accessory to show off your fashion sense and your social status.</p>\n\n<p style=\"text-align:center\"><img alt=\"f2\" src=\"/storage/news/5.jpg\" /></p>\n\n<p>&nbsp;</p>\n','published',2,'Botble\\ACL\\Models\\User',1,'news/9.jpg',357,NULL,'2023-05-28 21:30:02','2023-05-28 21:30:02'),(10,'The World Caters to Average People','You should pay more attention when you choose your wallets. There are a lot of them on the market with the different designs and styles. When you choose carefully, you would be able to buy a wallet that is catered to your needs. Not to mention that it will help to enhance your style significantly.','<p>I have seen many people underestimating the power of their wallets. To them, they are just a functional item they use to carry. As a result, they often end up with the wallets which are not really suitable for them.</p>\n\n<p>You should pay more attention when you choose your wallets. There are a lot of them on the market with the different designs and styles. When you choose carefully, you would be able to buy a wallet that is catered to your needs. Not to mention that it will help to enhance your style significantly.</p>\n\n<p style=\"text-align:center\"><img alt=\"f4\" src=\"/storage/news/1.jpg\" /></p>\n\n<p><br />\n&nbsp;</p>\n\n<p><strong><em>For all of the reason above, here are 7 expert tips to help you pick up the right men&rsquo;s wallet for you:</em></strong></p>\n\n<h4><strong>Number 1: Choose A Neat Wallet</strong></h4>\n\n<p>The wallet is an essential accessory that you should go simple. Simplicity is the best in this case. A simple and neat wallet with the plain color and even&nbsp;<strong>minimalist style</strong>&nbsp;is versatile. It can be used for both formal and casual events. In addition, that wallet will go well with most of the clothes in your wardrobe.</p>\n\n<p>Keep in mind that a wallet will tell other people about your personality and your fashion sense as much as other clothes you put on. Hence, don&rsquo;t go cheesy on your wallet or else people will think that you have a funny and particular style.</p>\n\n<p style=\"text-align:center\"><img alt=\"f5\" src=\"/storage/news/2.jpg\" /></p>\n\n<p><br />\n&nbsp;</p>\n<hr />\n<h4><strong>Number 2: Choose The Right Size For Your Wallet</strong></h4>\n\n<p>You should avoid having an over-sized wallet. Don&rsquo;t think that you need to buy a big wallet because you have a lot to carry with you. In addition, a fat wallet is very ugly. It will make it harder for you to slide the wallet into your trousers&rsquo; pocket. In addition, it will create a bulge and ruin your look.</p>\n\n<p>Before you go on to buy a new wallet, clean out your wallet and place all the items from your wallet on a table. Throw away things that you would never need any more such as the old bills or the expired gift cards. Remember to check your wallet on a frequent basis to get rid of all of the old stuff that you don&rsquo;t need anymore.</p>\n\n<p style=\"text-align:center\"><img alt=\"f1\" src=\"/storage/news/3.jpg\" /></p>\n\n<p><br />\n&nbsp;</p>\n\n<hr />\n<h4><strong>Number 3: Don&rsquo;t Limit Your Options Of Materials</strong></h4>\n\n<p>The types and designs of wallets are not the only things that you should consider when you go out searching for your best wallet. You have more than 1 option of material rather than leather to choose from as well.</p>\n\n<p>You can experiment with other available options such as cotton, polyester and canvas. They all have their own pros and cons. As a result, they will be suitable for different needs and requirements. You should think about them all in order to choose the material which you would like the most.</p>\n\n<p style=\"text-align:center\"><img alt=\"f6\" src=\"/storage/news/4.jpg\" /></p>\n\n<p><br />\n&nbsp;</p>\n\n<hr />\n<h4><strong>Number 4: Consider A Wallet As A Long Term Investment</strong></h4>\n\n<p>Your wallet is indeed an investment that you should consider spending a decent amount of time and effort on it. Another factor that you need to consider is how much you want to spend on your wallet. The price ranges of wallets on the market vary a great deal. You can find a wallet which is as cheap as about 5 to 7 dollars. On the other hand, you should expect to pay around 250 to 300 dollars for a high-quality wallet.</p>\n\n<p>In case you need a wallet to use for a long time, it is a good idea that you should invest a decent amount of money on a wallet. A high quality wallet from a reputational brand with the premium quality such as cowhide leather will last for a long time. In addition, it is an accessory to show off your fashion sense and your social status.</p>\n\n<p style=\"text-align:center\"><img alt=\"f2\" src=\"/storage/news/5.jpg\" /></p>\n\n<p>&nbsp;</p>\n','published',2,'Botble\\ACL\\Models\\User',1,'news/10.jpg',651,NULL,'2023-05-28 21:30:02','2023-05-28 21:30:02'),(11,'The litigants on the screen are not actors','You should pay more attention when you choose your wallets. There are a lot of them on the market with the different designs and styles. When you choose carefully, you would be able to buy a wallet that is catered to your needs. Not to mention that it will help to enhance your style significantly.','<p>I have seen many people underestimating the power of their wallets. To them, they are just a functional item they use to carry. As a result, they often end up with the wallets which are not really suitable for them.</p>\n\n<p>You should pay more attention when you choose your wallets. There are a lot of them on the market with the different designs and styles. When you choose carefully, you would be able to buy a wallet that is catered to your needs. Not to mention that it will help to enhance your style significantly.</p>\n\n<p style=\"text-align:center\"><img alt=\"f4\" src=\"/storage/news/1.jpg\" /></p>\n\n<p><br />\n&nbsp;</p>\n\n<p><strong><em>For all of the reason above, here are 7 expert tips to help you pick up the right men&rsquo;s wallet for you:</em></strong></p>\n\n<h4><strong>Number 1: Choose A Neat Wallet</strong></h4>\n\n<p>The wallet is an essential accessory that you should go simple. Simplicity is the best in this case. A simple and neat wallet with the plain color and even&nbsp;<strong>minimalist style</strong>&nbsp;is versatile. It can be used for both formal and casual events. In addition, that wallet will go well with most of the clothes in your wardrobe.</p>\n\n<p>Keep in mind that a wallet will tell other people about your personality and your fashion sense as much as other clothes you put on. Hence, don&rsquo;t go cheesy on your wallet or else people will think that you have a funny and particular style.</p>\n\n<p style=\"text-align:center\"><img alt=\"f5\" src=\"/storage/news/2.jpg\" /></p>\n\n<p><br />\n&nbsp;</p>\n<hr />\n<h4><strong>Number 2: Choose The Right Size For Your Wallet</strong></h4>\n\n<p>You should avoid having an over-sized wallet. Don&rsquo;t think that you need to buy a big wallet because you have a lot to carry with you. In addition, a fat wallet is very ugly. It will make it harder for you to slide the wallet into your trousers&rsquo; pocket. In addition, it will create a bulge and ruin your look.</p>\n\n<p>Before you go on to buy a new wallet, clean out your wallet and place all the items from your wallet on a table. Throw away things that you would never need any more such as the old bills or the expired gift cards. Remember to check your wallet on a frequent basis to get rid of all of the old stuff that you don&rsquo;t need anymore.</p>\n\n<p style=\"text-align:center\"><img alt=\"f1\" src=\"/storage/news/3.jpg\" /></p>\n\n<p><br />\n&nbsp;</p>\n\n<hr />\n<h4><strong>Number 3: Don&rsquo;t Limit Your Options Of Materials</strong></h4>\n\n<p>The types and designs of wallets are not the only things that you should consider when you go out searching for your best wallet. You have more than 1 option of material rather than leather to choose from as well.</p>\n\n<p>You can experiment with other available options such as cotton, polyester and canvas. They all have their own pros and cons. As a result, they will be suitable for different needs and requirements. You should think about them all in order to choose the material which you would like the most.</p>\n\n<p style=\"text-align:center\"><img alt=\"f6\" src=\"/storage/news/4.jpg\" /></p>\n\n<p><br />\n&nbsp;</p>\n\n<hr />\n<h4><strong>Number 4: Consider A Wallet As A Long Term Investment</strong></h4>\n\n<p>Your wallet is indeed an investment that you should consider spending a decent amount of time and effort on it. Another factor that you need to consider is how much you want to spend on your wallet. The price ranges of wallets on the market vary a great deal. You can find a wallet which is as cheap as about 5 to 7 dollars. On the other hand, you should expect to pay around 250 to 300 dollars for a high-quality wallet.</p>\n\n<p>In case you need a wallet to use for a long time, it is a good idea that you should invest a decent amount of money on a wallet. A high quality wallet from a reputational brand with the premium quality such as cowhide leather will last for a long time. In addition, it is an accessory to show off your fashion sense and your social status.</p>\n\n<p style=\"text-align:center\"><img alt=\"f2\" src=\"/storage/news/5.jpg\" /></p>\n\n<p>&nbsp;</p>\n','published',2,'Botble\\ACL\\Models\\User',0,'news/11.jpg',1182,NULL,'2023-05-28 21:30:02','2023-05-28 21:30:02');
/*!40000 ALTER TABLE `posts` ENABLE KEYS */;
UNLOCK TABLES;

--
-- Table structure for table `posts_translations`
--

DROP TABLE IF EXISTS `posts_translations`;
/*!40101 SET @saved_cs_client     = @@character_set_client */;
/*!50503 SET character_set_client = utf8mb4 */;
CREATE TABLE `posts_translations` (
  `lang_code` varchar(191) COLLATE utf8mb4_unicode_ci NOT NULL,
  `posts_id` bigint unsigned NOT NULL,
  `name` varchar(255) COLLATE utf8mb4_unicode_ci DEFAULT NULL,
  `description` varchar(400) COLLATE utf8mb4_unicode_ci DEFAULT NULL,
  `content` longtext COLLATE utf8mb4_unicode_ci,
  PRIMARY KEY (`lang_code`,`posts_id`)
) ENGINE=InnoDB DEFAULT CHARSET=utf8mb4 COLLATE=utf8mb4_unicode_ci;
/*!40101 SET character_set_client = @saved_cs_client */;

--
-- Dumping data for table `posts_translations`
--

LOCK TABLES `posts_translations` WRITE;
/*!40000 ALTER TABLE `posts_translations` DISABLE KEYS */;
INSERT INTO `posts_translations` VALUES ('vi',1,'4 Lời khuyên của Chuyên gia về Cách Chọn Ví Nam Phù hợp','Bạn nên chú ý hơn khi chọn ví. Có rất nhiều trong số chúng trên thị trường với các mẫu mã và phong cách khác nhau. Khi bạn lựa chọn cẩn thận, bạn sẽ có thể mua một chiếc ví phù hợp với nhu cầu của bạn. Chưa kể nó sẽ giúp nâng tầm phong cách của bạn một cách đáng kể.','<p>I have seen many people underestimating the power of their wallets. To them, they are just a functional item they use to carry. As a result, they often end up with the wallets which are not really suitable for them.</p>\n\n<p>You should pay more attention when you choose your wallets. There are a lot of them on the market with the different designs and styles. When you choose carefully, you would be able to buy a wallet that is catered to your needs. Not to mention that it will help to enhance your style significantly.</p>\n\n<p style=\"text-align:center\"><img alt=\"f4\" src=\"/storage/news/1.jpg\" /></p>\n\n<p><br />\n&nbsp;</p>\n\n<p><strong><em>For all of the reason above, here are 7 expert tips to help you pick up the right men&rsquo;s wallet for you:</em></strong></p>\n\n<h4><strong>Number 1: Choose A Neat Wallet</strong></h4>\n\n<p>The wallet is an essential accessory that you should go simple. Simplicity is the best in this case. A simple and neat wallet with the plain color and even&nbsp;<strong>minimalist style</strong>&nbsp;is versatile. It can be used for both formal and casual events. In addition, that wallet will go well with most of the clothes in your wardrobe.</p>\n\n<p>Keep in mind that a wallet will tell other people about your personality and your fashion sense as much as other clothes you put on. Hence, don&rsquo;t go cheesy on your wallet or else people will think that you have a funny and particular style.</p>\n\n<p style=\"text-align:center\"><img alt=\"f5\" src=\"/storage/news/2.jpg\" /></p>\n\n<p><br />\n&nbsp;</p>\n<hr />\n<h4><strong>Number 2: Choose The Right Size For Your Wallet</strong></h4>\n\n<p>You should avoid having an over-sized wallet. Don&rsquo;t think that you need to buy a big wallet because you have a lot to carry with you. In addition, a fat wallet is very ugly. It will make it harder for you to slide the wallet into your trousers&rsquo; pocket. In addition, it will create a bulge and ruin your look.</p>\n\n<p>Before you go on to buy a new wallet, clean out your wallet and place all the items from your wallet on a table. Throw away things that you would never need any more such as the old bills or the expired gift cards. Remember to check your wallet on a frequent basis to get rid of all of the old stuff that you don&rsquo;t need anymore.</p>\n\n<p style=\"text-align:center\"><img alt=\"f1\" src=\"/storage/news/3.jpg\" /></p>\n\n<p><br />\n&nbsp;</p>\n\n<hr />\n<h4><strong>Number 3: Don&rsquo;t Limit Your Options Of Materials</strong></h4>\n\n<p>The types and designs of wallets are not the only things that you should consider when you go out searching for your best wallet. You have more than 1 option of material rather than leather to choose from as well.</p>\n\n<p>You can experiment with other available options such as cotton, polyester and canvas. They all have their own pros and cons. As a result, they will be suitable for different needs and requirements. You should think about them all in order to choose the material which you would like the most.</p>\n\n<p style=\"text-align:center\"><img alt=\"f6\" src=\"/storage/news/4.jpg\" /></p>\n\n<p><br />\n&nbsp;</p>\n\n<hr />\n<h4><strong>Number 4: Consider A Wallet As A Long Term Investment</strong></h4>\n\n<p>Your wallet is indeed an investment that you should consider spending a decent amount of time and effort on it. Another factor that you need to consider is how much you want to spend on your wallet. The price ranges of wallets on the market vary a great deal. You can find a wallet which is as cheap as about 5 to 7 dollars. On the other hand, you should expect to pay around 250 to 300 dollars for a high-quality wallet.</p>\n\n<p>In case you need a wallet to use for a long time, it is a good idea that you should invest a decent amount of money on a wallet. A high quality wallet from a reputational brand with the premium quality such as cowhide leather will last for a long time. In addition, it is an accessory to show off your fashion sense and your social status.</p>\n\n<p style=\"text-align:center\"><img alt=\"f2\" src=\"/storage/news/5.jpg\" /></p>\n\n<p>&nbsp;</p>\n'),('vi',2,'Sexy Clutches: Cách Mua & Đeo Túi Clutch Thiết kế','Bạn nên chú ý hơn khi chọn ví. Có rất nhiều trong số chúng trên thị trường với các mẫu mã và phong cách khác nhau. Khi bạn lựa chọn cẩn thận, bạn sẽ có thể mua một chiếc ví phù hợp với nhu cầu của bạn. Chưa kể nó sẽ giúp nâng tầm phong cách của bạn một cách đáng kể.','<p>I have seen many people underestimating the power of their wallets. To them, they are just a functional item they use to carry. As a result, they often end up with the wallets which are not really suitable for them.</p>\n\n<p>You should pay more attention when you choose your wallets. There are a lot of them on the market with the different designs and styles. When you choose carefully, you would be able to buy a wallet that is catered to your needs. Not to mention that it will help to enhance your style significantly.</p>\n\n<p style=\"text-align:center\"><img alt=\"f4\" src=\"/storage/news/1.jpg\" /></p>\n\n<p><br />\n&nbsp;</p>\n\n<p><strong><em>For all of the reason above, here are 7 expert tips to help you pick up the right men&rsquo;s wallet for you:</em></strong></p>\n\n<h4><strong>Number 1: Choose A Neat Wallet</strong></h4>\n\n<p>The wallet is an essential accessory that you should go simple. Simplicity is the best in this case. A simple and neat wallet with the plain color and even&nbsp;<strong>minimalist style</strong>&nbsp;is versatile. It can be used for both formal and casual events. In addition, that wallet will go well with most of the clothes in your wardrobe.</p>\n\n<p>Keep in mind that a wallet will tell other people about your personality and your fashion sense as much as other clothes you put on. Hence, don&rsquo;t go cheesy on your wallet or else people will think that you have a funny and particular style.</p>\n\n<p style=\"text-align:center\"><img alt=\"f5\" src=\"/storage/news/2.jpg\" /></p>\n\n<p><br />\n&nbsp;</p>\n<hr />\n<h4><strong>Number 2: Choose The Right Size For Your Wallet</strong></h4>\n\n<p>You should avoid having an over-sized wallet. Don&rsquo;t think that you need to buy a big wallet because you have a lot to carry with you. In addition, a fat wallet is very ugly. It will make it harder for you to slide the wallet into your trousers&rsquo; pocket. In addition, it will create a bulge and ruin your look.</p>\n\n<p>Before you go on to buy a new wallet, clean out your wallet and place all the items from your wallet on a table. Throw away things that you would never need any more such as the old bills or the expired gift cards. Remember to check your wallet on a frequent basis to get rid of all of the old stuff that you don&rsquo;t need anymore.</p>\n\n<p style=\"text-align:center\"><img alt=\"f1\" src=\"/storage/news/3.jpg\" /></p>\n\n<p><br />\n&nbsp;</p>\n\n<hr />\n<h4><strong>Number 3: Don&rsquo;t Limit Your Options Of Materials</strong></h4>\n\n<p>The types and designs of wallets are not the only things that you should consider when you go out searching for your best wallet. You have more than 1 option of material rather than leather to choose from as well.</p>\n\n<p>You can experiment with other available options such as cotton, polyester and canvas. They all have their own pros and cons. As a result, they will be suitable for different needs and requirements. You should think about them all in order to choose the material which you would like the most.</p>\n\n<p style=\"text-align:center\"><img alt=\"f6\" src=\"/storage/news/4.jpg\" /></p>\n\n<p><br />\n&nbsp;</p>\n\n<hr />\n<h4><strong>Number 4: Consider A Wallet As A Long Term Investment</strong></h4>\n\n<p>Your wallet is indeed an investment that you should consider spending a decent amount of time and effort on it. Another factor that you need to consider is how much you want to spend on your wallet. The price ranges of wallets on the market vary a great deal. You can find a wallet which is as cheap as about 5 to 7 dollars. On the other hand, you should expect to pay around 250 to 300 dollars for a high-quality wallet.</p>\n\n<p>In case you need a wallet to use for a long time, it is a good idea that you should invest a decent amount of money on a wallet. A high quality wallet from a reputational brand with the premium quality such as cowhide leather will last for a long time. In addition, it is an accessory to show off your fashion sense and your social status.</p>\n\n<p style=\"text-align:center\"><img alt=\"f2\" src=\"/storage/news/5.jpg\" /></p>\n\n<p>&nbsp;</p>\n'),('vi',3,'Xu hướng túi xách hàng đầu năm 2020 cần biết','Bạn nên chú ý hơn khi chọn ví. Có rất nhiều trong số chúng trên thị trường với các mẫu mã và phong cách khác nhau. Khi bạn lựa chọn cẩn thận, bạn sẽ có thể mua một chiếc ví phù hợp với nhu cầu của bạn. Chưa kể nó sẽ giúp nâng tầm phong cách của bạn một cách đáng kể.','<p>I have seen many people underestimating the power of their wallets. To them, they are just a functional item they use to carry. As a result, they often end up with the wallets which are not really suitable for them.</p>\n\n<p>You should pay more attention when you choose your wallets. There are a lot of them on the market with the different designs and styles. When you choose carefully, you would be able to buy a wallet that is catered to your needs. Not to mention that it will help to enhance your style significantly.</p>\n\n<p style=\"text-align:center\"><img alt=\"f4\" src=\"/storage/news/1.jpg\" /></p>\n\n<p><br />\n&nbsp;</p>\n\n<p><strong><em>For all of the reason above, here are 7 expert tips to help you pick up the right men&rsquo;s wallet for you:</em></strong></p>\n\n<h4><strong>Number 1: Choose A Neat Wallet</strong></h4>\n\n<p>The wallet is an essential accessory that you should go simple. Simplicity is the best in this case. A simple and neat wallet with the plain color and even&nbsp;<strong>minimalist style</strong>&nbsp;is versatile. It can be used for both formal and casual events. In addition, that wallet will go well with most of the clothes in your wardrobe.</p>\n\n<p>Keep in mind that a wallet will tell other people about your personality and your fashion sense as much as other clothes you put on. Hence, don&rsquo;t go cheesy on your wallet or else people will think that you have a funny and particular style.</p>\n\n<p style=\"text-align:center\"><img alt=\"f5\" src=\"/storage/news/2.jpg\" /></p>\n\n<p><br />\n&nbsp;</p>\n<hr />\n<h4><strong>Number 2: Choose The Right Size For Your Wallet</strong></h4>\n\n<p>You should avoid having an over-sized wallet. Don&rsquo;t think that you need to buy a big wallet because you have a lot to carry with you. In addition, a fat wallet is very ugly. It will make it harder for you to slide the wallet into your trousers&rsquo; pocket. In addition, it will create a bulge and ruin your look.</p>\n\n<p>Before you go on to buy a new wallet, clean out your wallet and place all the items from your wallet on a table. Throw away things that you would never need any more such as the old bills or the expired gift cards. Remember to check your wallet on a frequent basis to get rid of all of the old stuff that you don&rsquo;t need anymore.</p>\n\n<p style=\"text-align:center\"><img alt=\"f1\" src=\"/storage/news/3.jpg\" /></p>\n\n<p><br />\n&nbsp;</p>\n\n<hr />\n<h4><strong>Number 3: Don&rsquo;t Limit Your Options Of Materials</strong></h4>\n\n<p>The types and designs of wallets are not the only things that you should consider when you go out searching for your best wallet. You have more than 1 option of material rather than leather to choose from as well.</p>\n\n<p>You can experiment with other available options such as cotton, polyester and canvas. They all have their own pros and cons. As a result, they will be suitable for different needs and requirements. You should think about them all in order to choose the material which you would like the most.</p>\n\n<p style=\"text-align:center\"><img alt=\"f6\" src=\"/storage/news/4.jpg\" /></p>\n\n<p><br />\n&nbsp;</p>\n\n<hr />\n<h4><strong>Number 4: Consider A Wallet As A Long Term Investment</strong></h4>\n\n<p>Your wallet is indeed an investment that you should consider spending a decent amount of time and effort on it. Another factor that you need to consider is how much you want to spend on your wallet. The price ranges of wallets on the market vary a great deal. You can find a wallet which is as cheap as about 5 to 7 dollars. On the other hand, you should expect to pay around 250 to 300 dollars for a high-quality wallet.</p>\n\n<p>In case you need a wallet to use for a long time, it is a good idea that you should invest a decent amount of money on a wallet. A high quality wallet from a reputational brand with the premium quality such as cowhide leather will last for a long time. In addition, it is an accessory to show off your fashion sense and your social status.</p>\n\n<p style=\"text-align:center\"><img alt=\"f2\" src=\"/storage/news/5.jpg\" /></p>\n\n<p>&nbsp;</p>\n'),('vi',4,'Cách Phối Màu Túi Xách Của Bạn Với Trang Phục','Bạn nên chú ý hơn khi chọn ví. Có rất nhiều trong số chúng trên thị trường với các mẫu mã và phong cách khác nhau. Khi bạn lựa chọn cẩn thận, bạn sẽ có thể mua một chiếc ví phù hợp với nhu cầu của bạn. Chưa kể nó sẽ giúp nâng tầm phong cách của bạn một cách đáng kể.','<p>I have seen many people underestimating the power of their wallets. To them, they are just a functional item they use to carry. As a result, they often end up with the wallets which are not really suitable for them.</p>\n\n<p>You should pay more attention when you choose your wallets. There are a lot of them on the market with the different designs and styles. When you choose carefully, you would be able to buy a wallet that is catered to your needs. Not to mention that it will help to enhance your style significantly.</p>\n\n<p style=\"text-align:center\"><img alt=\"f4\" src=\"/storage/news/1.jpg\" /></p>\n\n<p><br />\n&nbsp;</p>\n\n<p><strong><em>For all of the reason above, here are 7 expert tips to help you pick up the right men&rsquo;s wallet for you:</em></strong></p>\n\n<h4><strong>Number 1: Choose A Neat Wallet</strong></h4>\n\n<p>The wallet is an essential accessory that you should go simple. Simplicity is the best in this case. A simple and neat wallet with the plain color and even&nbsp;<strong>minimalist style</strong>&nbsp;is versatile. It can be used for both formal and casual events. In addition, that wallet will go well with most of the clothes in your wardrobe.</p>\n\n<p>Keep in mind that a wallet will tell other people about your personality and your fashion sense as much as other clothes you put on. Hence, don&rsquo;t go cheesy on your wallet or else people will think that you have a funny and particular style.</p>\n\n<p style=\"text-align:center\"><img alt=\"f5\" src=\"/storage/news/2.jpg\" /></p>\n\n<p><br />\n&nbsp;</p>\n<hr />\n<h4><strong>Number 2: Choose The Right Size For Your Wallet</strong></h4>\n\n<p>You should avoid having an over-sized wallet. Don&rsquo;t think that you need to buy a big wallet because you have a lot to carry with you. In addition, a fat wallet is very ugly. It will make it harder for you to slide the wallet into your trousers&rsquo; pocket. In addition, it will create a bulge and ruin your look.</p>\n\n<p>Before you go on to buy a new wallet, clean out your wallet and place all the items from your wallet on a table. Throw away things that you would never need any more such as the old bills or the expired gift cards. Remember to check your wallet on a frequent basis to get rid of all of the old stuff that you don&rsquo;t need anymore.</p>\n\n<p style=\"text-align:center\"><img alt=\"f1\" src=\"/storage/news/3.jpg\" /></p>\n\n<p><br />\n&nbsp;</p>\n\n<hr />\n<h4><strong>Number 3: Don&rsquo;t Limit Your Options Of Materials</strong></h4>\n\n<p>The types and designs of wallets are not the only things that you should consider when you go out searching for your best wallet. You have more than 1 option of material rather than leather to choose from as well.</p>\n\n<p>You can experiment with other available options such as cotton, polyester and canvas. They all have their own pros and cons. As a result, they will be suitable for different needs and requirements. You should think about them all in order to choose the material which you would like the most.</p>\n\n<p style=\"text-align:center\"><img alt=\"f6\" src=\"/storage/news/4.jpg\" /></p>\n\n<p><br />\n&nbsp;</p>\n\n<hr />\n<h4><strong>Number 4: Consider A Wallet As A Long Term Investment</strong></h4>\n\n<p>Your wallet is indeed an investment that you should consider spending a decent amount of time and effort on it. Another factor that you need to consider is how much you want to spend on your wallet. The price ranges of wallets on the market vary a great deal. You can find a wallet which is as cheap as about 5 to 7 dollars. On the other hand, you should expect to pay around 250 to 300 dollars for a high-quality wallet.</p>\n\n<p>In case you need a wallet to use for a long time, it is a good idea that you should invest a decent amount of money on a wallet. A high quality wallet from a reputational brand with the premium quality such as cowhide leather will last for a long time. In addition, it is an accessory to show off your fashion sense and your social status.</p>\n\n<p style=\"text-align:center\"><img alt=\"f2\" src=\"/storage/news/5.jpg\" /></p>\n\n<p>&nbsp;</p>\n'),('vi',5,'Cách Chăm sóc Túi Da','Bạn nên chú ý hơn khi chọn ví. Có rất nhiều trong số chúng trên thị trường với các mẫu mã và phong cách khác nhau. Khi bạn lựa chọn cẩn thận, bạn sẽ có thể mua một chiếc ví phù hợp với nhu cầu của bạn. Chưa kể nó sẽ giúp nâng tầm phong cách của bạn một cách đáng kể.','<p>I have seen many people underestimating the power of their wallets. To them, they are just a functional item they use to carry. As a result, they often end up with the wallets which are not really suitable for them.</p>\n\n<p>You should pay more attention when you choose your wallets. There are a lot of them on the market with the different designs and styles. When you choose carefully, you would be able to buy a wallet that is catered to your needs. Not to mention that it will help to enhance your style significantly.</p>\n\n<p style=\"text-align:center\"><img alt=\"f4\" src=\"/storage/news/1.jpg\" /></p>\n\n<p><br />\n&nbsp;</p>\n\n<p><strong><em>For all of the reason above, here are 7 expert tips to help you pick up the right men&rsquo;s wallet for you:</em></strong></p>\n\n<h4><strong>Number 1: Choose A Neat Wallet</strong></h4>\n\n<p>The wallet is an essential accessory that you should go simple. Simplicity is the best in this case. A simple and neat wallet with the plain color and even&nbsp;<strong>minimalist style</strong>&nbsp;is versatile. It can be used for both formal and casual events. In addition, that wallet will go well with most of the clothes in your wardrobe.</p>\n\n<p>Keep in mind that a wallet will tell other people about your personality and your fashion sense as much as other clothes you put on. Hence, don&rsquo;t go cheesy on your wallet or else people will think that you have a funny and particular style.</p>\n\n<p style=\"text-align:center\"><img alt=\"f5\" src=\"/storage/news/2.jpg\" /></p>\n\n<p><br />\n&nbsp;</p>\n<hr />\n<h4><strong>Number 2: Choose The Right Size For Your Wallet</strong></h4>\n\n<p>You should avoid having an over-sized wallet. Don&rsquo;t think that you need to buy a big wallet because you have a lot to carry with you. In addition, a fat wallet is very ugly. It will make it harder for you to slide the wallet into your trousers&rsquo; pocket. In addition, it will create a bulge and ruin your look.</p>\n\n<p>Before you go on to buy a new wallet, clean out your wallet and place all the items from your wallet on a table. Throw away things that you would never need any more such as the old bills or the expired gift cards. Remember to check your wallet on a frequent basis to get rid of all of the old stuff that you don&rsquo;t need anymore.</p>\n\n<p style=\"text-align:center\"><img alt=\"f1\" src=\"/storage/news/3.jpg\" /></p>\n\n<p><br />\n&nbsp;</p>\n\n<hr />\n<h4><strong>Number 3: Don&rsquo;t Limit Your Options Of Materials</strong></h4>\n\n<p>The types and designs of wallets are not the only things that you should consider when you go out searching for your best wallet. You have more than 1 option of material rather than leather to choose from as well.</p>\n\n<p>You can experiment with other available options such as cotton, polyester and canvas. They all have their own pros and cons. As a result, they will be suitable for different needs and requirements. You should think about them all in order to choose the material which you would like the most.</p>\n\n<p style=\"text-align:center\"><img alt=\"f6\" src=\"/storage/news/4.jpg\" /></p>\n\n<p><br />\n&nbsp;</p>\n\n<hr />\n<h4><strong>Number 4: Consider A Wallet As A Long Term Investment</strong></h4>\n\n<p>Your wallet is indeed an investment that you should consider spending a decent amount of time and effort on it. Another factor that you need to consider is how much you want to spend on your wallet. The price ranges of wallets on the market vary a great deal. You can find a wallet which is as cheap as about 5 to 7 dollars. On the other hand, you should expect to pay around 250 to 300 dollars for a high-quality wallet.</p>\n\n<p>In case you need a wallet to use for a long time, it is a good idea that you should invest a decent amount of money on a wallet. A high quality wallet from a reputational brand with the premium quality such as cowhide leather will last for a long time. In addition, it is an accessory to show off your fashion sense and your social status.</p>\n\n<p style=\"text-align:center\"><img alt=\"f2\" src=\"/storage/news/5.jpg\" /></p>\n\n<p>&nbsp;</p>\n'),('vi',6,'Chúng tôi đang nghiền ngẫm 10 xu hướng túi lớn nhất của mùa hè','Bạn nên chú ý hơn khi chọn ví. Có rất nhiều trong số chúng trên thị trường với các mẫu mã và phong cách khác nhau. Khi bạn lựa chọn cẩn thận, bạn sẽ có thể mua một chiếc ví phù hợp với nhu cầu của bạn. Chưa kể nó sẽ giúp nâng tầm phong cách của bạn một cách đáng kể.','<p>I have seen many people underestimating the power of their wallets. To them, they are just a functional item they use to carry. As a result, they often end up with the wallets which are not really suitable for them.</p>\n\n<p>You should pay more attention when you choose your wallets. There are a lot of them on the market with the different designs and styles. When you choose carefully, you would be able to buy a wallet that is catered to your needs. Not to mention that it will help to enhance your style significantly.</p>\n\n<p style=\"text-align:center\"><img alt=\"f4\" src=\"/storage/news/1.jpg\" /></p>\n\n<p><br />\n&nbsp;</p>\n\n<p><strong><em>For all of the reason above, here are 7 expert tips to help you pick up the right men&rsquo;s wallet for you:</em></strong></p>\n\n<h4><strong>Number 1: Choose A Neat Wallet</strong></h4>\n\n<p>The wallet is an essential accessory that you should go simple. Simplicity is the best in this case. A simple and neat wallet with the plain color and even&nbsp;<strong>minimalist style</strong>&nbsp;is versatile. It can be used for both formal and casual events. In addition, that wallet will go well with most of the clothes in your wardrobe.</p>\n\n<p>Keep in mind that a wallet will tell other people about your personality and your fashion sense as much as other clothes you put on. Hence, don&rsquo;t go cheesy on your wallet or else people will think that you have a funny and particular style.</p>\n\n<p style=\"text-align:center\"><img alt=\"f5\" src=\"/storage/news/2.jpg\" /></p>\n\n<p><br />\n&nbsp;</p>\n<hr />\n<h4><strong>Number 2: Choose The Right Size For Your Wallet</strong></h4>\n\n<p>You should avoid having an over-sized wallet. Don&rsquo;t think that you need to buy a big wallet because you have a lot to carry with you. In addition, a fat wallet is very ugly. It will make it harder for you to slide the wallet into your trousers&rsquo; pocket. In addition, it will create a bulge and ruin your look.</p>\n\n<p>Before you go on to buy a new wallet, clean out your wallet and place all the items from your wallet on a table. Throw away things that you would never need any more such as the old bills or the expired gift cards. Remember to check your wallet on a frequent basis to get rid of all of the old stuff that you don&rsquo;t need anymore.</p>\n\n<p style=\"text-align:center\"><img alt=\"f1\" src=\"/storage/news/3.jpg\" /></p>\n\n<p><br />\n&nbsp;</p>\n\n<hr />\n<h4><strong>Number 3: Don&rsquo;t Limit Your Options Of Materials</strong></h4>\n\n<p>The types and designs of wallets are not the only things that you should consider when you go out searching for your best wallet. You have more than 1 option of material rather than leather to choose from as well.</p>\n\n<p>You can experiment with other available options such as cotton, polyester and canvas. They all have their own pros and cons. As a result, they will be suitable for different needs and requirements. You should think about them all in order to choose the material which you would like the most.</p>\n\n<p style=\"text-align:center\"><img alt=\"f6\" src=\"/storage/news/4.jpg\" /></p>\n\n<p><br />\n&nbsp;</p>\n\n<hr />\n<h4><strong>Number 4: Consider A Wallet As A Long Term Investment</strong></h4>\n\n<p>Your wallet is indeed an investment that you should consider spending a decent amount of time and effort on it. Another factor that you need to consider is how much you want to spend on your wallet. The price ranges of wallets on the market vary a great deal. You can find a wallet which is as cheap as about 5 to 7 dollars. On the other hand, you should expect to pay around 250 to 300 dollars for a high-quality wallet.</p>\n\n<p>In case you need a wallet to use for a long time, it is a good idea that you should invest a decent amount of money on a wallet. A high quality wallet from a reputational brand with the premium quality such as cowhide leather will last for a long time. In addition, it is an accessory to show off your fashion sense and your social status.</p>\n\n<p style=\"text-align:center\"><img alt=\"f2\" src=\"/storage/news/5.jpg\" /></p>\n\n<p>&nbsp;</p>\n'),('vi',7,'Những phẩm chất cần thiết của âm nhạc thành công cao','Bạn nên chú ý hơn khi chọn ví. Có rất nhiều trong số chúng trên thị trường với các mẫu mã và phong cách khác nhau. Khi bạn lựa chọn cẩn thận, bạn sẽ có thể mua một chiếc ví phù hợp với nhu cầu của bạn. Chưa kể nó sẽ giúp nâng tầm phong cách của bạn một cách đáng kể.','<p>I have seen many people underestimating the power of their wallets. To them, they are just a functional item they use to carry. As a result, they often end up with the wallets which are not really suitable for them.</p>\n\n<p>You should pay more attention when you choose your wallets. There are a lot of them on the market with the different designs and styles. When you choose carefully, you would be able to buy a wallet that is catered to your needs. Not to mention that it will help to enhance your style significantly.</p>\n\n<p style=\"text-align:center\"><img alt=\"f4\" src=\"/storage/news/1.jpg\" /></p>\n\n<p><br />\n&nbsp;</p>\n\n<p><strong><em>For all of the reason above, here are 7 expert tips to help you pick up the right men&rsquo;s wallet for you:</em></strong></p>\n\n<h4><strong>Number 1: Choose A Neat Wallet</strong></h4>\n\n<p>The wallet is an essential accessory that you should go simple. Simplicity is the best in this case. A simple and neat wallet with the plain color and even&nbsp;<strong>minimalist style</strong>&nbsp;is versatile. It can be used for both formal and casual events. In addition, that wallet will go well with most of the clothes in your wardrobe.</p>\n\n<p>Keep in mind that a wallet will tell other people about your personality and your fashion sense as much as other clothes you put on. Hence, don&rsquo;t go cheesy on your wallet or else people will think that you have a funny and particular style.</p>\n\n<p style=\"text-align:center\"><img alt=\"f5\" src=\"/storage/news/2.jpg\" /></p>\n\n<p><br />\n&nbsp;</p>\n<hr />\n<h4><strong>Number 2: Choose The Right Size For Your Wallet</strong></h4>\n\n<p>You should avoid having an over-sized wallet. Don&rsquo;t think that you need to buy a big wallet because you have a lot to carry with you. In addition, a fat wallet is very ugly. It will make it harder for you to slide the wallet into your trousers&rsquo; pocket. In addition, it will create a bulge and ruin your look.</p>\n\n<p>Before you go on to buy a new wallet, clean out your wallet and place all the items from your wallet on a table. Throw away things that you would never need any more such as the old bills or the expired gift cards. Remember to check your wallet on a frequent basis to get rid of all of the old stuff that you don&rsquo;t need anymore.</p>\n\n<p style=\"text-align:center\"><img alt=\"f1\" src=\"/storage/news/3.jpg\" /></p>\n\n<p><br />\n&nbsp;</p>\n\n<hr />\n<h4><strong>Number 3: Don&rsquo;t Limit Your Options Of Materials</strong></h4>\n\n<p>The types and designs of wallets are not the only things that you should consider when you go out searching for your best wallet. You have more than 1 option of material rather than leather to choose from as well.</p>\n\n<p>You can experiment with other available options such as cotton, polyester and canvas. They all have their own pros and cons. As a result, they will be suitable for different needs and requirements. You should think about them all in order to choose the material which you would like the most.</p>\n\n<p style=\"text-align:center\"><img alt=\"f6\" src=\"/storage/news/4.jpg\" /></p>\n\n<p><br />\n&nbsp;</p>\n\n<hr />\n<h4><strong>Number 4: Consider A Wallet As A Long Term Investment</strong></h4>\n\n<p>Your wallet is indeed an investment that you should consider spending a decent amount of time and effort on it. Another factor that you need to consider is how much you want to spend on your wallet. The price ranges of wallets on the market vary a great deal. You can find a wallet which is as cheap as about 5 to 7 dollars. On the other hand, you should expect to pay around 250 to 300 dollars for a high-quality wallet.</p>\n\n<p>In case you need a wallet to use for a long time, it is a good idea that you should invest a decent amount of money on a wallet. A high quality wallet from a reputational brand with the premium quality such as cowhide leather will last for a long time. In addition, it is an accessory to show off your fashion sense and your social status.</p>\n\n<p style=\"text-align:center\"><img alt=\"f2\" src=\"/storage/news/5.jpg\" /></p>\n\n<p>&nbsp;</p>\n'),('vi',8,'9 điều tôi thích khi cạo đầu','Bạn nên chú ý hơn khi chọn ví. Có rất nhiều trong số chúng trên thị trường với các mẫu mã và phong cách khác nhau. Khi bạn lựa chọn cẩn thận, bạn sẽ có thể mua một chiếc ví phù hợp với nhu cầu của bạn. Chưa kể nó sẽ giúp nâng tầm phong cách của bạn một cách đáng kể.','<p>I have seen many people underestimating the power of their wallets. To them, they are just a functional item they use to carry. As a result, they often end up with the wallets which are not really suitable for them.</p>\n\n<p>You should pay more attention when you choose your wallets. There are a lot of them on the market with the different designs and styles. When you choose carefully, you would be able to buy a wallet that is catered to your needs. Not to mention that it will help to enhance your style significantly.</p>\n\n<p style=\"text-align:center\"><img alt=\"f4\" src=\"/storage/news/1.jpg\" /></p>\n\n<p><br />\n&nbsp;</p>\n\n<p><strong><em>For all of the reason above, here are 7 expert tips to help you pick up the right men&rsquo;s wallet for you:</em></strong></p>\n\n<h4><strong>Number 1: Choose A Neat Wallet</strong></h4>\n\n<p>The wallet is an essential accessory that you should go simple. Simplicity is the best in this case. A simple and neat wallet with the plain color and even&nbsp;<strong>minimalist style</strong>&nbsp;is versatile. It can be used for both formal and casual events. In addition, that wallet will go well with most of the clothes in your wardrobe.</p>\n\n<p>Keep in mind that a wallet will tell other people about your personality and your fashion sense as much as other clothes you put on. Hence, don&rsquo;t go cheesy on your wallet or else people will think that you have a funny and particular style.</p>\n\n<p style=\"text-align:center\"><img alt=\"f5\" src=\"/storage/news/2.jpg\" /></p>\n\n<p><br />\n&nbsp;</p>\n<hr />\n<h4><strong>Number 2: Choose The Right Size For Your Wallet</strong></h4>\n\n<p>You should avoid having an over-sized wallet. Don&rsquo;t think that you need to buy a big wallet because you have a lot to carry with you. In addition, a fat wallet is very ugly. It will make it harder for you to slide the wallet into your trousers&rsquo; pocket. In addition, it will create a bulge and ruin your look.</p>\n\n<p>Before you go on to buy a new wallet, clean out your wallet and place all the items from your wallet on a table. Throw away things that you would never need any more such as the old bills or the expired gift cards. Remember to check your wallet on a frequent basis to get rid of all of the old stuff that you don&rsquo;t need anymore.</p>\n\n<p style=\"text-align:center\"><img alt=\"f1\" src=\"/storage/news/3.jpg\" /></p>\n\n<p><br />\n&nbsp;</p>\n\n<hr />\n<h4><strong>Number 3: Don&rsquo;t Limit Your Options Of Materials</strong></h4>\n\n<p>The types and designs of wallets are not the only things that you should consider when you go out searching for your best wallet. You have more than 1 option of material rather than leather to choose from as well.</p>\n\n<p>You can experiment with other available options such as cotton, polyester and canvas. They all have their own pros and cons. As a result, they will be suitable for different needs and requirements. You should think about them all in order to choose the material which you would like the most.</p>\n\n<p style=\"text-align:center\"><img alt=\"f6\" src=\"/storage/news/4.jpg\" /></p>\n\n<p><br />\n&nbsp;</p>\n\n<hr />\n<h4><strong>Number 4: Consider A Wallet As A Long Term Investment</strong></h4>\n\n<p>Your wallet is indeed an investment that you should consider spending a decent amount of time and effort on it. Another factor that you need to consider is how much you want to spend on your wallet. The price ranges of wallets on the market vary a great deal. You can find a wallet which is as cheap as about 5 to 7 dollars. On the other hand, you should expect to pay around 250 to 300 dollars for a high-quality wallet.</p>\n\n<p>In case you need a wallet to use for a long time, it is a good idea that you should invest a decent amount of money on a wallet. A high quality wallet from a reputational brand with the premium quality such as cowhide leather will last for a long time. In addition, it is an accessory to show off your fashion sense and your social status.</p>\n\n<p style=\"text-align:center\"><img alt=\"f2\" src=\"/storage/news/5.jpg\" /></p>\n\n<p>&nbsp;</p>\n'),('vi',9,'Tại sao làm việc theo nhóm thực sự biến giấc mơ thành công','Bạn nên chú ý hơn khi chọn ví. Có rất nhiều trong số chúng trên thị trường với các mẫu mã và phong cách khác nhau. Khi bạn lựa chọn cẩn thận, bạn sẽ có thể mua một chiếc ví phù hợp với nhu cầu của bạn. Chưa kể nó sẽ giúp nâng tầm phong cách của bạn một cách đáng kể.','<p>I have seen many people underestimating the power of their wallets. To them, they are just a functional item they use to carry. As a result, they often end up with the wallets which are not really suitable for them.</p>\n\n<p>You should pay more attention when you choose your wallets. There are a lot of them on the market with the different designs and styles. When you choose carefully, you would be able to buy a wallet that is catered to your needs. Not to mention that it will help to enhance your style significantly.</p>\n\n<p style=\"text-align:center\"><img alt=\"f4\" src=\"/storage/news/1.jpg\" /></p>\n\n<p><br />\n&nbsp;</p>\n\n<p><strong><em>For all of the reason above, here are 7 expert tips to help you pick up the right men&rsquo;s wallet for you:</em></strong></p>\n\n<h4><strong>Number 1: Choose A Neat Wallet</strong></h4>\n\n<p>The wallet is an essential accessory that you should go simple. Simplicity is the best in this case. A simple and neat wallet with the plain color and even&nbsp;<strong>minimalist style</strong>&nbsp;is versatile. It can be used for both formal and casual events. In addition, that wallet will go well with most of the clothes in your wardrobe.</p>\n\n<p>Keep in mind that a wallet will tell other people about your personality and your fashion sense as much as other clothes you put on. Hence, don&rsquo;t go cheesy on your wallet or else people will think that you have a funny and particular style.</p>\n\n<p style=\"text-align:center\"><img alt=\"f5\" src=\"/storage/news/2.jpg\" /></p>\n\n<p><br />\n&nbsp;</p>\n<hr />\n<h4><strong>Number 2: Choose The Right Size For Your Wallet</strong></h4>\n\n<p>You should avoid having an over-sized wallet. Don&rsquo;t think that you need to buy a big wallet because you have a lot to carry with you. In addition, a fat wallet is very ugly. It will make it harder for you to slide the wallet into your trousers&rsquo; pocket. In addition, it will create a bulge and ruin your look.</p>\n\n<p>Before you go on to buy a new wallet, clean out your wallet and place all the items from your wallet on a table. Throw away things that you would never need any more such as the old bills or the expired gift cards. Remember to check your wallet on a frequent basis to get rid of all of the old stuff that you don&rsquo;t need anymore.</p>\n\n<p style=\"text-align:center\"><img alt=\"f1\" src=\"/storage/news/3.jpg\" /></p>\n\n<p><br />\n&nbsp;</p>\n\n<hr />\n<h4><strong>Number 3: Don&rsquo;t Limit Your Options Of Materials</strong></h4>\n\n<p>The types and designs of wallets are not the only things that you should consider when you go out searching for your best wallet. You have more than 1 option of material rather than leather to choose from as well.</p>\n\n<p>You can experiment with other available options such as cotton, polyester and canvas. They all have their own pros and cons. As a result, they will be suitable for different needs and requirements. You should think about them all in order to choose the material which you would like the most.</p>\n\n<p style=\"text-align:center\"><img alt=\"f6\" src=\"/storage/news/4.jpg\" /></p>\n\n<p><br />\n&nbsp;</p>\n\n<hr />\n<h4><strong>Number 4: Consider A Wallet As A Long Term Investment</strong></h4>\n\n<p>Your wallet is indeed an investment that you should consider spending a decent amount of time and effort on it. Another factor that you need to consider is how much you want to spend on your wallet. The price ranges of wallets on the market vary a great deal. You can find a wallet which is as cheap as about 5 to 7 dollars. On the other hand, you should expect to pay around 250 to 300 dollars for a high-quality wallet.</p>\n\n<p>In case you need a wallet to use for a long time, it is a good idea that you should invest a decent amount of money on a wallet. A high quality wallet from a reputational brand with the premium quality such as cowhide leather will last for a long time. In addition, it is an accessory to show off your fashion sense and your social status.</p>\n\n<p style=\"text-align:center\"><img alt=\"f2\" src=\"/storage/news/5.jpg\" /></p>\n\n<p>&nbsp;</p>\n'),('vi',10,'Thế giới phục vụ cho những người trung bình','Bạn nên chú ý hơn khi chọn ví. Có rất nhiều trong số chúng trên thị trường với các mẫu mã và phong cách khác nhau. Khi bạn lựa chọn cẩn thận, bạn sẽ có thể mua một chiếc ví phù hợp với nhu cầu của bạn. Chưa kể nó sẽ giúp nâng tầm phong cách của bạn một cách đáng kể.','<p>I have seen many people underestimating the power of their wallets. To them, they are just a functional item they use to carry. As a result, they often end up with the wallets which are not really suitable for them.</p>\n\n<p>You should pay more attention when you choose your wallets. There are a lot of them on the market with the different designs and styles. When you choose carefully, you would be able to buy a wallet that is catered to your needs. Not to mention that it will help to enhance your style significantly.</p>\n\n<p style=\"text-align:center\"><img alt=\"f4\" src=\"/storage/news/1.jpg\" /></p>\n\n<p><br />\n&nbsp;</p>\n\n<p><strong><em>For all of the reason above, here are 7 expert tips to help you pick up the right men&rsquo;s wallet for you:</em></strong></p>\n\n<h4><strong>Number 1: Choose A Neat Wallet</strong></h4>\n\n<p>The wallet is an essential accessory that you should go simple. Simplicity is the best in this case. A simple and neat wallet with the plain color and even&nbsp;<strong>minimalist style</strong>&nbsp;is versatile. It can be used for both formal and casual events. In addition, that wallet will go well with most of the clothes in your wardrobe.</p>\n\n<p>Keep in mind that a wallet will tell other people about your personality and your fashion sense as much as other clothes you put on. Hence, don&rsquo;t go cheesy on your wallet or else people will think that you have a funny and particular style.</p>\n\n<p style=\"text-align:center\"><img alt=\"f5\" src=\"/storage/news/2.jpg\" /></p>\n\n<p><br />\n&nbsp;</p>\n<hr />\n<h4><strong>Number 2: Choose The Right Size For Your Wallet</strong></h4>\n\n<p>You should avoid having an over-sized wallet. Don&rsquo;t think that you need to buy a big wallet because you have a lot to carry with you. In addition, a fat wallet is very ugly. It will make it harder for you to slide the wallet into your trousers&rsquo; pocket. In addition, it will create a bulge and ruin your look.</p>\n\n<p>Before you go on to buy a new wallet, clean out your wallet and place all the items from your wallet on a table. Throw away things that you would never need any more such as the old bills or the expired gift cards. Remember to check your wallet on a frequent basis to get rid of all of the old stuff that you don&rsquo;t need anymore.</p>\n\n<p style=\"text-align:center\"><img alt=\"f1\" src=\"/storage/news/3.jpg\" /></p>\n\n<p><br />\n&nbsp;</p>\n\n<hr />\n<h4><strong>Number 3: Don&rsquo;t Limit Your Options Of Materials</strong></h4>\n\n<p>The types and designs of wallets are not the only things that you should consider when you go out searching for your best wallet. You have more than 1 option of material rather than leather to choose from as well.</p>\n\n<p>You can experiment with other available options such as cotton, polyester and canvas. They all have their own pros and cons. As a result, they will be suitable for different needs and requirements. You should think about them all in order to choose the material which you would like the most.</p>\n\n<p style=\"text-align:center\"><img alt=\"f6\" src=\"/storage/news/4.jpg\" /></p>\n\n<p><br />\n&nbsp;</p>\n\n<hr />\n<h4><strong>Number 4: Consider A Wallet As A Long Term Investment</strong></h4>\n\n<p>Your wallet is indeed an investment that you should consider spending a decent amount of time and effort on it. Another factor that you need to consider is how much you want to spend on your wallet. The price ranges of wallets on the market vary a great deal. You can find a wallet which is as cheap as about 5 to 7 dollars. On the other hand, you should expect to pay around 250 to 300 dollars for a high-quality wallet.</p>\n\n<p>In case you need a wallet to use for a long time, it is a good idea that you should invest a decent amount of money on a wallet. A high quality wallet from a reputational brand with the premium quality such as cowhide leather will last for a long time. In addition, it is an accessory to show off your fashion sense and your social status.</p>\n\n<p style=\"text-align:center\"><img alt=\"f2\" src=\"/storage/news/5.jpg\" /></p>\n\n<p>&nbsp;</p>\n'),('vi',11,'Các đương sự trên màn hình không phải là diễn viên','Bạn nên chú ý hơn khi chọn ví. Có rất nhiều trong số chúng trên thị trường với các mẫu mã và phong cách khác nhau. Khi bạn lựa chọn cẩn thận, bạn sẽ có thể mua một chiếc ví phù hợp với nhu cầu của bạn. Chưa kể nó sẽ giúp nâng tầm phong cách của bạn một cách đáng kể.','<p>I have seen many people underestimating the power of their wallets. To them, they are just a functional item they use to carry. As a result, they often end up with the wallets which are not really suitable for them.</p>\n\n<p>You should pay more attention when you choose your wallets. There are a lot of them on the market with the different designs and styles. When you choose carefully, you would be able to buy a wallet that is catered to your needs. Not to mention that it will help to enhance your style significantly.</p>\n\n<p style=\"text-align:center\"><img alt=\"f4\" src=\"/storage/news/1.jpg\" /></p>\n\n<p><br />\n&nbsp;</p>\n\n<p><strong><em>For all of the reason above, here are 7 expert tips to help you pick up the right men&rsquo;s wallet for you:</em></strong></p>\n\n<h4><strong>Number 1: Choose A Neat Wallet</strong></h4>\n\n<p>The wallet is an essential accessory that you should go simple. Simplicity is the best in this case. A simple and neat wallet with the plain color and even&nbsp;<strong>minimalist style</strong>&nbsp;is versatile. It can be used for both formal and casual events. In addition, that wallet will go well with most of the clothes in your wardrobe.</p>\n\n<p>Keep in mind that a wallet will tell other people about your personality and your fashion sense as much as other clothes you put on. Hence, don&rsquo;t go cheesy on your wallet or else people will think that you have a funny and particular style.</p>\n\n<p style=\"text-align:center\"><img alt=\"f5\" src=\"/storage/news/2.jpg\" /></p>\n\n<p><br />\n&nbsp;</p>\n<hr />\n<h4><strong>Number 2: Choose The Right Size For Your Wallet</strong></h4>\n\n<p>You should avoid having an over-sized wallet. Don&rsquo;t think that you need to buy a big wallet because you have a lot to carry with you. In addition, a fat wallet is very ugly. It will make it harder for you to slide the wallet into your trousers&rsquo; pocket. In addition, it will create a bulge and ruin your look.</p>\n\n<p>Before you go on to buy a new wallet, clean out your wallet and place all the items from your wallet on a table. Throw away things that you would never need any more such as the old bills or the expired gift cards. Remember to check your wallet on a frequent basis to get rid of all of the old stuff that you don&rsquo;t need anymore.</p>\n\n<p style=\"text-align:center\"><img alt=\"f1\" src=\"/storage/news/3.jpg\" /></p>\n\n<p><br />\n&nbsp;</p>\n\n<hr />\n<h4><strong>Number 3: Don&rsquo;t Limit Your Options Of Materials</strong></h4>\n\n<p>The types and designs of wallets are not the only things that you should consider when you go out searching for your best wallet. You have more than 1 option of material rather than leather to choose from as well.</p>\n\n<p>You can experiment with other available options such as cotton, polyester and canvas. They all have their own pros and cons. As a result, they will be suitable for different needs and requirements. You should think about them all in order to choose the material which you would like the most.</p>\n\n<p style=\"text-align:center\"><img alt=\"f6\" src=\"/storage/news/4.jpg\" /></p>\n\n<p><br />\n&nbsp;</p>\n\n<hr />\n<h4><strong>Number 4: Consider A Wallet As A Long Term Investment</strong></h4>\n\n<p>Your wallet is indeed an investment that you should consider spending a decent amount of time and effort on it. Another factor that you need to consider is how much you want to spend on your wallet. The price ranges of wallets on the market vary a great deal. You can find a wallet which is as cheap as about 5 to 7 dollars. On the other hand, you should expect to pay around 250 to 300 dollars for a high-quality wallet.</p>\n\n<p>In case you need a wallet to use for a long time, it is a good idea that you should invest a decent amount of money on a wallet. A high quality wallet from a reputational brand with the premium quality such as cowhide leather will last for a long time. In addition, it is an accessory to show off your fashion sense and your social status.</p>\n\n<p style=\"text-align:center\"><img alt=\"f2\" src=\"/storage/news/5.jpg\" /></p>\n\n<p>&nbsp;</p>\n');
/*!40000 ALTER TABLE `posts_translations` ENABLE KEYS */;
UNLOCK TABLES;

--
-- Table structure for table `revisions`
--

DROP TABLE IF EXISTS `revisions`;
/*!40101 SET @saved_cs_client     = @@character_set_client */;
/*!50503 SET character_set_client = utf8mb4 */;
CREATE TABLE `revisions` (
  `id` bigint unsigned NOT NULL AUTO_INCREMENT,
  `revisionable_type` varchar(191) COLLATE utf8mb4_unicode_ci NOT NULL,
  `revisionable_id` bigint unsigned NOT NULL,
  `user_id` bigint unsigned DEFAULT NULL,
  `key` varchar(191) COLLATE utf8mb4_unicode_ci NOT NULL,
  `old_value` text COLLATE utf8mb4_unicode_ci,
  `new_value` text COLLATE utf8mb4_unicode_ci,
  `created_at` timestamp NULL DEFAULT NULL,
  `updated_at` timestamp NULL DEFAULT NULL,
  PRIMARY KEY (`id`),
  KEY `revisions_revisionable_id_revisionable_type_index` (`revisionable_id`,`revisionable_type`)
) ENGINE=InnoDB DEFAULT CHARSET=utf8mb4 COLLATE=utf8mb4_unicode_ci;
/*!40101 SET character_set_client = @saved_cs_client */;

--
-- Dumping data for table `revisions`
--

LOCK TABLES `revisions` WRITE;
/*!40000 ALTER TABLE `revisions` DISABLE KEYS */;
/*!40000 ALTER TABLE `revisions` ENABLE KEYS */;
UNLOCK TABLES;

--
-- Table structure for table `role_users`
--

DROP TABLE IF EXISTS `role_users`;
/*!40101 SET @saved_cs_client     = @@character_set_client */;
/*!50503 SET character_set_client = utf8mb4 */;
CREATE TABLE `role_users` (
  `user_id` bigint unsigned NOT NULL,
  `role_id` bigint unsigned NOT NULL,
  `created_at` timestamp NULL DEFAULT NULL,
  `updated_at` timestamp NULL DEFAULT NULL,
  PRIMARY KEY (`user_id`,`role_id`),
  KEY `role_users_user_id_index` (`user_id`),
  KEY `role_users_role_id_index` (`role_id`)
) ENGINE=InnoDB DEFAULT CHARSET=utf8mb4 COLLATE=utf8mb4_unicode_ci;
/*!40101 SET character_set_client = @saved_cs_client */;

--
-- Dumping data for table `role_users`
--

LOCK TABLES `role_users` WRITE;
/*!40000 ALTER TABLE `role_users` DISABLE KEYS */;
INSERT INTO `role_users` VALUES (2,1,'2023-05-28 21:29:51','2023-05-28 21:29:51');
/*!40000 ALTER TABLE `role_users` ENABLE KEYS */;
UNLOCK TABLES;

--
-- Table structure for table `roles`
--

DROP TABLE IF EXISTS `roles`;
/*!40101 SET @saved_cs_client     = @@character_set_client */;
/*!50503 SET character_set_client = utf8mb4 */;
CREATE TABLE `roles` (
  `id` bigint unsigned NOT NULL AUTO_INCREMENT,
  `slug` varchar(120) COLLATE utf8mb4_unicode_ci NOT NULL,
  `name` varchar(120) COLLATE utf8mb4_unicode_ci NOT NULL,
  `permissions` text COLLATE utf8mb4_unicode_ci,
  `description` varchar(255) COLLATE utf8mb4_unicode_ci DEFAULT NULL,
  `is_default` tinyint unsigned NOT NULL DEFAULT '0',
  `created_by` bigint unsigned NOT NULL,
  `updated_by` bigint unsigned NOT NULL,
  `created_at` timestamp NULL DEFAULT NULL,
  `updated_at` timestamp NULL DEFAULT NULL,
  PRIMARY KEY (`id`),
  UNIQUE KEY `roles_slug_unique` (`slug`),
  KEY `roles_created_by_index` (`created_by`),
  KEY `roles_updated_by_index` (`updated_by`)
) ENGINE=InnoDB AUTO_INCREMENT=2 DEFAULT CHARSET=utf8mb4 COLLATE=utf8mb4_unicode_ci;
/*!40101 SET character_set_client = @saved_cs_client */;

--
-- Dumping data for table `roles`
--

LOCK TABLES `roles` WRITE;
/*!40000 ALTER TABLE `roles` DISABLE KEYS */;
INSERT INTO `roles` VALUES (1,'admin','Admin','{\"users.index\":true,\"users.create\":true,\"users.edit\":true,\"users.destroy\":true,\"roles.index\":true,\"roles.create\":true,\"roles.edit\":true,\"roles.destroy\":true,\"core.system\":true,\"core.manage.license\":true,\"media.index\":true,\"files.index\":true,\"files.create\":true,\"files.edit\":true,\"files.trash\":true,\"files.destroy\":true,\"folders.index\":true,\"folders.create\":true,\"folders.edit\":true,\"folders.trash\":true,\"folders.destroy\":true,\"settings.options\":true,\"settings.email\":true,\"settings.media\":true,\"api.settings\":true,\"menus.index\":true,\"menus.create\":true,\"menus.edit\":true,\"menus.destroy\":true,\"pages.index\":true,\"pages.create\":true,\"pages.edit\":true,\"pages.destroy\":true,\"plugins.index\":true,\"plugins.edit\":true,\"plugins.remove\":true,\"plugins.marketplace\":true,\"core.appearance\":true,\"theme.index\":true,\"theme.activate\":true,\"theme.remove\":true,\"theme.options\":true,\"theme.custom-css\":true,\"theme.custom-js\":true,\"theme.custom-html\":true,\"widgets.index\":true,\"ads.index\":true,\"ads.create\":true,\"ads.edit\":true,\"ads.destroy\":true,\"analytics.general\":true,\"analytics.page\":true,\"analytics.browser\":true,\"analytics.referrer\":true,\"audit-log.index\":true,\"audit-log.destroy\":true,\"backups.index\":true,\"backups.create\":true,\"backups.restore\":true,\"backups.destroy\":true,\"plugins.blog\":true,\"posts.index\":true,\"posts.create\":true,\"posts.edit\":true,\"posts.destroy\":true,\"categories.index\":true,\"categories.create\":true,\"categories.edit\":true,\"categories.destroy\":true,\"tags.index\":true,\"tags.create\":true,\"tags.edit\":true,\"tags.destroy\":true,\"contacts.index\":true,\"contacts.edit\":true,\"contacts.destroy\":true,\"plugins.ecommerce\":true,\"ecommerce.settings\":true,\"ecommerce.report.index\":true,\"products.index\":true,\"products.create\":true,\"products.edit\":true,\"products.destroy\":true,\"product-categories.index\":true,\"product-categories.create\":true,\"product-categories.edit\":true,\"product-categories.destroy\":true,\"product-tag.index\":true,\"product-tag.create\":true,\"product-tag.edit\":true,\"product-tag.destroy\":true,\"brands.index\":true,\"brands.create\":true,\"brands.edit\":true,\"brands.destroy\":true,\"product-collections.index\":true,\"product-collections.create\":true,\"product-collections.edit\":true,\"product-collections.destroy\":true,\"product-attribute-sets.index\":true,\"product-attribute-sets.create\":true,\"product-attribute-sets.edit\":true,\"product-attribute-sets.destroy\":true,\"product-attributes.index\":true,\"product-attributes.create\":true,\"product-attributes.edit\":true,\"product-attributes.destroy\":true,\"tax.index\":true,\"tax.create\":true,\"tax.edit\":true,\"tax.destroy\":true,\"reviews.index\":true,\"reviews.destroy\":true,\"shipping_methods.index\":true,\"ecommerce.shipping-rule-items.index\":true,\"ecommerce.shipping-rule-items.create\":true,\"ecommerce.shipping-rule-items.edit\":true,\"ecommerce.shipping-rule-items.destroy\":true,\"ecommerce.shipping-rule-items.bulk-import\":true,\"ecommerce.shipments.index\":true,\"ecommerce.shipments.create\":true,\"ecommerce.shipments.edit\":true,\"ecommerce.shipments.destroy\":true,\"orders.index\":true,\"orders.create\":true,\"orders.edit\":true,\"orders.destroy\":true,\"discounts.index\":true,\"discounts.create\":true,\"discounts.edit\":true,\"discounts.destroy\":true,\"customers.index\":true,\"customers.create\":true,\"customers.edit\":true,\"customers.destroy\":true,\"flash-sale.index\":true,\"flash-sale.create\":true,\"flash-sale.edit\":true,\"flash-sale.destroy\":true,\"product-label.index\":true,\"product-label.create\":true,\"product-label.edit\":true,\"product-label.destroy\":true,\"ecommerce.import.products.index\":true,\"ecommerce.export.products.index\":true,\"order_returns.index\":true,\"order_returns.edit\":true,\"order_returns.destroy\":true,\"global-option.index\":true,\"global-option.create\":true,\"global-option.edit\":true,\"global-option.destroy\":true,\"ecommerce.invoice.index\":true,\"ecommerce.invoice.edit\":true,\"ecommerce.invoice.destroy\":true,\"ecommerce.invoice-template.index\":true,\"plugin.faq\":true,\"faq.index\":true,\"faq.create\":true,\"faq.edit\":true,\"faq.destroy\":true,\"faq_category.index\":true,\"faq_category.create\":true,\"faq_category.edit\":true,\"faq_category.destroy\":true,\"languages.index\":true,\"languages.create\":true,\"languages.edit\":true,\"languages.destroy\":true,\"plugin.location\":true,\"country.index\":true,\"country.create\":true,\"country.edit\":true,\"country.destroy\":true,\"state.index\":true,\"state.create\":true,\"state.edit\":true,\"state.destroy\":true,\"city.index\":true,\"city.create\":true,\"city.edit\":true,\"city.destroy\":true,\"location.bulk-import.index\":true,\"location.export.index\":true,\"marketplace.index\":true,\"marketplace.store.index\":true,\"marketplace.store.create\":true,\"marketplace.store.edit\":true,\"marketplace.store.destroy\":true,\"marketplace.store.view\":true,\"marketplace.store.revenue.create\":true,\"marketplace.withdrawal.index\":true,\"marketplace.withdrawal.edit\":true,\"marketplace.withdrawal.destroy\":true,\"marketplace.vendors.index\":true,\"marketplace.unverified-vendors.index\":true,\"marketplace.unverified-vendors.edit\":true,\"marketplace.settings\":true,\"marketplace.reports\":true,\"newsletter.index\":true,\"newsletter.destroy\":true,\"payment.index\":true,\"payments.settings\":true,\"payment.destroy\":true,\"simple-slider.index\":true,\"simple-slider.create\":true,\"simple-slider.edit\":true,\"simple-slider.destroy\":true,\"simple-slider-item.index\":true,\"simple-slider-item.create\":true,\"simple-slider-item.edit\":true,\"simple-slider-item.destroy\":true,\"social-login.settings\":true,\"plugins.translation\":true,\"translations.locales\":true,\"translations.theme-translations\":true,\"translations.index\":true}','Admin users role',1,1,1,'2023-05-28 21:29:51','2023-05-28 21:29:51');
/*!40000 ALTER TABLE `roles` ENABLE KEYS */;
UNLOCK TABLES;

--
-- Table structure for table `settings`
--

DROP TABLE IF EXISTS `settings`;
/*!40101 SET @saved_cs_client     = @@character_set_client */;
/*!50503 SET character_set_client = utf8mb4 */;
CREATE TABLE `settings` (
  `id` bigint unsigned NOT NULL AUTO_INCREMENT,
  `key` varchar(191) COLLATE utf8mb4_unicode_ci NOT NULL,
  `value` text COLLATE utf8mb4_unicode_ci,
  `created_at` timestamp NULL DEFAULT NULL,
  `updated_at` timestamp NULL DEFAULT NULL,
  PRIMARY KEY (`id`),
  UNIQUE KEY `settings_key_unique` (`key`)
) ENGINE=InnoDB AUTO_INCREMENT=64 DEFAULT CHARSET=utf8mb4 COLLATE=utf8mb4_unicode_ci;
/*!40101 SET character_set_client = @saved_cs_client */;

--
-- Dumping data for table `settings`
--

LOCK TABLES `settings` WRITE;
/*!40000 ALTER TABLE `settings` DISABLE KEYS */;
INSERT INTO `settings` VALUES (1,'activated_plugins','[\"language\",\"language-advanced\",\"ads\",\"analytics\",\"audit-log\",\"backup\",\"blog\",\"captcha\",\"contact\",\"cookie-consent\",\"ecommerce\",\"faq\",\"location\",\"marketplace\",\"newsletter\",\"payment\",\"paypal\",\"paystack\",\"razorpay\",\"shippo\",\"simple-slider\",\"social-login\",\"sslcommerz\",\"stripe\",\"translation\"]',NULL,'2023-05-28 21:30:03'),(7,'language_hide_default','1',NULL,'2023-05-28 21:30:03'),(8,'language_switcher_display','list',NULL,'2023-05-28 21:30:03'),(9,'language_display','all',NULL,'2023-05-28 21:30:03'),(10,'language_hide_languages','[]',NULL,'2023-05-28 21:30:03'),(11,'simple_slider_using_assets','0',NULL,'2023-05-28 21:30:03'),(12,'payment_cod_status','1',NULL,'2023-05-28 21:30:03'),(13,'payment_bank_transfer_status','1',NULL,'2023-05-28 21:30:03'),(14,'show_admin_bar','1',NULL,'2023-05-28 21:30:03'),(15,'theme','farmart',NULL,'2023-05-28 21:30:03'),(16,'media_random_hash','06ed79852f3adf2de326b650739273fa',NULL,'2023-05-28 21:30:03'),(17,'admin_favicon','general/favicon.png',NULL,'2023-05-28 21:30:03'),(18,'admin_logo','general/logo-light.png',NULL,'2023-05-28 21:30:03'),(19,'permalink-botble-blog-models-post','blog',NULL,'2023-05-28 21:30:03'),(20,'permalink-botble-blog-models-category','blog',NULL,'2023-05-28 21:30:03'),(21,'payment_cod_description','Please pay money directly to the postman, if you choose cash on delivery method (COD).',NULL,'2023-05-28 21:30:03'),(22,'payment_bank_transfer_description','Please send money to our bank account: ACB - 69270 213 19.',NULL,'2023-05-28 21:30:03'),(23,'payment_stripe_payment_type','stripe_checkout',NULL,'2023-05-28 21:30:03'),(24,'plugins_ecommerce_customer_new_order_status','0',NULL,'2023-05-28 21:30:03'),(25,'plugins_ecommerce_admin_new_order_status','0',NULL,'2023-05-28 21:30:03'),(26,'ecommerce_is_enabled_support_digital_products','1',NULL,'2023-05-28 21:30:03'),(27,'ecommerce_load_countries_states_cities_from_location_plugin','0',NULL,'2023-05-28 21:30:03'),(28,'ecommerce_store_name','Farmart',NULL,'2023-05-28 21:30:03'),(29,'ecommerce_store_phone','1800979769',NULL,'2023-05-28 21:30:03'),(30,'ecommerce_store_address','502 New Street',NULL,'2023-05-28 21:30:03'),(31,'ecommerce_store_state','Brighton VIC',NULL,'2023-05-28 21:30:03'),(32,'ecommerce_store_city','Brighton VIC',NULL,'2023-05-28 21:30:03'),(33,'ecommerce_store_country','AU',NULL,'2023-05-28 21:30:03'),(34,'theme-farmart-site_title','Farmart - Laravel Ecommerce system',NULL,NULL),(35,'theme-farmart-seo_description','Farmart is a modern and flexible Multipurpose Marketplace Laravel script. This script is suited for electronic, organic and grocery store, furniture store, clothing store, hitech store and accessories store… With the theme, you can create your own marketplace and allow vendors to sell just like Amazon, Envato, eBay…',NULL,NULL),(36,'theme-farmart-copyright','© 2023 Farmart. All Rights Reserved.',NULL,NULL),(37,'theme-farmart-favicon','general/favicon.png',NULL,NULL),(38,'theme-farmart-logo','general/logo.png',NULL,NULL),(39,'theme-farmart-seo_og_image','general/open-graph-image.png',NULL,NULL),(40,'theme-farmart-image-placeholder','general/placeholder.png',NULL,NULL),(41,'theme-farmart-address','502 New Street, Brighton VIC, Australia',NULL,NULL),(42,'theme-farmart-hotline','8 800 332 65-66',NULL,NULL),(43,'theme-farmart-email','contact@fartmart.co',NULL,NULL),(44,'theme-farmart-working_time','Mon - Fri: 07AM - 06PM',NULL,NULL),(45,'theme-farmart-payment_methods_image','general/footer-payments.png',NULL,NULL),(46,'theme-farmart-homepage_id','1',NULL,NULL),(47,'theme-farmart-blog_page_id','6',NULL,NULL),(48,'theme-farmart-cookie_consent_message','Your experience on this site will be improved by allowing cookies ',NULL,NULL),(49,'theme-farmart-cookie_consent_learn_more_url','https://farmart.test/cookie-policy',NULL,NULL),(50,'theme-farmart-cookie_consent_learn_more_text','Cookie Policy',NULL,NULL),(51,'theme-farmart-number_of_products_per_page','40',NULL,NULL),(52,'theme-farmart-number_of_cross_sale_product','6',NULL,NULL),(53,'theme-farmart-logo_in_the_checkout_page','general/logo.png',NULL,NULL),(54,'theme-farmart-logo_in_invoices','general/logo.png',NULL,NULL),(55,'theme-farmart-logo_vendor_dashboard','general/logo.png',NULL,NULL),(56,'theme-farmart-404_page_image','general/404.png',NULL,NULL),(57,'theme-farmart-vi-copyright','© 2023 Farmart. Tất cả quyền đã được bảo hộ.',NULL,NULL),(58,'theme-farmart-vi-homepage_id','1',NULL,NULL),(59,'theme-farmart-vi-blog_page_id','6',NULL,NULL),(60,'theme-farmart-vi-cookie_consent_message','Trải nghiệm của bạn trên trang web này sẽ được cải thiện bằng cách cho phép cookie ',NULL,NULL),(61,'theme-farmart-vi-cookie_consent_learn_more_url','https://farmart.test/cookie-policy',NULL,NULL),(62,'theme-farmart-vi-cookie_consent_learn_more_text','Chính sách cookie',NULL,NULL),(63,'theme-farmart-social_links','[[{\"key\":\"social-name\",\"value\":\"Facebook\"},{\"key\":\"social-icon\",\"value\":\"general\\/facebook.png\"},{\"key\":\"social-url\",\"value\":\"https:\\/\\/www.facebook.com\\/\"}],[{\"key\":\"social-name\",\"value\":\"Twitter\"},{\"key\":\"social-icon\",\"value\":\"general\\/twitter.png\"},{\"key\":\"social-url\",\"value\":\"https:\\/\\/www.twitter.com\\/\"}],[{\"key\":\"social-name\",\"value\":\"Instagram\"},{\"key\":\"social-icon\",\"value\":\"general\\/instagram.png\"},{\"key\":\"social-url\",\"value\":\"https:\\/\\/www.instagram.com\\/\"}],[{\"key\":\"social-name\",\"value\":\"Pinterest\"},{\"key\":\"social-icon\",\"value\":\"general\\/pinterest.png\"},{\"key\":\"social-url\",\"value\":\"https:\\/\\/www.pinterest.com\\/\"}],[{\"key\":\"social-name\",\"value\":\"Youtube\"},{\"key\":\"social-icon\",\"value\":\"general\\/youtube.png\"},{\"key\":\"social-url\",\"value\":\"https:\\/\\/www.youtube.com\\/\"}]]',NULL,NULL);
/*!40000 ALTER TABLE `settings` ENABLE KEYS */;
UNLOCK TABLES;

--
-- Table structure for table `simple_slider_items`
--

DROP TABLE IF EXISTS `simple_slider_items`;
/*!40101 SET @saved_cs_client     = @@character_set_client */;
/*!50503 SET character_set_client = utf8mb4 */;
CREATE TABLE `simple_slider_items` (
  `id` bigint unsigned NOT NULL AUTO_INCREMENT,
  `simple_slider_id` bigint unsigned NOT NULL,
  `title` varchar(255) COLLATE utf8mb4_unicode_ci DEFAULT NULL,
  `image` varchar(255) COLLATE utf8mb4_unicode_ci NOT NULL,
  `link` varchar(255) COLLATE utf8mb4_unicode_ci DEFAULT NULL,
  `description` text COLLATE utf8mb4_unicode_ci,
  `order` int unsigned NOT NULL DEFAULT '0',
  `created_at` timestamp NULL DEFAULT NULL,
  `updated_at` timestamp NULL DEFAULT NULL,
  PRIMARY KEY (`id`)
) ENGINE=InnoDB AUTO_INCREMENT=5 DEFAULT CHARSET=utf8mb4 COLLATE=utf8mb4_unicode_ci;
/*!40101 SET character_set_client = @saved_cs_client */;

--
-- Dumping data for table `simple_slider_items`
--

LOCK TABLES `simple_slider_items` WRITE;
/*!40000 ALTER TABLE `simple_slider_items` DISABLE KEYS */;
INSERT INTO `simple_slider_items` VALUES (1,1,'Slider 1','sliders/01.jpg','/products',NULL,1,'2023-05-28 21:30:02','2023-05-28 21:30:02'),(2,1,'Slider 2','sliders/02.jpg','/products',NULL,2,'2023-05-28 21:30:02','2023-05-28 21:30:02'),(3,2,'Slider 1','sliders/01.jpg','/products',NULL,1,'2023-05-28 21:30:02','2023-05-28 21:30:02'),(4,2,'Slider 2','sliders/02.jpg','/products',NULL,2,'2023-05-28 21:30:02','2023-05-28 21:30:02');
/*!40000 ALTER TABLE `simple_slider_items` ENABLE KEYS */;
UNLOCK TABLES;

--
-- Table structure for table `simple_sliders`
--

DROP TABLE IF EXISTS `simple_sliders`;
/*!40101 SET @saved_cs_client     = @@character_set_client */;
/*!50503 SET character_set_client = utf8mb4 */;
CREATE TABLE `simple_sliders` (
  `id` bigint unsigned NOT NULL AUTO_INCREMENT,
  `name` varchar(120) COLLATE utf8mb4_unicode_ci NOT NULL,
  `key` varchar(120) COLLATE utf8mb4_unicode_ci NOT NULL,
  `description` varchar(255) COLLATE utf8mb4_unicode_ci DEFAULT NULL,
  `status` varchar(60) COLLATE utf8mb4_unicode_ci NOT NULL DEFAULT 'published',
  `created_at` timestamp NULL DEFAULT NULL,
  `updated_at` timestamp NULL DEFAULT NULL,
  PRIMARY KEY (`id`)
) ENGINE=InnoDB AUTO_INCREMENT=3 DEFAULT CHARSET=utf8mb4 COLLATE=utf8mb4_unicode_ci;
/*!40101 SET character_set_client = @saved_cs_client */;

--
-- Dumping data for table `simple_sliders`
--

LOCK TABLES `simple_sliders` WRITE;
/*!40000 ALTER TABLE `simple_sliders` DISABLE KEYS */;
INSERT INTO `simple_sliders` VALUES (1,'Home slider','home-slider','The main slider on homepage','published','2023-05-28 21:30:02','2023-05-28 21:30:02'),(2,'Slider trang chủ','slider-trang-chu','Slider chính trên trang chủ','published','2023-05-28 21:30:02','2023-05-28 21:30:02');
/*!40000 ALTER TABLE `simple_sliders` ENABLE KEYS */;
UNLOCK TABLES;

--
-- Table structure for table `slugs`
--

DROP TABLE IF EXISTS `slugs`;
/*!40101 SET @saved_cs_client     = @@character_set_client */;
/*!50503 SET character_set_client = utf8mb4 */;
CREATE TABLE `slugs` (
  `id` bigint unsigned NOT NULL AUTO_INCREMENT,
  `key` varchar(255) COLLATE utf8mb4_unicode_ci NOT NULL,
  `reference_id` bigint unsigned NOT NULL,
  `reference_type` varchar(255) COLLATE utf8mb4_unicode_ci NOT NULL,
  `prefix` varchar(120) COLLATE utf8mb4_unicode_ci DEFAULT '',
  `created_at` timestamp NULL DEFAULT NULL,
  `updated_at` timestamp NULL DEFAULT NULL,
  PRIMARY KEY (`id`),
  KEY `slugs_reference_id_index` (`reference_id`)
) ENGINE=InnoDB AUTO_INCREMENT=200 DEFAULT CHARSET=utf8mb4 COLLATE=utf8mb4_unicode_ci;
/*!40101 SET character_set_client = @saved_cs_client */;

--
-- Dumping data for table `slugs`
--

LOCK TABLES `slugs` WRITE;
/*!40000 ALTER TABLE `slugs` DISABLE KEYS */;
INSERT INTO `slugs` VALUES (1,'foodpound',1,'Botble\\Ecommerce\\Models\\Brand','brands','2023-05-28 21:29:51','2023-05-28 21:29:51'),(2,'itea-jsc',2,'Botble\\Ecommerce\\Models\\Brand','brands','2023-05-28 21:29:51','2023-05-28 21:29:51'),(3,'soda-brand',3,'Botble\\Ecommerce\\Models\\Brand','brands','2023-05-28 21:29:51','2023-05-28 21:29:51'),(4,'farmart',4,'Botble\\Ecommerce\\Models\\Brand','brands','2023-05-28 21:29:51','2023-05-28 21:29:51'),(5,'soda-brand',5,'Botble\\Ecommerce\\Models\\Brand','brands','2023-05-28 21:29:51','2023-05-28 21:29:51'),(6,'fruits-vegetables',1,'Botble\\Ecommerce\\Models\\ProductCategory','product-categories','2023-05-28 21:29:51','2023-05-28 21:29:51'),(7,'fruits',2,'Botble\\Ecommerce\\Models\\ProductCategory','product-categories','2023-05-28 21:29:51','2023-05-28 21:29:51'),(8,'apples',3,'Botble\\Ecommerce\\Models\\ProductCategory','product-categories','2023-05-28 21:29:51','2023-05-28 21:29:51'),(9,'bananas',4,'Botble\\Ecommerce\\Models\\ProductCategory','product-categories','2023-05-28 21:29:51','2023-05-28 21:29:51'),(10,'berries',5,'Botble\\Ecommerce\\Models\\ProductCategory','product-categories','2023-05-28 21:29:51','2023-05-28 21:29:51'),(11,'oranges-easy-peelers',6,'Botble\\Ecommerce\\Models\\ProductCategory','product-categories','2023-05-28 21:29:51','2023-05-28 21:29:51'),(12,'grapes',7,'Botble\\Ecommerce\\Models\\ProductCategory','product-categories','2023-05-28 21:29:51','2023-05-28 21:29:51'),(13,'lemons-limes',8,'Botble\\Ecommerce\\Models\\ProductCategory','product-categories','2023-05-28 21:29:51','2023-05-28 21:29:51'),(14,'peaches-nectarines',9,'Botble\\Ecommerce\\Models\\ProductCategory','product-categories','2023-05-28 21:29:51','2023-05-28 21:29:51'),(15,'pears',10,'Botble\\Ecommerce\\Models\\ProductCategory','product-categories','2023-05-28 21:29:51','2023-05-28 21:29:51'),(16,'melon',11,'Botble\\Ecommerce\\Models\\ProductCategory','product-categories','2023-05-28 21:29:51','2023-05-28 21:29:51'),(17,'avocados',12,'Botble\\Ecommerce\\Models\\ProductCategory','product-categories','2023-05-28 21:29:51','2023-05-28 21:29:51'),(18,'plums-apricots',13,'Botble\\Ecommerce\\Models\\ProductCategory','product-categories','2023-05-28 21:29:51','2023-05-28 21:29:51'),(19,'vegetables',14,'Botble\\Ecommerce\\Models\\ProductCategory','product-categories','2023-05-28 21:29:51','2023-05-28 21:29:51'),(20,'potatoes',15,'Botble\\Ecommerce\\Models\\ProductCategory','product-categories','2023-05-28 21:29:51','2023-05-28 21:29:51'),(21,'carrots-root-vegetables',16,'Botble\\Ecommerce\\Models\\ProductCategory','product-categories','2023-05-28 21:29:51','2023-05-28 21:29:51'),(22,'broccoli-cauliflower',17,'Botble\\Ecommerce\\Models\\ProductCategory','product-categories','2023-05-28 21:29:51','2023-05-28 21:29:51'),(23,'cabbage-spinach-greens',18,'Botble\\Ecommerce\\Models\\ProductCategory','product-categories','2023-05-28 21:29:51','2023-05-28 21:29:51'),(24,'onions-leeks-garlic',19,'Botble\\Ecommerce\\Models\\ProductCategory','product-categories','2023-05-28 21:29:51','2023-05-28 21:29:51'),(25,'mushrooms',20,'Botble\\Ecommerce\\Models\\ProductCategory','product-categories','2023-05-28 21:29:51','2023-05-28 21:29:51'),(26,'tomatoes',21,'Botble\\Ecommerce\\Models\\ProductCategory','product-categories','2023-05-28 21:29:51','2023-05-28 21:29:51'),(27,'beans-peas-sweetcorn',22,'Botble\\Ecommerce\\Models\\ProductCategory','product-categories','2023-05-28 21:29:51','2023-05-28 21:29:51'),(28,'freshly-drink-orange-juice',23,'Botble\\Ecommerce\\Models\\ProductCategory','product-categories','2023-05-28 21:29:51','2023-05-28 21:29:51'),(29,'breads-sweets',24,'Botble\\Ecommerce\\Models\\ProductCategory','product-categories','2023-05-28 21:29:51','2023-05-28 21:29:51'),(30,'crisps-snacks-nuts',25,'Botble\\Ecommerce\\Models\\ProductCategory','product-categories','2023-05-28 21:29:51','2023-05-28 21:29:51'),(31,'crisps-popcorn',26,'Botble\\Ecommerce\\Models\\ProductCategory','product-categories','2023-05-28 21:29:51','2023-05-28 21:29:51'),(32,'nuts-seeds',27,'Botble\\Ecommerce\\Models\\ProductCategory','product-categories','2023-05-28 21:29:51','2023-05-28 21:29:51'),(33,'lighter-options',28,'Botble\\Ecommerce\\Models\\ProductCategory','product-categories','2023-05-28 21:29:51','2023-05-28 21:29:51'),(34,'cereal-bars',29,'Botble\\Ecommerce\\Models\\ProductCategory','product-categories','2023-05-28 21:29:51','2023-05-28 21:29:51'),(35,'breadsticks-pretzels',30,'Botble\\Ecommerce\\Models\\ProductCategory','product-categories','2023-05-28 21:29:51','2023-05-28 21:29:51'),(36,'fruit-snacking',31,'Botble\\Ecommerce\\Models\\ProductCategory','product-categories','2023-05-28 21:29:51','2023-05-28 21:29:51'),(37,'rice-corn-cakes',32,'Botble\\Ecommerce\\Models\\ProductCategory','product-categories','2023-05-28 21:29:51','2023-05-28 21:29:51'),(38,'protein-energy-snacks',33,'Botble\\Ecommerce\\Models\\ProductCategory','product-categories','2023-05-28 21:29:51','2023-05-28 21:29:51'),(39,'toddler-snacks',34,'Botble\\Ecommerce\\Models\\ProductCategory','product-categories','2023-05-28 21:29:51','2023-05-28 21:29:51'),(40,'meat-snacks',35,'Botble\\Ecommerce\\Models\\ProductCategory','product-categories','2023-05-28 21:29:51','2023-05-28 21:29:51'),(41,'beans',36,'Botble\\Ecommerce\\Models\\ProductCategory','product-categories','2023-05-28 21:29:51','2023-05-28 21:29:51'),(42,'lentils',37,'Botble\\Ecommerce\\Models\\ProductCategory','product-categories','2023-05-28 21:29:51','2023-05-28 21:29:51'),(43,'chickpeas',38,'Botble\\Ecommerce\\Models\\ProductCategory','product-categories','2023-05-28 21:29:51','2023-05-28 21:29:51'),(44,'tins-cans',39,'Botble\\Ecommerce\\Models\\ProductCategory','product-categories','2023-05-28 21:29:51','2023-05-28 21:29:51'),(45,'tomatoes',40,'Botble\\Ecommerce\\Models\\ProductCategory','product-categories','2023-05-28 21:29:51','2023-05-28 21:29:51'),(46,'baked-beans-spaghetti',41,'Botble\\Ecommerce\\Models\\ProductCategory','product-categories','2023-05-28 21:29:51','2023-05-28 21:29:51'),(47,'fish',42,'Botble\\Ecommerce\\Models\\ProductCategory','product-categories','2023-05-28 21:29:51','2023-05-28 21:29:51'),(48,'beans-pulses',43,'Botble\\Ecommerce\\Models\\ProductCategory','product-categories','2023-05-28 21:29:51','2023-05-28 21:29:51'),(49,'fruit',44,'Botble\\Ecommerce\\Models\\ProductCategory','product-categories','2023-05-28 21:29:51','2023-05-28 21:29:51'),(50,'coconut-milk-cream',45,'Botble\\Ecommerce\\Models\\ProductCategory','product-categories','2023-05-28 21:29:51','2023-05-28 21:29:51'),(51,'lighter-options',46,'Botble\\Ecommerce\\Models\\ProductCategory','product-categories','2023-05-28 21:29:51','2023-05-28 21:29:51'),(52,'olives',47,'Botble\\Ecommerce\\Models\\ProductCategory','product-categories','2023-05-28 21:29:51','2023-05-28 21:29:51'),(53,'sweetcorn',48,'Botble\\Ecommerce\\Models\\ProductCategory','product-categories','2023-05-28 21:29:51','2023-05-28 21:29:51'),(54,'carrots',49,'Botble\\Ecommerce\\Models\\ProductCategory','product-categories','2023-05-28 21:29:51','2023-05-28 21:29:51'),(55,'peas',50,'Botble\\Ecommerce\\Models\\ProductCategory','product-categories','2023-05-28 21:29:51','2023-05-28 21:29:51'),(56,'mixed-vegetables',51,'Botble\\Ecommerce\\Models\\ProductCategory','product-categories','2023-05-28 21:29:51','2023-05-28 21:29:51'),(57,'frozen-seafoods',52,'Botble\\Ecommerce\\Models\\ProductCategory','product-categories','2023-05-28 21:29:51','2023-05-28 21:29:51'),(58,'raw-meats',53,'Botble\\Ecommerce\\Models\\ProductCategory','product-categories','2023-05-28 21:29:51','2023-05-28 21:29:51'),(59,'wines-alcohol-drinks',54,'Botble\\Ecommerce\\Models\\ProductCategory','product-categories','2023-05-28 21:29:51','2023-05-28 21:29:51'),(60,'ready-meals',55,'Botble\\Ecommerce\\Models\\ProductCategory','product-categories','2023-05-28 21:29:51','2023-05-28 21:29:51'),(61,'meals-for-1',56,'Botble\\Ecommerce\\Models\\ProductCategory','product-categories','2023-05-28 21:29:51','2023-05-28 21:29:51'),(62,'meals-for-2',57,'Botble\\Ecommerce\\Models\\ProductCategory','product-categories','2023-05-28 21:29:51','2023-05-28 21:29:51'),(63,'indian',58,'Botble\\Ecommerce\\Models\\ProductCategory','product-categories','2023-05-28 21:29:51','2023-05-28 21:29:51'),(64,'italian',59,'Botble\\Ecommerce\\Models\\ProductCategory','product-categories','2023-05-28 21:29:51','2023-05-28 21:29:51'),(65,'chinese',60,'Botble\\Ecommerce\\Models\\ProductCategory','product-categories','2023-05-28 21:29:51','2023-05-28 21:29:51'),(66,'traditional-british',61,'Botble\\Ecommerce\\Models\\ProductCategory','product-categories','2023-05-28 21:29:51','2023-05-28 21:29:51'),(67,'thai-oriental',62,'Botble\\Ecommerce\\Models\\ProductCategory','product-categories','2023-05-28 21:29:51','2023-05-28 21:29:51'),(68,'mediterranean-moroccan',63,'Botble\\Ecommerce\\Models\\ProductCategory','product-categories','2023-05-28 21:29:51','2023-05-28 21:29:51'),(69,'mexican-caribbean',64,'Botble\\Ecommerce\\Models\\ProductCategory','product-categories','2023-05-28 21:29:51','2023-05-28 21:29:51'),(70,'lighter-meals',65,'Botble\\Ecommerce\\Models\\ProductCategory','product-categories','2023-05-28 21:29:51','2023-05-28 21:29:51'),(71,'lunch-veg-pots',66,'Botble\\Ecommerce\\Models\\ProductCategory','product-categories','2023-05-28 21:29:51','2023-05-28 21:29:51'),(72,'salad-herbs',67,'Botble\\Ecommerce\\Models\\ProductCategory','product-categories','2023-05-28 21:29:51','2023-05-28 21:29:51'),(73,'salad-bags',68,'Botble\\Ecommerce\\Models\\ProductCategory','product-categories','2023-05-28 21:29:51','2023-05-28 21:29:51'),(74,'cucumber',69,'Botble\\Ecommerce\\Models\\ProductCategory','product-categories','2023-05-28 21:29:51','2023-05-28 21:29:51'),(75,'tomatoes',70,'Botble\\Ecommerce\\Models\\ProductCategory','product-categories','2023-05-28 21:29:51','2023-05-28 21:29:51'),(76,'lettuce',71,'Botble\\Ecommerce\\Models\\ProductCategory','product-categories','2023-05-28 21:29:51','2023-05-28 21:29:51'),(77,'lunch-salad-bowls',72,'Botble\\Ecommerce\\Models\\ProductCategory','product-categories','2023-05-28 21:29:51','2023-05-28 21:29:51'),(78,'lunch-salad-bowls',73,'Botble\\Ecommerce\\Models\\ProductCategory','product-categories','2023-05-28 21:29:51','2023-05-28 21:29:51'),(79,'fresh-herbs',74,'Botble\\Ecommerce\\Models\\ProductCategory','product-categories','2023-05-28 21:29:51','2023-05-28 21:29:51'),(80,'avocados',75,'Botble\\Ecommerce\\Models\\ProductCategory','product-categories','2023-05-28 21:29:51','2023-05-28 21:29:51'),(81,'peppers',76,'Botble\\Ecommerce\\Models\\ProductCategory','product-categories','2023-05-28 21:29:51','2023-05-28 21:29:51'),(82,'coleslaw-potato-salad',77,'Botble\\Ecommerce\\Models\\ProductCategory','product-categories','2023-05-28 21:29:51','2023-05-28 21:29:51'),(83,'spring-onions',78,'Botble\\Ecommerce\\Models\\ProductCategory','product-categories','2023-05-28 21:29:51','2023-05-28 21:29:51'),(84,'chilli-ginger-garlic',79,'Botble\\Ecommerce\\Models\\ProductCategory','product-categories','2023-05-28 21:29:51','2023-05-28 21:29:51'),(85,'tea-coffee',80,'Botble\\Ecommerce\\Models\\ProductCategory','product-categories','2023-05-28 21:29:51','2023-05-28 21:29:51'),(86,'milks-and-dairies',81,'Botble\\Ecommerce\\Models\\ProductCategory','product-categories','2023-05-28 21:29:51','2023-05-28 21:29:51'),(87,'pet-foods',82,'Botble\\Ecommerce\\Models\\ProductCategory','product-categories','2023-05-28 21:29:51','2023-05-28 21:29:51'),(88,'food-cupboard',83,'Botble\\Ecommerce\\Models\\ProductCategory','product-categories','2023-05-28 21:29:51','2023-05-28 21:29:51'),(89,'dual-camera-20mp',1,'Botble\\Ecommerce\\Models\\Product','products','2023-05-28 21:29:55','2023-05-28 21:29:55'),(90,'smart-watches',2,'Botble\\Ecommerce\\Models\\Product','products','2023-05-28 21:29:55','2023-05-28 21:29:55'),(91,'beat-headphone',3,'Botble\\Ecommerce\\Models\\Product','products','2023-05-28 21:29:55','2023-05-28 21:29:55'),(92,'red-black-headphone',4,'Botble\\Ecommerce\\Models\\Product','products','2023-05-28 21:29:55','2023-05-28 21:29:55'),(93,'smart-watch-external',5,'Botble\\Ecommerce\\Models\\Product','products','2023-05-28 21:29:55','2023-05-28 21:29:55'),(94,'nikon-hd-camera',6,'Botble\\Ecommerce\\Models\\Product','products','2023-05-28 21:29:55','2023-05-28 21:29:55'),(95,'audio-equipment',7,'Botble\\Ecommerce\\Models\\Product','products','2023-05-28 21:29:55','2023-05-28 21:29:55'),(96,'smart-televisions',8,'Botble\\Ecommerce\\Models\\Product','products','2023-05-28 21:29:55','2023-05-28 21:29:55'),(97,'samsung-smart-phone',9,'Botble\\Ecommerce\\Models\\Product','products','2023-05-28 21:29:55','2023-05-28 21:29:55'),(98,'herschel-leather-duffle-bag-in-brown-color',10,'Botble\\Ecommerce\\Models\\Product','products','2023-05-28 21:29:55','2023-05-28 21:29:55'),(99,'xbox-one-wireless-controller-black-color',11,'Botble\\Ecommerce\\Models\\Product','products','2023-05-28 21:29:55','2023-05-28 21:29:55'),(100,'epsion-plaster-printer',12,'Botble\\Ecommerce\\Models\\Product','products','2023-05-28 21:29:55','2023-05-28 21:29:55'),(101,'sound-intone-i65-earphone-white-version',13,'Botble\\Ecommerce\\Models\\Product','products','2023-05-28 21:29:55','2023-05-28 21:29:55'),(102,'bo-play-mini-bluetooth-speaker',14,'Botble\\Ecommerce\\Models\\Product','products','2023-05-28 21:29:55','2023-05-28 21:29:55'),(103,'apple-macbook-air-retina-133-inch-laptop',15,'Botble\\Ecommerce\\Models\\Product','products','2023-05-28 21:29:55','2023-05-28 21:29:55'),(104,'apple-macbook-air-retina-12-inch-laptop',16,'Botble\\Ecommerce\\Models\\Product','products','2023-05-28 21:29:55','2023-05-28 21:29:55'),(105,'samsung-gear-vr-virtual-reality-headset',17,'Botble\\Ecommerce\\Models\\Product','products','2023-05-28 21:29:55','2023-05-28 21:29:55'),(106,'aveeno-moisturizing-body-shower-450ml',18,'Botble\\Ecommerce\\Models\\Product','products','2023-05-28 21:29:55','2023-05-28 21:29:55'),(107,'nyx-beauty-couton-pallete-makeup-12',19,'Botble\\Ecommerce\\Models\\Product','products','2023-05-28 21:29:55','2023-05-28 21:29:55'),(108,'nyx-beauty-couton-pallete-makeup-12',20,'Botble\\Ecommerce\\Models\\Product','products','2023-05-28 21:29:55','2023-05-28 21:29:55'),(109,'mvmth-classical-leather-watch-in-black',21,'Botble\\Ecommerce\\Models\\Product','products','2023-05-28 21:29:55','2023-05-28 21:29:55'),(110,'baxter-care-hair-kit-for-bearded-mens',22,'Botble\\Ecommerce\\Models\\Product','products','2023-05-28 21:29:55','2023-05-28 21:29:55'),(111,'ciate-palemore-lipstick-bold-red-color',23,'Botble\\Ecommerce\\Models\\Product','products','2023-05-28 21:29:55','2023-05-28 21:29:55'),(112,'vimto-squash-remix-apple-15-litres',24,'Botble\\Ecommerce\\Models\\Product','products','2023-05-28 21:29:55','2023-05-28 21:29:55'),(113,'crock-pot-slow-cooker',25,'Botble\\Ecommerce\\Models\\Product','products','2023-05-28 21:29:55','2023-05-28 21:29:55'),(114,'taylors-of-harrogate-yorkshire-coffee',26,'Botble\\Ecommerce\\Models\\Product','products','2023-05-28 21:29:55','2023-05-28 21:29:55'),(115,'soft-mochi-galeto-ice-cream',27,'Botble\\Ecommerce\\Models\\Product','products','2023-05-28 21:29:55','2023-05-28 21:29:55'),(116,'naked-noodle-egg-noodles-singapore',28,'Botble\\Ecommerce\\Models\\Product','products','2023-05-28 21:29:55','2023-05-28 21:29:55'),(117,'saute-pan-silver',29,'Botble\\Ecommerce\\Models\\Product','products','2023-05-28 21:29:55','2023-05-28 21:29:55'),(118,'bar-s-classic-bun-length-franks',30,'Botble\\Ecommerce\\Models\\Product','products','2023-05-28 21:29:55','2023-05-28 21:29:55'),(119,'broccoli-crowns',31,'Botble\\Ecommerce\\Models\\Product','products','2023-05-28 21:29:55','2023-05-28 21:29:55'),(120,'slimming-world-vegan-mac-greens',32,'Botble\\Ecommerce\\Models\\Product','products','2023-05-28 21:29:55','2023-05-28 21:29:55'),(121,'haagen-dazs-salted-caramel',33,'Botble\\Ecommerce\\Models\\Product','products','2023-05-28 21:29:55','2023-05-28 21:29:55'),(122,'iceland-3-solo-exotic-burst',34,'Botble\\Ecommerce\\Models\\Product','products','2023-05-28 21:29:55','2023-05-28 21:29:55'),(123,'extreme-budweiser-light-can',35,'Botble\\Ecommerce\\Models\\Product','products','2023-05-28 21:29:55','2023-05-28 21:29:55'),(124,'iceland-macaroni-cheese-traybake',36,'Botble\\Ecommerce\\Models\\Product','products','2023-05-28 21:29:55','2023-05-28 21:29:55'),(125,'dolmio-bolognese-pasta-sauce',37,'Botble\\Ecommerce\\Models\\Product','products','2023-05-28 21:29:55','2023-05-28 21:29:55'),(126,'sitema-bakeit-plastic-box',38,'Botble\\Ecommerce\\Models\\Product','products','2023-05-28 21:29:55','2023-05-28 21:29:55'),(127,'wayfair-basics-dinner-plate-storage',39,'Botble\\Ecommerce\\Models\\Product','products','2023-05-28 21:29:55','2023-05-28 21:29:55'),(128,'miko-the-panda-water-bottle',40,'Botble\\Ecommerce\\Models\\Product','products','2023-05-28 21:29:55','2023-05-28 21:29:55'),(129,'sesame-seed-bread',41,'Botble\\Ecommerce\\Models\\Product','products','2023-05-28 21:29:55','2023-05-28 21:29:55'),(130,'morrisons-the-best-beef',42,'Botble\\Ecommerce\\Models\\Product','products','2023-05-28 21:29:55','2023-05-28 21:29:55'),(131,'avocado-hass-large',43,'Botble\\Ecommerce\\Models\\Product','products','2023-05-28 21:29:55','2023-05-28 21:29:55'),(132,'italia-beef-lasagne',44,'Botble\\Ecommerce\\Models\\Product','products','2023-05-28 21:29:55','2023-05-28 21:29:55'),(133,'maxwell-house-classic-roast-mocha',45,'Botble\\Ecommerce\\Models\\Product','products','2023-05-28 21:29:55','2023-05-28 21:29:55'),(134,'bottled-pure-water-500ml',46,'Botble\\Ecommerce\\Models\\Product','products','2023-05-28 21:29:55','2023-05-28 21:29:55'),(135,'famart-farmhouse-soft-white',47,'Botble\\Ecommerce\\Models\\Product','products','2023-05-28 21:29:55','2023-05-28 21:29:55'),(136,'coca-cola-original-taste',48,'Botble\\Ecommerce\\Models\\Product','products','2023-05-28 21:29:55','2023-05-28 21:29:55'),(137,'casillero-diablo-cabernet-sauvignon',49,'Botble\\Ecommerce\\Models\\Product','products','2023-05-28 21:29:55','2023-05-28 21:29:55'),(138,'arla-organic-free-range-milk',50,'Botble\\Ecommerce\\Models\\Product','products','2023-05-28 21:29:55','2023-05-28 21:29:55'),(139,'aptamil-follow-on-baby-milk',51,'Botble\\Ecommerce\\Models\\Product','products','2023-05-28 21:29:55','2023-05-28 21:29:55'),(140,'cuisinart-chefs-classic-hard-anodized',52,'Botble\\Ecommerce\\Models\\Product','products','2023-05-28 21:29:55','2023-05-28 21:29:55'),(141,'corn-yellow-sweet',53,'Botble\\Ecommerce\\Models\\Product','products','2023-05-28 21:29:56','2023-05-28 21:29:56'),(142,'hobnobs-the-nobbly-biscuit',54,'Botble\\Ecommerce\\Models\\Product','products','2023-05-28 21:29:56','2023-05-28 21:29:56'),(143,'honest-organic-still-lemonade',55,'Botble\\Ecommerce\\Models\\Product','products','2023-05-28 21:29:56','2023-05-28 21:29:56'),(144,'ice-becks-beer-350ml-x-24-pieces',56,'Botble\\Ecommerce\\Models\\Product','products','2023-05-28 21:29:56','2023-05-28 21:29:56'),(145,'iceland-6-hot-cross-buns',57,'Botble\\Ecommerce\\Models\\Product','products','2023-05-28 21:29:56','2023-05-28 21:29:56'),(146,'iceland-luxury-4-panini-rolls',58,'Botble\\Ecommerce\\Models\\Product','products','2023-05-28 21:29:56','2023-05-28 21:29:56'),(147,'iceland-soft-scoop-vanilla',59,'Botble\\Ecommerce\\Models\\Product','products','2023-05-28 21:29:56','2023-05-28 21:29:56'),(148,'iceland-spaghetti-bolognese',60,'Botble\\Ecommerce\\Models\\Product','products','2023-05-28 21:29:56','2023-05-28 21:29:56'),(149,'kelloggs-coco-pops-cereal',61,'Botble\\Ecommerce\\Models\\Product','products','2023-05-28 21:29:56','2023-05-28 21:29:56'),(150,'kit-kat-chunky-milk-chocolate',62,'Botble\\Ecommerce\\Models\\Product','products','2023-05-28 21:29:56','2023-05-28 21:29:56'),(151,'large-green-bell-pepper',63,'Botble\\Ecommerce\\Models\\Product','products','2023-05-28 21:29:56','2023-05-28 21:29:56'),(152,'pice-94w-beasley-journal',64,'Botble\\Ecommerce\\Models\\Product','products','2023-05-28 21:29:56','2023-05-28 21:29:56'),(153,'province-piece-glass-drinking-glass',65,'Botble\\Ecommerce\\Models\\Product','products','2023-05-28 21:29:56','2023-05-28 21:29:56'),(154,'electronic',1,'Botble\\Ecommerce\\Models\\ProductTag','product-tags','2023-05-28 21:30:02','2023-05-28 21:30:02'),(155,'mobile',2,'Botble\\Ecommerce\\Models\\ProductTag','product-tags','2023-05-28 21:30:02','2023-05-28 21:30:02'),(156,'iphone',3,'Botble\\Ecommerce\\Models\\ProductTag','product-tags','2023-05-28 21:30:02','2023-05-28 21:30:02'),(157,'printer',4,'Botble\\Ecommerce\\Models\\ProductTag','product-tags','2023-05-28 21:30:02','2023-05-28 21:30:02'),(158,'office',5,'Botble\\Ecommerce\\Models\\ProductTag','product-tags','2023-05-28 21:30:02','2023-05-28 21:30:02'),(159,'it',6,'Botble\\Ecommerce\\Models\\ProductTag','product-tags','2023-05-28 21:30:02','2023-05-28 21:30:02'),(160,'ecommerce',1,'Botble\\Blog\\Models\\Category','blog','2023-05-28 21:30:02','2023-05-28 21:30:02'),(161,'fashion',2,'Botble\\Blog\\Models\\Category','blog','2023-05-28 21:30:02','2023-05-28 21:30:02'),(162,'electronic',3,'Botble\\Blog\\Models\\Category','blog','2023-05-28 21:30:02','2023-05-28 21:30:02'),(163,'commercial',4,'Botble\\Blog\\Models\\Category','blog','2023-05-28 21:30:02','2023-05-28 21:30:02'),(164,'general',1,'Botble\\Blog\\Models\\Tag','tag','2023-05-28 21:30:02','2023-05-28 21:30:02'),(165,'design',2,'Botble\\Blog\\Models\\Tag','tag','2023-05-28 21:30:02','2023-05-28 21:30:02'),(166,'fashion',3,'Botble\\Blog\\Models\\Tag','tag','2023-05-28 21:30:02','2023-05-28 21:30:02'),(167,'branding',4,'Botble\\Blog\\Models\\Tag','tag','2023-05-28 21:30:02','2023-05-28 21:30:02'),(168,'modern',5,'Botble\\Blog\\Models\\Tag','tag','2023-05-28 21:30:02','2023-05-28 21:30:02'),(169,'4-expert-tips-on-how-to-choose-the-right-mens-wallet',1,'Botble\\Blog\\Models\\Post','blog','2023-05-28 21:30:02','2023-05-28 21:30:02'),(170,'sexy-clutches-how-to-buy-wear-a-designer-clutch-bag',2,'Botble\\Blog\\Models\\Post','blog','2023-05-28 21:30:02','2023-05-28 21:30:02'),(171,'the-top-2020-handbag-trends-to-know',3,'Botble\\Blog\\Models\\Post','blog','2023-05-28 21:30:02','2023-05-28 21:30:02'),(172,'how-to-match-the-color-of-your-handbag-with-an-outfit',4,'Botble\\Blog\\Models\\Post','blog','2023-05-28 21:30:02','2023-05-28 21:30:02'),(173,'how-to-care-for-leather-bags',5,'Botble\\Blog\\Models\\Post','blog','2023-05-28 21:30:02','2023-05-28 21:30:02'),(174,'were-crushing-hard-on-summers-10-biggest-bag-trends',6,'Botble\\Blog\\Models\\Post','blog','2023-05-28 21:30:02','2023-05-28 21:30:02'),(175,'essential-qualities-of-highly-successful-music',7,'Botble\\Blog\\Models\\Post','blog','2023-05-28 21:30:02','2023-05-28 21:30:02'),(176,'9-things-i-love-about-shaving-my-head',8,'Botble\\Blog\\Models\\Post','blog','2023-05-28 21:30:02','2023-05-28 21:30:02'),(177,'why-teamwork-really-makes-the-dream-work',9,'Botble\\Blog\\Models\\Post','blog','2023-05-28 21:30:02','2023-05-28 21:30:02'),(178,'the-world-caters-to-average-people',10,'Botble\\Blog\\Models\\Post','blog','2023-05-28 21:30:02','2023-05-28 21:30:02'),(179,'the-litigants-on-the-screen-are-not-actors',11,'Botble\\Blog\\Models\\Post','blog','2023-05-28 21:30:02','2023-05-28 21:30:02'),(180,'home',1,'Botble\\Page\\Models\\Page','','2023-05-28 21:30:02','2023-05-28 21:30:02'),(181,'about-us',2,'Botble\\Page\\Models\\Page','','2023-05-28 21:30:02','2023-05-28 21:30:02'),(182,'terms-of-use',3,'Botble\\Page\\Models\\Page','','2023-05-28 21:30:02','2023-05-28 21:30:02'),(183,'terms-conditions',4,'Botble\\Page\\Models\\Page','','2023-05-28 21:30:02','2023-05-28 21:30:02'),(184,'refund-policy',5,'Botble\\Page\\Models\\Page','','2023-05-28 21:30:02','2023-05-28 21:30:02'),(185,'blog',6,'Botble\\Page\\Models\\Page','','2023-05-28 21:30:02','2023-05-28 21:30:02'),(186,'faqs',7,'Botble\\Page\\Models\\Page','','2023-05-28 21:30:02','2023-05-28 21:30:02'),(187,'contact',8,'Botble\\Page\\Models\\Page','','2023-05-28 21:30:02','2023-05-28 21:30:02'),(188,'cookie-policy',9,'Botble\\Page\\Models\\Page','','2023-05-28 21:30:02','2023-05-28 21:30:02'),(189,'affiliate',10,'Botble\\Page\\Models\\Page','','2023-05-28 21:30:02','2023-05-28 21:30:02'),(190,'career',11,'Botble\\Page\\Models\\Page','','2023-05-28 21:30:02','2023-05-28 21:30:02'),(191,'coming-soon',12,'Botble\\Page\\Models\\Page','','2023-05-28 21:30:02','2023-05-28 21:30:02'),(192,'gopro',1,'Botble\\Marketplace\\Models\\Store','stores','2023-05-28 21:30:04','2023-05-28 21:30:04'),(193,'global-office',2,'Botble\\Marketplace\\Models\\Store','stores','2023-05-28 21:30:04','2023-05-28 21:30:04'),(194,'young-shop',3,'Botble\\Marketplace\\Models\\Store','stores','2023-05-28 21:30:04','2023-05-28 21:30:04'),(195,'global-store',4,'Botble\\Marketplace\\Models\\Store','stores','2023-05-28 21:30:04','2023-05-28 21:30:04'),(196,'roberts-store',5,'Botble\\Marketplace\\Models\\Store','stores','2023-05-28 21:30:04','2023-05-28 21:30:04'),(197,'stouffer',6,'Botble\\Marketplace\\Models\\Store','stores','2023-05-28 21:30:04','2023-05-28 21:30:04'),(198,'starkist',7,'Botble\\Marketplace\\Models\\Store','stores','2023-05-28 21:30:04','2023-05-28 21:30:04'),(199,'old-el-paso',8,'Botble\\Marketplace\\Models\\Store','stores','2023-05-28 21:30:04','2023-05-28 21:30:04');
/*!40000 ALTER TABLE `slugs` ENABLE KEYS */;
UNLOCK TABLES;

--
-- Table structure for table `states`
--

DROP TABLE IF EXISTS `states`;
/*!40101 SET @saved_cs_client     = @@character_set_client */;
/*!50503 SET character_set_client = utf8mb4 */;
CREATE TABLE `states` (
  `id` bigint unsigned NOT NULL AUTO_INCREMENT,
  `name` varchar(120) COLLATE utf8mb4_unicode_ci NOT NULL,
  `abbreviation` varchar(10) CHARACTER SET utf8mb4 COLLATE utf8mb4_unicode_ci DEFAULT NULL,
  `country_id` bigint unsigned DEFAULT NULL,
  `order` tinyint NOT NULL DEFAULT '0',
  `is_default` tinyint unsigned NOT NULL DEFAULT '0',
  `status` varchar(60) COLLATE utf8mb4_unicode_ci NOT NULL DEFAULT 'published',
  `created_at` timestamp NULL DEFAULT NULL,
  `updated_at` timestamp NULL DEFAULT NULL,
  PRIMARY KEY (`id`)
) ENGINE=InnoDB DEFAULT CHARSET=utf8mb4 COLLATE=utf8mb4_unicode_ci;
/*!40101 SET character_set_client = @saved_cs_client */;

--
-- Dumping data for table `states`
--

LOCK TABLES `states` WRITE;
/*!40000 ALTER TABLE `states` DISABLE KEYS */;
/*!40000 ALTER TABLE `states` ENABLE KEYS */;
UNLOCK TABLES;

--
-- Table structure for table `states_translations`
--

DROP TABLE IF EXISTS `states_translations`;
/*!40101 SET @saved_cs_client     = @@character_set_client */;
/*!50503 SET character_set_client = utf8mb4 */;
CREATE TABLE `states_translations` (
  `lang_code` varchar(191) COLLATE utf8mb4_unicode_ci NOT NULL,
  `states_id` bigint unsigned NOT NULL,
  `name` varchar(120) COLLATE utf8mb4_unicode_ci DEFAULT NULL,
  `abbreviation` varchar(10) CHARACTER SET utf8mb4 COLLATE utf8mb4_unicode_ci DEFAULT NULL,
  PRIMARY KEY (`lang_code`,`states_id`)
) ENGINE=InnoDB DEFAULT CHARSET=utf8mb4 COLLATE=utf8mb4_unicode_ci;
/*!40101 SET character_set_client = @saved_cs_client */;

--
-- Dumping data for table `states_translations`
--

LOCK TABLES `states_translations` WRITE;
/*!40000 ALTER TABLE `states_translations` DISABLE KEYS */;
/*!40000 ALTER TABLE `states_translations` ENABLE KEYS */;
UNLOCK TABLES;

--
-- Table structure for table `tags`
--

DROP TABLE IF EXISTS `tags`;
/*!40101 SET @saved_cs_client     = @@character_set_client */;
/*!50503 SET character_set_client = utf8mb4 */;
CREATE TABLE `tags` (
  `id` bigint unsigned NOT NULL AUTO_INCREMENT,
  `name` varchar(120) COLLATE utf8mb4_unicode_ci NOT NULL,
  `author_id` bigint unsigned NOT NULL,
  `author_type` varchar(255) CHARACTER SET utf8mb4 COLLATE utf8mb4_unicode_ci NOT NULL DEFAULT 'Botble\\ACL\\Models\\User',
  `description` varchar(400) COLLATE utf8mb4_unicode_ci DEFAULT '',
  `status` varchar(60) COLLATE utf8mb4_unicode_ci NOT NULL DEFAULT 'published',
  `created_at` timestamp NULL DEFAULT NULL,
  `updated_at` timestamp NULL DEFAULT NULL,
  PRIMARY KEY (`id`)
) ENGINE=InnoDB AUTO_INCREMENT=6 DEFAULT CHARSET=utf8mb4 COLLATE=utf8mb4_unicode_ci;
/*!40101 SET character_set_client = @saved_cs_client */;

--
-- Dumping data for table `tags`
--

LOCK TABLES `tags` WRITE;
/*!40000 ALTER TABLE `tags` DISABLE KEYS */;
INSERT INTO `tags` VALUES (1,'General',2,'Botble\\ACL\\Models\\User','','published','2023-05-28 21:30:02','2023-05-28 21:30:02'),(2,'Design',2,'Botble\\ACL\\Models\\User','','published','2023-05-28 21:30:02','2023-05-28 21:30:02'),(3,'Fashion',2,'Botble\\ACL\\Models\\User','','published','2023-05-28 21:30:02','2023-05-28 21:30:02'),(4,'Branding',2,'Botble\\ACL\\Models\\User','','published','2023-05-28 21:30:02','2023-05-28 21:30:02'),(5,'Modern',2,'Botble\\ACL\\Models\\User','','published','2023-05-28 21:30:02','2023-05-28 21:30:02');
/*!40000 ALTER TABLE `tags` ENABLE KEYS */;
UNLOCK TABLES;

--
-- Table structure for table `tags_translations`
--

DROP TABLE IF EXISTS `tags_translations`;
/*!40101 SET @saved_cs_client     = @@character_set_client */;
/*!50503 SET character_set_client = utf8mb4 */;
CREATE TABLE `tags_translations` (
  `lang_code` varchar(191) COLLATE utf8mb4_unicode_ci NOT NULL,
  `tags_id` bigint unsigned NOT NULL,
  `name` varchar(255) COLLATE utf8mb4_unicode_ci DEFAULT NULL,
  `description` varchar(400) COLLATE utf8mb4_unicode_ci DEFAULT NULL,
  PRIMARY KEY (`lang_code`,`tags_id`)
) ENGINE=InnoDB DEFAULT CHARSET=utf8mb4 COLLATE=utf8mb4_unicode_ci;
/*!40101 SET character_set_client = @saved_cs_client */;

--
-- Dumping data for table `tags_translations`
--

LOCK TABLES `tags_translations` WRITE;
/*!40000 ALTER TABLE `tags_translations` DISABLE KEYS */;
INSERT INTO `tags_translations` VALUES ('vi',1,'Chung',NULL),('vi',2,'Thiết kế',NULL),('vi',3,'Thời trang',NULL),('vi',4,'Thương hiệu',NULL),('vi',5,'Hiện đại',NULL);
/*!40000 ALTER TABLE `tags_translations` ENABLE KEYS */;
UNLOCK TABLES;

--
-- Table structure for table `translations`
--

DROP TABLE IF EXISTS `translations`;
/*!40101 SET @saved_cs_client     = @@character_set_client */;
/*!50503 SET character_set_client = utf8mb4 */;
CREATE TABLE `translations` (
  `id` bigint unsigned NOT NULL AUTO_INCREMENT,
  `status` int NOT NULL DEFAULT '0',
  `locale` varchar(191) COLLATE utf8mb4_unicode_ci NOT NULL,
  `group` varchar(191) COLLATE utf8mb4_unicode_ci NOT NULL,
  `key` varchar(191) COLLATE utf8mb4_unicode_ci NOT NULL,
  `value` text COLLATE utf8mb4_unicode_ci,
  `created_at` timestamp NULL DEFAULT NULL,
  `updated_at` timestamp NULL DEFAULT NULL,
  PRIMARY KEY (`id`)
) ENGINE=InnoDB AUTO_INCREMENT=5420 DEFAULT CHARSET=utf8mb4 COLLATE=utf8mb4_unicode_ci;
/*!40101 SET character_set_client = @saved_cs_client */;

--
-- Dumping data for table `translations`
--

LOCK TABLES `translations` WRITE;
/*!40000 ALTER TABLE `translations` DISABLE KEYS */;
INSERT INTO `translations` VALUES (1,1,'en','auth','failed','These credentials do not match our records.','2023-05-28 21:30:11','2023-05-28 21:30:11'),(2,1,'en','auth','password','The provided password is incorrect.','2023-05-28 21:30:11','2023-05-28 21:30:11'),(3,1,'en','auth','throttle','Too many login attempts. Please try again in :seconds seconds.','2023-05-28 21:30:11','2023-05-28 21:30:11'),(4,1,'en','pagination','previous','&laquo; Previous','2023-05-28 21:30:11','2023-05-28 21:30:11'),(5,1,'en','pagination','next','Next &raquo;','2023-05-28 21:30:11','2023-05-28 21:30:11'),(6,1,'en','passwords','reset','Your password has been reset!','2023-05-28 21:30:11','2023-05-28 21:30:11'),(7,1,'en','passwords','sent','We have emailed your password reset link!','2023-05-28 21:30:11','2023-05-28 21:30:11'),(8,1,'en','passwords','throttled','Please wait before retrying.','2023-05-28 21:30:11','2023-05-28 21:30:11'),(9,1,'en','passwords','token','This password reset token is invalid.','2023-05-28 21:30:11','2023-05-28 21:30:11'),(10,1,'en','passwords','user','We can\'t find a user with that email address.','2023-05-28 21:30:11','2023-05-28 21:30:11'),(11,1,'en','validation','accepted','The :attribute must be accepted.','2023-05-28 21:30:11','2023-05-28 21:30:11'),(12,1,'en','validation','accepted_if','The :attribute must be accepted when :other is :value.','2023-05-28 21:30:11','2023-05-28 21:30:11'),(13,1,'en','validation','active_url','The :attribute is not a valid URL.','2023-05-28 21:30:11','2023-05-28 21:30:11'),(14,1,'en','validation','after','The :attribute must be a date after :date.','2023-05-28 21:30:11','2023-05-28 21:30:11'),(15,1,'en','validation','after_or_equal','The :attribute must be a date after or equal to :date.','2023-05-28 21:30:11','2023-05-28 21:30:11'),(16,1,'en','validation','alpha','The :attribute must only contain letters.','2023-05-28 21:30:11','2023-05-28 21:30:11'),(17,1,'en','validation','alpha_dash','The :attribute must only contain letters, numbers, dashes and underscores.','2023-05-28 21:30:11','2023-05-28 21:30:11'),(18,1,'en','validation','alpha_num','The :attribute must only contain letters and numbers.','2023-05-28 21:30:11','2023-05-28 21:30:11'),(19,1,'en','validation','array','The :attribute must be an array.','2023-05-28 21:30:11','2023-05-28 21:30:11'),(20,1,'en','validation','ascii','The :attribute must only contain single-byte alphanumeric characters and symbols.','2023-05-28 21:30:11','2023-05-28 21:30:11'),(21,1,'en','validation','before','The :attribute must be a date before :date.','2023-05-28 21:30:11','2023-05-28 21:30:11'),(22,1,'en','validation','before_or_equal','The :attribute must be a date before or equal to :date.','2023-05-28 21:30:11','2023-05-28 21:30:11'),(23,1,'en','validation','between.array','The :attribute must have between :min and :max items.','2023-05-28 21:30:11','2023-05-28 21:30:11'),(24,1,'en','validation','between.file','The :attribute must be between :min and :max kilobytes.','2023-05-28 21:30:11','2023-05-28 21:30:11'),(25,1,'en','validation','between.numeric','The :attribute must be between :min and :max.','2023-05-28 21:30:11','2023-05-28 21:30:11'),(26,1,'en','validation','between.string','The :attribute must be between :min and :max characters.','2023-05-28 21:30:11','2023-05-28 21:30:11'),(27,1,'en','validation','boolean','The :attribute field must be true or false.','2023-05-28 21:30:11','2023-05-28 21:30:11'),(28,1,'en','validation','confirmed','The :attribute confirmation does not match.','2023-05-28 21:30:11','2023-05-28 21:30:11'),(29,1,'en','validation','current_password','The password is incorrect.','2023-05-28 21:30:11','2023-05-28 21:30:11'),(30,1,'en','validation','date','The :attribute is not a valid date.','2023-05-28 21:30:11','2023-05-28 21:30:11'),(31,1,'en','validation','date_equals','The :attribute must be a date equal to :date.','2023-05-28 21:30:11','2023-05-28 21:30:11'),(32,1,'en','validation','date_format','The :attribute does not match the format :format.','2023-05-28 21:30:11','2023-05-28 21:30:11'),(33,1,'en','validation','decimal','The :attribute must have :decimal decimal places.','2023-05-28 21:30:11','2023-05-28 21:30:11'),(34,1,'en','validation','declined','The :attribute must be declined.','2023-05-28 21:30:11','2023-05-28 21:30:11'),(35,1,'en','validation','declined_if','The :attribute must be declined when :other is :value.','2023-05-28 21:30:11','2023-05-28 21:30:11'),(36,1,'en','validation','different','The :attribute and :other must be different.','2023-05-28 21:30:11','2023-05-28 21:30:11'),(37,1,'en','validation','digits','The :attribute must be :digits digits.','2023-05-28 21:30:11','2023-05-28 21:30:11'),(38,1,'en','validation','digits_between','The :attribute must be between :min and :max digits.','2023-05-28 21:30:11','2023-05-28 21:30:11'),(39,1,'en','validation','dimensions','The :attribute has invalid image dimensions.','2023-05-28 21:30:11','2023-05-28 21:30:11'),(40,1,'en','validation','distinct','The :attribute field has a duplicate value.','2023-05-28 21:30:11','2023-05-28 21:30:11'),(41,1,'en','validation','doesnt_end_with','The :attribute may not end with one of the following: :values.','2023-05-28 21:30:11','2023-05-28 21:30:11'),(42,1,'en','validation','doesnt_start_with','The :attribute may not start with one of the following: :values.','2023-05-28 21:30:11','2023-05-28 21:30:11'),(43,1,'en','validation','email','The :attribute must be a valid email address.','2023-05-28 21:30:11','2023-05-28 21:30:11'),(44,1,'en','validation','ends_with','The :attribute must end with one of the following: :values.','2023-05-28 21:30:11','2023-05-28 21:30:11'),(45,1,'en','validation','enum','The selected :attribute is invalid.','2023-05-28 21:30:11','2023-05-28 21:30:11'),(46,1,'en','validation','exists','The selected :attribute is invalid.','2023-05-28 21:30:11','2023-05-28 21:30:11'),(47,1,'en','validation','file','The :attribute must be a file.','2023-05-28 21:30:11','2023-05-28 21:30:11'),(48,1,'en','validation','filled','The :attribute field must have a value.','2023-05-28 21:30:11','2023-05-28 21:30:11'),(49,1,'en','validation','gt.array','The :attribute must have more than :value items.','2023-05-28 21:30:11','2023-05-28 21:30:11'),(50,1,'en','validation','gt.file','The :attribute must be greater than :value kilobytes.','2023-05-28 21:30:11','2023-05-28 21:30:11'),(51,1,'en','validation','gt.numeric','The :attribute must be greater than :value.','2023-05-28 21:30:11','2023-05-28 21:30:11'),(52,1,'en','validation','gt.string','The :attribute must be greater than :value characters.','2023-05-28 21:30:11','2023-05-28 21:30:11'),(53,1,'en','validation','gte.array','The :attribute must have :value items or more.','2023-05-28 21:30:11','2023-05-28 21:30:11'),(54,1,'en','validation','gte.file','The :attribute must be greater than or equal to :value kilobytes.','2023-05-28 21:30:11','2023-05-28 21:30:11'),(55,1,'en','validation','gte.numeric','The :attribute must be greater than or equal to :value.','2023-05-28 21:30:11','2023-05-28 21:30:11'),(56,1,'en','validation','gte.string','The :attribute must be greater than or equal to :value characters.','2023-05-28 21:30:11','2023-05-28 21:30:11'),(57,1,'en','validation','image','The :attribute must be an image.','2023-05-28 21:30:11','2023-05-28 21:30:11'),(58,1,'en','validation','in','The selected :attribute is invalid.','2023-05-28 21:30:11','2023-05-28 21:30:11'),(59,1,'en','validation','in_array','The :attribute field does not exist in :other.','2023-05-28 21:30:11','2023-05-28 21:30:11'),(60,1,'en','validation','integer','The :attribute must be an integer.','2023-05-28 21:30:11','2023-05-28 21:30:11'),(61,1,'en','validation','ip','The :attribute must be a valid IP address.','2023-05-28 21:30:11','2023-05-28 21:30:11'),(62,1,'en','validation','ipv4','The :attribute must be a valid IPv4 address.','2023-05-28 21:30:11','2023-05-28 21:30:11'),(63,1,'en','validation','ipv6','The :attribute must be a valid IPv6 address.','2023-05-28 21:30:11','2023-05-28 21:30:11'),(64,1,'en','validation','json','The :attribute must be a valid JSON string.','2023-05-28 21:30:11','2023-05-28 21:30:11'),(65,1,'en','validation','lowercase','The :attribute must be lowercase.','2023-05-28 21:30:11','2023-05-28 21:30:11'),(66,1,'en','validation','lt.array','The :attribute must have less than :value items.','2023-05-28 21:30:11','2023-05-28 21:30:11'),(67,1,'en','validation','lt.file','The :attribute must be less than :value kilobytes.','2023-05-28 21:30:11','2023-05-28 21:30:11'),(68,1,'en','validation','lt.numeric','The :attribute must be less than :value.','2023-05-28 21:30:11','2023-05-28 21:30:11'),(69,1,'en','validation','lt.string','The :attribute must be less than :value characters.','2023-05-28 21:30:11','2023-05-28 21:30:11'),(70,1,'en','validation','lte.array','The :attribute must not have more than :value items.','2023-05-28 21:30:11','2023-05-28 21:30:11'),(71,1,'en','validation','lte.file','The :attribute must be less than or equal to :value kilobytes.','2023-05-28 21:30:11','2023-05-28 21:30:11'),(72,1,'en','validation','lte.numeric','The :attribute must be less than or equal to :value.','2023-05-28 21:30:11','2023-05-28 21:30:11'),(73,1,'en','validation','lte.string','The :attribute must be less than or equal to :value characters.','2023-05-28 21:30:11','2023-05-28 21:30:11'),(74,1,'en','validation','mac_address','The :attribute must be a valid MAC address.','2023-05-28 21:30:11','2023-05-28 21:30:11'),(75,1,'en','validation','max.array','The :attribute must not have more than :max items.','2023-05-28 21:30:11','2023-05-28 21:30:11'),(76,1,'en','validation','max.file','The :attribute must not be greater than :max kilobytes.','2023-05-28 21:30:11','2023-05-28 21:30:11'),(77,1,'en','validation','max.numeric','The :attribute must not be greater than :max.','2023-05-28 21:30:11','2023-05-28 21:30:11'),(78,1,'en','validation','max.string','The :attribute must not be greater than :max characters.','2023-05-28 21:30:11','2023-05-28 21:30:11'),(79,1,'en','validation','max_digits','The :attribute must not have more than :max digits.','2023-05-28 21:30:11','2023-05-28 21:30:11'),(80,1,'en','validation','mimes','The :attribute must be a file of type: :values.','2023-05-28 21:30:11','2023-05-28 21:30:11'),(81,1,'en','validation','mimetypes','The :attribute must be a file of type: :values.','2023-05-28 21:30:11','2023-05-28 21:30:11'),(82,1,'en','validation','min.array','The :attribute must have at least :min items.','2023-05-28 21:30:11','2023-05-28 21:30:11'),(83,1,'en','validation','min.file','The :attribute must be at least :min kilobytes.','2023-05-28 21:30:11','2023-05-28 21:30:11'),(84,1,'en','validation','min.numeric','The :attribute must be at least :min.','2023-05-28 21:30:11','2023-05-28 21:30:11'),(85,1,'en','validation','min.string','The :attribute must be at least :min characters.','2023-05-28 21:30:11','2023-05-28 21:30:11'),(86,1,'en','validation','min_digits','The :attribute must have at least :min digits.','2023-05-28 21:30:11','2023-05-28 21:30:11'),(87,1,'en','validation','missing','The :attribute field must be missing.','2023-05-28 21:30:11','2023-05-28 21:30:11'),(88,1,'en','validation','missing_if','The :attribute field must be missing when :other is :value.','2023-05-28 21:30:11','2023-05-28 21:30:11'),(89,1,'en','validation','missing_unless','The :attribute field must be missing unless :other is :value.','2023-05-28 21:30:11','2023-05-28 21:30:11'),(90,1,'en','validation','missing_with','The :attribute field must be missing when :values is present.','2023-05-28 21:30:11','2023-05-28 21:30:11'),(91,1,'en','validation','missing_with_all','The :attribute field must be missing when :values are present.','2023-05-28 21:30:11','2023-05-28 21:30:11'),(92,1,'en','validation','multiple_of','The :attribute must be a multiple of :value.','2023-05-28 21:30:11','2023-05-28 21:30:11'),(93,1,'en','validation','not_in','The selected :attribute is invalid.','2023-05-28 21:30:11','2023-05-28 21:30:11'),(94,1,'en','validation','not_regex','The :attribute format is invalid.','2023-05-28 21:30:11','2023-05-28 21:30:11'),(95,1,'en','validation','numeric','The :attribute must be a number.','2023-05-28 21:30:11','2023-05-28 21:30:11'),(96,1,'en','validation','password.letters','The :attribute must contain at least one letter.','2023-05-28 21:30:11','2023-05-28 21:30:11'),(97,1,'en','validation','password.mixed','The :attribute must contain at least one uppercase and one lowercase letter.','2023-05-28 21:30:11','2023-05-28 21:30:11'),(98,1,'en','validation','password.numbers','The :attribute must contain at least one number.','2023-05-28 21:30:11','2023-05-28 21:30:11'),(99,1,'en','validation','password.symbols','The :attribute must contain at least one symbol.','2023-05-28 21:30:11','2023-05-28 21:30:11'),(100,1,'en','validation','password.uncompromised','The given :attribute has appeared in a data leak. Please choose a different :attribute.','2023-05-28 21:30:11','2023-05-28 21:30:11'),(101,1,'en','validation','present','The :attribute field must be present.','2023-05-28 21:30:11','2023-05-28 21:30:11'),(102,1,'en','validation','prohibited','The :attribute field is prohibited.','2023-05-28 21:30:11','2023-05-28 21:30:11'),(103,1,'en','validation','prohibited_if','The :attribute field is prohibited when :other is :value.','2023-05-28 21:30:11','2023-05-28 21:30:11'),(104,1,'en','validation','prohibited_unless','The :attribute field is prohibited unless :other is in :values.','2023-05-28 21:30:11','2023-05-28 21:30:11'),(105,1,'en','validation','prohibits','The :attribute field prohibits :other from being present.','2023-05-28 21:30:11','2023-05-28 21:30:11'),(106,1,'en','validation','regex','The :attribute format is invalid.','2023-05-28 21:30:11','2023-05-28 21:30:11'),(107,1,'en','validation','required','The :attribute field is required.','2023-05-28 21:30:11','2023-05-28 21:30:11'),(108,1,'en','validation','required_array_keys','The :attribute field must contain entries for: :values.','2023-05-28 21:30:11','2023-05-28 21:30:11'),(109,1,'en','validation','required_if','The :attribute field is required when :other is :value.','2023-05-28 21:30:11','2023-05-28 21:30:11'),(110,1,'en','validation','required_if_accepted','The :attribute field is required when :other is accepted.','2023-05-28 21:30:11','2023-05-28 21:30:11'),(111,1,'en','validation','required_unless','The :attribute field is required unless :other is in :values.','2023-05-28 21:30:11','2023-05-28 21:30:11'),(112,1,'en','validation','required_with','The :attribute field is required when :values is present.','2023-05-28 21:30:11','2023-05-28 21:30:11'),(113,1,'en','validation','required_with_all','The :attribute field is required when :values are present.','2023-05-28 21:30:11','2023-05-28 21:30:11'),(114,1,'en','validation','required_without','The :attribute field is required when :values is not present.','2023-05-28 21:30:11','2023-05-28 21:30:11'),(115,1,'en','validation','required_without_all','The :attribute field is required when none of :values are present.','2023-05-28 21:30:11','2023-05-28 21:30:11'),(116,1,'en','validation','same','The :attribute and :other must match.','2023-05-28 21:30:11','2023-05-28 21:30:11'),(117,1,'en','validation','size.array','The :attribute must contain :size items.','2023-05-28 21:30:11','2023-05-28 21:30:11'),(118,1,'en','validation','size.file','The :attribute must be :size kilobytes.','2023-05-28 21:30:11','2023-05-28 21:30:11'),(119,1,'en','validation','size.numeric','The :attribute must be :size.','2023-05-28 21:30:11','2023-05-28 21:30:11'),(120,1,'en','validation','size.string','The :attribute must be :size characters.','2023-05-28 21:30:11','2023-05-28 21:30:11'),(121,1,'en','validation','starts_with','The :attribute must start with one of the following: :values.','2023-05-28 21:30:11','2023-05-28 21:30:11'),(122,1,'en','validation','string','The :attribute must be a string.','2023-05-28 21:30:11','2023-05-28 21:30:11'),(123,1,'en','validation','timezone','The :attribute must be a valid timezone.','2023-05-28 21:30:11','2023-05-28 21:30:11'),(124,1,'en','validation','unique','The :attribute has already been taken.','2023-05-28 21:30:11','2023-05-28 21:30:11'),(125,1,'en','validation','uploaded','The :attribute failed to upload.','2023-05-28 21:30:11','2023-05-28 21:30:11'),(126,1,'en','validation','uppercase','The :attribute must be uppercase.','2023-05-28 21:30:11','2023-05-28 21:30:11'),(127,1,'en','validation','url','The :attribute must be a valid URL.','2023-05-28 21:30:11','2023-05-28 21:30:11'),(128,1,'en','validation','ulid','The :attribute must be a valid ULID.','2023-05-28 21:30:11','2023-05-28 21:30:11'),(129,1,'en','validation','uuid','The :attribute must be a valid UUID.','2023-05-28 21:30:11','2023-05-28 21:30:11'),(130,1,'en','validation','custom.attribute-name.rule-name','custom-message','2023-05-28 21:30:11','2023-05-28 21:30:11'),(131,1,'en','core/acl/api','api_clients','API Clients','2023-05-28 21:30:11','2023-05-28 21:30:11'),(132,1,'en','core/acl/api','create_new_client','Create new client','2023-05-28 21:30:11','2023-05-28 21:30:11'),(133,1,'en','core/acl/api','create_new_client_success','Create new client successfully!','2023-05-28 21:30:11','2023-05-28 21:30:11'),(134,1,'en','core/acl/api','edit_client','Edit client \":name\"','2023-05-28 21:30:11','2023-05-28 21:30:11'),(135,1,'en','core/acl/api','edit_client_success','Updated client successfully!','2023-05-28 21:30:11','2023-05-28 21:30:11'),(136,1,'en','core/acl/api','delete_success','Deleted client successfully!','2023-05-28 21:30:11','2023-05-28 21:30:11'),(137,1,'en','core/acl/api','confirm_delete_title','Confirm delete client \":name\"','2023-05-28 21:30:11','2023-05-28 21:30:11'),(138,1,'en','core/acl/api','confirm_delete_description','Do you really want to delete client \":name\"?','2023-05-28 21:30:11','2023-05-28 21:30:11'),(139,1,'en','core/acl/api','cancel_delete','No','2023-05-28 21:30:11','2023-05-28 21:30:11'),(140,1,'en','core/acl/api','continue_delete','Yes, let\'s delete it!','2023-05-28 21:30:11','2023-05-28 21:30:11'),(141,1,'en','core/acl/api','name','Name','2023-05-28 21:30:11','2023-05-28 21:30:11'),(142,1,'en','core/acl/api','cancel','Cancel','2023-05-28 21:30:11','2023-05-28 21:30:11'),(143,1,'en','core/acl/api','save','Save','2023-05-28 21:30:11','2023-05-28 21:30:11'),(144,1,'en','core/acl/api','edit','Edit','2023-05-28 21:30:11','2023-05-28 21:30:11'),(145,1,'en','core/acl/api','delete','Delete','2023-05-28 21:30:11','2023-05-28 21:30:11'),(146,1,'en','core/acl/api','client_id','Client ID','2023-05-28 21:30:11','2023-05-28 21:30:11'),(147,1,'en','core/acl/api','secret','Secret','2023-05-28 21:30:11','2023-05-28 21:30:11'),(148,1,'en','core/acl/auth','login.username','Email/Username','2023-05-28 21:30:11','2023-05-28 21:30:11'),(149,1,'en','core/acl/auth','login.email','Email','2023-05-28 21:30:11','2023-05-28 21:30:11'),(150,1,'en','core/acl/auth','login.password','Password','2023-05-28 21:30:11','2023-05-28 21:30:11'),(151,1,'en','core/acl/auth','login.title','User Login','2023-05-28 21:30:11','2023-05-28 21:30:11'),(152,1,'en','core/acl/auth','login.remember','Remember me?','2023-05-28 21:30:11','2023-05-28 21:30:11'),(153,1,'en','core/acl/auth','login.login','Sign in','2023-05-28 21:30:11','2023-05-28 21:30:11'),(154,1,'en','core/acl/auth','login.placeholder.username','Please enter your username','2023-05-28 21:30:11','2023-05-28 21:30:11'),(155,1,'en','core/acl/auth','login.placeholder.email','Please enter your email','2023-05-28 21:30:11','2023-05-28 21:30:11'),(156,1,'en','core/acl/auth','login.success','Login successfully!','2023-05-28 21:30:11','2023-05-28 21:30:11'),(157,1,'en','core/acl/auth','login.fail','Wrong username or password.','2023-05-28 21:30:11','2023-05-28 21:30:11'),(158,1,'en','core/acl/auth','login.not_active','Your account has not been activated yet!','2023-05-28 21:30:11','2023-05-28 21:30:11'),(159,1,'en','core/acl/auth','login.banned','This account is banned.','2023-05-28 21:30:11','2023-05-28 21:30:11'),(160,1,'en','core/acl/auth','login.logout_success','Logout successfully!','2023-05-28 21:30:11','2023-05-28 21:30:11'),(161,1,'en','core/acl/auth','login.dont_have_account','You don\'t have account on this system, please contact administrator for more information!','2023-05-28 21:30:11','2023-05-28 21:30:11'),(162,1,'en','core/acl/auth','forgot_password.title','Forgot Password','2023-05-28 21:30:11','2023-05-28 21:30:11'),(163,1,'en','core/acl/auth','forgot_password.message','<p>Have you forgotten your password?</p><p>Please enter your email account. System will send a email with active link to reset your password.</p>','2023-05-28 21:30:11','2023-05-28 21:30:11'),(164,1,'en','core/acl/auth','forgot_password.submit','Submit','2023-05-28 21:30:11','2023-05-28 21:30:11'),(165,1,'en','core/acl/auth','reset.new_password','New password','2023-05-28 21:30:11','2023-05-28 21:30:11'),(166,1,'en','core/acl/auth','reset.password_confirmation','Confirm new password','2023-05-28 21:30:11','2023-05-28 21:30:11'),(167,1,'en','core/acl/auth','reset.email','Email','2023-05-28 21:30:11','2023-05-28 21:30:11'),(168,1,'en','core/acl/auth','reset.title','Reset your password','2023-05-28 21:30:11','2023-05-28 21:30:11'),(169,1,'en','core/acl/auth','reset.update','Update','2023-05-28 21:30:11','2023-05-28 21:30:11'),(170,1,'en','core/acl/auth','reset.wrong_token','This link is invalid or expired. Please try using reset form again.','2023-05-28 21:30:11','2023-05-28 21:30:11'),(171,1,'en','core/acl/auth','reset.user_not_found','This username is not exist.','2023-05-28 21:30:11','2023-05-28 21:30:11'),(172,1,'en','core/acl/auth','reset.success','Reset password successfully!','2023-05-28 21:30:11','2023-05-28 21:30:11'),(173,1,'en','core/acl/auth','reset.fail','Token is invalid, the reset password link has been expired!','2023-05-28 21:30:11','2023-05-28 21:30:11'),(174,1,'en','core/acl/auth','reset.reset.title','Email reset password','2023-05-28 21:30:11','2023-05-28 21:30:11'),(175,1,'en','core/acl/auth','reset.send.success','A email was sent to your email account. Please check and complete this action.','2023-05-28 21:30:11','2023-05-28 21:30:11'),(176,1,'en','core/acl/auth','reset.send.fail','Can not send email in this time. Please try again later.','2023-05-28 21:30:11','2023-05-28 21:30:11'),(177,1,'en','core/acl/auth','reset.new-password','New password','2023-05-28 21:30:11','2023-05-28 21:30:11'),(178,1,'en','core/acl/auth','email.reminder.title','Email reset password','2023-05-28 21:30:11','2023-05-28 21:30:11'),(179,1,'en','core/acl/auth','password_confirmation','Password confirm','2023-05-28 21:30:11','2023-05-28 21:30:11'),(180,1,'en','core/acl/auth','failed','Failed','2023-05-28 21:30:11','2023-05-28 21:30:11'),(181,1,'en','core/acl/auth','throttle','Throttle','2023-05-28 21:30:11','2023-05-28 21:30:11'),(182,1,'en','core/acl/auth','not_member','Not a member yet?','2023-05-28 21:30:11','2023-05-28 21:30:11'),(183,1,'en','core/acl/auth','register_now','Register now','2023-05-28 21:30:11','2023-05-28 21:30:11'),(184,1,'en','core/acl/auth','lost_your_password','Lost your password?','2023-05-28 21:30:11','2023-05-28 21:30:11'),(185,1,'en','core/acl/auth','login_title','Admin','2023-05-28 21:30:11','2023-05-28 21:30:11'),(186,1,'en','core/acl/auth','login_via_social','Login with social networks','2023-05-28 21:30:11','2023-05-28 21:30:11'),(187,1,'en','core/acl/auth','back_to_login','Back to login page','2023-05-28 21:30:11','2023-05-28 21:30:11'),(188,1,'en','core/acl/auth','sign_in_below','Sign In Below','2023-05-28 21:30:11','2023-05-28 21:30:11'),(189,1,'en','core/acl/auth','languages','Languages','2023-05-28 21:30:11','2023-05-28 21:30:11'),(190,1,'en','core/acl/auth','reset_password','Reset Password','2023-05-28 21:30:11','2023-05-28 21:30:11'),(191,1,'en','core/acl/auth','settings.email.title','ACL','2023-05-28 21:30:11','2023-05-28 21:30:11'),(192,1,'en','core/acl/auth','settings.email.description','ACL email configuration','2023-05-28 21:30:11','2023-05-28 21:30:11'),(193,1,'en','core/acl/permissions','notices.role_in_use','Cannot delete this role, it is still in use!','2023-05-28 21:30:11','2023-05-28 21:30:11'),(194,1,'en','core/acl/permissions','notices.role_delete_belong_user','You are not able to delete this role; it belongs to someone else!','2023-05-28 21:30:11','2023-05-28 21:30:11'),(195,1,'en','core/acl/permissions','notices.role_edit_belong_user','You are not able to edit this role; it belongs to someone else!','2023-05-28 21:30:11','2023-05-28 21:30:11'),(196,1,'en','core/acl/permissions','notices.delete_global_role','You are not allowed to delete global roles!','2023-05-28 21:30:11','2023-05-28 21:30:11'),(197,1,'en','core/acl/permissions','notices.delete_success','The selected role was deleted successfully!','2023-05-28 21:30:11','2023-05-28 21:30:11'),(198,1,'en','core/acl/permissions','notices.modified_success','The selected role was modified successfully!','2023-05-28 21:30:11','2023-05-28 21:30:11'),(199,1,'en','core/acl/permissions','notices.create_success','The new role was successfully created','2023-05-28 21:30:11','2023-05-28 21:30:11'),(200,1,'en','core/acl/permissions','notices.duplicated_success','The selected role was duplicated successfully','2023-05-28 21:30:11','2023-05-28 21:30:11'),(201,1,'en','core/acl/permissions','notices.no_select','Please select at least one record to take this action!','2023-05-28 21:30:11','2023-05-28 21:30:11'),(202,1,'en','core/acl/permissions','notices.not_found','Role not found','2023-05-28 21:30:11','2023-05-28 21:30:11'),(203,1,'en','core/acl/permissions','name','Name','2023-05-28 21:30:11','2023-05-28 21:30:11'),(204,1,'en','core/acl/permissions','current_role','Current Role','2023-05-28 21:30:11','2023-05-28 21:30:11'),(205,1,'en','core/acl/permissions','no_role_assigned','No role assigned','2023-05-28 21:30:11','2023-05-28 21:30:11'),(206,1,'en','core/acl/permissions','role_assigned','Assigned Role','2023-05-28 21:30:11','2023-05-28 21:30:11'),(207,1,'en','core/acl/permissions','create_role','Create New Role','2023-05-28 21:30:11','2023-05-28 21:30:11'),(208,1,'en','core/acl/permissions','role_name','Name','2023-05-28 21:30:11','2023-05-28 21:30:11'),(209,1,'en','core/acl/permissions','role_description','Description','2023-05-28 21:30:11','2023-05-28 21:30:11'),(210,1,'en','core/acl/permissions','permission_flags','Permission Flags','2023-05-28 21:30:11','2023-05-28 21:30:11'),(211,1,'en','core/acl/permissions','cancel','Cancel','2023-05-28 21:30:11','2023-05-28 21:30:11'),(212,1,'en','core/acl/permissions','reset','Reset','2023-05-28 21:30:11','2023-05-28 21:30:11'),(213,1,'en','core/acl/permissions','save','Save','2023-05-28 21:30:11','2023-05-28 21:30:11'),(214,1,'en','core/acl/permissions','global_role_msg','This is a global role and cannot be modified.  You can use the Duplicate button to make a copy of this role that you can then modify.','2023-05-28 21:30:11','2023-05-28 21:30:11'),(215,1,'en','core/acl/permissions','details','Details','2023-05-28 21:30:11','2023-05-28 21:30:11'),(216,1,'en','core/acl/permissions','duplicate','Duplicate','2023-05-28 21:30:11','2023-05-28 21:30:11'),(217,1,'en','core/acl/permissions','all','All Permissions','2023-05-28 21:30:11','2023-05-28 21:30:11'),(218,1,'en','core/acl/permissions','list_role','List Roles','2023-05-28 21:30:11','2023-05-28 21:30:11'),(219,1,'en','core/acl/permissions','created_on','Created On','2023-05-28 21:30:11','2023-05-28 21:30:11'),(220,1,'en','core/acl/permissions','created_by','Created By','2023-05-28 21:30:11','2023-05-28 21:30:11'),(221,1,'en','core/acl/permissions','actions','Actions','2023-05-28 21:30:11','2023-05-28 21:30:11'),(222,1,'en','core/acl/permissions','role_in_use','Cannot delete this role, it is still in use!','2023-05-28 21:30:11','2023-05-28 21:30:11'),(223,1,'en','core/acl/permissions','role_delete_belong_user','You are not able to delete this role; it belongs to someone else!','2023-05-28 21:30:11','2023-05-28 21:30:11'),(224,1,'en','core/acl/permissions','delete_global_role','Can not delete global role','2023-05-28 21:30:11','2023-05-28 21:30:11'),(225,1,'en','core/acl/permissions','delete_success','Delete role successfully','2023-05-28 21:30:11','2023-05-28 21:30:11'),(226,1,'en','core/acl/permissions','no_select','Please select at least one role to take this action!','2023-05-28 21:30:11','2023-05-28 21:30:11'),(227,1,'en','core/acl/permissions','not_found','No role found!','2023-05-28 21:30:11','2023-05-28 21:30:11'),(228,1,'en','core/acl/permissions','role_edit_belong_user','You are not able to edit this role; it belongs to someone else!','2023-05-28 21:30:11','2023-05-28 21:30:11'),(229,1,'en','core/acl/permissions','modified_success','Modified successfully','2023-05-28 21:30:11','2023-05-28 21:30:11'),(230,1,'en','core/acl/permissions','create_success','Create successfully','2023-05-28 21:30:11','2023-05-28 21:30:11'),(231,1,'en','core/acl/permissions','duplicated_success','Duplicated successfully','2023-05-28 21:30:11','2023-05-28 21:30:11'),(232,1,'en','core/acl/permissions','options','Options','2023-05-28 21:30:11','2023-05-28 21:30:11'),(233,1,'en','core/acl/permissions','access_denied_message','You are not allowed to do this action','2023-05-28 21:30:11','2023-05-28 21:30:11'),(234,1,'en','core/acl/permissions','roles','Roles','2023-05-28 21:30:11','2023-05-28 21:30:11'),(235,1,'en','core/acl/permissions','role_permission','Roles and Permissions','2023-05-28 21:30:11','2023-05-28 21:30:11'),(236,1,'en','core/acl/permissions','user_management','User Management','2023-05-28 21:30:11','2023-05-28 21:30:11'),(237,1,'en','core/acl/permissions','super_user_management','Super User Management','2023-05-28 21:30:11','2023-05-28 21:30:11'),(238,1,'en','core/acl/permissions','action_unauthorized','This action is unauthorized.','2023-05-28 21:30:11','2023-05-28 21:30:11'),(239,1,'en','core/acl/reminders','password','Passwords must be at least six characters and match the confirmation.','2023-05-28 21:30:11','2023-05-28 21:30:11'),(240,1,'en','core/acl/reminders','user','We can\'t find a user with that e-mail address.','2023-05-28 21:30:11','2023-05-28 21:30:11'),(241,1,'en','core/acl/reminders','token','This password reset token is invalid.','2023-05-28 21:30:11','2023-05-28 21:30:11'),(242,1,'en','core/acl/reminders','sent','Password reminder sent!','2023-05-28 21:30:11','2023-05-28 21:30:11'),(243,1,'en','core/acl/reminders','reset','Password has been reset!','2023-05-28 21:30:11','2023-05-28 21:30:11'),(244,1,'en','core/acl/users','delete_user_logged_in','Can\'t delete this user. This user is logged on!','2023-05-28 21:30:11','2023-05-28 21:30:11'),(245,1,'en','core/acl/users','no_select','Please select at least one record to take this action!','2023-05-28 21:30:11','2023-05-28 21:30:11'),(246,1,'en','core/acl/users','lock_user_logged_in','Can\'t lock this user. This user is logged on!','2023-05-28 21:30:11','2023-05-28 21:30:11'),(247,1,'en','core/acl/users','update_success','Update status successfully!','2023-05-28 21:30:11','2023-05-28 21:30:11'),(248,1,'en','core/acl/users','save_setting_failed','Something went wrong when save your setting','2023-05-28 21:30:11','2023-05-28 21:30:11'),(249,1,'en','core/acl/users','not_found','User not found','2023-05-28 21:30:11','2023-05-28 21:30:11'),(250,1,'en','core/acl/users','email_exist','That email address already belongs to an existing account','2023-05-28 21:30:11','2023-05-28 21:30:11'),(251,1,'en','core/acl/users','username_exist','That username address already belongs to an existing account','2023-05-28 21:30:11','2023-05-28 21:30:11'),(252,1,'en','core/acl/users','update_profile_success','Your profile changes were successfully saved','2023-05-28 21:30:11','2023-05-28 21:30:11'),(253,1,'en','core/acl/users','password_update_success','Password successfully changed','2023-05-28 21:30:11','2023-05-28 21:30:11'),(254,1,'en','core/acl/users','current_password_not_valid','Current password is not valid','2023-05-28 21:30:11','2023-05-28 21:30:11'),(255,1,'en','core/acl/users','user_exist_in','User is already a member','2023-05-28 21:30:11','2023-05-28 21:30:11'),(256,1,'en','core/acl/users','email','Email','2023-05-28 21:30:11','2023-05-28 21:30:11'),(257,1,'en','core/acl/users','role','Role','2023-05-28 21:30:11','2023-05-28 21:30:11'),(258,1,'en','core/acl/users','username','Username','2023-05-28 21:30:11','2023-05-28 21:30:11'),(259,1,'en','core/acl/users','last_name','Last Name','2023-05-28 21:30:11','2023-05-28 21:30:11'),(260,1,'en','core/acl/users','first_name','First Name','2023-05-28 21:30:11','2023-05-28 21:30:11'),(261,1,'en','core/acl/users','message','Message','2023-05-28 21:30:11','2023-05-28 21:30:11'),(262,1,'en','core/acl/users','cancel_btn','Cancel','2023-05-28 21:30:11','2023-05-28 21:30:11'),(263,1,'en','core/acl/users','change_password','Change password','2023-05-28 21:30:11','2023-05-28 21:30:11'),(264,1,'en','core/acl/users','current_password','Current password','2023-05-28 21:30:11','2023-05-28 21:30:11'),(265,1,'en','core/acl/users','new_password','New Password','2023-05-28 21:30:11','2023-05-28 21:30:11'),(266,1,'en','core/acl/users','confirm_new_password','Confirm New Password','2023-05-28 21:30:11','2023-05-28 21:30:11'),(267,1,'en','core/acl/users','password','Password','2023-05-28 21:30:11','2023-05-28 21:30:11'),(268,1,'en','core/acl/users','save','Save','2023-05-28 21:30:11','2023-05-28 21:30:11'),(269,1,'en','core/acl/users','cannot_delete','User could not be deleted','2023-05-28 21:30:11','2023-05-28 21:30:11'),(270,1,'en','core/acl/users','deleted','User deleted','2023-05-28 21:30:11','2023-05-28 21:30:11'),(271,1,'en','core/acl/users','last_login','Last Login','2023-05-28 21:30:11','2023-05-28 21:30:11'),(272,1,'en','core/acl/users','error_update_profile_image','Error when update profile image','2023-05-28 21:30:11','2023-05-28 21:30:11'),(273,1,'en','core/acl/users','email_reminder_template','<h3>Hello :name</h3><p>The system has received a request to restore the password for your account, to complete this task please click the link below.</p><p><a href=\":link\">Reset password now</a></p><p>If not you ask recover password, please ignore this email.</p><p>This email is valid for 60 minutes after receiving the email.</p>','2023-05-28 21:30:11','2023-05-28 21:30:11'),(274,1,'en','core/acl/users','change_profile_image','Change Profile Image','2023-05-28 21:30:11','2023-05-28 21:30:11'),(275,1,'en','core/acl/users','new_image','New Image','2023-05-28 21:30:11','2023-05-28 21:30:11'),(276,1,'en','core/acl/users','loading','Loading','2023-05-28 21:30:11','2023-05-28 21:30:11'),(277,1,'en','core/acl/users','close','Close','2023-05-28 21:30:11','2023-05-28 21:30:11'),(278,1,'en','core/acl/users','update','Update','2023-05-28 21:30:11','2023-05-28 21:30:11'),(279,1,'en','core/acl/users','read_image_failed','Failed to read the image file','2023-05-28 21:30:11','2023-05-28 21:30:11'),(280,1,'en','core/acl/users','users','Users','2023-05-28 21:30:11','2023-05-28 21:30:11'),(281,1,'en','core/acl/users','update_avatar_success','Update profile image successfully!','2023-05-28 21:30:11','2023-05-28 21:30:11'),(282,1,'en','core/acl/users','info.title','User profile','2023-05-28 21:30:11','2023-05-28 21:30:11'),(283,1,'en','core/acl/users','info.first_name','First Name','2023-05-28 21:30:11','2023-05-28 21:30:11'),(284,1,'en','core/acl/users','info.last_name','Last Name','2023-05-28 21:30:11','2023-05-28 21:30:11'),(285,1,'en','core/acl/users','total_users','Total users','2023-05-28 21:30:11','2023-05-28 21:30:11'),(286,1,'en','core/acl/users','statuses.activated','Activated','2023-05-28 21:30:11','2023-05-28 21:30:11'),(287,1,'en','core/acl/users','statuses.deactivated','Deactivated','2023-05-28 21:30:11','2023-05-28 21:30:11'),(288,1,'en','core/acl/users','make_super','Make super','2023-05-28 21:30:11','2023-05-28 21:30:11'),(289,1,'en','core/acl/users','remove_super','Remove super','2023-05-28 21:30:11','2023-05-28 21:30:11'),(290,1,'en','core/acl/users','is_super','Is super?','2023-05-28 21:30:11','2023-05-28 21:30:11'),(291,1,'en','core/acl/users','email_placeholder','Ex: example@gmail.com','2023-05-28 21:30:11','2023-05-28 21:30:11'),(292,1,'en','core/acl/users','password_confirmation','Re-type password','2023-05-28 21:30:11','2023-05-28 21:30:11'),(293,1,'en','core/acl/users','select_role','Select role','2023-05-28 21:30:11','2023-05-28 21:30:11'),(294,1,'en','core/acl/users','create_new_user','Create a new user','2023-05-28 21:30:11','2023-05-28 21:30:11'),(295,1,'en','core/acl/users','cannot_delete_super_user','Permission denied. Cannot delete a super user!','2023-05-28 21:30:11','2023-05-28 21:30:11'),(296,1,'en','core/acl/users','assigned_role','Assigned Role','2023-05-28 21:30:11','2023-05-28 21:30:11'),(297,1,'en','core/acl/users','no_role_assigned','No role assigned','2023-05-28 21:30:11','2023-05-28 21:30:11'),(298,1,'en','core/acl/users','view_user_profile','View user\'s profile','2023-05-28 21:30:11','2023-05-28 21:30:11'),(299,1,'vi','core/acl/auth','login.username','Email/Tên truy cập','2023-05-28 21:30:11','2023-05-28 21:30:11'),(300,1,'vi','core/acl/auth','login.password','Mật khẩu','2023-05-28 21:30:11','2023-05-28 21:30:11'),(301,1,'vi','core/acl/auth','login.title','Đăng nhập vào quản trị','2023-05-28 21:30:11','2023-05-28 21:30:11'),(302,1,'vi','core/acl/auth','login.remember','Nhớ mật khẩu?','2023-05-28 21:30:11','2023-05-28 21:30:11'),(303,1,'vi','core/acl/auth','login.login','Đăng nhập','2023-05-28 21:30:11','2023-05-28 21:30:11'),(304,1,'vi','core/acl/auth','login.placeholder.username','Vui lòng nhập tên truy cập','2023-05-28 21:30:11','2023-05-28 21:30:11'),(305,1,'vi','core/acl/auth','login.placeholder.email','Vui lòng nhập email','2023-05-28 21:30:11','2023-05-28 21:30:11'),(306,1,'vi','core/acl/auth','login.success','Đăng nhập thành công!','2023-05-28 21:30:11','2023-05-28 21:30:11'),(307,1,'vi','core/acl/auth','login.fail','Sai tên truy cập hoặc mật khẩu.','2023-05-28 21:30:11','2023-05-28 21:30:11'),(308,1,'vi','core/acl/auth','login.not_active','Tài khoản của bạn chưa được kích hoạt!','2023-05-28 21:30:11','2023-05-28 21:30:11'),(309,1,'vi','core/acl/auth','login.banned','Tài khoản này đã bị khóa.','2023-05-28 21:30:11','2023-05-28 21:30:11'),(310,1,'vi','core/acl/auth','login.logout_success','Đăng xuất thành công!','2023-05-28 21:30:11','2023-05-28 21:30:11'),(311,1,'vi','core/acl/auth','login.dont_have_account','Bạn không có tài khoản trong hệ thống, vui lòng liên hệ quản trị viên!','2023-05-28 21:30:11','2023-05-28 21:30:11'),(312,1,'vi','core/acl/auth','login.email','Email','2023-05-28 21:30:11','2023-05-28 21:30:11'),(313,1,'vi','core/acl/auth','forgot_password.title','Quên mật khẩu','2023-05-28 21:30:11','2023-05-28 21:30:11'),(314,1,'vi','core/acl/auth','forgot_password.message','<p>Quên mật khẩu?</p><p>Vui lòng nhập email đăng nhập tài khoản của bạn để hệ thống gửi liên kết khôi phục mật khẩu.</p>','2023-05-28 21:30:11','2023-05-28 21:30:11'),(315,1,'vi','core/acl/auth','forgot_password.submit','Hoàn tất','2023-05-28 21:30:11','2023-05-28 21:30:11'),(316,1,'vi','core/acl/auth','reset.new_password','Mật khẩu mới','2023-05-28 21:30:11','2023-05-28 21:30:11'),(317,1,'vi','core/acl/auth','reset.title','Khôi phục mật khẩu','2023-05-28 21:30:11','2023-05-28 21:30:11'),(318,1,'vi','core/acl/auth','reset.update','Cập nhật','2023-05-28 21:30:11','2023-05-28 21:30:11'),(319,1,'vi','core/acl/auth','reset.wrong_token','Liên kết này không chính xác hoặc đã hết hiệu lực, vui lòng yêu cầu khôi phục mật khẩu lại!','2023-05-28 21:30:11','2023-05-28 21:30:11'),(320,1,'vi','core/acl/auth','reset.user_not_found','Tên đăng nhập không tồn tại.','2023-05-28 21:30:11','2023-05-28 21:30:11'),(321,1,'vi','core/acl/auth','reset.success','Khôi phục mật khẩu thành công!','2023-05-28 21:30:11','2023-05-28 21:30:11'),(322,1,'vi','core/acl/auth','reset.fail','Token không hợp lệ hoặc liên kết khôi phục mật khẩu đã hết thời gian hiệu lực!','2023-05-28 21:30:11','2023-05-28 21:30:11'),(323,1,'vi','core/acl/auth','reset.reset.title','Email khôi phục mật khẩu','2023-05-28 21:30:11','2023-05-28 21:30:11'),(324,1,'vi','core/acl/auth','reset.send.success','Một email khôi phục mật khẩu đã được gửi tới email của bạn, vui lòng kiểm tra và hoàn tất yêu cầu.','2023-05-28 21:30:11','2023-05-28 21:30:11'),(325,1,'vi','core/acl/auth','reset.send.fail','Không thể gửi email trong lúc này. Vui lòng thực hiện lại sau.','2023-05-28 21:30:12','2023-05-28 21:30:12'),(326,1,'vi','core/acl/auth','reset.new-password','Mật khẩu mới','2023-05-28 21:30:12','2023-05-28 21:30:12'),(327,1,'vi','core/acl/auth','reset.email','Email','2023-05-28 21:30:12','2023-05-28 21:30:12'),(328,1,'vi','core/acl/auth','reset.password_confirmation','Xác nhận mật khẩu mới','2023-05-28 21:30:12','2023-05-28 21:30:12'),(329,1,'vi','core/acl/auth','email.reminder.title','Email khôi phục mật khẩu','2023-05-28 21:30:12','2023-05-28 21:30:12'),(330,1,'vi','core/acl/auth','failed','Không thành công','2023-05-28 21:30:12','2023-05-28 21:30:12'),(331,1,'vi','core/acl/auth','throttle','Throttle','2023-05-28 21:30:12','2023-05-28 21:30:12'),(332,1,'vi','core/acl/auth','back_to_login','Quay lại trang đăng nhập','2023-05-28 21:30:12','2023-05-28 21:30:12'),(333,1,'vi','core/acl/auth','login_title','Đăng nhập vào quản trị','2023-05-28 21:30:12','2023-05-28 21:30:12'),(334,1,'vi','core/acl/auth','login_via_social','Đăng nhập thông qua mạng xã hội','2023-05-28 21:30:12','2023-05-28 21:30:12'),(335,1,'vi','core/acl/auth','lost_your_password','Quên mật khẩu?','2023-05-28 21:30:12','2023-05-28 21:30:12'),(336,1,'vi','core/acl/auth','not_member','Chưa là thành viên?','2023-05-28 21:30:12','2023-05-28 21:30:12'),(337,1,'vi','core/acl/auth','register_now','Đăng ký ngay','2023-05-28 21:30:12','2023-05-28 21:30:12'),(338,1,'vi','core/acl/auth','languages','Ngôn ngữ','2023-05-28 21:30:12','2023-05-28 21:30:12'),(339,1,'vi','core/acl/auth','password_confirmation','Xác nhận mật khẩu','2023-05-28 21:30:12','2023-05-28 21:30:12'),(340,1,'vi','core/acl/auth','reset_password','Khôi phục mật khẩu','2023-05-28 21:30:12','2023-05-28 21:30:12'),(341,1,'vi','core/acl/auth','sign_in_below','Đăng nhập','2023-05-28 21:30:12','2023-05-28 21:30:12'),(342,1,'vi','core/acl/permissions','notices.role_in_use','Không thể xóa quyền người dùng này vì nó đang được sử dụng!','2023-05-28 21:30:12','2023-05-28 21:30:12'),(343,1,'vi','core/acl/permissions','notices.role_delete_belong_user','Không thể xóa quyền hạn này vì nó thuộc về người khác!','2023-05-28 21:30:12','2023-05-28 21:30:12'),(344,1,'vi','core/acl/permissions','notices.role_edit_belong_user','Bạn không được phép sửa quyền này vì nó thuộc về người khác','2023-05-28 21:30:12','2023-05-28 21:30:12'),(345,1,'vi','core/acl/permissions','notices.delete_global_role','Bạn không thể xóa quyền người dùng hệ thống!','2023-05-28 21:30:12','2023-05-28 21:30:12'),(346,1,'vi','core/acl/permissions','notices.delete_success','Quyền người dùng đã được xóa!','2023-05-28 21:30:12','2023-05-28 21:30:12'),(347,1,'vi','core/acl/permissions','notices.modified_success','Quyền người dùng đã được cập nhật thành công!','2023-05-28 21:30:12','2023-05-28 21:30:12'),(348,1,'vi','core/acl/permissions','notices.create_success','Quyền người dùng mới đã được tạo thành công!','2023-05-28 21:30:12','2023-05-28 21:30:12'),(349,1,'vi','core/acl/permissions','notices.duplicated_success','Quyền người dùng đã được sao chép thành công!','2023-05-28 21:30:12','2023-05-28 21:30:12'),(350,1,'vi','core/acl/permissions','notices.no_select','Hãy chọn ít nhất một quyền người dùng để thực hiện hành động này!','2023-05-28 21:30:12','2023-05-28 21:30:12'),(351,1,'vi','core/acl/permissions','notices.not_found','Không tìm thấy quyền người dùng này','2023-05-28 21:30:12','2023-05-28 21:30:12'),(352,1,'vi','core/acl/permissions','name','Tên','2023-05-28 21:30:12','2023-05-28 21:30:12'),(353,1,'vi','core/acl/permissions','current_role','Quyền hiện tại','2023-05-28 21:30:12','2023-05-28 21:30:12'),(354,1,'vi','core/acl/permissions','no_role_assigned','Không có quyền hạn nào','2023-05-28 21:30:12','2023-05-28 21:30:12'),(355,1,'vi','core/acl/permissions','role_assigned','Quyền đã được gán','2023-05-28 21:30:12','2023-05-28 21:30:12'),(356,1,'vi','core/acl/permissions','create_role','Tạo quyền mới','2023-05-28 21:30:12','2023-05-28 21:30:12'),(357,1,'vi','core/acl/permissions','role_name','Tên','2023-05-28 21:30:12','2023-05-28 21:30:12'),(358,1,'vi','core/acl/permissions','role_description','Mô tả','2023-05-28 21:30:12','2023-05-28 21:30:12'),(359,1,'vi','core/acl/permissions','permission_flags','Cờ đánh dấu quyền hạn','2023-05-28 21:30:12','2023-05-28 21:30:12'),(360,1,'vi','core/acl/permissions','cancel','Hủy bỏ','2023-05-28 21:30:12','2023-05-28 21:30:12'),(361,1,'vi','core/acl/permissions','reset','Làm lại','2023-05-28 21:30:12','2023-05-28 21:30:12'),(362,1,'vi','core/acl/permissions','save','Lưu','2023-05-28 21:30:12','2023-05-28 21:30:12'),(363,1,'vi','core/acl/permissions','global_role_msg','Đây là một phân quyền toàn cục và không thể thay đổi.  Bạn có thể sử dụng nút \"Nhân bản\" để tạo một bản sao chép cho phân quyền này và chỉnh sửa.','2023-05-28 21:30:12','2023-05-28 21:30:12'),(364,1,'vi','core/acl/permissions','details','Chi tiết','2023-05-28 21:30:12','2023-05-28 21:30:12'),(365,1,'vi','core/acl/permissions','duplicate','Nhân bản','2023-05-28 21:30:12','2023-05-28 21:30:12'),(366,1,'vi','core/acl/permissions','all','Tất cả phân quyền','2023-05-28 21:30:12','2023-05-28 21:30:12'),(367,1,'vi','core/acl/permissions','list_role','Danh sách quyền','2023-05-28 21:30:12','2023-05-28 21:30:12'),(368,1,'vi','core/acl/permissions','created_on','Ngày tạo','2023-05-28 21:30:12','2023-05-28 21:30:12'),(369,1,'vi','core/acl/permissions','created_by','Được tạo bởi','2023-05-28 21:30:12','2023-05-28 21:30:12'),(370,1,'vi','core/acl/permissions','actions','Tác vụ','2023-05-28 21:30:12','2023-05-28 21:30:12'),(371,1,'vi','core/acl/permissions','create_success','Tạo thành công!','2023-05-28 21:30:12','2023-05-28 21:30:12'),(372,1,'vi','core/acl/permissions','delete_global_role','Không thể xóa quyền hệ thống','2023-05-28 21:30:12','2023-05-28 21:30:12'),(373,1,'vi','core/acl/permissions','delete_success','Xóa quyền thành công','2023-05-28 21:30:12','2023-05-28 21:30:12'),(374,1,'vi','core/acl/permissions','duplicated_success','Nhân bản thành công','2023-05-28 21:30:12','2023-05-28 21:30:12'),(375,1,'vi','core/acl/permissions','modified_success','Sửa thành công','2023-05-28 21:30:12','2023-05-28 21:30:12'),(376,1,'vi','core/acl/permissions','no_select','Hãy chọn ít nhất một quyền để thực hiện hành động này!','2023-05-28 21:30:12','2023-05-28 21:30:12'),(377,1,'vi','core/acl/permissions','not_found','Không tìm thấy quyền thành viên nào!','2023-05-28 21:30:12','2023-05-28 21:30:12'),(378,1,'vi','core/acl/permissions','options','Tùy chọn','2023-05-28 21:30:12','2023-05-28 21:30:12'),(379,1,'vi','core/acl/permissions','role_delete_belong_user','Không thể xóa quyền hạn này vì nó thuộc về người khác!','2023-05-28 21:30:12','2023-05-28 21:30:12'),(380,1,'vi','core/acl/permissions','role_edit_belong_user','Bạn không được phép sửa quyền này vì nó thuộc về người khác','2023-05-28 21:30:12','2023-05-28 21:30:12'),(381,1,'vi','core/acl/permissions','role_in_use','Không thể xóa quyền người dùng này vì nó đang được sử dụng!','2023-05-28 21:30:12','2023-05-28 21:30:12'),(382,1,'vi','core/acl/permissions','access_denied_message','Bạn không có quyền sử dụng chức năng này!','2023-05-28 21:30:12','2023-05-28 21:30:12'),(383,1,'vi','core/acl/permissions','roles','Quyền','2023-05-28 21:30:12','2023-05-28 21:30:12'),(384,1,'vi','core/acl/permissions','role_permission','Nhóm và phân quyền','2023-05-28 21:30:12','2023-05-28 21:30:12'),(385,1,'vi','core/acl/permissions','user_management','Quản lý người dùng hệ thống','2023-05-28 21:30:12','2023-05-28 21:30:12'),(386,1,'vi','core/acl/permissions','super_user_management','Quản lý người dùng cấp cao','2023-05-28 21:30:12','2023-05-28 21:30:12'),(387,1,'vi','core/acl/permissions','action_unauthorized','Hành động này không được phép','2023-05-28 21:30:12','2023-05-28 21:30:12'),(388,1,'vi','core/acl/reminders','password','Mật khẩu phải ít nhất 6 kí tự và trùng khớp với mật khẩu xác nhận.','2023-05-28 21:30:12','2023-05-28 21:30:12'),(389,1,'vi','core/acl/reminders','user','Hệ thống không thể tìm thấy tài khoản với email này.','2023-05-28 21:30:12','2023-05-28 21:30:12'),(390,1,'vi','core/acl/reminders','token','Mã khôi phục mật khẩu này không hợp lệ.','2023-05-28 21:30:12','2023-05-28 21:30:12'),(391,1,'vi','core/acl/reminders','sent','Liên kết khôi phục mật khẩu đã được gửi!','2023-05-28 21:30:12','2023-05-28 21:30:12'),(392,1,'vi','core/acl/reminders','reset','Mật khẩu đã được thay đổi!','2023-05-28 21:30:12','2023-05-28 21:30:12'),(393,1,'vi','core/acl/users','delete_user_logged_in','Không thể xóa người dùng đang đăng nhập hệ thống!','2023-05-28 21:30:12','2023-05-28 21:30:12'),(394,1,'vi','core/acl/users','no_select','Hãy chọn ít nhất một trường để thực hiện hành động này!','2023-05-28 21:30:12','2023-05-28 21:30:12'),(395,1,'vi','core/acl/users','lock_user_logged_in','Không thể khóa người dùng đang đăng nhập hệ thống!','2023-05-28 21:30:12','2023-05-28 21:30:12'),(396,1,'vi','core/acl/users','update_success','Cập nhật trạng thái thành công!','2023-05-28 21:30:12','2023-05-28 21:30:12'),(397,1,'vi','core/acl/users','save_setting_failed','Có lỗi xảy ra trong quá trình lưu cài đặt của người dùng','2023-05-28 21:30:12','2023-05-28 21:30:12'),(398,1,'vi','core/acl/users','not_found','Không tìm thấy người dùng','2023-05-28 21:30:12','2023-05-28 21:30:12'),(399,1,'vi','core/acl/users','email_exist','Email này đã được sử dụng bởi người dùng khác trong hệ thống','2023-05-28 21:30:12','2023-05-28 21:30:12'),(400,1,'vi','core/acl/users','username_exist','Tên đăng nhập này đã được sử dụng bởi người dùng khác trong hệ thống','2023-05-28 21:30:12','2023-05-28 21:30:12'),(401,1,'vi','core/acl/users','update_profile_success','Thông tin tài khoản của bạn đã được cập nhật thành công','2023-05-28 21:30:12','2023-05-28 21:30:12'),(402,1,'vi','core/acl/users','password_update_success','Cập nhật mật khẩu thành công','2023-05-28 21:30:12','2023-05-28 21:30:12'),(403,1,'vi','core/acl/users','current_password_not_valid','Mật khẩu hiện tại không chính xác','2023-05-28 21:30:12','2023-05-28 21:30:12'),(404,1,'vi','core/acl/users','user_exist_in','Người dùng đã là thành viên','2023-05-28 21:30:12','2023-05-28 21:30:12'),(405,1,'vi','core/acl/users','email','Email','2023-05-28 21:30:12','2023-05-28 21:30:12'),(406,1,'vi','core/acl/users','username','Tên đăng nhập','2023-05-28 21:30:12','2023-05-28 21:30:12'),(407,1,'vi','core/acl/users','role','Phân quyền','2023-05-28 21:30:12','2023-05-28 21:30:12'),(408,1,'vi','core/acl/users','first_name','Họ','2023-05-28 21:30:12','2023-05-28 21:30:12'),(409,1,'vi','core/acl/users','last_name','Tên','2023-05-28 21:30:12','2023-05-28 21:30:12'),(410,1,'vi','core/acl/users','message','Thông điệp','2023-05-28 21:30:12','2023-05-28 21:30:12'),(411,1,'vi','core/acl/users','cancel_btn','Hủy bỏ','2023-05-28 21:30:12','2023-05-28 21:30:12'),(412,1,'vi','core/acl/users','password','Mật khẩu','2023-05-28 21:30:12','2023-05-28 21:30:12'),(413,1,'vi','core/acl/users','new_password','Mật khẩu mới','2023-05-28 21:30:12','2023-05-28 21:30:12'),(414,1,'vi','core/acl/users','save','Lưu','2023-05-28 21:30:12','2023-05-28 21:30:12'),(415,1,'vi','core/acl/users','confirm_new_password','Xác nhận mật khẩu mới','2023-05-28 21:30:12','2023-05-28 21:30:12'),(416,1,'vi','core/acl/users','deleted','Xóa thành viên thành công','2023-05-28 21:30:12','2023-05-28 21:30:12'),(417,1,'vi','core/acl/users','cannot_delete','Không thể xóa thành viên','2023-05-28 21:30:12','2023-05-28 21:30:12'),(418,1,'vi','core/acl/users','last_login','Lần cuối đăng nhập','2023-05-28 21:30:12','2023-05-28 21:30:12'),(419,1,'vi','core/acl/users','error_update_profile_image','Có lỗi trong quá trình đổi ảnh đại diện','2023-05-28 21:30:12','2023-05-28 21:30:12'),(420,1,'vi','core/acl/users','email_reminder_template','<h3>Xin chào :name</h3><p>Hệ thống vừa nhận được yêu cầu khôi phục mật khẩu cho tài khoản của bạn, để hoàn tất tác vụ này vui lòng click vào đường link bên dưới.</p><p><a href=\":link\">Khôi phục mật khẩu</a></p><p>Nếu không phải bạn yêu cầu khôi phục mật khẩu, vui lòng bỏ qua email này.</p><p>Email này có giá trị trong vòng 60 phút kể từ lúc nhận được email.</p>','2023-05-28 21:30:12','2023-05-28 21:30:12'),(421,1,'vi','core/acl/users','change_profile_image','Thay đổi ảnh đại diện','2023-05-28 21:30:12','2023-05-28 21:30:12'),(422,1,'vi','core/acl/users','new_image','Ảnh mới','2023-05-28 21:30:12','2023-05-28 21:30:12'),(423,1,'vi','core/acl/users','loading','Đang tải','2023-05-28 21:30:12','2023-05-28 21:30:12'),(424,1,'vi','core/acl/users','close','Đóng','2023-05-28 21:30:12','2023-05-28 21:30:12'),(425,1,'vi','core/acl/users','update','Cập nhật','2023-05-28 21:30:12','2023-05-28 21:30:12'),(426,1,'vi','core/acl/users','read_image_failed','Không đọc được nội dung của hình ảnh','2023-05-28 21:30:12','2023-05-28 21:30:12'),(427,1,'vi','core/acl/users','update_avatar_success','Cập nhật ảnh đại diện thành công!','2023-05-28 21:30:12','2023-05-28 21:30:12'),(428,1,'vi','core/acl/users','users','Quản trị viên','2023-05-28 21:30:12','2023-05-28 21:30:12'),(429,1,'vi','core/acl/users','info.title','Thông tin người dùng','2023-05-28 21:30:12','2023-05-28 21:30:12'),(430,1,'vi','core/acl/users','info.first_name','Họ','2023-05-28 21:30:12','2023-05-28 21:30:12'),(431,1,'vi','core/acl/users','info.last_name','Tên','2023-05-28 21:30:12','2023-05-28 21:30:12'),(432,1,'vi','core/acl/users','statuses.activated','Đang hoạt động','2023-05-28 21:30:12','2023-05-28 21:30:12'),(433,1,'vi','core/acl/users','statuses.deactivated','Đã khoá','2023-05-28 21:30:12','2023-05-28 21:30:12'),(434,1,'vi','core/acl/users','change_password','Thay đổi mật khẩu','2023-05-28 21:30:12','2023-05-28 21:30:12'),(435,1,'vi','core/acl/users','current_password','Mật khẩu hiện tại','2023-05-28 21:30:12','2023-05-28 21:30:12'),(436,1,'vi','core/acl/users','make_super','Thiết lập quyền cao nhất','2023-05-28 21:30:12','2023-05-28 21:30:12'),(437,1,'vi','core/acl/users','remove_super','Loại bỏ quyền cao nhất','2023-05-28 21:30:12','2023-05-28 21:30:12'),(438,1,'vi','core/acl/users','is_super','Quyền cao nhất?','2023-05-28 21:30:12','2023-05-28 21:30:12'),(439,1,'vi','core/acl/users','email_placeholder','Ex: example@gmail.com','2023-05-28 21:30:12','2023-05-28 21:30:12'),(440,1,'vi','core/acl/users','password_confirmation','Nhập lại mật khẩu','2023-05-28 21:30:12','2023-05-28 21:30:12'),(441,1,'vi','core/acl/users','select_role','Chọn nhóm','2023-05-28 21:30:12','2023-05-28 21:30:12'),(442,1,'vi','core/acl/users','create_new_user','Tạo tài khoản quản trị viên mới','2023-05-28 21:30:12','2023-05-28 21:30:12'),(443,1,'vi','core/acl/users','cannot_delete_super_user','Vượt quyền hạn, không thể xoá quản trị viên cấp cao nhất!','2023-05-28 21:30:12','2023-05-28 21:30:12'),(444,1,'vi','core/acl/users','assigned_role','Cấp quyền','2023-05-28 21:30:12','2023-05-28 21:30:12'),(445,1,'vi','core/acl/users','total_users','Tổng số người dùng','2023-05-28 21:30:12','2023-05-28 21:30:12'),(446,1,'vi','core/acl/users','view_user_profile','Xem thông tin người dùng','2023-05-28 21:30:12','2023-05-28 21:30:12'),(447,1,'vi','core/acl/users','no_role_assigned','Chưa có quyền nào','2023-05-28 21:30:12','2023-05-28 21:30:12'),(448,1,'en','core/base/base','yes','Yes','2023-05-28 21:30:12','2023-05-28 21:30:12'),(449,1,'en','core/base/base','no','No','2023-05-28 21:30:12','2023-05-28 21:30:12'),(450,1,'en','core/base/base','is_default','Is default?','2023-05-28 21:30:12','2023-05-28 21:30:12'),(451,1,'en','core/base/base','proc_close_disabled_error','Function proc_close() is disabled. Please contact your hosting provider to enable\n    it. Or you can add to .env: CAN_EXECUTE_COMMAND=false to disable this feature.','2023-05-28 21:30:12','2023-05-28 21:30:12'),(452,1,'en','core/base/base','email_template.header','Email template header','2023-05-28 21:30:12','2023-05-28 21:30:12'),(453,1,'en','core/base/base','email_template.footer','Email template footer','2023-05-28 21:30:12','2023-05-28 21:30:12'),(454,1,'en','core/base/base','email_template.site_title','Site title','2023-05-28 21:30:12','2023-05-28 21:30:12'),(455,1,'en','core/base/base','email_template.site_url','Site URL','2023-05-28 21:30:12','2023-05-28 21:30:12'),(456,1,'en','core/base/base','email_template.site_logo','Site Logo','2023-05-28 21:30:12','2023-05-28 21:30:12'),(457,1,'en','core/base/base','email_template.date_time','Current date time','2023-05-28 21:30:12','2023-05-28 21:30:12'),(458,1,'en','core/base/base','email_template.date_year','Current year','2023-05-28 21:30:12','2023-05-28 21:30:12'),(459,1,'en','core/base/base','email_template.site_admin_email','Site admin email','2023-05-28 21:30:12','2023-05-28 21:30:12'),(460,1,'en','core/base/base','change_image','Change image','2023-05-28 21:30:12','2023-05-28 21:30:12'),(461,1,'en','core/base/base','delete_image','Delete image','2023-05-28 21:30:12','2023-05-28 21:30:12'),(462,1,'en','core/base/base','preview_image','Preview image','2023-05-28 21:30:12','2023-05-28 21:30:12'),(463,1,'en','core/base/base','image','Image','2023-05-28 21:30:12','2023-05-28 21:30:12'),(464,1,'en','core/base/base','using_button','Using button','2023-05-28 21:30:12','2023-05-28 21:30:12'),(465,1,'en','core/base/base','select_image','Select image','2023-05-28 21:30:12','2023-05-28 21:30:12'),(466,1,'en','core/base/base','to_add_more_image','to add more images','2023-05-28 21:30:12','2023-05-28 21:30:12'),(467,1,'en','core/base/base','add_image','Add image','2023-05-28 21:30:12','2023-05-28 21:30:12'),(468,1,'en','core/base/base','tools','Tools','2023-05-28 21:30:12','2023-05-28 21:30:12'),(469,1,'en','core/base/cache','cache_management','Cache management','2023-05-28 21:30:12','2023-05-28 21:30:12'),(470,1,'en','core/base/cache','cache_commands','Clear cache commands','2023-05-28 21:30:12','2023-05-28 21:30:12'),(471,1,'en','core/base/cache','commands.clear_cms_cache.title','Clear all CMS cache','2023-05-28 21:30:12','2023-05-28 21:30:12'),(472,1,'en','core/base/cache','commands.clear_cms_cache.description','Clear CMS caching: database caching, static blocks... Run this command when you don\'t see the changes after updating data.','2023-05-28 21:30:12','2023-05-28 21:30:12'),(473,1,'en','core/base/cache','commands.clear_cms_cache.success_msg','Cache cleaned','2023-05-28 21:30:12','2023-05-28 21:30:12'),(474,1,'en','core/base/cache','commands.refresh_compiled_views.title','Refresh compiled views','2023-05-28 21:30:12','2023-05-28 21:30:12'),(475,1,'en','core/base/cache','commands.refresh_compiled_views.description','Clear compiled views to make views up to date.','2023-05-28 21:30:12','2023-05-28 21:30:12'),(476,1,'en','core/base/cache','commands.refresh_compiled_views.success_msg','Cache view refreshed','2023-05-28 21:30:12','2023-05-28 21:30:12'),(477,1,'en','core/base/cache','commands.clear_config_cache.title','Clear config cache','2023-05-28 21:30:12','2023-05-28 21:30:12'),(478,1,'en','core/base/cache','commands.clear_config_cache.description','You might need to refresh the config caching when you change something on production environment.','2023-05-28 21:30:12','2023-05-28 21:30:12'),(479,1,'en','core/base/cache','commands.clear_config_cache.success_msg','Config cache cleaned','2023-05-28 21:30:12','2023-05-28 21:30:12'),(480,1,'en','core/base/cache','commands.clear_route_cache.title','Clear route cache','2023-05-28 21:30:12','2023-05-28 21:30:12'),(481,1,'en','core/base/cache','commands.clear_route_cache.description','Clear cache routing.','2023-05-28 21:30:12','2023-05-28 21:30:12'),(482,1,'en','core/base/cache','commands.clear_route_cache.success_msg','The route cache has been cleaned','2023-05-28 21:30:12','2023-05-28 21:30:12'),(483,1,'en','core/base/cache','commands.clear_log.title','Clear log','2023-05-28 21:30:12','2023-05-28 21:30:12'),(484,1,'en','core/base/cache','commands.clear_log.description','Clear system log files','2023-05-28 21:30:12','2023-05-28 21:30:12'),(485,1,'en','core/base/cache','commands.clear_log.success_msg','The system log has been cleaned','2023-05-28 21:30:12','2023-05-28 21:30:12'),(486,1,'en','core/base/enums','statuses.draft','Draft','2023-05-28 21:30:12','2023-05-28 21:30:12'),(487,1,'en','core/base/enums','statuses.pending','Pending','2023-05-28 21:30:12','2023-05-28 21:30:12'),(488,1,'en','core/base/enums','statuses.published','Published','2023-05-28 21:30:12','2023-05-28 21:30:12'),(489,1,'en','core/base/errors','401_title','Permission Denied','2023-05-28 21:30:12','2023-05-28 21:30:12'),(490,1,'en','core/base/errors','401_msg','<li>You have not been granted access to the section by the administrator.</li>\n	                <li>You may have the wrong account type.</li>\n	                <li>You are not authorized to view the requested resource.</li>\n	                <li>Your subscription may have expired.</li>','2023-05-28 21:30:12','2023-05-28 21:30:12'),(491,1,'en','core/base/errors','404_title','Page could not be found','2023-05-28 21:30:12','2023-05-28 21:30:12'),(492,1,'en','core/base/errors','404_msg','<li>The page you requested does not exist.</li>\n	                <li>The link you clicked is no longer.</li>\n	                <li>The page may have moved to a new location.</li>\n	                <li>An error may have occurred.</li>\n	                <li>You are not authorized to view the requested resource.</li>','2023-05-28 21:30:12','2023-05-28 21:30:12'),(493,1,'en','core/base/errors','500_title','Page could not be loaded','2023-05-28 21:30:12','2023-05-28 21:30:12'),(494,1,'en','core/base/errors','500_msg','<li>The page you requested does not exist.</li>\n	                <li>The link you clicked is no longer.</li>\n	                <li>The page may have moved to a new location.</li>\n	                <li>An error may have occurred.</li>\n	                <li>You are not authorized to view the requested resource.</li>','2023-05-28 21:30:12','2023-05-28 21:30:12'),(495,1,'en','core/base/errors','reasons','This may have occurred because of several reasons','2023-05-28 21:30:12','2023-05-28 21:30:12'),(496,1,'en','core/base/errors','try_again','Please try again in a few minutes, or alternatively return to the homepage by <a href=\":link\">clicking here</a>.','2023-05-28 21:30:12','2023-05-28 21:30:12'),(497,1,'en','core/base/errors','not_found','Not Found','2023-05-28 21:30:12','2023-05-28 21:30:12'),(498,1,'en','core/base/errors','results_not_found','Results not found!','2023-05-28 21:30:12','2023-05-28 21:30:12'),(499,1,'en','core/base/forms','choose_image','Choose image','2023-05-28 21:30:12','2023-05-28 21:30:12'),(500,1,'en','core/base/forms','actions','Actions','2023-05-28 21:30:12','2023-05-28 21:30:12'),(501,1,'en','core/base/forms','save','Save & Exit','2023-05-28 21:30:12','2023-05-28 21:30:12'),(502,1,'en','core/base/forms','save_and_continue','Save','2023-05-28 21:30:12','2023-05-28 21:30:12'),(503,1,'en','core/base/forms','image','Image','2023-05-28 21:30:12','2023-05-28 21:30:12'),(504,1,'en','core/base/forms','image_placeholder','Insert path of image or click upload button','2023-05-28 21:30:12','2023-05-28 21:30:12'),(505,1,'en','core/base/forms','create','Create','2023-05-28 21:30:12','2023-05-28 21:30:12'),(506,1,'en','core/base/forms','edit','Edit','2023-05-28 21:30:12','2023-05-28 21:30:12'),(507,1,'en','core/base/forms','permalink','Permalink','2023-05-28 21:30:12','2023-05-28 21:30:12'),(508,1,'en','core/base/forms','ok','OK','2023-05-28 21:30:12','2023-05-28 21:30:12'),(509,1,'en','core/base/forms','cancel','Cancel','2023-05-28 21:30:12','2023-05-28 21:30:12'),(510,1,'en','core/base/forms','character_remain','character(s) remain','2023-05-28 21:30:12','2023-05-28 21:30:12'),(511,1,'en','core/base/forms','template','Template','2023-05-28 21:30:12','2023-05-28 21:30:12'),(512,1,'en','core/base/forms','choose_file','Choose file','2023-05-28 21:30:12','2023-05-28 21:30:12'),(513,1,'en','core/base/forms','file','File','2023-05-28 21:30:12','2023-05-28 21:30:12'),(514,1,'en','core/base/forms','content','Content','2023-05-28 21:30:12','2023-05-28 21:30:12'),(515,1,'en','core/base/forms','description','Description','2023-05-28 21:30:12','2023-05-28 21:30:12'),(516,1,'en','core/base/forms','name','Name','2023-05-28 21:30:12','2023-05-28 21:30:12'),(517,1,'en','core/base/forms','slug','Slug','2023-05-28 21:30:12','2023-05-28 21:30:12'),(518,1,'en','core/base/forms','title','Title','2023-05-28 21:30:12','2023-05-28 21:30:12'),(519,1,'en','core/base/forms','value','Value','2023-05-28 21:30:12','2023-05-28 21:30:12'),(520,1,'en','core/base/forms','name_placeholder','Name','2023-05-28 21:30:12','2023-05-28 21:30:12'),(521,1,'en','core/base/forms','alias_placeholder','Alias','2023-05-28 21:30:12','2023-05-28 21:30:12'),(522,1,'en','core/base/forms','description_placeholder','Short description','2023-05-28 21:30:12','2023-05-28 21:30:12'),(523,1,'en','core/base/forms','parent','Parent','2023-05-28 21:30:12','2023-05-28 21:30:12'),(524,1,'en','core/base/forms','icon','Icon','2023-05-28 21:30:12','2023-05-28 21:30:12'),(525,1,'en','core/base/forms','icon_placeholder','Ex: fa fa-home','2023-05-28 21:30:12','2023-05-28 21:30:12'),(526,1,'en','core/base/forms','order_by','Order by','2023-05-28 21:30:12','2023-05-28 21:30:12'),(527,1,'en','core/base/forms','order_by_placeholder','Order by','2023-05-28 21:30:12','2023-05-28 21:30:12'),(528,1,'en','core/base/forms','is_featured','Is featured?','2023-05-28 21:30:12','2023-05-28 21:30:12'),(529,1,'en','core/base/forms','is_default','Is default?','2023-05-28 21:30:12','2023-05-28 21:30:12'),(530,1,'en','core/base/forms','update','Update','2023-05-28 21:30:12','2023-05-28 21:30:12'),(531,1,'en','core/base/forms','publish','Publish','2023-05-28 21:30:12','2023-05-28 21:30:12'),(532,1,'en','core/base/forms','remove_image','Remove image','2023-05-28 21:30:12','2023-05-28 21:30:12'),(533,1,'en','core/base/forms','remove_file','Remove file','2023-05-28 21:30:12','2023-05-28 21:30:12'),(534,1,'en','core/base/forms','order','Order','2023-05-28 21:30:12','2023-05-28 21:30:12'),(535,1,'en','core/base/forms','alias','Alias','2023-05-28 21:30:12','2023-05-28 21:30:12'),(536,1,'en','core/base/forms','basic_information','Basic information','2023-05-28 21:30:12','2023-05-28 21:30:12'),(537,1,'en','core/base/forms','short_code','Shortcode','2023-05-28 21:30:12','2023-05-28 21:30:12'),(538,1,'en','core/base/forms','add_short_code','Add a shortcode','2023-05-28 21:30:12','2023-05-28 21:30:12'),(539,1,'en','core/base/forms','add','Add','2023-05-28 21:30:12','2023-05-28 21:30:12'),(540,1,'en','core/base/forms','link','Link','2023-05-28 21:30:13','2023-05-28 21:30:13'),(541,1,'en','core/base/forms','show_hide_editor','Show/Hide Editor','2023-05-28 21:30:13','2023-05-28 21:30:13'),(542,1,'en','core/base/forms','basic_info_title','Basic information','2023-05-28 21:30:13','2023-05-28 21:30:13'),(543,1,'en','core/base/forms','expand_all','Expand all','2023-05-28 21:30:13','2023-05-28 21:30:13'),(544,1,'en','core/base/forms','collapse_all','Collapse all','2023-05-28 21:30:13','2023-05-28 21:30:13'),(545,1,'en','core/base/forms','view_new_tab','Open in new tab','2023-05-28 21:30:13','2023-05-28 21:30:13'),(546,1,'en','core/base/forms','view_preview_image','View preview image','2023-05-28 21:30:13','2023-05-28 21:30:13'),(547,1,'en','core/base/forms','edit_item','Edit \":name\"','2023-05-28 21:30:13','2023-05-28 21:30:13'),(548,1,'en','core/base/layouts','platform_admin','Platform Administration','2023-05-28 21:30:13','2023-05-28 21:30:13'),(549,1,'en','core/base/layouts','dashboard','Dashboard','2023-05-28 21:30:13','2023-05-28 21:30:13'),(550,1,'en','core/base/layouts','widgets','Widgets','2023-05-28 21:30:13','2023-05-28 21:30:13'),(551,1,'en','core/base/layouts','plugins','Plugins','2023-05-28 21:30:13','2023-05-28 21:30:13'),(552,1,'en','core/base/layouts','settings','Settings','2023-05-28 21:30:13','2023-05-28 21:30:13'),(553,1,'en','core/base/layouts','setting_general','General','2023-05-28 21:30:13','2023-05-28 21:30:13'),(554,1,'en','core/base/layouts','setting_email','Email','2023-05-28 21:30:13','2023-05-28 21:30:13'),(555,1,'en','core/base/layouts','system_information','System information','2023-05-28 21:30:13','2023-05-28 21:30:13'),(556,1,'en','core/base/layouts','theme','Theme','2023-05-28 21:30:13','2023-05-28 21:30:13'),(557,1,'en','core/base/layouts','copyright','Copyright :year &copy; :company. Version: <span>:version</span>','2023-05-28 21:30:13','2023-05-28 21:30:13'),(558,1,'en','core/base/layouts','profile','Profile','2023-05-28 21:30:13','2023-05-28 21:30:13'),(559,1,'en','core/base/layouts','logout','Logout','2023-05-28 21:30:13','2023-05-28 21:30:13'),(560,1,'en','core/base/layouts','no_search_result','No results found, please try with different keywords.','2023-05-28 21:30:13','2023-05-28 21:30:13'),(561,1,'en','core/base/layouts','home','Home','2023-05-28 21:30:13','2023-05-28 21:30:13'),(562,1,'en','core/base/layouts','search','Search','2023-05-28 21:30:13','2023-05-28 21:30:13'),(563,1,'en','core/base/layouts','add_new','Add new','2023-05-28 21:30:13','2023-05-28 21:30:13'),(564,1,'en','core/base/layouts','n_a','N/A','2023-05-28 21:30:13','2023-05-28 21:30:13'),(565,1,'en','core/base/layouts','page_loaded_time','Page loaded in','2023-05-28 21:30:13','2023-05-28 21:30:13'),(566,1,'en','core/base/layouts','view_website','View website','2023-05-28 21:30:13','2023-05-28 21:30:13'),(567,1,'en','core/base/mail','send-fail','Send email failed','2023-05-28 21:30:13','2023-05-28 21:30:13'),(568,1,'en','core/base/notices','create_success_message','Created successfully','2023-05-28 21:30:13','2023-05-28 21:30:13'),(569,1,'en','core/base/notices','update_success_message','Updated successfully','2023-05-28 21:30:13','2023-05-28 21:30:13'),(570,1,'en','core/base/notices','delete_success_message','Deleted successfully','2023-05-28 21:30:13','2023-05-28 21:30:13'),(571,1,'en','core/base/notices','success_header','Success!','2023-05-28 21:30:13','2023-05-28 21:30:13'),(572,1,'en','core/base/notices','error_header','Error!','2023-05-28 21:30:13','2023-05-28 21:30:13'),(573,1,'en','core/base/notices','no_select','Please select at least one record to perform this action!','2023-05-28 21:30:13','2023-05-28 21:30:13'),(574,1,'en','core/base/notices','processing_request','We are processing your request.','2023-05-28 21:30:13','2023-05-28 21:30:13'),(575,1,'en','core/base/notices','error','Error!','2023-05-28 21:30:13','2023-05-28 21:30:13'),(576,1,'en','core/base/notices','success','Success!','2023-05-28 21:30:13','2023-05-28 21:30:13'),(577,1,'en','core/base/notices','info','Info!','2023-05-28 21:30:13','2023-05-28 21:30:13'),(578,1,'en','core/base/notices','enum.validate_message','The :attribute value you have entered is invalid.','2023-05-28 21:30:13','2023-05-28 21:30:13'),(579,1,'en','core/base/notifications','notifications','Notifications','2023-05-28 21:30:13','2023-05-28 21:30:13'),(580,1,'en','core/base/notifications','mark_as_read','Mark as read','2023-05-28 21:30:13','2023-05-28 21:30:13'),(581,1,'en','core/base/notifications','clear','Clear','2023-05-28 21:30:13','2023-05-28 21:30:13'),(582,1,'en','core/base/notifications','no_notification_here','No notifications here','2023-05-28 21:30:13','2023-05-28 21:30:13'),(583,1,'en','core/base/notifications','please_check_again_later','Please check again later','2023-05-28 21:30:13','2023-05-28 21:30:13'),(584,1,'en','core/base/notifications','view_more','View more...','2023-05-28 21:30:13','2023-05-28 21:30:13'),(585,1,'en','core/base/notifications','view','View','2023-05-28 21:30:13','2023-05-28 21:30:13'),(586,1,'en','core/base/notifications','show_more','Show more','2023-05-28 21:30:13','2023-05-28 21:30:13'),(587,1,'en','core/base/notifications','show_less','Show less','2023-05-28 21:30:13','2023-05-28 21:30:13'),(588,1,'en','core/base/system','no_select','Please select at least one record to take this action!','2023-05-28 21:30:13','2023-05-28 21:30:13'),(589,1,'en','core/base/system','cannot_find_user','Unable to find specified user','2023-05-28 21:30:13','2023-05-28 21:30:13'),(590,1,'en','core/base/system','supper_revoked','Super user access revoked','2023-05-28 21:30:13','2023-05-28 21:30:13'),(591,1,'en','core/base/system','cannot_revoke_yourself','Can not revoke supper user access permission yourself!','2023-05-28 21:30:13','2023-05-28 21:30:13'),(592,1,'en','core/base/system','cant_remove_supper','You don\'t has permission to remove this super user','2023-05-28 21:30:13','2023-05-28 21:30:13'),(593,1,'en','core/base/system','cant_find_user_with_email','Unable to find user with specified email address','2023-05-28 21:30:13','2023-05-28 21:30:13'),(594,1,'en','core/base/system','supper_granted','Super user access granted','2023-05-28 21:30:13','2023-05-28 21:30:13'),(595,1,'en','core/base/system','delete_log_success','Delete log file successfully!','2023-05-28 21:30:13','2023-05-28 21:30:13'),(596,1,'en','core/base/system','get_member_success','Member list retrieved successfully','2023-05-28 21:30:13','2023-05-28 21:30:13'),(597,1,'en','core/base/system','error_occur','The following errors occurred','2023-05-28 21:30:13','2023-05-28 21:30:13'),(598,1,'en','core/base/system','user_management','User Management','2023-05-28 21:30:13','2023-05-28 21:30:13'),(599,1,'en','core/base/system','user_management_description','Manage users.','2023-05-28 21:30:13','2023-05-28 21:30:13'),(600,1,'en','core/base/system','role_and_permission','Roles and Permissions','2023-05-28 21:30:13','2023-05-28 21:30:13'),(601,1,'en','core/base/system','role_and_permission_description','Manage the available roles.','2023-05-28 21:30:13','2023-05-28 21:30:13'),(602,1,'en','core/base/system','user.list_super','List Super Users','2023-05-28 21:30:13','2023-05-28 21:30:13'),(603,1,'en','core/base/system','user.email','Email','2023-05-28 21:30:13','2023-05-28 21:30:13'),(604,1,'en','core/base/system','user.last_login','Last Login','2023-05-28 21:30:13','2023-05-28 21:30:13'),(605,1,'en','core/base/system','user.username','Username','2023-05-28 21:30:13','2023-05-28 21:30:13'),(606,1,'en','core/base/system','user.add_user','Add Super User','2023-05-28 21:30:13','2023-05-28 21:30:13'),(607,1,'en','core/base/system','user.cancel','Cancel','2023-05-28 21:30:13','2023-05-28 21:30:13'),(608,1,'en','core/base/system','user.create','Create','2023-05-28 21:30:13','2023-05-28 21:30:13'),(609,1,'en','core/base/system','options.features','Feature Access Control','2023-05-28 21:30:13','2023-05-28 21:30:13'),(610,1,'en','core/base/system','options.feature_description','Manage the available.','2023-05-28 21:30:13','2023-05-28 21:30:13'),(611,1,'en','core/base/system','options.manage_super','Super User Management','2023-05-28 21:30:13','2023-05-28 21:30:13'),(612,1,'en','core/base/system','options.manage_super_description','Add/remove super users.','2023-05-28 21:30:13','2023-05-28 21:30:13'),(613,1,'en','core/base/system','options.info','System information','2023-05-28 21:30:13','2023-05-28 21:30:13'),(614,1,'en','core/base/system','options.info_description','All information about current system configuration.','2023-05-28 21:30:13','2023-05-28 21:30:13'),(615,1,'en','core/base/system','info.title','System information','2023-05-28 21:30:13','2023-05-28 21:30:13'),(616,1,'en','core/base/system','info.cache','Cache','2023-05-28 21:30:13','2023-05-28 21:30:13'),(617,1,'en','core/base/system','info.locale','Active locale','2023-05-28 21:30:13','2023-05-28 21:30:13'),(618,1,'en','core/base/system','info.environment','Environment','2023-05-28 21:30:13','2023-05-28 21:30:13'),(619,1,'en','core/base/system','disabled_in_demo_mode','You cannot do it in demo mode!','2023-05-28 21:30:13','2023-05-28 21:30:13'),(620,1,'en','core/base/system','report_description','Please share this information for troubleshooting','2023-05-28 21:30:13','2023-05-28 21:30:13'),(621,1,'en','core/base/system','get_system_report','Get System Report','2023-05-28 21:30:13','2023-05-28 21:30:13'),(622,1,'en','core/base/system','system_environment','System Environment','2023-05-28 21:30:13','2023-05-28 21:30:13'),(623,1,'en','core/base/system','framework_version','Framework Version','2023-05-28 21:30:13','2023-05-28 21:30:13'),(624,1,'en','core/base/system','timezone','Timezone','2023-05-28 21:30:13','2023-05-28 21:30:13'),(625,1,'en','core/base/system','debug_mode','Debug Mode','2023-05-28 21:30:13','2023-05-28 21:30:13'),(626,1,'en','core/base/system','debug_mode_off','Debug Mode Off','2023-05-28 21:30:13','2023-05-28 21:30:13'),(627,1,'en','core/base/system','storage_dir_writable','Storage Dir Writable','2023-05-28 21:30:13','2023-05-28 21:30:13'),(628,1,'en','core/base/system','cache_dir_writable','Cache Dir Writable','2023-05-28 21:30:13','2023-05-28 21:30:13'),(629,1,'en','core/base/system','app_size','App Size','2023-05-28 21:30:13','2023-05-28 21:30:13'),(630,1,'en','core/base/system','server_environment','Server Environment','2023-05-28 21:30:13','2023-05-28 21:30:13'),(631,1,'en','core/base/system','php_version','PHP Version','2023-05-28 21:30:13','2023-05-28 21:30:13'),(632,1,'en','core/base/system','php_version_error','PHP must be >= :version','2023-05-28 21:30:13','2023-05-28 21:30:13'),(633,1,'en','core/base/system','server_software','Server Software','2023-05-28 21:30:13','2023-05-28 21:30:13'),(634,1,'en','core/base/system','server_os','Server OS','2023-05-28 21:30:13','2023-05-28 21:30:13'),(635,1,'en','core/base/system','database','Database','2023-05-28 21:30:13','2023-05-28 21:30:13'),(636,1,'en','core/base/system','ssl_installed','SSL Installed','2023-05-28 21:30:13','2023-05-28 21:30:13'),(637,1,'en','core/base/system','cache_driver','Cache Driver','2023-05-28 21:30:13','2023-05-28 21:30:13'),(638,1,'en','core/base/system','session_driver','Session Driver','2023-05-28 21:30:13','2023-05-28 21:30:13'),(639,1,'en','core/base/system','queue_connection','Queue Connection','2023-05-28 21:30:13','2023-05-28 21:30:13'),(640,1,'en','core/base/system','mbstring_ext','Mbstring Ext','2023-05-28 21:30:13','2023-05-28 21:30:13'),(641,1,'en','core/base/system','openssl_ext','OpenSSL Ext','2023-05-28 21:30:13','2023-05-28 21:30:13'),(642,1,'en','core/base/system','pdo_ext','PDO Ext','2023-05-28 21:30:13','2023-05-28 21:30:13'),(643,1,'en','core/base/system','curl_ext','CURL Ext','2023-05-28 21:30:13','2023-05-28 21:30:13'),(644,1,'en','core/base/system','exif_ext','Exif Ext','2023-05-28 21:30:13','2023-05-28 21:30:13'),(645,1,'en','core/base/system','file_info_ext','File info Ext','2023-05-28 21:30:13','2023-05-28 21:30:13'),(646,1,'en','core/base/system','tokenizer_ext','Tokenizer Ext','2023-05-28 21:30:13','2023-05-28 21:30:13'),(647,1,'en','core/base/system','extra_stats','Extra Stats','2023-05-28 21:30:13','2023-05-28 21:30:13'),(648,1,'en','core/base/system','installed_packages','Installed packages and their version numbers','2023-05-28 21:30:13','2023-05-28 21:30:13'),(649,1,'en','core/base/system','extra_information','Extra Information','2023-05-28 21:30:13','2023-05-28 21:30:13'),(650,1,'en','core/base/system','copy_report','Copy Report','2023-05-28 21:30:13','2023-05-28 21:30:13'),(651,1,'en','core/base/system','package_name','Package Name','2023-05-28 21:30:13','2023-05-28 21:30:13'),(652,1,'en','core/base/system','dependency_name','Dependency Name','2023-05-28 21:30:13','2023-05-28 21:30:13'),(653,1,'en','core/base/system','version','Version','2023-05-28 21:30:13','2023-05-28 21:30:13'),(654,1,'en','core/base/system','cms_version','CMS Version','2023-05-28 21:30:13','2023-05-28 21:30:13'),(655,1,'en','core/base/system','imagick_or_gd_ext','Imagick/GD Ext','2023-05-28 21:30:13','2023-05-28 21:30:13'),(656,1,'en','core/base/system','updater','System Updater','2023-05-28 21:30:13','2023-05-28 21:30:13'),(657,1,'en','core/base/system','zip','Zip Ext','2023-05-28 21:30:13','2023-05-28 21:30:13'),(658,1,'en','core/base/system','iconv','Iconv Ext','2023-05-28 21:30:13','2023-05-28 21:30:13'),(659,1,'en','core/base/system','memory_limit','Memory limit','2023-05-28 21:30:13','2023-05-28 21:30:13'),(660,1,'en','core/base/system','max_execution_time','Max execution time (s)','2023-05-28 21:30:13','2023-05-28 21:30:13'),(661,1,'en','core/base/system','allow_url_fopen_enabled','allow_url_fopen enabled','2023-05-28 21:30:13','2023-05-28 21:30:13'),(662,1,'en','core/base/system','cleanup.title','Cleanup System','2023-05-28 21:30:13','2023-05-28 21:30:13'),(663,1,'en','core/base/system','cleanup.table.name','Table Name','2023-05-28 21:30:13','2023-05-28 21:30:13'),(664,1,'en','core/base/system','cleanup.table.count','Records','2023-05-28 21:30:13','2023-05-28 21:30:13'),(665,1,'en','core/base/system','cleanup.backup_alert','Please backup your database and script files before cleanup, it will clear your data in database.','2023-05-28 21:30:13','2023-05-28 21:30:13'),(666,1,'en','core/base/system','cleanup.messenger_choose_without_table','Please choose to ignore tables that do not want to be cleaned','2023-05-28 21:30:13','2023-05-28 21:30:13'),(667,1,'en','core/base/system','cleanup.messenger_confirm_cleanup','Are you sure you want to database cleanup action, it will clear your data in database?','2023-05-28 21:30:13','2023-05-28 21:30:13'),(668,1,'en','core/base/system','cleanup.submit_button','Cleanup','2023-05-28 21:30:13','2023-05-28 21:30:13'),(669,1,'en','core/base/system','cleanup.success_message','Cleaned data successfully','2023-05-28 21:30:13','2023-05-28 21:30:13'),(670,1,'en','core/base/system','cleanup.not_enabled_yet','This featured is not enabled yet. <br />Please add into .env: <code>CMS_ENABLED_CLEANUP_DATABASE=true</code> to enable this feature!','2023-05-28 21:30:13','2023-05-28 21:30:13'),(671,1,'en','core/base/tables','id','ID','2023-05-28 21:30:13','2023-05-28 21:30:13'),(672,1,'en','core/base/tables','name','Name','2023-05-28 21:30:13','2023-05-28 21:30:13'),(673,1,'en','core/base/tables','slug','Slug','2023-05-28 21:30:13','2023-05-28 21:30:13'),(674,1,'en','core/base/tables','title','Title','2023-05-28 21:30:13','2023-05-28 21:30:13'),(675,1,'en','core/base/tables','order_by','Order By','2023-05-28 21:30:13','2023-05-28 21:30:13'),(676,1,'en','core/base/tables','order','Order','2023-05-28 21:30:13','2023-05-28 21:30:13'),(677,1,'en','core/base/tables','status','Status','2023-05-28 21:30:13','2023-05-28 21:30:13'),(678,1,'en','core/base/tables','created_at','Created At','2023-05-28 21:30:13','2023-05-28 21:30:13'),(679,1,'en','core/base/tables','updated_at','Updated At','2023-05-28 21:30:13','2023-05-28 21:30:13'),(680,1,'en','core/base/tables','description','Description','2023-05-28 21:30:13','2023-05-28 21:30:13'),(681,1,'en','core/base/tables','operations','Operations','2023-05-28 21:30:13','2023-05-28 21:30:13'),(682,1,'en','core/base/tables','url','URL','2023-05-28 21:30:13','2023-05-28 21:30:13'),(683,1,'en','core/base/tables','author','Author','2023-05-28 21:30:13','2023-05-28 21:30:13'),(684,1,'en','core/base/tables','notes','Notes','2023-05-28 21:30:13','2023-05-28 21:30:13'),(685,1,'en','core/base/tables','column','Column','2023-05-28 21:30:13','2023-05-28 21:30:13'),(686,1,'en','core/base/tables','origin','Origin','2023-05-28 21:30:13','2023-05-28 21:30:13'),(687,1,'en','core/base/tables','after_change','After changes','2023-05-28 21:30:13','2023-05-28 21:30:13'),(688,1,'en','core/base/tables','views','Views','2023-05-28 21:30:13','2023-05-28 21:30:13'),(689,1,'en','core/base/tables','browser','Browser','2023-05-28 21:30:13','2023-05-28 21:30:13'),(690,1,'en','core/base/tables','session','Session','2023-05-28 21:30:13','2023-05-28 21:30:13'),(691,1,'en','core/base/tables','activated','activated','2023-05-28 21:30:13','2023-05-28 21:30:13'),(692,1,'en','core/base/tables','deactivated','deactivated','2023-05-28 21:30:13','2023-05-28 21:30:13'),(693,1,'en','core/base/tables','is_featured','Is featured','2023-05-28 21:30:13','2023-05-28 21:30:13'),(694,1,'en','core/base/tables','edit','Edit','2023-05-28 21:30:13','2023-05-28 21:30:13'),(695,1,'en','core/base/tables','delete','Delete','2023-05-28 21:30:13','2023-05-28 21:30:13'),(696,1,'en','core/base/tables','restore','Restore','2023-05-28 21:30:13','2023-05-28 21:30:13'),(697,1,'en','core/base/tables','activate','Activate','2023-05-28 21:30:13','2023-05-28 21:30:13'),(698,1,'en','core/base/tables','deactivate','Deactivate','2023-05-28 21:30:13','2023-05-28 21:30:13'),(699,1,'en','core/base/tables','excel','Excel','2023-05-28 21:30:13','2023-05-28 21:30:13'),(700,1,'en','core/base/tables','export','Export','2023-05-28 21:30:13','2023-05-28 21:30:13'),(701,1,'en','core/base/tables','csv','CSV','2023-05-28 21:30:13','2023-05-28 21:30:13'),(702,1,'en','core/base/tables','pdf','PDF','2023-05-28 21:30:13','2023-05-28 21:30:13'),(703,1,'en','core/base/tables','print','Print','2023-05-28 21:30:13','2023-05-28 21:30:13'),(704,1,'en','core/base/tables','reset','Reset','2023-05-28 21:30:13','2023-05-28 21:30:13'),(705,1,'en','core/base/tables','reload','Reload','2023-05-28 21:30:13','2023-05-28 21:30:13'),(706,1,'en','core/base/tables','display','Display','2023-05-28 21:30:13','2023-05-28 21:30:13'),(707,1,'en','core/base/tables','all','All','2023-05-28 21:30:13','2023-05-28 21:30:13'),(708,1,'en','core/base/tables','add_new','Add New','2023-05-28 21:30:13','2023-05-28 21:30:13'),(709,1,'en','core/base/tables','action','Actions','2023-05-28 21:30:13','2023-05-28 21:30:13'),(710,1,'en','core/base/tables','delete_entry','Delete','2023-05-28 21:30:13','2023-05-28 21:30:13'),(711,1,'en','core/base/tables','view','View Detail','2023-05-28 21:30:13','2023-05-28 21:30:13'),(712,1,'en','core/base/tables','save','Save','2023-05-28 21:30:13','2023-05-28 21:30:13'),(713,1,'en','core/base/tables','show_from','Show from','2023-05-28 21:30:13','2023-05-28 21:30:13'),(714,1,'en','core/base/tables','to','to','2023-05-28 21:30:13','2023-05-28 21:30:13'),(715,1,'en','core/base/tables','in','in','2023-05-28 21:30:13','2023-05-28 21:30:13'),(716,1,'en','core/base/tables','records','records','2023-05-28 21:30:13','2023-05-28 21:30:13'),(717,1,'en','core/base/tables','no_data','No data to display','2023-05-28 21:30:13','2023-05-28 21:30:13'),(718,1,'en','core/base/tables','no_record','No record','2023-05-28 21:30:13','2023-05-28 21:30:13'),(719,1,'en','core/base/tables','confirm_delete','Confirm delete','2023-05-28 21:30:13','2023-05-28 21:30:13'),(720,1,'en','core/base/tables','confirm_delete_msg','Do you really want to delete this record?','2023-05-28 21:30:13','2023-05-28 21:30:13'),(721,1,'en','core/base/tables','confirm_delete_many_msg','Do you really want to delete selected record(s)?','2023-05-28 21:30:13','2023-05-28 21:30:13'),(722,1,'en','core/base/tables','cancel','Cancel','2023-05-28 21:30:13','2023-05-28 21:30:13'),(723,1,'en','core/base/tables','template','Template','2023-05-28 21:30:13','2023-05-28 21:30:13'),(724,1,'en','core/base/tables','email','Email','2023-05-28 21:30:13','2023-05-28 21:30:13'),(725,1,'en','core/base/tables','last_login','Last login','2023-05-28 21:30:13','2023-05-28 21:30:13'),(726,1,'en','core/base/tables','shortcode','Shortcode','2023-05-28 21:30:13','2023-05-28 21:30:13'),(727,1,'en','core/base/tables','image','Image','2023-05-28 21:30:13','2023-05-28 21:30:13'),(728,1,'en','core/base/tables','bulk_changes','Bulk changes','2023-05-28 21:30:13','2023-05-28 21:30:13'),(729,1,'en','core/base/tables','submit','Submit','2023-05-28 21:30:13','2023-05-28 21:30:13'),(730,1,'en','core/base/tables','please_select_record','Please select at least one record to perform this action!','2023-05-28 21:30:13','2023-05-28 21:30:13'),(731,1,'en','core/base/tabs','detail','Detail','2023-05-28 21:30:13','2023-05-28 21:30:13'),(732,1,'en','core/base/tabs','file','Files','2023-05-28 21:30:13','2023-05-28 21:30:13'),(733,1,'en','core/base/tabs','record_note','Record Note','2023-05-28 21:30:13','2023-05-28 21:30:13'),(734,1,'en','core/base/tabs','revision','Revision History','2023-05-28 21:30:13','2023-05-28 21:30:13'),(735,1,'vi','core/base/base','yes','Có','2023-05-28 21:30:13','2023-05-28 21:30:13'),(736,1,'vi','core/base/base','no','Không','2023-05-28 21:30:13','2023-05-28 21:30:13'),(737,1,'vi','core/base/base','is_default','Mặc định?','2023-05-28 21:30:13','2023-05-28 21:30:13'),(738,1,'vi','core/base/base','proc_close_disabled_error','Hàm proc_close() đã bị tắt. Vui lòng liên hệ nhà cung cấp hosting để mở hàm này. Hoặc có thể thêm vào .env: CAN_EXECUTE_COMMAND=false để tắt tính năng này.','2023-05-28 21:30:13','2023-05-28 21:30:13'),(739,1,'vi','core/base/base','add_image','Thêm ảnh','2023-05-28 21:30:13','2023-05-28 21:30:13'),(740,1,'vi','core/base/base','change_image','Đổi ảnh','2023-05-28 21:30:13','2023-05-28 21:30:13'),(741,1,'vi','core/base/base','delete_image','Xóa ảnh','2023-05-28 21:30:13','2023-05-28 21:30:13'),(742,1,'vi','core/base/base','email_template.date_time','Ngày giờ hiện tại','2023-05-28 21:30:13','2023-05-28 21:30:13'),(743,1,'vi','core/base/base','email_template.date_year','Năm hiện tại','2023-05-28 21:30:13','2023-05-28 21:30:13'),(744,1,'vi','core/base/base','email_template.footer','Mẫu chân trang email','2023-05-28 21:30:13','2023-05-28 21:30:13'),(745,1,'vi','core/base/base','email_template.header','Mẫu đầu trang email','2023-05-28 21:30:13','2023-05-28 21:30:13'),(746,1,'vi','core/base/base','email_template.site_admin_email','Email quản trị viên','2023-05-28 21:30:13','2023-05-28 21:30:13'),(747,1,'vi','core/base/base','email_template.site_logo','Logo của trang','2023-05-28 21:30:13','2023-05-28 21:30:13'),(748,1,'vi','core/base/base','email_template.site_title','Tiêu đề trang','2023-05-28 21:30:13','2023-05-28 21:30:13'),(749,1,'vi','core/base/base','email_template.site_url','URL trang','2023-05-28 21:30:13','2023-05-28 21:30:13'),(750,1,'vi','core/base/base','image','Hình ảnh','2023-05-28 21:30:13','2023-05-28 21:30:13'),(751,1,'vi','core/base/base','preview_image','Ảnh xem trước','2023-05-28 21:30:13','2023-05-28 21:30:13'),(752,1,'vi','core/base/base','select_image','Chọn ảnh','2023-05-28 21:30:13','2023-05-28 21:30:13'),(753,1,'vi','core/base/base','to_add_more_image','để thêm hình ảnh','2023-05-28 21:30:13','2023-05-28 21:30:13'),(754,1,'vi','core/base/base','using_button','Sử dụng nút','2023-05-28 21:30:13','2023-05-28 21:30:13'),(755,1,'vi','core/base/cache','cache_management','Quản lý bộ nhớ đệm','2023-05-28 21:30:13','2023-05-28 21:30:13'),(756,1,'vi','core/base/cache','cache_commands','Các lệnh xoá bộ nhớ đệm cơ bản','2023-05-28 21:30:13','2023-05-28 21:30:13'),(757,1,'vi','core/base/cache','commands.clear_cms_cache.title','Xóa tất cả bộ đệm hiện có của ứng dụng','2023-05-28 21:30:13','2023-05-28 21:30:13'),(758,1,'vi','core/base/cache','commands.clear_cms_cache.description','Xóa các bộ nhớ đệm của ứng dụng: cơ sở dữ liệu, nội dung tĩnh... Chạy lệnh này khi bạn thử cập nhật dữ liệu nhưng giao diện không thay đổi','2023-05-28 21:30:13','2023-05-28 21:30:13'),(759,1,'vi','core/base/cache','commands.clear_cms_cache.success_msg','Bộ đệm đã được xóa','2023-05-28 21:30:14','2023-05-28 21:30:14'),(760,1,'vi','core/base/cache','commands.refresh_compiled_views.title','Làm mới bộ đệm giao diện','2023-05-28 21:30:14','2023-05-28 21:30:14'),(761,1,'vi','core/base/cache','commands.refresh_compiled_views.description','Làm mới bộ đệm giao diện giúp phần giao diện luôn mới nhất','2023-05-28 21:30:14','2023-05-28 21:30:14'),(762,1,'vi','core/base/cache','commands.refresh_compiled_views.success_msg','Bộ đệm giao diện đã được làm mới','2023-05-28 21:30:14','2023-05-28 21:30:14'),(763,1,'vi','core/base/cache','commands.clear_config_cache.title','Xóa bộ nhớ đệm của phần cấu hình','2023-05-28 21:30:14','2023-05-28 21:30:14'),(764,1,'vi','core/base/cache','commands.clear_config_cache.description','Bạn cần làm mới bộ đệm cấu hình khi bạn tạo ra sự thay đổi nào đó ở môi trường thành phẩm.','2023-05-28 21:30:14','2023-05-28 21:30:14'),(765,1,'vi','core/base/cache','commands.clear_config_cache.success_msg','Bộ đệm cấu hình đã được xóa','2023-05-28 21:30:14','2023-05-28 21:30:14'),(766,1,'vi','core/base/cache','commands.clear_route_cache.title','Xoá cache đường dẫn','2023-05-28 21:30:14','2023-05-28 21:30:14'),(767,1,'vi','core/base/cache','commands.clear_route_cache.description','Cần thực hiện thao tác này khi thấy không xuất hiện đường dẫn mới.','2023-05-28 21:30:14','2023-05-28 21:30:14'),(768,1,'vi','core/base/cache','commands.clear_route_cache.success_msg','Bộ đệm điều hướng đã bị xóa','2023-05-28 21:30:14','2023-05-28 21:30:14'),(769,1,'vi','core/base/cache','commands.clear_log.description','Xoá lịch sử lỗi','2023-05-28 21:30:14','2023-05-28 21:30:14'),(770,1,'vi','core/base/cache','commands.clear_log.success_msg','Lịch sử lỗi đã được làm sạch','2023-05-28 21:30:14','2023-05-28 21:30:14'),(771,1,'vi','core/base/cache','commands.clear_log.title','Xoá lịch sử lỗi','2023-05-28 21:30:14','2023-05-28 21:30:14'),(772,1,'vi','core/base/enums','statuses.draft','Bản nháp','2023-05-28 21:30:14','2023-05-28 21:30:14'),(773,1,'vi','core/base/enums','statuses.pending','Đang chờ xử lý','2023-05-28 21:30:14','2023-05-28 21:30:14'),(774,1,'vi','core/base/enums','statuses.published','Đã xuất bản','2023-05-28 21:30:14','2023-05-28 21:30:14'),(775,1,'vi','core/base/errors','401_title','Bạn không có quyền truy cập trang này','2023-05-28 21:30:14','2023-05-28 21:30:14'),(776,1,'vi','core/base/errors','401_msg','<li>Bạn không được cấp quyền truy cập bởi quản trị viên.</li>\n	                <li>Bạn sử dụng sai loại tài khoản.</li>\n	                <li>Bạn không được cấp quyền để có thể truy cập trang này</li>','2023-05-28 21:30:14','2023-05-28 21:30:14'),(777,1,'vi','core/base/errors','404_title','Không tìm thấy trang yêu cầu','2023-05-28 21:30:14','2023-05-28 21:30:14'),(778,1,'vi','core/base/errors','404_msg','<li>Trang bạn yêu cầu không tồn tại.</li>\n	                <li>Liên kết bạn vừa nhấn không còn được sử dụng.</li>\n	                <li>Trang này có thể đã được chuyển sang vị trí khác.</li>\n	                <li>Có thể có lỗi xảy ra.</li>\n	                <li>Bạn không được cấp quyền để có thể truy cập trang này</li>','2023-05-28 21:30:14','2023-05-28 21:30:14'),(779,1,'vi','core/base/errors','500_title','Không thể tải trang','2023-05-28 21:30:14','2023-05-28 21:30:14'),(780,1,'vi','core/base/errors','500_msg','<li>Trang bạn yêu cầu không tồn tại.</li>\n	                <li>Liên kết bạn vừa nhấn không còn được sử dụng.</li>\n	                <li>Trang này có thể đã được chuyển sang vị trí khác.</li>\n	                <li>Có thể có lỗi xảy ra.</li>\n	                <li>Bạn không được cấp quyền để có thể truy cập trang này</li>','2023-05-28 21:30:14','2023-05-28 21:30:14'),(781,1,'vi','core/base/errors','reasons','Điều này có thể xảy ra vì nhiều lý do.','2023-05-28 21:30:14','2023-05-28 21:30:14'),(782,1,'vi','core/base/errors','try_again','Vui lòng thử lại trong vài phút, hoặc quay trở lại trang chủ bằng cách <a href=\"http://cms.local/admin\"> nhấn vào đây </a>.','2023-05-28 21:30:14','2023-05-28 21:30:14'),(783,1,'vi','core/base/errors','not_found','Không tìm thấy','2023-05-28 21:30:14','2023-05-28 21:30:14'),(784,1,'vi','core/base/forms','choose_image','Chọn ảnh','2023-05-28 21:30:14','2023-05-28 21:30:14'),(785,1,'vi','core/base/forms','actions','Tác vụ','2023-05-28 21:30:14','2023-05-28 21:30:14'),(786,1,'vi','core/base/forms','save','Lưu','2023-05-28 21:30:14','2023-05-28 21:30:14'),(787,1,'vi','core/base/forms','save_and_continue','Lưu & chỉnh sửa','2023-05-28 21:30:14','2023-05-28 21:30:14'),(788,1,'vi','core/base/forms','image','Hình ảnh','2023-05-28 21:30:14','2023-05-28 21:30:14'),(789,1,'vi','core/base/forms','image_placeholder','Chèn đường dẫn hình ảnh hoặc nhấn nút để chọn hình','2023-05-28 21:30:14','2023-05-28 21:30:14'),(790,1,'vi','core/base/forms','create','Tạo mới','2023-05-28 21:30:14','2023-05-28 21:30:14'),(791,1,'vi','core/base/forms','edit','Sửa','2023-05-28 21:30:14','2023-05-28 21:30:14'),(792,1,'vi','core/base/forms','permalink','Đường dẫn','2023-05-28 21:30:14','2023-05-28 21:30:14'),(793,1,'vi','core/base/forms','ok','OK','2023-05-28 21:30:14','2023-05-28 21:30:14'),(794,1,'vi','core/base/forms','cancel','Hủy bỏ','2023-05-28 21:30:14','2023-05-28 21:30:14'),(795,1,'vi','core/base/forms','character_remain','kí tự còn lại','2023-05-28 21:30:14','2023-05-28 21:30:14'),(796,1,'vi','core/base/forms','template','Template','2023-05-28 21:30:14','2023-05-28 21:30:14'),(797,1,'vi','core/base/forms','choose_file','Chọn tập tin','2023-05-28 21:30:14','2023-05-28 21:30:14'),(798,1,'vi','core/base/forms','file','Tập tin','2023-05-28 21:30:14','2023-05-28 21:30:14'),(799,1,'vi','core/base/forms','content','Nội dung','2023-05-28 21:30:14','2023-05-28 21:30:14'),(800,1,'vi','core/base/forms','description','Mô tả','2023-05-28 21:30:14','2023-05-28 21:30:14'),(801,1,'vi','core/base/forms','name','Tên','2023-05-28 21:30:14','2023-05-28 21:30:14'),(802,1,'vi','core/base/forms','name_placeholder','Nhập tên','2023-05-28 21:30:14','2023-05-28 21:30:14'),(803,1,'vi','core/base/forms','description_placeholder','Mô tả ngắn','2023-05-28 21:30:14','2023-05-28 21:30:14'),(804,1,'vi','core/base/forms','parent','Cha','2023-05-28 21:30:14','2023-05-28 21:30:14'),(805,1,'vi','core/base/forms','icon','Biểu tượng','2023-05-28 21:30:14','2023-05-28 21:30:14'),(806,1,'vi','core/base/forms','order_by','Sắp xếp','2023-05-28 21:30:14','2023-05-28 21:30:14'),(807,1,'vi','core/base/forms','order_by_placeholder','Sắp xếp','2023-05-28 21:30:14','2023-05-28 21:30:14'),(808,1,'vi','core/base/forms','slug','Slug','2023-05-28 21:30:14','2023-05-28 21:30:14'),(809,1,'vi','core/base/forms','is_featured','Nổi bật?','2023-05-28 21:30:14','2023-05-28 21:30:14'),(810,1,'vi','core/base/forms','is_default','Mặc định?','2023-05-28 21:30:14','2023-05-28 21:30:14'),(811,1,'vi','core/base/forms','icon_placeholder','Ví dụ: fa fa-home','2023-05-28 21:30:14','2023-05-28 21:30:14'),(812,1,'vi','core/base/forms','update','Cập nhật','2023-05-28 21:30:14','2023-05-28 21:30:14'),(813,1,'vi','core/base/forms','publish','Xuất bản','2023-05-28 21:30:14','2023-05-28 21:30:14'),(814,1,'vi','core/base/forms','remove_image','Xoá ảnh','2023-05-28 21:30:14','2023-05-28 21:30:14'),(815,1,'vi','core/base/forms','add','Thêm','2023-05-28 21:30:14','2023-05-28 21:30:14'),(816,1,'vi','core/base/forms','add_short_code','Thêm shortcode','2023-05-28 21:30:14','2023-05-28 21:30:14'),(817,1,'vi','core/base/forms','alias','Mã thay thế','2023-05-28 21:30:14','2023-05-28 21:30:14'),(818,1,'vi','core/base/forms','alias_placeholder','Mã thay thế','2023-05-28 21:30:14','2023-05-28 21:30:14'),(819,1,'vi','core/base/forms','basic_information','Thông tin cơ bản','2023-05-28 21:30:14','2023-05-28 21:30:14'),(820,1,'vi','core/base/forms','link','Liên kết','2023-05-28 21:30:14','2023-05-28 21:30:14'),(821,1,'vi','core/base/forms','order','Thứ tự','2023-05-28 21:30:14','2023-05-28 21:30:14'),(822,1,'vi','core/base/forms','short_code','Shortcode','2023-05-28 21:30:14','2023-05-28 21:30:14'),(823,1,'vi','core/base/forms','title','Tiêu đề','2023-05-28 21:30:14','2023-05-28 21:30:14'),(824,1,'vi','core/base/forms','value','Giá trị','2023-05-28 21:30:14','2023-05-28 21:30:14'),(825,1,'vi','core/base/forms','show_hide_editor','Ẩn/Hiện trình soạn thảo','2023-05-28 21:30:14','2023-05-28 21:30:14'),(826,1,'vi','core/base/forms','basic_info_title','Thông tin cơ bản','2023-05-28 21:30:14','2023-05-28 21:30:14'),(827,1,'vi','core/base/forms','remove_file','Xóa tập tin','2023-05-28 21:30:14','2023-05-28 21:30:14'),(828,1,'vi','core/base/layouts','platform_admin','Quản trị hệ thống','2023-05-28 21:30:14','2023-05-28 21:30:14'),(829,1,'vi','core/base/layouts','dashboard','Bảng điều khiển','2023-05-28 21:30:14','2023-05-28 21:30:14'),(830,1,'vi','core/base/layouts','widgets','Tiện ích','2023-05-28 21:30:14','2023-05-28 21:30:14'),(831,1,'vi','core/base/layouts','plugins','Tiện ích mở rộng','2023-05-28 21:30:14','2023-05-28 21:30:14'),(832,1,'vi','core/base/layouts','settings','Cài đặt','2023-05-28 21:30:14','2023-05-28 21:30:14'),(833,1,'vi','core/base/layouts','setting_general','Cơ bản','2023-05-28 21:30:14','2023-05-28 21:30:14'),(834,1,'vi','core/base/layouts','system_information','Thông tin hệ thống','2023-05-28 21:30:14','2023-05-28 21:30:14'),(835,1,'vi','core/base/layouts','theme','Giao diện','2023-05-28 21:30:14','2023-05-28 21:30:14'),(836,1,'vi','core/base/layouts','copyright','Bản quyền :year &copy; :company. Phiên bản: <span>:version</span>','2023-05-28 21:30:14','2023-05-28 21:30:14'),(837,1,'vi','core/base/layouts','profile','Thông tin cá nhân','2023-05-28 21:30:14','2023-05-28 21:30:14'),(838,1,'vi','core/base/layouts','logout','Đăng xuất','2023-05-28 21:30:14','2023-05-28 21:30:14'),(839,1,'vi','core/base/layouts','no_search_result','Không có kết quả tìm kiếm, hãy thử lại với từ khóa khác.','2023-05-28 21:30:14','2023-05-28 21:30:14'),(840,1,'vi','core/base/layouts','home','Trang chủ','2023-05-28 21:30:14','2023-05-28 21:30:14'),(841,1,'vi','core/base/layouts','search','Tìm kiếm','2023-05-28 21:30:14','2023-05-28 21:30:14'),(842,1,'vi','core/base/layouts','add_new','Thêm mới','2023-05-28 21:30:14','2023-05-28 21:30:14'),(843,1,'vi','core/base/layouts','n_a','N/A','2023-05-28 21:30:14','2023-05-28 21:30:14'),(844,1,'vi','core/base/layouts','page_loaded_time','Trang tải xong trong','2023-05-28 21:30:14','2023-05-28 21:30:14'),(845,1,'vi','core/base/layouts','view_website','Xem trang ngoài','2023-05-28 21:30:14','2023-05-28 21:30:14'),(846,1,'vi','core/base/layouts','setting_email','Email','2023-05-28 21:30:14','2023-05-28 21:30:14'),(847,1,'vi','core/base/mail','send-fail','Gửi email không thành công','2023-05-28 21:30:14','2023-05-28 21:30:14'),(848,1,'vi','core/base/notices','create_success_message','Tạo thành công','2023-05-28 21:30:14','2023-05-28 21:30:14'),(849,1,'vi','core/base/notices','update_success_message','Cập nhật thành công','2023-05-28 21:30:14','2023-05-28 21:30:14'),(850,1,'vi','core/base/notices','delete_success_message','Xóa thành công','2023-05-28 21:30:14','2023-05-28 21:30:14'),(851,1,'vi','core/base/notices','success_header','Thành công!','2023-05-28 21:30:14','2023-05-28 21:30:14'),(852,1,'vi','core/base/notices','error_header','Lỗi!','2023-05-28 21:30:14','2023-05-28 21:30:14'),(853,1,'vi','core/base/notices','no_select','Chọn ít nhất 1 trường để thực hiện hành động này!','2023-05-28 21:30:14','2023-05-28 21:30:14'),(854,1,'vi','core/base/notices','processing_request','Hệ thống đang xử lý yêu cầu.','2023-05-28 21:30:14','2023-05-28 21:30:14'),(855,1,'vi','core/base/notices','error','Lỗi!','2023-05-28 21:30:14','2023-05-28 21:30:14'),(856,1,'vi','core/base/notices','success','Thành công!','2023-05-28 21:30:14','2023-05-28 21:30:14'),(857,1,'vi','core/base/notices','info','Thông tin!','2023-05-28 21:30:14','2023-05-28 21:30:14'),(858,1,'vi','core/base/notices','enum.validate_message','Giá trị của :attribute không hợp lệ','2023-05-28 21:30:14','2023-05-28 21:30:14'),(859,1,'vi','core/base/system','no_select','Hãy chọn ít nhất 1 trường để thực hiện hành động này!','2023-05-28 21:30:14','2023-05-28 21:30:14'),(860,1,'vi','core/base/system','cannot_find_user','Không thể tải được thông tin người dùng','2023-05-28 21:30:14','2023-05-28 21:30:14'),(861,1,'vi','core/base/system','supper_revoked','Quyền quản trị viên cao nhất đã được gỡ bỏ','2023-05-28 21:30:14','2023-05-28 21:30:14'),(862,1,'vi','core/base/system','cannot_revoke_yourself','Không thể gỡ bỏ quyền quản trị cấp cao của chính bạn!','2023-05-28 21:30:14','2023-05-28 21:30:14'),(863,1,'vi','core/base/system','cant_remove_supper','Bạn không có quyền xóa quản trị viên cấp cao','2023-05-28 21:30:14','2023-05-28 21:30:14'),(864,1,'vi','core/base/system','cant_find_user_with_email','Không thể tìm thấy người dùng với email này','2023-05-28 21:30:14','2023-05-28 21:30:14'),(865,1,'vi','core/base/system','supper_granted','Quyền quản trị cao nhất đã được gán','2023-05-28 21:30:14','2023-05-28 21:30:14'),(866,1,'vi','core/base/system','delete_log_success','Xóa tập tin log thành công!','2023-05-28 21:30:14','2023-05-28 21:30:14'),(867,1,'vi','core/base/system','get_member_success','Hiển thị danh sách thành viên thành công','2023-05-28 21:30:14','2023-05-28 21:30:14'),(868,1,'vi','core/base/system','error_occur','Có lỗi dưới đây','2023-05-28 21:30:14','2023-05-28 21:30:14'),(869,1,'vi','core/base/system','role_and_permission','Phân quyền hệ thống','2023-05-28 21:30:14','2023-05-28 21:30:14'),(870,1,'vi','core/base/system','role_and_permission_description','Quản lý những phân quyền trong hệ thống','2023-05-28 21:30:14','2023-05-28 21:30:14'),(871,1,'vi','core/base/system','user.list_super','Danh sách quản trị viên cấp cao','2023-05-28 21:30:14','2023-05-28 21:30:14'),(872,1,'vi','core/base/system','user.username','Tên đăng nhập','2023-05-28 21:30:14','2023-05-28 21:30:14'),(873,1,'vi','core/base/system','user.email','Email','2023-05-28 21:30:14','2023-05-28 21:30:14'),(874,1,'vi','core/base/system','user.last_login','Đăng nhập lần cuối	','2023-05-28 21:30:14','2023-05-28 21:30:14'),(875,1,'vi','core/base/system','user.add_user','Thêm quản trị viên cấp cao','2023-05-28 21:30:14','2023-05-28 21:30:14'),(876,1,'vi','core/base/system','user.cancel','Hủy bỏ','2023-05-28 21:30:14','2023-05-28 21:30:14'),(877,1,'vi','core/base/system','user.create','Thêm','2023-05-28 21:30:14','2023-05-28 21:30:14'),(878,1,'vi','core/base/system','options.features','Kiểm soát truy cập các tính năng','2023-05-28 21:30:14','2023-05-28 21:30:14'),(879,1,'vi','core/base/system','options.feature_description','Bật/tắt các tính năng.','2023-05-28 21:30:14','2023-05-28 21:30:14'),(880,1,'vi','core/base/system','options.manage_super','Quản lý quản trị viên cấp cao','2023-05-28 21:30:14','2023-05-28 21:30:14'),(881,1,'vi','core/base/system','options.manage_super_description','Thêm/xóa quản trị viên cấp cao','2023-05-28 21:30:14','2023-05-28 21:30:14'),(882,1,'vi','core/base/system','options.info','Thông tin hệ thống','2023-05-28 21:30:14','2023-05-28 21:30:14'),(883,1,'vi','core/base/system','options.info_description','Những thông tin về cấu hình hiện tại của hệ thống.','2023-05-28 21:30:14','2023-05-28 21:30:14'),(884,1,'vi','core/base/system','info.title','Thông tin hệ thống','2023-05-28 21:30:14','2023-05-28 21:30:14'),(885,1,'vi','core/base/system','info.cache','Bộ nhớ đệm','2023-05-28 21:30:14','2023-05-28 21:30:14'),(886,1,'vi','core/base/system','info.environment','Môi trường','2023-05-28 21:30:14','2023-05-28 21:30:14'),(887,1,'vi','core/base/system','info.locale','Ngôn ngữ hệ thống','2023-05-28 21:30:14','2023-05-28 21:30:14'),(888,1,'vi','core/base/system','user_management','Quản lý thành viên','2023-05-28 21:30:14','2023-05-28 21:30:14'),(889,1,'vi','core/base/system','user_management_description','Quản lý người dùng trong hệ thống','2023-05-28 21:30:14','2023-05-28 21:30:14'),(890,1,'vi','core/base/system','app_size','Kích thước ứng dụng','2023-05-28 21:30:14','2023-05-28 21:30:14'),(891,1,'vi','core/base/system','cache_dir_writable','Có thể ghi bộ nhớ đệm','2023-05-28 21:30:14','2023-05-28 21:30:14'),(892,1,'vi','core/base/system','cache_driver','Loại lưu trữ bộ nhớ đệm','2023-05-28 21:30:14','2023-05-28 21:30:14'),(893,1,'vi','core/base/system','copy_report','Sao chép báo cáo','2023-05-28 21:30:14','2023-05-28 21:30:14'),(894,1,'vi','core/base/system','curl_ext','CURL Ext','2023-05-28 21:30:14','2023-05-28 21:30:14'),(895,1,'vi','core/base/system','database','Hệ thống dữ liệu','2023-05-28 21:30:14','2023-05-28 21:30:14'),(896,1,'vi','core/base/system','debug_mode','Chế độ sửa lỗi','2023-05-28 21:30:14','2023-05-28 21:30:14'),(897,1,'vi','core/base/system','dependency_name','Tên gói','2023-05-28 21:30:14','2023-05-28 21:30:14'),(898,1,'vi','core/base/system','exif_ext','Exif Ext','2023-05-28 21:30:14','2023-05-28 21:30:14'),(899,1,'vi','core/base/system','extra_information','Thông tin mở rộng','2023-05-28 21:30:14','2023-05-28 21:30:14'),(900,1,'vi','core/base/system','extra_stats','Thống kê thêm','2023-05-28 21:30:14','2023-05-28 21:30:14'),(901,1,'vi','core/base/system','file_info_ext','File info Ext','2023-05-28 21:30:14','2023-05-28 21:30:14'),(902,1,'vi','core/base/system','framework_version','Phiên bản framework','2023-05-28 21:30:14','2023-05-28 21:30:14'),(903,1,'vi','core/base/system','get_system_report','Lấy thông tin hệ thống','2023-05-28 21:30:14','2023-05-28 21:30:14'),(904,1,'vi','core/base/system','installed_packages','Các gói đã cài đặt và phiên bản','2023-05-28 21:30:14','2023-05-28 21:30:14'),(905,1,'vi','core/base/system','mbstring_ext','Mbstring Ext','2023-05-28 21:30:14','2023-05-28 21:30:14'),(906,1,'vi','core/base/system','openssl_ext','OpenSSL Ext','2023-05-28 21:30:14','2023-05-28 21:30:14'),(907,1,'vi','core/base/system','package_name','Tên gói','2023-05-28 21:30:14','2023-05-28 21:30:14'),(908,1,'vi','core/base/system','pdo_ext','PDO Ext','2023-05-28 21:30:14','2023-05-28 21:30:14'),(909,1,'vi','core/base/system','php_version','Phiên bản PHP','2023-05-28 21:30:14','2023-05-28 21:30:14'),(910,1,'vi','core/base/system','report_description','Vui lòng chia sẻ thông tin này nhằm mục đích điều tra nguyên nhân gây lỗi','2023-05-28 21:30:14','2023-05-28 21:30:14'),(911,1,'vi','core/base/system','server_environment','Môi trường máy chủ','2023-05-28 21:30:14','2023-05-28 21:30:14'),(912,1,'vi','core/base/system','server_os','Hệ điều hành của máy chủ','2023-05-28 21:30:14','2023-05-28 21:30:14'),(913,1,'vi','core/base/system','server_software','Phần mềm','2023-05-28 21:30:14','2023-05-28 21:30:14'),(914,1,'vi','core/base/system','session_driver','Loại lưu trữ phiên làm việc','2023-05-28 21:30:14','2023-05-28 21:30:14'),(915,1,'vi','core/base/system','ssl_installed','Đã cài đặt chứng chỉ SSL','2023-05-28 21:30:14','2023-05-28 21:30:14'),(916,1,'vi','core/base/system','storage_dir_writable','Có thể lưu trữ dữ liệu tạm','2023-05-28 21:30:14','2023-05-28 21:30:14'),(917,1,'vi','core/base/system','system_environment','Môi trường hệ thống','2023-05-28 21:30:14','2023-05-28 21:30:14'),(918,1,'vi','core/base/system','timezone','Múi giờ','2023-05-28 21:30:14','2023-05-28 21:30:14'),(919,1,'vi','core/base/system','tokenizer_ext','Tokenizer Ext','2023-05-28 21:30:14','2023-05-28 21:30:14'),(920,1,'vi','core/base/system','version','Phiên bản','2023-05-28 21:30:14','2023-05-28 21:30:14'),(921,1,'vi','core/base/system','cms_version','Phiên bản CMS','2023-05-28 21:30:14','2023-05-28 21:30:14'),(922,1,'vi','core/base/system','queue_connection','Queue Connection','2023-05-28 21:30:14','2023-05-28 21:30:14'),(923,1,'vi','core/base/system','disabled_in_demo_mode','Bạn không thể thực hiện hành động này ở chế độ demo!','2023-05-28 21:30:14','2023-05-28 21:30:14'),(924,1,'vi','core/base/system','imagick_or_gd_ext','Imagick/GD Ext','2023-05-28 21:30:14','2023-05-28 21:30:14'),(925,1,'vi','core/base/system','php_version_error','Phiên bản PHP phải >= :version','2023-05-28 21:30:14','2023-05-28 21:30:14'),(926,1,'vi','core/base/system','updater','Nâng cấp hệ thống','2023-05-28 21:30:14','2023-05-28 21:30:14'),(927,1,'vi','core/base/tables','id','ID','2023-05-28 21:30:14','2023-05-28 21:30:14'),(928,1,'vi','core/base/tables','name','Tên','2023-05-28 21:30:14','2023-05-28 21:30:14'),(929,1,'vi','core/base/tables','order_by','Thứ tự','2023-05-28 21:30:14','2023-05-28 21:30:14'),(930,1,'vi','core/base/tables','status','Trạng thái','2023-05-28 21:30:14','2023-05-28 21:30:14'),(931,1,'vi','core/base/tables','created_at','Ngày tạo','2023-05-28 21:30:14','2023-05-28 21:30:14'),(932,1,'vi','core/base/tables','updated_at','Ngày cập nhật','2023-05-28 21:30:14','2023-05-28 21:30:14'),(933,1,'vi','core/base/tables','operations','Tác vụ','2023-05-28 21:30:14','2023-05-28 21:30:14'),(934,1,'vi','core/base/tables','url','URL','2023-05-28 21:30:14','2023-05-28 21:30:14'),(935,1,'vi','core/base/tables','author','Người tạo','2023-05-28 21:30:14','2023-05-28 21:30:14'),(936,1,'vi','core/base/tables','column','Cột','2023-05-28 21:30:14','2023-05-28 21:30:14'),(937,1,'vi','core/base/tables','origin','Bản cũ','2023-05-28 21:30:14','2023-05-28 21:30:14'),(938,1,'vi','core/base/tables','after_change','Sau khi thay đổi','2023-05-28 21:30:14','2023-05-28 21:30:14'),(939,1,'vi','core/base/tables','notes','Ghi chú','2023-05-28 21:30:14','2023-05-28 21:30:14'),(940,1,'vi','core/base/tables','activated','kích hoạt','2023-05-28 21:30:14','2023-05-28 21:30:14'),(941,1,'vi','core/base/tables','browser','Trình duyệt','2023-05-28 21:30:14','2023-05-28 21:30:14'),(942,1,'vi','core/base/tables','deactivated','hủy kích hoạt','2023-05-28 21:30:14','2023-05-28 21:30:14'),(943,1,'vi','core/base/tables','description','Mô tả','2023-05-28 21:30:14','2023-05-28 21:30:14'),(944,1,'vi','core/base/tables','session','Phiên','2023-05-28 21:30:14','2023-05-28 21:30:14'),(945,1,'vi','core/base/tables','views','Lượt xem','2023-05-28 21:30:14','2023-05-28 21:30:14'),(946,1,'vi','core/base/tables','restore','Khôi phục','2023-05-28 21:30:14','2023-05-28 21:30:14'),(947,1,'vi','core/base/tables','edit','Sửa','2023-05-28 21:30:14','2023-05-28 21:30:14'),(948,1,'vi','core/base/tables','delete','Xóa','2023-05-28 21:30:14','2023-05-28 21:30:14'),(949,1,'vi','core/base/tables','action','Hành động','2023-05-28 21:30:14','2023-05-28 21:30:14'),(950,1,'vi','core/base/tables','activate','Kích hoạt','2023-05-28 21:30:14','2023-05-28 21:30:14'),(951,1,'vi','core/base/tables','add_new','Thêm mới','2023-05-28 21:30:14','2023-05-28 21:30:14'),(952,1,'vi','core/base/tables','all','Tất cả','2023-05-28 21:30:14','2023-05-28 21:30:14'),(953,1,'vi','core/base/tables','cancel','Hủy bỏ','2023-05-28 21:30:14','2023-05-28 21:30:14'),(954,1,'vi','core/base/tables','confirm_delete','Xác nhận xóa','2023-05-28 21:30:14','2023-05-28 21:30:14'),(955,1,'vi','core/base/tables','confirm_delete_msg','Bạn có chắc chắn muốn xóa bản ghi này?','2023-05-28 21:30:15','2023-05-28 21:30:15'),(956,1,'vi','core/base/tables','csv','CSV','2023-05-28 21:30:15','2023-05-28 21:30:15'),(957,1,'vi','core/base/tables','deactivate','Hủy kích hoạt','2023-05-28 21:30:15','2023-05-28 21:30:15'),(958,1,'vi','core/base/tables','delete_entry','Xóa bản ghi','2023-05-28 21:30:15','2023-05-28 21:30:15'),(959,1,'vi','core/base/tables','display','Hiển thị','2023-05-28 21:30:15','2023-05-28 21:30:15'),(960,1,'vi','core/base/tables','excel','Excel','2023-05-28 21:30:15','2023-05-28 21:30:15'),(961,1,'vi','core/base/tables','export','Xuất bản','2023-05-28 21:30:15','2023-05-28 21:30:15'),(962,1,'vi','core/base/tables','in','trong tổng số','2023-05-28 21:30:15','2023-05-28 21:30:15'),(963,1,'vi','core/base/tables','no_data','Không có dữ liệu để hiển thị','2023-05-28 21:30:15','2023-05-28 21:30:15'),(964,1,'vi','core/base/tables','no_record','Không có dữ liệu','2023-05-28 21:30:15','2023-05-28 21:30:15'),(965,1,'vi','core/base/tables','pdf','PDF','2023-05-28 21:30:15','2023-05-28 21:30:15'),(966,1,'vi','core/base/tables','print','In','2023-05-28 21:30:15','2023-05-28 21:30:15'),(967,1,'vi','core/base/tables','records','bản ghi','2023-05-28 21:30:15','2023-05-28 21:30:15'),(968,1,'vi','core/base/tables','reload','Tải lại','2023-05-28 21:30:15','2023-05-28 21:30:15'),(969,1,'vi','core/base/tables','reset','Làm mới','2023-05-28 21:30:15','2023-05-28 21:30:15'),(970,1,'vi','core/base/tables','save','Lưu','2023-05-28 21:30:15','2023-05-28 21:30:15'),(971,1,'vi','core/base/tables','show_from','Hiển thị từ','2023-05-28 21:30:15','2023-05-28 21:30:15'),(972,1,'vi','core/base/tables','template','Giao diện','2023-05-28 21:30:15','2023-05-28 21:30:15'),(973,1,'vi','core/base/tables','to','đến','2023-05-28 21:30:15','2023-05-28 21:30:15'),(974,1,'vi','core/base/tables','view','Xem chi tiết','2023-05-28 21:30:15','2023-05-28 21:30:15'),(975,1,'vi','core/base/tables','email','Email','2023-05-28 21:30:15','2023-05-28 21:30:15'),(976,1,'vi','core/base/tables','image','Hình ảnh','2023-05-28 21:30:15','2023-05-28 21:30:15'),(977,1,'vi','core/base/tables','is_featured','Nổi bật','2023-05-28 21:30:15','2023-05-28 21:30:15'),(978,1,'vi','core/base/tables','last_login','Lần cuối đăng nhập','2023-05-28 21:30:15','2023-05-28 21:30:15'),(979,1,'vi','core/base/tables','order','Thứ tự','2023-05-28 21:30:15','2023-05-28 21:30:15'),(980,1,'vi','core/base/tables','shortcode','Shortcode','2023-05-28 21:30:15','2023-05-28 21:30:15'),(981,1,'vi','core/base/tables','slug','Slug','2023-05-28 21:30:15','2023-05-28 21:30:15'),(982,1,'vi','core/base/tables','title','Tiêu đề','2023-05-28 21:30:15','2023-05-28 21:30:15'),(983,1,'vi','core/base/tables','bulk_changes','Thay đổi hàng loạt','2023-05-28 21:30:15','2023-05-28 21:30:15'),(984,1,'vi','core/base/tables','confirm_delete_many_msg','Bạn có chắc chắn muốn xóa những bản ghi này?','2023-05-28 21:30:15','2023-05-28 21:30:15'),(985,1,'vi','core/base/tables','submit','Hoàn tất','2023-05-28 21:30:15','2023-05-28 21:30:15'),(986,1,'vi','core/base/tables','please_select_record','Vui lòng chọn ít nhất 1 bản ghi để thực hiện hành động này!','2023-05-28 21:30:15','2023-05-28 21:30:15'),(987,1,'vi','core/base/tabs','detail','Chi tiết','2023-05-28 21:30:15','2023-05-28 21:30:15'),(988,1,'vi','core/base/tabs','file','Tập tin','2023-05-28 21:30:15','2023-05-28 21:30:15'),(989,1,'vi','core/base/tabs','record_note','Ghi chú','2023-05-28 21:30:15','2023-05-28 21:30:15'),(990,1,'vi','core/base/tabs','revision','Lịch sử thay đổi','2023-05-28 21:30:15','2023-05-28 21:30:15'),(991,1,'en','core/dashboard/dashboard','update_position_success','Update widget position successfully!','2023-05-28 21:30:15','2023-05-28 21:30:15'),(992,1,'en','core/dashboard/dashboard','hide_success','Update widget successfully!','2023-05-28 21:30:15','2023-05-28 21:30:15'),(993,1,'en','core/dashboard/dashboard','confirm_hide','Are you sure?','2023-05-28 21:30:15','2023-05-28 21:30:15'),(994,1,'en','core/dashboard/dashboard','hide_message','Do you really want to hide this widget? It will be disappear on Dashboard!','2023-05-28 21:30:15','2023-05-28 21:30:15'),(995,1,'en','core/dashboard/dashboard','confirm_hide_btn','Yes, hide this widget','2023-05-28 21:30:15','2023-05-28 21:30:15'),(996,1,'en','core/dashboard/dashboard','cancel_hide_btn','Cancel','2023-05-28 21:30:15','2023-05-28 21:30:15'),(997,1,'en','core/dashboard/dashboard','collapse_expand','Collapse/Expand','2023-05-28 21:30:15','2023-05-28 21:30:15'),(998,1,'en','core/dashboard/dashboard','hide','Hide','2023-05-28 21:30:15','2023-05-28 21:30:15'),(999,1,'en','core/dashboard/dashboard','reload','Reload','2023-05-28 21:30:15','2023-05-28 21:30:15'),(1000,1,'en','core/dashboard/dashboard','save_setting_success','Save widget settings successfully!','2023-05-28 21:30:15','2023-05-28 21:30:15'),(1001,1,'en','core/dashboard/dashboard','widget_not_exists','Widget is not exits!','2023-05-28 21:30:15','2023-05-28 21:30:15'),(1002,1,'en','core/dashboard/dashboard','manage_widgets','Manage Widgets','2023-05-28 21:30:15','2023-05-28 21:30:15'),(1003,1,'en','core/dashboard/dashboard','fullscreen','Full screen','2023-05-28 21:30:15','2023-05-28 21:30:15'),(1004,1,'en','core/dashboard/dashboard','title','Dashboard','2023-05-28 21:30:15','2023-05-28 21:30:15'),(1005,1,'en','core/dashboard/dashboard','predefined_ranges.today','Today','2023-05-28 21:30:15','2023-05-28 21:30:15'),(1006,1,'en','core/dashboard/dashboard','predefined_ranges.yesterday','Yesterday','2023-05-28 21:30:15','2023-05-28 21:30:15'),(1007,1,'en','core/dashboard/dashboard','predefined_ranges.this_week','This Week','2023-05-28 21:30:15','2023-05-28 21:30:15'),(1008,1,'en','core/dashboard/dashboard','predefined_ranges.last_7_days','Last 7 Days','2023-05-28 21:30:15','2023-05-28 21:30:15'),(1009,1,'en','core/dashboard/dashboard','predefined_ranges.this_month','This Month','2023-05-28 21:30:15','2023-05-28 21:30:15'),(1010,1,'en','core/dashboard/dashboard','predefined_ranges.last_30_days','Last 30 Days','2023-05-28 21:30:15','2023-05-28 21:30:15'),(1011,1,'en','core/dashboard/dashboard','predefined_ranges.this_year','This Year','2023-05-28 21:30:15','2023-05-28 21:30:15'),(1012,1,'vi','core/dashboard/dashboard','cancel_hide_btn','Hủy bỏ','2023-05-28 21:30:15','2023-05-28 21:30:15'),(1013,1,'vi','core/dashboard/dashboard','collapse_expand','Mở rộng','2023-05-28 21:30:15','2023-05-28 21:30:15'),(1014,1,'vi','core/dashboard/dashboard','confirm_hide','Bạn có chắc?','2023-05-28 21:30:15','2023-05-28 21:30:15'),(1015,1,'vi','core/dashboard/dashboard','confirm_hide_btn','Vâng, ẩn tiện ích này','2023-05-28 21:30:15','2023-05-28 21:30:15'),(1016,1,'vi','core/dashboard/dashboard','hide','Ẩn','2023-05-28 21:30:15','2023-05-28 21:30:15'),(1017,1,'vi','core/dashboard/dashboard','hide_message','Bạn có chắc chắn muốn ẩn tiện ích này? Nó sẽ không được hiển thị trên trang chủ nữa!','2023-05-28 21:30:15','2023-05-28 21:30:15'),(1018,1,'vi','core/dashboard/dashboard','hide_success','Ẩn tiện ích thành công!','2023-05-28 21:30:15','2023-05-28 21:30:15'),(1019,1,'vi','core/dashboard/dashboard','manage_widgets','Quản lý tiện ích','2023-05-28 21:30:15','2023-05-28 21:30:15'),(1020,1,'vi','core/dashboard/dashboard','reload','Làm mới','2023-05-28 21:30:15','2023-05-28 21:30:15'),(1021,1,'vi','core/dashboard/dashboard','save_setting_success','Lưu tiện ích thành công','2023-05-28 21:30:15','2023-05-28 21:30:15'),(1022,1,'vi','core/dashboard/dashboard','update_position_success','Cập nhật vị trí tiện ích thành công!','2023-05-28 21:30:15','2023-05-28 21:30:15'),(1023,1,'vi','core/dashboard/dashboard','widget_not_exists','Tiện ích này không tồn tại!','2023-05-28 21:30:15','2023-05-28 21:30:15'),(1024,1,'vi','core/dashboard/dashboard','fullscreen','Toàn màn hình','2023-05-28 21:30:15','2023-05-28 21:30:15'),(1025,1,'vi','core/dashboard/dashboard','title','Trang quản trị','2023-05-28 21:30:15','2023-05-28 21:30:15'),(1026,1,'en','core/media/media','filter','Filter','2023-05-28 21:30:15','2023-05-28 21:30:15'),(1027,1,'en','core/media/media','everything','Everything','2023-05-28 21:30:15','2023-05-28 21:30:15'),(1028,1,'en','core/media/media','image','Image','2023-05-28 21:30:15','2023-05-28 21:30:15'),(1029,1,'en','core/media/media','video','Video','2023-05-28 21:30:15','2023-05-28 21:30:15'),(1030,1,'en','core/media/media','document','Document','2023-05-28 21:30:15','2023-05-28 21:30:15'),(1031,1,'en','core/media/media','view_in','View in','2023-05-28 21:30:15','2023-05-28 21:30:15'),(1032,1,'en','core/media/media','all_media','All media','2023-05-28 21:30:15','2023-05-28 21:30:15'),(1033,1,'en','core/media/media','trash','Trash','2023-05-28 21:30:15','2023-05-28 21:30:15'),(1034,1,'en','core/media/media','recent','Recent','2023-05-28 21:30:15','2023-05-28 21:30:15'),(1035,1,'en','core/media/media','favorites','Favorites','2023-05-28 21:30:15','2023-05-28 21:30:15'),(1036,1,'en','core/media/media','upload','Upload','2023-05-28 21:30:15','2023-05-28 21:30:15'),(1037,1,'en','core/media/media','create_folder','Create folder','2023-05-28 21:30:15','2023-05-28 21:30:15'),(1038,1,'en','core/media/media','refresh','Refresh','2023-05-28 21:30:15','2023-05-28 21:30:15'),(1039,1,'en','core/media/media','empty_trash','Empty trash','2023-05-28 21:30:15','2023-05-28 21:30:15'),(1040,1,'en','core/media/media','search_file_and_folder','Search in current folder','2023-05-28 21:30:15','2023-05-28 21:30:15'),(1041,1,'en','core/media/media','sort','Sort','2023-05-28 21:30:15','2023-05-28 21:30:15'),(1042,1,'en','core/media/media','file_name_asc','File name - ASC','2023-05-28 21:30:15','2023-05-28 21:30:15'),(1043,1,'en','core/media/media','file_name_desc','File name - DESC','2023-05-28 21:30:15','2023-05-28 21:30:15'),(1044,1,'en','core/media/media','uploaded_date_asc','Uploaded date - ASC','2023-05-28 21:30:15','2023-05-28 21:30:15'),(1045,1,'en','core/media/media','uploaded_date_desc','Uploaded date - DESC','2023-05-28 21:30:15','2023-05-28 21:30:15'),(1046,1,'en','core/media/media','size_asc','Size - ASC','2023-05-28 21:30:15','2023-05-28 21:30:15'),(1047,1,'en','core/media/media','size_desc','Size - DESC','2023-05-28 21:30:15','2023-05-28 21:30:15'),(1048,1,'en','core/media/media','actions','Actions','2023-05-28 21:30:15','2023-05-28 21:30:15'),(1049,1,'en','core/media/media','nothing_is_selected','Nothing is selected','2023-05-28 21:30:15','2023-05-28 21:30:15'),(1050,1,'en','core/media/media','insert','Insert','2023-05-28 21:30:15','2023-05-28 21:30:15'),(1051,1,'en','core/media/media','folder_name','Folder name','2023-05-28 21:30:15','2023-05-28 21:30:15'),(1052,1,'en','core/media/media','create','Create','2023-05-28 21:30:15','2023-05-28 21:30:15'),(1053,1,'en','core/media/media','rename','Rename','2023-05-28 21:30:15','2023-05-28 21:30:15'),(1054,1,'en','core/media/media','crop','Crop','2023-05-28 21:30:15','2023-05-28 21:30:15'),(1055,1,'en','core/media/media','close','Close','2023-05-28 21:30:15','2023-05-28 21:30:15'),(1056,1,'en','core/media/media','save_changes','Save changes','2023-05-28 21:30:15','2023-05-28 21:30:15'),(1057,1,'en','core/media/media','move_to_trash','Move items to trash','2023-05-28 21:30:15','2023-05-28 21:30:15'),(1058,1,'en','core/media/media','confirm_trash','Are you sure you want to move these items to trash?','2023-05-28 21:30:15','2023-05-28 21:30:15'),(1059,1,'en','core/media/media','confirm','Confirm','2023-05-28 21:30:15','2023-05-28 21:30:15'),(1060,1,'en','core/media/media','confirm_delete','Delete item(s)','2023-05-28 21:30:15','2023-05-28 21:30:15'),(1061,1,'en','core/media/media','confirm_delete_description','Your request cannot rollback. Are you sure you wanna delete these items?','2023-05-28 21:30:15','2023-05-28 21:30:15'),(1062,1,'en','core/media/media','empty_trash_title','Empty trash','2023-05-28 21:30:15','2023-05-28 21:30:15'),(1063,1,'en','core/media/media','empty_trash_description','Your request cannot rollback. Are you sure you wanna remove all items in trash?','2023-05-28 21:30:15','2023-05-28 21:30:15'),(1064,1,'en','core/media/media','up_level','Up one level','2023-05-28 21:30:15','2023-05-28 21:30:15'),(1065,1,'en','core/media/media','upload_progress','Upload progress','2023-05-28 21:30:15','2023-05-28 21:30:15'),(1066,1,'en','core/media/media','alt_text','Alt text','2023-05-28 21:30:15','2023-05-28 21:30:15'),(1067,1,'en','core/media/media','folder_created','Folder is created successfully!','2023-05-28 21:30:15','2023-05-28 21:30:15'),(1068,1,'en','core/media/media','gallery','Media gallery','2023-05-28 21:30:15','2023-05-28 21:30:15'),(1069,1,'en','core/media/media','trash_error','Error when delete selected item(s)','2023-05-28 21:30:15','2023-05-28 21:30:15'),(1070,1,'en','core/media/media','trash_success','Moved selected item(s) to trash successfully!','2023-05-28 21:30:15','2023-05-28 21:30:15'),(1071,1,'en','core/media/media','restore_error','Error when restore selected item(s)','2023-05-28 21:30:15','2023-05-28 21:30:15'),(1072,1,'en','core/media/media','restore_success','Restore selected item(s) successfully!','2023-05-28 21:30:15','2023-05-28 21:30:15'),(1073,1,'en','core/media/media','copy_success','Copied selected item(s) successfully!','2023-05-28 21:30:15','2023-05-28 21:30:15'),(1074,1,'en','core/media/media','delete_success','Deleted selected item(s) successfully!','2023-05-28 21:30:15','2023-05-28 21:30:15'),(1075,1,'en','core/media/media','favorite_success','Favorite selected item(s) successfully!','2023-05-28 21:30:15','2023-05-28 21:30:15'),(1076,1,'en','core/media/media','remove_favorite_success','Remove selected item(s) from favorites successfully!','2023-05-28 21:30:15','2023-05-28 21:30:15'),(1077,1,'en','core/media/media','rename_error','Error when rename item(s)','2023-05-28 21:30:15','2023-05-28 21:30:15'),(1078,1,'en','core/media/media','rename_success','Rename selected item(s) successfully!','2023-05-28 21:30:15','2023-05-28 21:30:15'),(1079,1,'en','core/media/media','crop_success','Crop image successfully!','2023-05-28 21:30:15','2023-05-28 21:30:15'),(1080,1,'en','core/media/media','empty_trash_success','Empty trash successfully!','2023-05-28 21:30:15','2023-05-28 21:30:15'),(1081,1,'en','core/media/media','invalid_action','Invalid action!','2023-05-28 21:30:15','2023-05-28 21:30:15'),(1082,1,'en','core/media/media','file_not_exists','File is not exists!','2023-05-28 21:30:15','2023-05-28 21:30:15'),(1083,1,'en','core/media/media','download_file_error','Error when downloading files!','2023-05-28 21:30:15','2023-05-28 21:30:15'),(1084,1,'en','core/media/media','missing_zip_archive_extension','Please enable ZipArchive extension to download file!','2023-05-28 21:30:15','2023-05-28 21:30:15'),(1085,1,'en','core/media/media','can_not_download_file','Can not download this file!','2023-05-28 21:30:15','2023-05-28 21:30:15'),(1086,1,'en','core/media/media','invalid_request','Invalid request!','2023-05-28 21:30:15','2023-05-28 21:30:15'),(1087,1,'en','core/media/media','add_success','Add item successfully!','2023-05-28 21:30:15','2023-05-28 21:30:15'),(1088,1,'en','core/media/media','file_too_big','File too big. Max file upload is :size bytes','2023-05-28 21:30:15','2023-05-28 21:30:15'),(1089,1,'en','core/media/media','file_too_big_readable_size','File too big. Max file upload is :size.','2023-05-28 21:30:15','2023-05-28 21:30:15'),(1090,1,'en','core/media/media','can_not_detect_file_type','File type is not allowed or can not detect file type!','2023-05-28 21:30:15','2023-05-28 21:30:15'),(1091,1,'en','core/media/media','upload_failed','The file is NOT uploaded completely. The server allows max upload file size is :size . Please check your file size OR try to upload again in case of having network errors','2023-05-28 21:30:15','2023-05-28 21:30:15'),(1092,1,'en','core/media/media','failed_to_crop_image','The file cropping must be image type','2023-05-28 21:30:15','2023-05-28 21:30:15'),(1093,1,'en','core/media/media','menu_name','Media','2023-05-28 21:30:15','2023-05-28 21:30:15'),(1094,1,'en','core/media/media','add','Add media','2023-05-28 21:30:15','2023-05-28 21:30:15'),(1095,1,'en','core/media/media','javascript.name','Name','2023-05-28 21:30:15','2023-05-28 21:30:15'),(1096,1,'en','core/media/media','javascript.url','URL','2023-05-28 21:30:15','2023-05-28 21:30:15'),(1097,1,'en','core/media/media','javascript.full_url','Full URL','2023-05-28 21:30:15','2023-05-28 21:30:15'),(1098,1,'en','core/media/media','javascript.alt','Alt text','2023-05-28 21:30:15','2023-05-28 21:30:15'),(1099,1,'en','core/media/media','javascript.size','Size','2023-05-28 21:30:15','2023-05-28 21:30:15'),(1100,1,'en','core/media/media','javascript.mime_type','Type','2023-05-28 21:30:15','2023-05-28 21:30:15'),(1101,1,'en','core/media/media','javascript.created_at','Uploaded at','2023-05-28 21:30:15','2023-05-28 21:30:15'),(1102,1,'en','core/media/media','javascript.updated_at','Modified at','2023-05-28 21:30:15','2023-05-28 21:30:15'),(1103,1,'en','core/media/media','javascript.nothing_selected','Nothing is selected','2023-05-28 21:30:15','2023-05-28 21:30:15'),(1104,1,'en','core/media/media','javascript.visit_link','Open link','2023-05-28 21:30:15','2023-05-28 21:30:15'),(1105,1,'en','core/media/media','javascript.no_item.all_media.icon','fas fa-cloud-upload-alt','2023-05-28 21:30:15','2023-05-28 21:30:15'),(1106,1,'en','core/media/media','javascript.no_item.all_media.title','Drop files and folders here','2023-05-28 21:30:15','2023-05-28 21:30:15'),(1107,1,'en','core/media/media','javascript.no_item.all_media.message','Or use the upload button above','2023-05-28 21:30:15','2023-05-28 21:30:15'),(1108,1,'en','core/media/media','javascript.no_item.trash.icon','fas fa-trash-alt','2023-05-28 21:30:15','2023-05-28 21:30:15'),(1109,1,'en','core/media/media','javascript.no_item.trash.title','There is nothing in your trash currently','2023-05-28 21:30:15','2023-05-28 21:30:15'),(1110,1,'en','core/media/media','javascript.no_item.trash.message','Delete files to move them to trash automatically. Delete files from trash to remove them permanently','2023-05-28 21:30:15','2023-05-28 21:30:15'),(1111,1,'en','core/media/media','javascript.no_item.favorites.icon','fas fa-star','2023-05-28 21:30:15','2023-05-28 21:30:15'),(1112,1,'en','core/media/media','javascript.no_item.favorites.title','You have not added anything to your favorites yet','2023-05-28 21:30:15','2023-05-28 21:30:15'),(1113,1,'en','core/media/media','javascript.no_item.favorites.message','Add files to favorites to easily find them later','2023-05-28 21:30:15','2023-05-28 21:30:15'),(1114,1,'en','core/media/media','javascript.no_item.recent.icon','far fa-clock','2023-05-28 21:30:15','2023-05-28 21:30:15'),(1115,1,'en','core/media/media','javascript.no_item.recent.title','You did not opened anything yet','2023-05-28 21:30:15','2023-05-28 21:30:15'),(1116,1,'en','core/media/media','javascript.no_item.recent.message','All recent files that you opened will be appeared here','2023-05-28 21:30:16','2023-05-28 21:30:16'),(1117,1,'en','core/media/media','javascript.no_item.default.icon','fas fa-sync','2023-05-28 21:30:16','2023-05-28 21:30:16'),(1118,1,'en','core/media/media','javascript.no_item.default.title','No items','2023-05-28 21:30:16','2023-05-28 21:30:16'),(1119,1,'en','core/media/media','javascript.no_item.default.message','This directory has no item','2023-05-28 21:30:16','2023-05-28 21:30:16'),(1120,1,'en','core/media/media','javascript.clipboard.success','These file links has been copied to clipboard','2023-05-28 21:30:16','2023-05-28 21:30:16'),(1121,1,'en','core/media/media','javascript.message.error_header','Error','2023-05-28 21:30:16','2023-05-28 21:30:16'),(1122,1,'en','core/media/media','javascript.message.success_header','Success','2023-05-28 21:30:16','2023-05-28 21:30:16'),(1123,1,'en','core/media/media','javascript.download.error','No files selected or cannot download these files','2023-05-28 21:30:16','2023-05-28 21:30:16'),(1124,1,'en','core/media/media','javascript.actions_list.basic.preview','Preview','2023-05-28 21:30:16','2023-05-28 21:30:16'),(1125,1,'en','core/media/media','javascript.actions_list.basic.crop','Crop','2023-05-28 21:30:16','2023-05-28 21:30:16'),(1126,1,'en','core/media/media','javascript.actions_list.file.copy_link','Copy link','2023-05-28 21:30:16','2023-05-28 21:30:16'),(1127,1,'en','core/media/media','javascript.actions_list.file.rename','Rename','2023-05-28 21:30:16','2023-05-28 21:30:16'),(1128,1,'en','core/media/media','javascript.actions_list.file.make_copy','Make a copy','2023-05-28 21:30:16','2023-05-28 21:30:16'),(1129,1,'en','core/media/media','javascript.actions_list.user.favorite','Add to favorite','2023-05-28 21:30:16','2023-05-28 21:30:16'),(1130,1,'en','core/media/media','javascript.actions_list.user.remove_favorite','Remove favorite','2023-05-28 21:30:16','2023-05-28 21:30:16'),(1131,1,'en','core/media/media','javascript.actions_list.other.download','Download','2023-05-28 21:30:16','2023-05-28 21:30:16'),(1132,1,'en','core/media/media','javascript.actions_list.other.trash','Move to trash','2023-05-28 21:30:16','2023-05-28 21:30:16'),(1133,1,'en','core/media/media','javascript.actions_list.other.delete','Delete permanently','2023-05-28 21:30:16','2023-05-28 21:30:16'),(1134,1,'en','core/media/media','javascript.actions_list.other.restore','Restore','2023-05-28 21:30:16','2023-05-28 21:30:16'),(1135,1,'en','core/media/media','javascript.change_image','Change image','2023-05-28 21:30:16','2023-05-28 21:30:16'),(1136,1,'en','core/media/media','javascript.delete_image','Delete image','2023-05-28 21:30:16','2023-05-28 21:30:16'),(1137,1,'en','core/media/media','javascript.choose_image','Choose image','2023-05-28 21:30:16','2023-05-28 21:30:16'),(1138,1,'en','core/media/media','javascript.preview_image','Preview image','2023-05-28 21:30:16','2023-05-28 21:30:16'),(1139,1,'en','core/media/media','name_invalid','The folder name has invalid character(s).','2023-05-28 21:30:16','2023-05-28 21:30:16'),(1140,1,'en','core/media/media','url_invalid','Please provide a valid URL','2023-05-28 21:30:16','2023-05-28 21:30:16'),(1141,1,'en','core/media/media','path_invalid','Please provide a valid path','2023-05-28 21:30:16','2023-05-28 21:30:16'),(1142,1,'en','core/media/media','download_link','Download','2023-05-28 21:30:16','2023-05-28 21:30:16'),(1143,1,'en','core/media/media','url','URL','2023-05-28 21:30:16','2023-05-28 21:30:16'),(1144,1,'en','core/media/media','download_explain','Enter one URL per line.','2023-05-28 21:30:16','2023-05-28 21:30:16'),(1145,1,'en','core/media/media','downloading','Downloading...','2023-05-28 21:30:16','2023-05-28 21:30:16'),(1146,1,'en','core/media/media','prepare_file_to_download','Preparing file to download...','2023-05-28 21:30:16','2023-05-28 21:30:16'),(1147,1,'en','core/media/media','update_alt_text_success','Update alt text successfully!','2023-05-28 21:30:16','2023-05-28 21:30:16'),(1148,1,'en','core/media/media','cropper.height','Height','2023-05-28 21:30:16','2023-05-28 21:30:16'),(1149,1,'en','core/media/media','cropper.width','Width','2023-05-28 21:30:16','2023-05-28 21:30:16'),(1150,1,'en','core/media/media','cropper.aspect_ratio','Aspect ratio?','2023-05-28 21:30:16','2023-05-28 21:30:16'),(1151,1,'en','core/media/media','unable_to_write','Unable to write file. Please chmod folder \":folder\" to make it writeable!','2023-05-28 21:30:16','2023-05-28 21:30:16'),(1152,1,'vi','core/media/media','filter','Lọc','2023-05-28 21:30:16','2023-05-28 21:30:16'),(1153,1,'vi','core/media/media','everything','Tất cả','2023-05-28 21:30:16','2023-05-28 21:30:16'),(1154,1,'vi','core/media/media','image','Hình ảnh','2023-05-28 21:30:16','2023-05-28 21:30:16'),(1155,1,'vi','core/media/media','video','Phim','2023-05-28 21:30:16','2023-05-28 21:30:16'),(1156,1,'vi','core/media/media','document','Tài liệu','2023-05-28 21:30:16','2023-05-28 21:30:16'),(1157,1,'vi','core/media/media','view_in','Chế độ xem','2023-05-28 21:30:16','2023-05-28 21:30:16'),(1158,1,'vi','core/media/media','all_media','Tất cả tập tin','2023-05-28 21:30:16','2023-05-28 21:30:16'),(1159,1,'vi','core/media/media','trash','Thùng rác','2023-05-28 21:30:16','2023-05-28 21:30:16'),(1160,1,'vi','core/media/media','recent','Gần đây','2023-05-28 21:30:16','2023-05-28 21:30:16'),(1161,1,'vi','core/media/media','favorites','Được gắn dấu sao','2023-05-28 21:30:16','2023-05-28 21:30:16'),(1162,1,'vi','core/media/media','upload','Tải lên','2023-05-28 21:30:16','2023-05-28 21:30:16'),(1163,1,'vi','core/media/media','create_folder','Tạo thư mục','2023-05-28 21:30:16','2023-05-28 21:30:16'),(1164,1,'vi','core/media/media','refresh','Làm mới','2023-05-28 21:30:16','2023-05-28 21:30:16'),(1165,1,'vi','core/media/media','empty_trash','Dọn thùng rác','2023-05-28 21:30:16','2023-05-28 21:30:16'),(1166,1,'vi','core/media/media','search_file_and_folder','Tìm kiếm tập tin và thư mục','2023-05-28 21:30:16','2023-05-28 21:30:16'),(1167,1,'vi','core/media/media','sort','Sắp xếp','2023-05-28 21:30:16','2023-05-28 21:30:16'),(1168,1,'vi','core/media/media','file_name_asc','Tên tập tin - ASC','2023-05-28 21:30:16','2023-05-28 21:30:16'),(1169,1,'vi','core/media/media','file_name_desc','Tên tập tin - DESC','2023-05-28 21:30:16','2023-05-28 21:30:16'),(1170,1,'vi','core/media/media','uploaded_date_asc','Ngày tải lên - ASC','2023-05-28 21:30:16','2023-05-28 21:30:16'),(1171,1,'vi','core/media/media','uploaded_date_desc','Ngày tải lên - DESC','2023-05-28 21:30:16','2023-05-28 21:30:16'),(1172,1,'vi','core/media/media','size_asc','Kích thước - ASC','2023-05-28 21:30:16','2023-05-28 21:30:16'),(1173,1,'vi','core/media/media','size_desc','Kích thước - DESC','2023-05-28 21:30:16','2023-05-28 21:30:16'),(1174,1,'vi','core/media/media','actions','Hành động','2023-05-28 21:30:16','2023-05-28 21:30:16'),(1175,1,'vi','core/media/media','nothing_is_selected','Không có tập tin nào được chọn','2023-05-28 21:30:16','2023-05-28 21:30:16'),(1176,1,'vi','core/media/media','insert','Chèn','2023-05-28 21:30:16','2023-05-28 21:30:16'),(1177,1,'vi','core/media/media','folder_name','Tên thư mục','2023-05-28 21:30:16','2023-05-28 21:30:16'),(1178,1,'vi','core/media/media','create','Tạo','2023-05-28 21:30:16','2023-05-28 21:30:16'),(1179,1,'vi','core/media/media','rename','Đổi tên','2023-05-28 21:30:16','2023-05-28 21:30:16'),(1180,1,'vi','core/media/media','close','Đóng','2023-05-28 21:30:16','2023-05-28 21:30:16'),(1181,1,'vi','core/media/media','save_changes','Lưu thay đổi','2023-05-28 21:30:16','2023-05-28 21:30:16'),(1182,1,'vi','core/media/media','move_to_trash','Đưa vào thùng rác','2023-05-28 21:30:16','2023-05-28 21:30:16'),(1183,1,'vi','core/media/media','confirm_trash','Bạn có chắc chắn muốn bỏ những tập tin này vào thùng rác?','2023-05-28 21:30:16','2023-05-28 21:30:16'),(1184,1,'vi','core/media/media','confirm','Xác nhận','2023-05-28 21:30:16','2023-05-28 21:30:16'),(1185,1,'vi','core/media/media','confirm_delete','Xóa tập tin','2023-05-28 21:30:16','2023-05-28 21:30:16'),(1186,1,'vi','core/media/media','confirm_delete_description','Hành động này không thể khôi phục. Bạn có chắc chắn muốn xóa các tập tin này?','2023-05-28 21:30:16','2023-05-28 21:30:16'),(1187,1,'vi','core/media/media','empty_trash_title','Dọn sạch thùng rác','2023-05-28 21:30:16','2023-05-28 21:30:16'),(1188,1,'vi','core/media/media','empty_trash_description','Hành động này không thể khôi phục. Bạn có chắc chắn muốn dọn sạch thùng rác?','2023-05-28 21:30:16','2023-05-28 21:30:16'),(1189,1,'vi','core/media/media','up_level','Quay lại một cấp','2023-05-28 21:30:16','2023-05-28 21:30:16'),(1190,1,'vi','core/media/media','upload_progress','Tiến trình tải lên','2023-05-28 21:30:16','2023-05-28 21:30:16'),(1191,1,'vi','core/media/media','folder_created','Tạo thư mục thành công!','2023-05-28 21:30:16','2023-05-28 21:30:16'),(1192,1,'vi','core/media/media','gallery','Thư viện tập tin','2023-05-28 21:30:16','2023-05-28 21:30:16'),(1193,1,'vi','core/media/media','trash_error','Có lỗi khi xóa tập tin/thư mục','2023-05-28 21:30:16','2023-05-28 21:30:16'),(1194,1,'vi','core/media/media','trash_success','Xóa tập tin/thư mục thành công!','2023-05-28 21:30:16','2023-05-28 21:30:16'),(1195,1,'vi','core/media/media','restore_error','Có lỗi trong quá trình khôi phục','2023-05-28 21:30:16','2023-05-28 21:30:16'),(1196,1,'vi','core/media/media','restore_success','Khôi phục thành công!','2023-05-28 21:30:16','2023-05-28 21:30:16'),(1197,1,'vi','core/media/media','copy_success','Sao chép thành công!','2023-05-28 21:30:16','2023-05-28 21:30:16'),(1198,1,'vi','core/media/media','delete_success','Xóa thành công!','2023-05-28 21:30:16','2023-05-28 21:30:16'),(1199,1,'vi','core/media/media','favorite_success','Thêm dấu sao thành công!','2023-05-28 21:30:16','2023-05-28 21:30:16'),(1200,1,'vi','core/media/media','remove_favorite_success','Bỏ dấu sao thành công!','2023-05-28 21:30:16','2023-05-28 21:30:16'),(1201,1,'vi','core/media/media','rename_error','Có lỗi trong quá trình đổi tên','2023-05-28 21:30:16','2023-05-28 21:30:16'),(1202,1,'vi','core/media/media','rename_success','Đổi tên thành công!','2023-05-28 21:30:16','2023-05-28 21:30:16'),(1203,1,'vi','core/media/media','invalid_action','Hành động không hợp lệ!','2023-05-28 21:30:16','2023-05-28 21:30:16'),(1204,1,'vi','core/media/media','file_not_exists','Tập tin không tồn tại!','2023-05-28 21:30:16','2023-05-28 21:30:16'),(1205,1,'vi','core/media/media','download_file_error','Có lỗi trong quá trình tải xuống tập tin!','2023-05-28 21:30:16','2023-05-28 21:30:16'),(1206,1,'vi','core/media/media','missing_zip_archive_extension','Hãy bật ZipArchive extension để tải tập tin!','2023-05-28 21:30:16','2023-05-28 21:30:16'),(1207,1,'vi','core/media/media','can_not_download_file','Không thể tải tập tin!','2023-05-28 21:30:16','2023-05-28 21:30:16'),(1208,1,'vi','core/media/media','invalid_request','Yêu cầu không hợp lệ!','2023-05-28 21:30:16','2023-05-28 21:30:16'),(1209,1,'vi','core/media/media','add_success','Thêm thành công!','2023-05-28 21:30:16','2023-05-28 21:30:16'),(1210,1,'vi','core/media/media','file_too_big','Tập tin quá lớn. Giới hạn tải lên là :size bytes','2023-05-28 21:30:16','2023-05-28 21:30:16'),(1211,1,'vi','core/media/media','can_not_detect_file_type','Loại tập tin không hợp lệ hoặc không thể xác định loại tập tin!','2023-05-28 21:30:16','2023-05-28 21:30:16'),(1212,1,'vi','core/media/media','upload_failed','The file is NOT uploaded completely. The server allows max upload file size is :size . Please check your file size OR try to upload again in case of having network errors','2023-05-28 21:30:16','2023-05-28 21:30:16'),(1213,1,'vi','core/media/media','menu_name','Quản lý tập tin','2023-05-28 21:30:16','2023-05-28 21:30:16'),(1214,1,'vi','core/media/media','add','Thêm tập tin','2023-05-28 21:30:16','2023-05-28 21:30:16'),(1215,1,'vi','core/media/media','javascript.name','Tên','2023-05-28 21:30:16','2023-05-28 21:30:16'),(1216,1,'vi','core/media/media','javascript.url','Đường dẫn','2023-05-28 21:30:16','2023-05-28 21:30:16'),(1217,1,'vi','core/media/media','javascript.full_url','Đường dẫn tuyệt đối','2023-05-28 21:30:16','2023-05-28 21:30:16'),(1218,1,'vi','core/media/media','javascript.size','Kích thước','2023-05-28 21:30:16','2023-05-28 21:30:16'),(1219,1,'vi','core/media/media','javascript.mime_type','Loại','2023-05-28 21:30:16','2023-05-28 21:30:16'),(1220,1,'vi','core/media/media','javascript.created_at','Được tải lên lúc','2023-05-28 21:30:16','2023-05-28 21:30:16'),(1221,1,'vi','core/media/media','javascript.updated_at','Được chỉnh sửa lúc','2023-05-28 21:30:16','2023-05-28 21:30:16'),(1222,1,'vi','core/media/media','javascript.nothing_selected','Bạn chưa chọn tập tin nào','2023-05-28 21:30:16','2023-05-28 21:30:16'),(1223,1,'vi','core/media/media','javascript.visit_link','Mở liên kết','2023-05-28 21:30:16','2023-05-28 21:30:16'),(1224,1,'vi','core/media/media','javascript.no_item.all_media.icon','fas fa-cloud-upload-alt','2023-05-28 21:30:16','2023-05-28 21:30:16'),(1225,1,'vi','core/media/media','javascript.no_item.all_media.title','Bạn có thể kéo thả tập tin vào đây để tải lên','2023-05-28 21:30:16','2023-05-28 21:30:16'),(1226,1,'vi','core/media/media','javascript.no_item.all_media.message','Hoặc có thể bấm nút Tải lên ở phía trên','2023-05-28 21:30:16','2023-05-28 21:30:16'),(1227,1,'vi','core/media/media','javascript.no_item.trash.icon','fas fa-trash-alt','2023-05-28 21:30:16','2023-05-28 21:30:16'),(1228,1,'vi','core/media/media','javascript.no_item.trash.title','Hiện tại không có tập tin nào trong thùng rác','2023-05-28 21:30:16','2023-05-28 21:30:16'),(1229,1,'vi','core/media/media','javascript.no_item.trash.message','Xóa tập tin sẽ đem tập tin lưu vào thùng rác. Xóa tập tin trong thùng rác sẽ xóa vĩnh viễn.','2023-05-28 21:30:16','2023-05-28 21:30:16'),(1230,1,'vi','core/media/media','javascript.no_item.favorites.icon','fas fa-star','2023-05-28 21:30:16','2023-05-28 21:30:16'),(1231,1,'vi','core/media/media','javascript.no_item.favorites.title','Bạn chưa đặt tập tin nào vào mục yêu thích','2023-05-28 21:30:16','2023-05-28 21:30:16'),(1232,1,'vi','core/media/media','javascript.no_item.favorites.message','Thêm tập tin vào mục yêu thích để tìm kiếm chúng dễ dàng sau này.','2023-05-28 21:30:16','2023-05-28 21:30:16'),(1233,1,'vi','core/media/media','javascript.no_item.recent.icon','far fa-clock','2023-05-28 21:30:16','2023-05-28 21:30:16'),(1234,1,'vi','core/media/media','javascript.no_item.recent.title','Bạn chưa mở tập tin nào.','2023-05-28 21:30:16','2023-05-28 21:30:16'),(1235,1,'vi','core/media/media','javascript.no_item.recent.message','Mục này hiển thị các tập tin bạn đã xem gần đây.','2023-05-28 21:30:16','2023-05-28 21:30:16'),(1236,1,'vi','core/media/media','javascript.no_item.default.icon','fas fa-sync','2023-05-28 21:30:16','2023-05-28 21:30:16'),(1237,1,'vi','core/media/media','javascript.no_item.default.title','Thư mục trống','2023-05-28 21:30:16','2023-05-28 21:30:16'),(1238,1,'vi','core/media/media','javascript.no_item.default.message','Thư mục này chưa có tập tin nào','2023-05-28 21:30:16','2023-05-28 21:30:16'),(1239,1,'vi','core/media/media','javascript.clipboard.success','Đường dẫn của các tập tin đã được sao chép vào clipboard','2023-05-28 21:30:16','2023-05-28 21:30:16'),(1240,1,'vi','core/media/media','javascript.message.error_header','Lỗi','2023-05-28 21:30:16','2023-05-28 21:30:16'),(1241,1,'vi','core/media/media','javascript.message.success_header','Thành công','2023-05-28 21:30:16','2023-05-28 21:30:16'),(1242,1,'vi','core/media/media','javascript.download.error','Bạn chưa chọn tập tin nào hoặc tập tin này không cho phép tải về','2023-05-28 21:30:16','2023-05-28 21:30:16'),(1243,1,'vi','core/media/media','javascript.actions_list.basic.preview','Xem trước','2023-05-28 21:30:16','2023-05-28 21:30:16'),(1244,1,'vi','core/media/media','javascript.actions_list.file.copy_link','Sao chép đường dẫn','2023-05-28 21:30:16','2023-05-28 21:30:16'),(1245,1,'vi','core/media/media','javascript.actions_list.file.rename','Đổi tên','2023-05-28 21:30:16','2023-05-28 21:30:16'),(1246,1,'vi','core/media/media','javascript.actions_list.file.make_copy','Nhân bản','2023-05-28 21:30:16','2023-05-28 21:30:16'),(1247,1,'vi','core/media/media','javascript.actions_list.user.favorite','Yêu thích','2023-05-28 21:30:16','2023-05-28 21:30:16'),(1248,1,'vi','core/media/media','javascript.actions_list.user.remove_favorite','Xóa khỏi mục yêu thích','2023-05-28 21:30:16','2023-05-28 21:30:16'),(1249,1,'vi','core/media/media','javascript.actions_list.other.download','Tải xuống','2023-05-28 21:30:16','2023-05-28 21:30:16'),(1250,1,'vi','core/media/media','javascript.actions_list.other.trash','Chuyển vào thùng rác','2023-05-28 21:30:16','2023-05-28 21:30:16'),(1251,1,'vi','core/media/media','javascript.actions_list.other.delete','Xóa hoàn toàn','2023-05-28 21:30:16','2023-05-28 21:30:16'),(1252,1,'vi','core/media/media','javascript.actions_list.other.restore','Khôi phục','2023-05-28 21:30:16','2023-05-28 21:30:16'),(1253,1,'vi','core/media/media','empty_trash_success','Dọn sạch thùng rác thành công','2023-05-28 21:30:16','2023-05-28 21:30:16'),(1254,1,'vi','core/media/media','name_invalid','Tên thư mục chứa ký tự không hợp lệ','2023-05-28 21:30:16','2023-05-28 21:30:16'),(1255,1,'vi','core/media/media','path_invalid','Vui lòng cung cấp 1 đường dẫn hợp lệ','2023-05-28 21:30:16','2023-05-28 21:30:16'),(1256,1,'vi','core/media/media','url_invalid','Vui lòng cung cấp 1 đường dẫn hợp lệ','2023-05-28 21:30:16','2023-05-28 21:30:16'),(1257,1,'vi','core/media/media','download_explain','Mỗi URL trên 1 dòng','2023-05-28 21:30:16','2023-05-28 21:30:16'),(1258,1,'vi','core/media/media','download_link','Tải xuống','2023-05-28 21:30:16','2023-05-28 21:30:16'),(1259,1,'vi','core/media/media','downloading','Đang tải xuống','2023-05-28 21:30:16','2023-05-28 21:30:16'),(1260,1,'en','core/setting/setting','title','Settings','2023-05-28 21:30:16','2023-05-28 21:30:16'),(1261,1,'en','core/setting/setting','email_setting_title','Email settings','2023-05-28 21:30:16','2023-05-28 21:30:16'),(1262,1,'en','core/setting/setting','general.theme','Theme','2023-05-28 21:30:16','2023-05-28 21:30:16'),(1263,1,'en','core/setting/setting','general.description','Setting site information','2023-05-28 21:30:16','2023-05-28 21:30:16'),(1264,1,'en','core/setting/setting','general.title','General','2023-05-28 21:30:16','2023-05-28 21:30:16'),(1265,1,'en','core/setting/setting','general.general_block','General Information','2023-05-28 21:30:16','2023-05-28 21:30:16'),(1266,1,'en','core/setting/setting','general.rich_editor','Rich Editor','2023-05-28 21:30:16','2023-05-28 21:30:16'),(1267,1,'en','core/setting/setting','general.site_title','Site title','2023-05-28 21:30:16','2023-05-28 21:30:16'),(1268,1,'en','core/setting/setting','general.admin_email','Admin Email','2023-05-28 21:30:16','2023-05-28 21:30:16'),(1269,1,'en','core/setting/setting','general.seo_block','SEO Configuration','2023-05-28 21:30:16','2023-05-28 21:30:16'),(1270,1,'en','core/setting/setting','general.seo_title','SEO Title','2023-05-28 21:30:17','2023-05-28 21:30:17'),(1271,1,'en','core/setting/setting','general.seo_description','SEO Description','2023-05-28 21:30:17','2023-05-28 21:30:17'),(1272,1,'en','core/setting/setting','general.webmaster_tools_block','Google Webmaster Tools','2023-05-28 21:30:17','2023-05-28 21:30:17'),(1273,1,'en','core/setting/setting','general.placeholder.site_title','Site Title (maximum 120 characters)','2023-05-28 21:30:17','2023-05-28 21:30:17'),(1274,1,'en','core/setting/setting','general.placeholder.admin_email','Admin Email','2023-05-28 21:30:17','2023-05-28 21:30:17'),(1275,1,'en','core/setting/setting','general.placeholder.seo_title','SEO Title (maximum 120 characters)','2023-05-28 21:30:17','2023-05-28 21:30:17'),(1276,1,'en','core/setting/setting','general.placeholder.seo_description','SEO Description (maximum 120 characters)','2023-05-28 21:30:17','2023-05-28 21:30:17'),(1277,1,'en','core/setting/setting','general.placeholder.google_analytics','Google Analytics','2023-05-28 21:30:17','2023-05-28 21:30:17'),(1278,1,'en','core/setting/setting','general.cache_admin_menu','Cache admin menu?','2023-05-28 21:30:17','2023-05-28 21:30:17'),(1279,1,'en','core/setting/setting','general.enable_send_error_reporting_via_email','Enable to send error reporting via email?','2023-05-28 21:30:17','2023-05-28 21:30:17'),(1280,1,'en','core/setting/setting','general.time_zone','Timezone','2023-05-28 21:30:17','2023-05-28 21:30:17'),(1281,1,'en','core/setting/setting','general.default_admin_theme','Default admin theme','2023-05-28 21:30:17','2023-05-28 21:30:17'),(1282,1,'en','core/setting/setting','general.enable_change_admin_theme','Enable change admin theme?','2023-05-28 21:30:17','2023-05-28 21:30:17'),(1283,1,'en','core/setting/setting','general.enable','Enable','2023-05-28 21:30:17','2023-05-28 21:30:17'),(1284,1,'en','core/setting/setting','general.disable','Disable','2023-05-28 21:30:17','2023-05-28 21:30:17'),(1285,1,'en','core/setting/setting','general.enable_cache','Enable cache?','2023-05-28 21:30:17','2023-05-28 21:30:17'),(1286,1,'en','core/setting/setting','general.disable_cache_in_the_admin_panel','Disable cache in the admin panel?','2023-05-28 21:30:17','2023-05-28 21:30:17'),(1287,1,'en','core/setting/setting','general.cache_time','Cache time (minutes)','2023-05-28 21:30:17','2023-05-28 21:30:17'),(1288,1,'en','core/setting/setting','general.enable_cache_site_map','Enable cache site map?','2023-05-28 21:30:17','2023-05-28 21:30:17'),(1289,1,'en','core/setting/setting','general.cache_time_site_map','Cache Time Site map (minutes)','2023-05-28 21:30:17','2023-05-28 21:30:17'),(1290,1,'en','core/setting/setting','general.admin_logo','Admin logo','2023-05-28 21:30:17','2023-05-28 21:30:17'),(1291,1,'en','core/setting/setting','general.admin_favicon','Admin favicon','2023-05-28 21:30:17','2023-05-28 21:30:17'),(1292,1,'en','core/setting/setting','general.admin_title','Admin title','2023-05-28 21:30:17','2023-05-28 21:30:17'),(1293,1,'en','core/setting/setting','general.admin_title_placeholder','Title show to tab of browser','2023-05-28 21:30:17','2023-05-28 21:30:17'),(1294,1,'en','core/setting/setting','general.cache_block','Cache','2023-05-28 21:30:17','2023-05-28 21:30:17'),(1295,1,'en','core/setting/setting','general.admin_appearance_title','Admin appearance','2023-05-28 21:30:17','2023-05-28 21:30:17'),(1296,1,'en','core/setting/setting','general.admin_appearance_description','Setting admin appearance such as editor, language...','2023-05-28 21:30:17','2023-05-28 21:30:17'),(1297,1,'en','core/setting/setting','general.seo_block_description','Setting site title, site meta description, site keyword for optimize SEO','2023-05-28 21:30:17','2023-05-28 21:30:17'),(1298,1,'en','core/setting/setting','general.webmaster_tools_description','Google Webmaster Tools (GWT) is free software that helps you manage the technical side of your website','2023-05-28 21:30:17','2023-05-28 21:30:17'),(1299,1,'en','core/setting/setting','general.cache_description','Config cache for system for optimize speed','2023-05-28 21:30:17','2023-05-28 21:30:17'),(1300,1,'en','core/setting/setting','general.yes','Yes','2023-05-28 21:30:17','2023-05-28 21:30:17'),(1301,1,'en','core/setting/setting','general.no','No','2023-05-28 21:30:17','2023-05-28 21:30:17'),(1302,1,'en','core/setting/setting','general.show_on_front','Your homepage displays','2023-05-28 21:30:17','2023-05-28 21:30:17'),(1303,1,'en','core/setting/setting','general.select','— Select —','2023-05-28 21:30:17','2023-05-28 21:30:17'),(1304,1,'en','core/setting/setting','general.show_site_name','Show site name after page title, separate with \"-\"?','2023-05-28 21:30:17','2023-05-28 21:30:17'),(1305,1,'en','core/setting/setting','general.locale','Site language','2023-05-28 21:30:17','2023-05-28 21:30:17'),(1306,1,'en','core/setting/setting','general.locale_direction','Front site language direction','2023-05-28 21:30:17','2023-05-28 21:30:17'),(1307,1,'en','core/setting/setting','general.admin_locale_direction','Admin language direction','2023-05-28 21:30:17','2023-05-28 21:30:17'),(1308,1,'en','core/setting/setting','general.admin_login_screen_backgrounds','Login screen backgrounds (~1366x768)','2023-05-28 21:30:17','2023-05-28 21:30:17'),(1309,1,'en','core/setting/setting','general.minutes','minutes','2023-05-28 21:30:17','2023-05-28 21:30:17'),(1310,1,'en','core/setting/setting','email.subject','Subject','2023-05-28 21:30:17','2023-05-28 21:30:17'),(1311,1,'en','core/setting/setting','email.content','Content','2023-05-28 21:30:17','2023-05-28 21:30:17'),(1312,1,'en','core/setting/setting','email.title','Setting for email template','2023-05-28 21:30:17','2023-05-28 21:30:17'),(1313,1,'en','core/setting/setting','email.description','Email template using HTML & system variables.','2023-05-28 21:30:17','2023-05-28 21:30:17'),(1314,1,'en','core/setting/setting','email.reset_to_default','Reset to default','2023-05-28 21:30:17','2023-05-28 21:30:17'),(1315,1,'en','core/setting/setting','email.back','Back to settings','2023-05-28 21:30:17','2023-05-28 21:30:17'),(1316,1,'en','core/setting/setting','email.reset_success','Reset back to default successfully','2023-05-28 21:30:17','2023-05-28 21:30:17'),(1317,1,'en','core/setting/setting','email.confirm_reset','Confirm reset email template?','2023-05-28 21:30:17','2023-05-28 21:30:17'),(1318,1,'en','core/setting/setting','email.confirm_message','Do you really want to reset this email template to default?','2023-05-28 21:30:17','2023-05-28 21:30:17'),(1319,1,'en','core/setting/setting','email.continue','Continue','2023-05-28 21:30:17','2023-05-28 21:30:17'),(1320,1,'en','core/setting/setting','email.sender_name','Sender name','2023-05-28 21:30:17','2023-05-28 21:30:17'),(1321,1,'en','core/setting/setting','email.sender_name_placeholder','Name','2023-05-28 21:30:17','2023-05-28 21:30:17'),(1322,1,'en','core/setting/setting','email.sender_email','Sender email','2023-05-28 21:30:17','2023-05-28 21:30:17'),(1323,1,'en','core/setting/setting','email.mailer','Mailer','2023-05-28 21:30:17','2023-05-28 21:30:17'),(1324,1,'en','core/setting/setting','email.port','Port','2023-05-28 21:30:17','2023-05-28 21:30:17'),(1325,1,'en','core/setting/setting','email.port_placeholder','Ex: 587','2023-05-28 21:30:17','2023-05-28 21:30:17'),(1326,1,'en','core/setting/setting','email.host','Host','2023-05-28 21:30:17','2023-05-28 21:30:17'),(1327,1,'en','core/setting/setting','email.host_placeholder','Ex: smtp.gmail.com','2023-05-28 21:30:17','2023-05-28 21:30:17'),(1328,1,'en','core/setting/setting','email.username','Username','2023-05-28 21:30:17','2023-05-28 21:30:17'),(1329,1,'en','core/setting/setting','email.username_placeholder','Username to login to mail server','2023-05-28 21:30:17','2023-05-28 21:30:17'),(1330,1,'en','core/setting/setting','email.password','Password','2023-05-28 21:30:17','2023-05-28 21:30:17'),(1331,1,'en','core/setting/setting','email.password_placeholder','Password to login to mail server','2023-05-28 21:30:17','2023-05-28 21:30:17'),(1332,1,'en','core/setting/setting','email.encryption','Encryption','2023-05-28 21:30:17','2023-05-28 21:30:17'),(1333,1,'en','core/setting/setting','email.mail_gun_domain','Domain','2023-05-28 21:30:17','2023-05-28 21:30:17'),(1334,1,'en','core/setting/setting','email.mail_gun_domain_placeholder','Domain','2023-05-28 21:30:17','2023-05-28 21:30:17'),(1335,1,'en','core/setting/setting','email.mail_gun_secret','Secret','2023-05-28 21:30:17','2023-05-28 21:30:17'),(1336,1,'en','core/setting/setting','email.mail_gun_secret_placeholder','Secret','2023-05-28 21:30:17','2023-05-28 21:30:17'),(1337,1,'en','core/setting/setting','email.mail_gun_endpoint','Endpoint','2023-05-28 21:30:17','2023-05-28 21:30:17'),(1338,1,'en','core/setting/setting','email.mail_gun_endpoint_placeholder','Endpoint','2023-05-28 21:30:17','2023-05-28 21:30:17'),(1339,1,'en','core/setting/setting','email.log_channel','Log channel','2023-05-28 21:30:17','2023-05-28 21:30:17'),(1340,1,'en','core/setting/setting','email.sendmail_path','Sendmail Path','2023-05-28 21:30:17','2023-05-28 21:30:17'),(1341,1,'en','core/setting/setting','email.encryption_placeholder','Encryption: ssl or tls','2023-05-28 21:30:17','2023-05-28 21:30:17'),(1342,1,'en','core/setting/setting','email.ses_key','Key','2023-05-28 21:30:17','2023-05-28 21:30:17'),(1343,1,'en','core/setting/setting','email.ses_key_placeholder','Key','2023-05-28 21:30:17','2023-05-28 21:30:17'),(1344,1,'en','core/setting/setting','email.ses_secret','Secret','2023-05-28 21:30:17','2023-05-28 21:30:17'),(1345,1,'en','core/setting/setting','email.ses_secret_placeholder','Secret','2023-05-28 21:30:17','2023-05-28 21:30:17'),(1346,1,'en','core/setting/setting','email.ses_region','Region','2023-05-28 21:30:17','2023-05-28 21:30:17'),(1347,1,'en','core/setting/setting','email.ses_region_placeholder','Region','2023-05-28 21:30:17','2023-05-28 21:30:17'),(1348,1,'en','core/setting/setting','email.postmark_token','Token','2023-05-28 21:30:17','2023-05-28 21:30:17'),(1349,1,'en','core/setting/setting','email.postmark_token_placeholder','Token','2023-05-28 21:30:17','2023-05-28 21:30:17'),(1350,1,'en','core/setting/setting','email.template_title','Email templates','2023-05-28 21:30:17','2023-05-28 21:30:17'),(1351,1,'en','core/setting/setting','email.template_description','Base templates for all emails','2023-05-28 21:30:17','2023-05-28 21:30:17'),(1352,1,'en','core/setting/setting','email.template_header','Email template header','2023-05-28 21:30:17','2023-05-28 21:30:17'),(1353,1,'en','core/setting/setting','email.template_header_description','Template for header of emails','2023-05-28 21:30:17','2023-05-28 21:30:17'),(1354,1,'en','core/setting/setting','email.template_footer','Email template footer','2023-05-28 21:30:17','2023-05-28 21:30:17'),(1355,1,'en','core/setting/setting','email.template_footer_description','Template for footer of emails','2023-05-28 21:30:17','2023-05-28 21:30:17'),(1356,1,'en','core/setting/setting','email.default','Default','2023-05-28 21:30:17','2023-05-28 21:30:17'),(1357,1,'en','core/setting/setting','media.title','Media','2023-05-28 21:30:17','2023-05-28 21:30:17'),(1358,1,'en','core/setting/setting','media.driver','Driver','2023-05-28 21:30:17','2023-05-28 21:30:17'),(1359,1,'en','core/setting/setting','media.description','Settings for media','2023-05-28 21:30:17','2023-05-28 21:30:17'),(1360,1,'en','core/setting/setting','media.aws_access_key_id','AWS Access Key ID','2023-05-28 21:30:17','2023-05-28 21:30:17'),(1361,1,'en','core/setting/setting','media.aws_secret_key','AWS Secret Key','2023-05-28 21:30:17','2023-05-28 21:30:17'),(1362,1,'en','core/setting/setting','media.aws_default_region','AWS Default Region','2023-05-28 21:30:17','2023-05-28 21:30:17'),(1363,1,'en','core/setting/setting','media.aws_bucket','AWS Bucket','2023-05-28 21:30:17','2023-05-28 21:30:17'),(1364,1,'en','core/setting/setting','media.aws_url','AWS URL','2023-05-28 21:30:17','2023-05-28 21:30:17'),(1365,1,'en','core/setting/setting','media.aws_endpoint','AWS Endpoint (Optional)','2023-05-28 21:30:17','2023-05-28 21:30:17'),(1366,1,'en','core/setting/setting','media.do_spaces_access_key_id','DO Spaces Access Key ID','2023-05-28 21:30:17','2023-05-28 21:30:17'),(1367,1,'en','core/setting/setting','media.do_spaces_secret_key','DO Spaces Secret Key','2023-05-28 21:30:17','2023-05-28 21:30:17'),(1368,1,'en','core/setting/setting','media.do_spaces_default_region','DO Spaces Default Region','2023-05-28 21:30:17','2023-05-28 21:30:17'),(1369,1,'en','core/setting/setting','media.do_spaces_bucket','DO Spaces Bucket','2023-05-28 21:30:17','2023-05-28 21:30:17'),(1370,1,'en','core/setting/setting','media.do_spaces_endpoint','DO Spaces Endpoint','2023-05-28 21:30:17','2023-05-28 21:30:17'),(1371,1,'en','core/setting/setting','media.do_spaces_cdn_enabled','Is DO Spaces CDN enabled?','2023-05-28 21:30:17','2023-05-28 21:30:17'),(1372,1,'en','core/setting/setting','media.media_do_spaces_cdn_custom_domain','Do Spaces CDN custom domain','2023-05-28 21:30:17','2023-05-28 21:30:17'),(1373,1,'en','core/setting/setting','media.media_do_spaces_cdn_custom_domain_placeholder','https://your-custom-domain.com','2023-05-28 21:30:17','2023-05-28 21:30:17'),(1374,1,'en','core/setting/setting','media.wasabi_access_key_id','Wasabi Access Key ID','2023-05-28 21:30:17','2023-05-28 21:30:17'),(1375,1,'en','core/setting/setting','media.wasabi_secret_key','Wasabi Secret Key','2023-05-28 21:30:17','2023-05-28 21:30:17'),(1376,1,'en','core/setting/setting','media.wasabi_default_region','Wasabi Default Region','2023-05-28 21:30:17','2023-05-28 21:30:17'),(1377,1,'en','core/setting/setting','media.wasabi_bucket','Wasabi Bucket','2023-05-28 21:30:17','2023-05-28 21:30:17'),(1378,1,'en','core/setting/setting','media.wasabi_root','Wasabi Root','2023-05-28 21:30:17','2023-05-28 21:30:17'),(1379,1,'en','core/setting/setting','media.default_placeholder_image','Default placeholder image','2023-05-28 21:30:17','2023-05-28 21:30:17'),(1380,1,'en','core/setting/setting','media.enable_chunk','Enable chunk size upload?','2023-05-28 21:30:17','2023-05-28 21:30:17'),(1381,1,'en','core/setting/setting','media.chunk_size','Chunk size (Bytes)','2023-05-28 21:30:17','2023-05-28 21:30:17'),(1382,1,'en','core/setting/setting','media.chunk_size_placeholder','Default: 1048576 ~ 1MB','2023-05-28 21:30:17','2023-05-28 21:30:17'),(1383,1,'en','core/setting/setting','media.max_file_size','Chunk max file size (MB)','2023-05-28 21:30:17','2023-05-28 21:30:17'),(1384,1,'en','core/setting/setting','media.max_file_size_placeholder','Default: 1048576 ~ 1GB','2023-05-28 21:30:17','2023-05-28 21:30:17'),(1385,1,'en','core/setting/setting','media.enable_watermark','Enable watermark?','2023-05-28 21:30:17','2023-05-28 21:30:17'),(1386,1,'en','core/setting/setting','media.watermark_source','Watermark image','2023-05-28 21:30:17','2023-05-28 21:30:17'),(1387,1,'en','core/setting/setting','media.watermark_size','Size of watermark (%)','2023-05-28 21:30:17','2023-05-28 21:30:17'),(1388,1,'en','core/setting/setting','media.watermark_size_placeholder','Default: 10 (%)','2023-05-28 21:30:17','2023-05-28 21:30:17'),(1389,1,'en','core/setting/setting','media.watermark_opacity','Watermark Opacity (%)','2023-05-28 21:30:17','2023-05-28 21:30:17'),(1390,1,'en','core/setting/setting','media.watermark_opacity_placeholder','Default: 70 (%)','2023-05-28 21:30:17','2023-05-28 21:30:17'),(1391,1,'en','core/setting/setting','media.watermark_position','Watermark position','2023-05-28 21:30:17','2023-05-28 21:30:17'),(1392,1,'en','core/setting/setting','media.watermark_position_x','Watermark position X','2023-05-28 21:30:17','2023-05-28 21:30:17'),(1393,1,'en','core/setting/setting','media.watermark_position_y','Watermark position Y','2023-05-28 21:30:17','2023-05-28 21:30:17'),(1394,1,'en','core/setting/setting','media.watermark_position_top_left','Top left','2023-05-28 21:30:17','2023-05-28 21:30:17'),(1395,1,'en','core/setting/setting','media.watermark_position_top_right','Top right','2023-05-28 21:30:17','2023-05-28 21:30:17'),(1396,1,'en','core/setting/setting','media.watermark_position_bottom_left','Bottom left','2023-05-28 21:30:17','2023-05-28 21:30:17'),(1397,1,'en','core/setting/setting','media.watermark_position_bottom_right','Bottom right','2023-05-28 21:30:17','2023-05-28 21:30:17'),(1398,1,'en','core/setting/setting','media.watermark_position_center','Center','2023-05-28 21:30:17','2023-05-28 21:30:17'),(1399,1,'en','core/setting/setting','media.turn_off_automatic_url_translation_into_latin','Turn off automatic URL translation into Latin?','2023-05-28 21:30:17','2023-05-28 21:30:17'),(1400,1,'en','core/setting/setting','media.bunnycdn_hostname','Hostname','2023-05-28 21:30:17','2023-05-28 21:30:17'),(1401,1,'en','core/setting/setting','media.bunnycdn_zone','Zone Name (The name of your storage zone)','2023-05-28 21:30:17','2023-05-28 21:30:17'),(1402,1,'en','core/setting/setting','media.bunnycdn_key','FTP & API Access Password (The storage zone API Access Password)','2023-05-28 21:30:17','2023-05-28 21:30:17'),(1403,1,'en','core/setting/setting','media.bunnycdn_region','Region (The storage zone region)','2023-05-28 21:30:17','2023-05-28 21:30:17'),(1404,1,'en','core/setting/setting','media.optional','Optional','2023-05-28 21:30:17','2023-05-28 21:30:17'),(1405,1,'en','core/setting/setting','media.sizes','Media thumbnails sizes','2023-05-28 21:30:17','2023-05-28 21:30:17'),(1406,1,'en','core/setting/setting','media.media_sizes_helper','Set width or height to 0 if you just want to crop by width or height. Need to click on \"Generate thumbnails\" to apply changes.','2023-05-28 21:30:17','2023-05-28 21:30:17'),(1407,1,'en','core/setting/setting','media.width','Width','2023-05-28 21:30:17','2023-05-28 21:30:17'),(1408,1,'en','core/setting/setting','media.height','Height','2023-05-28 21:30:17','2023-05-28 21:30:17'),(1409,1,'en','core/setting/setting','media.default_size_value','Default: :size','2023-05-28 21:30:17','2023-05-28 21:30:17'),(1410,1,'en','core/setting/setting','media.all','All','2023-05-28 21:30:17','2023-05-28 21:30:17'),(1411,1,'en','core/setting/setting','media.media_folders_can_add_watermark','Add watermark for images in folders:','2023-05-28 21:30:17','2023-05-28 21:30:17'),(1412,1,'en','core/setting/setting','media.max_upload_filesize','Max upload filesize (MB)','2023-05-28 21:30:17','2023-05-28 21:30:17'),(1413,1,'en','core/setting/setting','media.max_upload_filesize_placeholder','Default: :size, must less than :size.','2023-05-28 21:30:17','2023-05-28 21:30:17'),(1414,1,'en','core/setting/setting','media.max_upload_filesize_helper','Your server allows to upload files maximum :size, you can change this value to limit upload filesize.','2023-05-28 21:30:17','2023-05-28 21:30:17'),(1415,1,'en','core/setting/setting','media.image_processing_library','Image processing library','2023-05-28 21:30:18','2023-05-28 21:30:18'),(1416,1,'en','core/setting/setting','license.purchase_code','Purchase code','2023-05-28 21:30:18','2023-05-28 21:30:18'),(1417,1,'en','core/setting/setting','license.buyer','Buyer','2023-05-28 21:30:18','2023-05-28 21:30:18'),(1418,1,'en','core/setting/setting','field_type_not_exists','This field type does not exist','2023-05-28 21:30:18','2023-05-28 21:30:18'),(1419,1,'en','core/setting/setting','save_settings','Save settings','2023-05-28 21:30:18','2023-05-28 21:30:18'),(1420,1,'en','core/setting/setting','template','Template','2023-05-28 21:30:18','2023-05-28 21:30:18'),(1421,1,'en','core/setting/setting','description','Description','2023-05-28 21:30:18','2023-05-28 21:30:18'),(1422,1,'en','core/setting/setting','enable','Enable','2023-05-28 21:30:18','2023-05-28 21:30:18'),(1423,1,'en','core/setting/setting','send','Send','2023-05-28 21:30:18','2023-05-28 21:30:18'),(1424,1,'en','core/setting/setting','test_email_description','To send test email, please make sure you are updated configuration to send mail!','2023-05-28 21:30:18','2023-05-28 21:30:18'),(1425,1,'en','core/setting/setting','test_email_input_placeholder','Enter the email which you want to send test email.','2023-05-28 21:30:18','2023-05-28 21:30:18'),(1426,1,'en','core/setting/setting','test_email_modal_title','Send a test email','2023-05-28 21:30:18','2023-05-28 21:30:18'),(1427,1,'en','core/setting/setting','test_send_mail','Send test mail','2023-05-28 21:30:18','2023-05-28 21:30:18'),(1428,1,'en','core/setting/setting','test_email_send_success','Send email successfully!','2023-05-28 21:30:18','2023-05-28 21:30:18'),(1429,1,'en','core/setting/setting','locale_direction_ltr','Left to Right','2023-05-28 21:30:18','2023-05-28 21:30:18'),(1430,1,'en','core/setting/setting','locale_direction_rtl','Right to Left','2023-05-28 21:30:18','2023-05-28 21:30:18'),(1431,1,'en','core/setting/setting','saving','Saving...','2023-05-28 21:30:18','2023-05-28 21:30:18'),(1432,1,'en','core/setting/setting','emails_warning','You can add up to :count emails','2023-05-28 21:30:18','2023-05-28 21:30:18'),(1433,1,'en','core/setting/setting','email_add_more','Add more','2023-05-28 21:30:18','2023-05-28 21:30:18'),(1434,1,'en','core/setting/setting','generate','Generate','2023-05-28 21:30:18','2023-05-28 21:30:18'),(1435,1,'en','core/setting/setting','generate_thumbnails','Generate thumbnails','2023-05-28 21:30:18','2023-05-28 21:30:18'),(1436,1,'en','core/setting/setting','generate_thumbnails_success','Generate thumbnails successfully. :count files are generated!','2023-05-28 21:30:18','2023-05-28 21:30:18'),(1437,1,'en','core/setting/setting','generate_thumbnails_error','We are unable to regenerate thumbnail for these files :count files!','2023-05-28 21:30:18','2023-05-28 21:30:18'),(1438,1,'en','core/setting/setting','generate_thumbnails_description','Are you sure you want to re-generate thumbnails for all images? It will take time so please DO NOT leave this page, wait until it is finished.','2023-05-28 21:30:18','2023-05-28 21:30:18'),(1439,1,'en','core/setting/setting','enable_chunk_description','Chunk size upload is used to upload large file size.','2023-05-28 21:30:18','2023-05-28 21:30:18'),(1440,1,'en','core/setting/setting','watermark_description','WARNING: Watermark is just added to new uploaded images, it won\'t be added to existing images. Disable watermark won\'t remove watermark from existing images.','2023-05-28 21:30:18','2023-05-28 21:30:18'),(1441,1,'en','core/setting/setting','submit','Submit','2023-05-28 21:30:18','2023-05-28 21:30:18'),(1442,1,'en','core/setting/setting','back','Back','2023-05-28 21:30:18','2023-05-28 21:30:18'),(1443,1,'en','core/setting/setting','enter_sample_value','Enter sample values for testing','2023-05-28 21:30:18','2023-05-28 21:30:18'),(1444,1,'en','core/setting/setting','preview','Preview','2023-05-28 21:30:18','2023-05-28 21:30:18'),(1445,1,'vi','core/setting/setting','title','Cài đặt','2023-05-28 21:30:18','2023-05-28 21:30:18'),(1446,1,'vi','core/setting/setting','general.theme','Giao diện','2023-05-28 21:30:18','2023-05-28 21:30:18'),(1447,1,'vi','core/setting/setting','general.description','Cấu hình những thông tin cài đặt website.','2023-05-28 21:30:18','2023-05-28 21:30:18'),(1448,1,'vi','core/setting/setting','general.title','Thông tin chung','2023-05-28 21:30:18','2023-05-28 21:30:18'),(1449,1,'vi','core/setting/setting','general.general_block','Thông tin chung','2023-05-28 21:30:18','2023-05-28 21:30:18'),(1450,1,'vi','core/setting/setting','general.site_title','Tên trang','2023-05-28 21:30:18','2023-05-28 21:30:18'),(1451,1,'vi','core/setting/setting','general.admin_email','Email quản trị viên','2023-05-28 21:30:18','2023-05-28 21:30:18'),(1452,1,'vi','core/setting/setting','general.seo_block','Cấu hình SEO','2023-05-28 21:30:18','2023-05-28 21:30:18'),(1453,1,'vi','core/setting/setting','general.seo_title','Tiêu đề SEO','2023-05-28 21:30:18','2023-05-28 21:30:18'),(1454,1,'vi','core/setting/setting','general.seo_description','Mô tả SEO','2023-05-28 21:30:18','2023-05-28 21:30:18'),(1455,1,'vi','core/setting/setting','general.webmaster_tools_block','Google Webmaster Tools','2023-05-28 21:30:18','2023-05-28 21:30:18'),(1456,1,'vi','core/setting/setting','general.placeholder.site_title','Tên trang (tối đa 120 kí tự)','2023-05-28 21:30:18','2023-05-28 21:30:18'),(1457,1,'vi','core/setting/setting','general.placeholder.admin_email','Admin Email','2023-05-28 21:30:18','2023-05-28 21:30:18'),(1458,1,'vi','core/setting/setting','general.placeholder.google_analytics','Ví dụ: UA-42767940-2','2023-05-28 21:30:18','2023-05-28 21:30:18'),(1459,1,'vi','core/setting/setting','general.placeholder.seo_title','Tiêu đề SEO (tối đa 120 kí tự)','2023-05-28 21:30:18','2023-05-28 21:30:18'),(1460,1,'vi','core/setting/setting','general.placeholder.seo_description','Mô tả SEO (tối đa 120 kí tự)','2023-05-28 21:30:18','2023-05-28 21:30:18'),(1461,1,'vi','core/setting/setting','general.enable_change_admin_theme','Cho phép thay đổi giao diện quản trị?','2023-05-28 21:30:18','2023-05-28 21:30:18'),(1462,1,'vi','core/setting/setting','general.enable','Bật','2023-05-28 21:30:18','2023-05-28 21:30:18'),(1463,1,'vi','core/setting/setting','general.disable','Tắt','2023-05-28 21:30:18','2023-05-28 21:30:18'),(1464,1,'vi','core/setting/setting','general.enable_cache','Bật bộ nhớ đệm?','2023-05-28 21:30:18','2023-05-28 21:30:18'),(1465,1,'vi','core/setting/setting','general.cache_time','Thời gian lưu bộ nhớ đệm (phút)','2023-05-28 21:30:18','2023-05-28 21:30:18'),(1466,1,'vi','core/setting/setting','general.cache_time_site_map','Thời gian lưu sơ đồ trang trong bộ nhớ đệm','2023-05-28 21:30:18','2023-05-28 21:30:18'),(1467,1,'vi','core/setting/setting','general.admin_logo','Logo trang quản trị','2023-05-28 21:30:18','2023-05-28 21:30:18'),(1468,1,'vi','core/setting/setting','general.admin_title','Tiêu đề trang quản trị','2023-05-28 21:30:18','2023-05-28 21:30:18'),(1469,1,'vi','core/setting/setting','general.admin_title_placeholder','Tiêu đề hiển thị trên thẻ trình duyệt','2023-05-28 21:30:18','2023-05-28 21:30:18'),(1470,1,'vi','core/setting/setting','general.rich_editor','Bộ soạn thảo văn bản','2023-05-28 21:30:18','2023-05-28 21:30:18'),(1471,1,'vi','core/setting/setting','general.cache_block','Bộ nhớ đệm','2023-05-28 21:30:18','2023-05-28 21:30:18'),(1472,1,'vi','core/setting/setting','general.yes','Bật','2023-05-28 21:30:18','2023-05-28 21:30:18'),(1473,1,'vi','core/setting/setting','general.no','Tắt','2023-05-28 21:30:18','2023-05-28 21:30:18'),(1474,1,'vi','core/setting/setting','general.locale','Ngôn ngữ','2023-05-28 21:30:18','2023-05-28 21:30:18'),(1475,1,'vi','core/setting/setting','general.admin_appearance_description','Setting admin appearance such as editor, language...','2023-05-28 21:30:18','2023-05-28 21:30:18'),(1476,1,'vi','core/setting/setting','general.admin_appearance_title','Admin appearance','2023-05-28 21:30:18','2023-05-28 21:30:18'),(1477,1,'vi','core/setting/setting','general.admin_login_screen_backgrounds','Login screen backgrounds (~1366x768)','2023-05-28 21:30:18','2023-05-28 21:30:18'),(1478,1,'vi','core/setting/setting','general.admin_favicon','Admin favicon','2023-05-28 21:30:18','2023-05-28 21:30:18'),(1479,1,'vi','core/setting/setting','general.cache_admin_menu','Cache admin menu?','2023-05-28 21:30:18','2023-05-28 21:30:18'),(1480,1,'vi','core/setting/setting','general.cache_description','Config cache for system for optimize speed','2023-05-28 21:30:18','2023-05-28 21:30:18'),(1481,1,'vi','core/setting/setting','general.default_admin_theme','Default admin theme','2023-05-28 21:30:18','2023-05-28 21:30:18'),(1482,1,'vi','core/setting/setting','general.enable_send_error_reporting_via_email','Enable to send error reporting via email?','2023-05-28 21:30:18','2023-05-28 21:30:18'),(1483,1,'vi','core/setting/setting','general.locale_direction','Hướng chữ viết','2023-05-28 21:30:18','2023-05-28 21:30:18'),(1484,1,'vi','core/setting/setting','general.select','-- Lựa chọn --','2023-05-28 21:30:18','2023-05-28 21:30:18'),(1485,1,'vi','core/setting/setting','general.seo_block_description','Setting site title, site meta description, site keyword for optimize SEO','2023-05-28 21:30:18','2023-05-28 21:30:18'),(1486,1,'vi','core/setting/setting','general.show_on_front','Thiết lập trang chủ','2023-05-28 21:30:18','2023-05-28 21:30:18'),(1487,1,'vi','core/setting/setting','general.show_site_name','Hiển thị tên trang web sau tiêu đề trang, tách biệt bằng \"-\"?','2023-05-28 21:30:18','2023-05-28 21:30:18'),(1488,1,'vi','core/setting/setting','general.time_zone','Múi giờ','2023-05-28 21:30:18','2023-05-28 21:30:18'),(1489,1,'vi','core/setting/setting','general.webmaster_tools_description','Công cụ quản trị trang web của Google (GWT) là phần mềm miễn phí giúp bạn quản lý khía cạnh kỹ thuật của trang web của mình','2023-05-28 21:30:18','2023-05-28 21:30:18'),(1490,1,'vi','core/setting/setting','email.subject','Tiêu đề','2023-05-28 21:30:18','2023-05-28 21:30:18'),(1491,1,'vi','core/setting/setting','email.content','Nội dung','2023-05-28 21:30:18','2023-05-28 21:30:18'),(1492,1,'vi','core/setting/setting','email.title','Cấu hình email template','2023-05-28 21:30:18','2023-05-28 21:30:18'),(1493,1,'vi','core/setting/setting','email.description','Cấu trúc file template sử dụng HTML và các biến trong hệ thống.','2023-05-28 21:30:18','2023-05-28 21:30:18'),(1494,1,'vi','core/setting/setting','email.reset_to_default','Khôi phục về mặc định','2023-05-28 21:30:18','2023-05-28 21:30:18'),(1495,1,'vi','core/setting/setting','email.back','Trở lại trang cài đặt','2023-05-28 21:30:18','2023-05-28 21:30:18'),(1496,1,'vi','core/setting/setting','email.reset_success','Khôi phục mặc định thành công','2023-05-28 21:30:18','2023-05-28 21:30:18'),(1497,1,'vi','core/setting/setting','email.confirm_reset','Xác nhận khôi phục mặc định?','2023-05-28 21:30:18','2023-05-28 21:30:18'),(1498,1,'vi','core/setting/setting','email.confirm_message','Bạn có chắc chắn muốn khôi phục về bản mặc định?','2023-05-28 21:30:18','2023-05-28 21:30:18'),(1499,1,'vi','core/setting/setting','email.continue','Tiếp tục','2023-05-28 21:30:18','2023-05-28 21:30:18'),(1500,1,'vi','core/setting/setting','email.sender_name','Tên người gửi','2023-05-28 21:30:18','2023-05-28 21:30:18'),(1501,1,'vi','core/setting/setting','email.sender_name_placeholder','Tên','2023-05-28 21:30:18','2023-05-28 21:30:18'),(1502,1,'vi','core/setting/setting','email.sender_email','Email của người gửi','2023-05-28 21:30:18','2023-05-28 21:30:18'),(1503,1,'vi','core/setting/setting','email.mailer','Loại','2023-05-28 21:30:18','2023-05-28 21:30:18'),(1504,1,'vi','core/setting/setting','email.port','Cổng','2023-05-28 21:30:18','2023-05-28 21:30:18'),(1505,1,'vi','core/setting/setting','email.port_placeholder','Ví dụ: 587','2023-05-28 21:30:18','2023-05-28 21:30:18'),(1506,1,'vi','core/setting/setting','email.host','Máy chủ','2023-05-28 21:30:18','2023-05-28 21:30:18'),(1507,1,'vi','core/setting/setting','email.host_placeholder','Ví dụ: smtp.gmail.com','2023-05-28 21:30:18','2023-05-28 21:30:18'),(1508,1,'vi','core/setting/setting','email.username','Tên đăng nhập','2023-05-28 21:30:18','2023-05-28 21:30:18'),(1509,1,'vi','core/setting/setting','email.username_placeholder','Tên đăng nhập vào máy chủ mail','2023-05-28 21:30:18','2023-05-28 21:30:18'),(1510,1,'vi','core/setting/setting','email.password','Mật khẩu','2023-05-28 21:30:18','2023-05-28 21:30:18'),(1511,1,'vi','core/setting/setting','email.password_placeholder','Mật khẩu đăng nhập vào máy chủ mail','2023-05-28 21:30:18','2023-05-28 21:30:18'),(1512,1,'vi','core/setting/setting','email.encryption','Mã hoá','2023-05-28 21:30:18','2023-05-28 21:30:18'),(1513,1,'vi','core/setting/setting','email.mail_gun_domain','Tên miền','2023-05-28 21:30:18','2023-05-28 21:30:18'),(1514,1,'vi','core/setting/setting','email.mail_gun_domain_placeholder','Tên miền','2023-05-28 21:30:18','2023-05-28 21:30:18'),(1515,1,'vi','core/setting/setting','email.mail_gun_secret','Chuỗi bí mật','2023-05-28 21:30:18','2023-05-28 21:30:18'),(1516,1,'vi','core/setting/setting','email.mail_gun_secret_placeholder','Chuỗi bí mật','2023-05-28 21:30:18','2023-05-28 21:30:18'),(1517,1,'vi','core/setting/setting','email.template_title','Mẫu giao diện email','2023-05-28 21:30:18','2023-05-28 21:30:18'),(1518,1,'vi','core/setting/setting','email.template_description','Giao diện mặc định cho tất cả email','2023-05-28 21:30:18','2023-05-28 21:30:18'),(1519,1,'vi','core/setting/setting','email.template_header','Mẫu cho phần trên của email','2023-05-28 21:30:18','2023-05-28 21:30:18'),(1520,1,'vi','core/setting/setting','email.template_header_description','Phần trên của tất cả email','2023-05-28 21:30:18','2023-05-28 21:30:18'),(1521,1,'vi','core/setting/setting','email.template_footer','Mẫu cho phần dưới của email','2023-05-28 21:30:18','2023-05-28 21:30:18'),(1522,1,'vi','core/setting/setting','email.template_footer_description','Phần dưới của tất cả email','2023-05-28 21:30:18','2023-05-28 21:30:18'),(1523,1,'vi','core/setting/setting','email.default','Mặc định','2023-05-28 21:30:18','2023-05-28 21:30:18'),(1524,1,'vi','core/setting/setting','email.mail_gun_endpoint','Endpoint','2023-05-28 21:30:18','2023-05-28 21:30:18'),(1525,1,'vi','core/setting/setting','email.mail_gun_endpoint_placeholder','Endpoint','2023-05-28 21:30:18','2023-05-28 21:30:18'),(1526,1,'vi','core/setting/setting','email.postmark_token','Token','2023-05-28 21:30:18','2023-05-28 21:30:18'),(1527,1,'vi','core/setting/setting','email.postmark_token_placeholder','Token','2023-05-28 21:30:18','2023-05-28 21:30:18'),(1528,1,'vi','core/setting/setting','email.encryption_placeholder','Kiểu mã hóa: ssl hoặc tls','2023-05-28 21:30:18','2023-05-28 21:30:18'),(1529,1,'vi','core/setting/setting','email.log_channel','Phương thức log','2023-05-28 21:30:18','2023-05-28 21:30:18'),(1530,1,'vi','core/setting/setting','email.sendmail_path','Sendmail Path','2023-05-28 21:30:18','2023-05-28 21:30:18'),(1531,1,'vi','core/setting/setting','email.ses_key','Key','2023-05-28 21:30:18','2023-05-28 21:30:18'),(1532,1,'vi','core/setting/setting','email.ses_key_placeholder','Key','2023-05-28 21:30:18','2023-05-28 21:30:18'),(1533,1,'vi','core/setting/setting','email.ses_region','Region','2023-05-28 21:30:18','2023-05-28 21:30:18'),(1534,1,'vi','core/setting/setting','email.ses_region_placeholder','Region','2023-05-28 21:30:18','2023-05-28 21:30:18'),(1535,1,'vi','core/setting/setting','email.ses_secret','Secret','2023-05-28 21:30:18','2023-05-28 21:30:18'),(1536,1,'vi','core/setting/setting','email.ses_secret_placeholder','Secret','2023-05-28 21:30:18','2023-05-28 21:30:18'),(1537,1,'vi','core/setting/setting','email.using_queue_to_send_mail','Sử dụng job queue để gửi email (Trước tiên phải thiết lập Queue https://laravel.com/docs/queues#supervisor-configuration)','2023-05-28 21:30:18','2023-05-28 21:30:18'),(1538,1,'vi','core/setting/setting','save_settings','Lưu cài đặt','2023-05-28 21:30:18','2023-05-28 21:30:18'),(1539,1,'vi','core/setting/setting','template','Mẫu','2023-05-28 21:30:18','2023-05-28 21:30:18'),(1540,1,'vi','core/setting/setting','description','Mô tả','2023-05-28 21:30:18','2023-05-28 21:30:18'),(1541,1,'vi','core/setting/setting','enable','Bật','2023-05-28 21:30:18','2023-05-28 21:30:18'),(1542,1,'vi','core/setting/setting','test_send_mail','Gửi thử nghiệm','2023-05-28 21:30:18','2023-05-28 21:30:18'),(1543,1,'vi','core/setting/setting','email_setting_title','Cấu hình email','2023-05-28 21:30:18','2023-05-28 21:30:18'),(1544,1,'vi','core/setting/setting','field_type_not_exists','Loại field này không được hỗ trợ','2023-05-28 21:30:18','2023-05-28 21:30:18'),(1545,1,'vi','core/setting/setting','test_email_description','Để gửi email thử nghiệm, hãy đảm bảo rằng bạn đã cập nhật cấu hình để gửi thư!','2023-05-28 21:30:18','2023-05-28 21:30:18'),(1546,1,'vi','core/setting/setting','test_email_input_placeholder','Nhập email mà bạn muốn gửi email thử nghiệm.','2023-05-28 21:30:18','2023-05-28 21:30:18'),(1547,1,'vi','core/setting/setting','test_email_modal_title','Gửi một email thử nghiệm','2023-05-28 21:30:18','2023-05-28 21:30:18'),(1548,1,'vi','core/setting/setting','test_email_send_success','Gửi email thành công!','2023-05-28 21:30:18','2023-05-28 21:30:18'),(1549,1,'vi','core/setting/setting','send','Gửi','2023-05-28 21:30:18','2023-05-28 21:30:18'),(1550,1,'vi','core/setting/setting','license.buyer','Tên đăng nhập','2023-05-28 21:30:18','2023-05-28 21:30:18'),(1551,1,'vi','core/setting/setting','license.purchase_code','Purchase code','2023-05-28 21:30:18','2023-05-28 21:30:18'),(1552,1,'vi','core/setting/setting','locale_direction_ltr','Trái sang phải','2023-05-28 21:30:18','2023-05-28 21:30:18'),(1553,1,'vi','core/setting/setting','locale_direction_rtl','Phải sang trái','2023-05-28 21:30:18','2023-05-28 21:30:18'),(1554,1,'vi','core/setting/setting','media.aws_access_key_id','AWS Access Key ID','2023-05-28 21:30:18','2023-05-28 21:30:18'),(1555,1,'vi','core/setting/setting','media.aws_bucket','AWS Bucket','2023-05-28 21:30:18','2023-05-28 21:30:18'),(1556,1,'vi','core/setting/setting','media.aws_default_region','AWS Default Region','2023-05-28 21:30:18','2023-05-28 21:30:18'),(1557,1,'vi','core/setting/setting','media.aws_url','AWS URL','2023-05-28 21:30:18','2023-05-28 21:30:18'),(1558,1,'vi','core/setting/setting','media.aws_secret_key','AWS Secret Key','2023-05-28 21:30:18','2023-05-28 21:30:18'),(1559,1,'vi','core/setting/setting','media.chunk_size','Chunk size (Bytes)','2023-05-28 21:30:18','2023-05-28 21:30:18'),(1560,1,'vi','core/setting/setting','media.chunk_size_placeholder','Mặc định: 1048576 ~ 1MB','2023-05-28 21:30:18','2023-05-28 21:30:18'),(1561,1,'vi','core/setting/setting','media.do_spaces_access_key_id','DO Spaces Access Key ID','2023-05-28 21:30:18','2023-05-28 21:30:18'),(1562,1,'vi','core/setting/setting','media.description','Cài đặt cho media','2023-05-28 21:30:18','2023-05-28 21:30:18'),(1563,1,'vi','core/setting/setting','media.do_spaces_bucket','DO Spaces Bucket','2023-05-28 21:30:18','2023-05-28 21:30:18'),(1564,1,'vi','core/setting/setting','media.do_spaces_cdn_enabled','Bật DO Spaces CDN?','2023-05-28 21:30:18','2023-05-28 21:30:18'),(1565,1,'vi','core/setting/setting','media.do_spaces_default_region','DO Spaces Default Region','2023-05-28 21:30:19','2023-05-28 21:30:19'),(1566,1,'vi','core/setting/setting','media.do_spaces_endpoint','DO Spaces Endpoint','2023-05-28 21:30:19','2023-05-28 21:30:19'),(1567,1,'vi','core/setting/setting','media.do_spaces_secret_key','DO Spaces Secret Key','2023-05-28 21:30:19','2023-05-28 21:30:19'),(1568,1,'vi','core/setting/setting','media.driver','Driver','2023-05-28 21:30:19','2023-05-28 21:30:19'),(1569,1,'vi','core/setting/setting','media.enable_chunk','Bật chunk size upload?','2023-05-28 21:30:19','2023-05-28 21:30:19'),(1570,1,'vi','core/setting/setting','media.enable_watermark','Bật watermark?','2023-05-28 21:30:19','2023-05-28 21:30:19'),(1571,1,'vi','core/setting/setting','media.max_file_size','Chunk max file size (MB)','2023-05-28 21:30:19','2023-05-28 21:30:19'),(1572,1,'vi','core/setting/setting','media.max_file_size_placeholder','Mặc định: 1048576 ~ 1GB','2023-05-28 21:30:19','2023-05-28 21:30:19'),(1573,1,'vi','core/setting/setting','media.media_do_spaces_cdn_custom_domain','Do Spaces CDN custom domain','2023-05-28 21:30:19','2023-05-28 21:30:19'),(1574,1,'vi','core/setting/setting','media.media_do_spaces_cdn_custom_domain_placeholder','https://ten-mien-cua-ban.com','2023-05-28 21:30:19','2023-05-28 21:30:19'),(1575,1,'vi','core/setting/setting','media.title','Media','2023-05-28 21:30:19','2023-05-28 21:30:19'),(1576,1,'vi','core/setting/setting','media.watermark_opacity','Watermark Opacity (%)','2023-05-28 21:30:19','2023-05-28 21:30:19'),(1577,1,'vi','core/setting/setting','media.watermark_opacity_placeholder','Mặc định: 70 (%)','2023-05-28 21:30:19','2023-05-28 21:30:19'),(1578,1,'vi','core/setting/setting','media.watermark_position','Vị trí watermark','2023-05-28 21:30:19','2023-05-28 21:30:19'),(1579,1,'vi','core/setting/setting','media.watermark_position_bottom_left','Bên trái dưới cùng','2023-05-28 21:30:19','2023-05-28 21:30:19'),(1580,1,'vi','core/setting/setting','media.watermark_position_bottom_right','Bên phải dưới cùng','2023-05-28 21:30:19','2023-05-28 21:30:19'),(1581,1,'vi','core/setting/setting','media.watermark_position_center','Chính giữa','2023-05-28 21:30:19','2023-05-28 21:30:19'),(1582,1,'vi','core/setting/setting','media.watermark_position_top_left','Bên trái trên cùng','2023-05-28 21:30:19','2023-05-28 21:30:19'),(1583,1,'vi','core/setting/setting','media.watermark_position_top_right','Bên phải trên cùng','2023-05-28 21:30:19','2023-05-28 21:30:19'),(1584,1,'vi','core/setting/setting','media.watermark_position_x','Watermark position X','2023-05-28 21:30:19','2023-05-28 21:30:19'),(1585,1,'vi','core/setting/setting','media.watermark_position_y','Watermark position Y','2023-05-28 21:30:19','2023-05-28 21:30:19'),(1586,1,'vi','core/setting/setting','media.watermark_size','Kích thước của watermark (%)','2023-05-28 21:30:19','2023-05-28 21:30:19'),(1587,1,'vi','core/setting/setting','media.watermark_size_placeholder','Mặc định: 10 (%)','2023-05-28 21:30:19','2023-05-28 21:30:19'),(1588,1,'vi','core/setting/setting','media.watermark_source','Hình ảnh watermark','2023-05-28 21:30:19','2023-05-28 21:30:19'),(1589,1,'en','core/table/general','operations','Operations','2023-05-28 21:30:19','2023-05-28 21:30:19'),(1590,1,'en','core/table/general','loading_data','Loading data from server','2023-05-28 21:30:19','2023-05-28 21:30:19'),(1591,1,'en','core/table/general','display','Display','2023-05-28 21:30:19','2023-05-28 21:30:19'),(1592,1,'en','core/table/general','all','All','2023-05-28 21:30:19','2023-05-28 21:30:19'),(1593,1,'en','core/table/general','edit_entry','Edit','2023-05-28 21:30:19','2023-05-28 21:30:19'),(1594,1,'en','core/table/general','delete_entry','Delete','2023-05-28 21:30:19','2023-05-28 21:30:19'),(1595,1,'en','core/table/general','show_from','Showing from','2023-05-28 21:30:19','2023-05-28 21:30:19'),(1596,1,'en','core/table/general','to','to','2023-05-28 21:30:19','2023-05-28 21:30:19'),(1597,1,'en','core/table/general','in','in','2023-05-28 21:30:19','2023-05-28 21:30:19'),(1598,1,'en','core/table/general','records','records','2023-05-28 21:30:19','2023-05-28 21:30:19'),(1599,1,'en','core/table/general','no_data','No data to display','2023-05-28 21:30:19','2023-05-28 21:30:19'),(1600,1,'en','core/table/general','no_record','No record','2023-05-28 21:30:19','2023-05-28 21:30:19'),(1601,1,'en','core/table/general','loading','Loading data from server','2023-05-28 21:30:19','2023-05-28 21:30:19'),(1602,1,'en','core/table/general','confirm_delete','Confirm delete','2023-05-28 21:30:19','2023-05-28 21:30:19'),(1603,1,'en','core/table/general','confirm_delete_msg','Do you really want to delete this record?','2023-05-28 21:30:19','2023-05-28 21:30:19'),(1604,1,'en','core/table/general','cancel','Cancel','2023-05-28 21:30:19','2023-05-28 21:30:19'),(1605,1,'en','core/table/general','delete','Delete','2023-05-28 21:30:19','2023-05-28 21:30:19'),(1606,1,'en','core/table/general','close','Close','2023-05-28 21:30:19','2023-05-28 21:30:19'),(1607,1,'en','core/table/general','contains','Contains','2023-05-28 21:30:19','2023-05-28 21:30:19'),(1608,1,'en','core/table/general','is_equal_to','Is equal to','2023-05-28 21:30:19','2023-05-28 21:30:19'),(1609,1,'en','core/table/general','greater_than','Greater than','2023-05-28 21:30:19','2023-05-28 21:30:19'),(1610,1,'en','core/table/general','less_than','Less than','2023-05-28 21:30:19','2023-05-28 21:30:19'),(1611,1,'en','core/table/general','value','Value','2023-05-28 21:30:19','2023-05-28 21:30:19'),(1612,1,'en','core/table/general','select_field','Select field','2023-05-28 21:30:19','2023-05-28 21:30:19'),(1613,1,'en','core/table/general','reset','Reset','2023-05-28 21:30:19','2023-05-28 21:30:19'),(1614,1,'en','core/table/general','add_additional_filter','Add additional filter','2023-05-28 21:30:19','2023-05-28 21:30:19'),(1615,1,'en','core/table/general','apply','Apply','2023-05-28 21:30:19','2023-05-28 21:30:19'),(1616,1,'en','core/table/general','filters','Filters','2023-05-28 21:30:19','2023-05-28 21:30:19'),(1617,1,'en','core/table/general','bulk_change','Bulk changes','2023-05-28 21:30:19','2023-05-28 21:30:19'),(1618,1,'en','core/table/general','select_option','Select option','2023-05-28 21:30:19','2023-05-28 21:30:19'),(1619,1,'en','core/table/general','bulk_actions','Bulk Actions','2023-05-28 21:30:19','2023-05-28 21:30:19'),(1620,1,'en','core/table/general','save_bulk_change_success','Update data for selected record(s) successfully!','2023-05-28 21:30:19','2023-05-28 21:30:19'),(1621,1,'en','core/table/general','please_select_record','Please select at least one record to perform this action!','2023-05-28 21:30:19','2023-05-28 21:30:19'),(1622,1,'en','core/table/general','filtered','(filtered from _MAX_ total records)','2023-05-28 21:30:19','2023-05-28 21:30:19'),(1623,1,'en','core/table/general','search','Search...','2023-05-28 21:30:19','2023-05-28 21:30:19'),(1624,1,'en','core/table/table','operations','Operations','2023-05-28 21:30:19','2023-05-28 21:30:19'),(1625,1,'en','core/table/table','loading_data','Loading data from server','2023-05-28 21:30:19','2023-05-28 21:30:19'),(1626,1,'en','core/table/table','display','Display','2023-05-28 21:30:19','2023-05-28 21:30:19'),(1627,1,'en','core/table/table','all','All','2023-05-28 21:30:19','2023-05-28 21:30:19'),(1628,1,'en','core/table/table','edit_entry','Edit','2023-05-28 21:30:19','2023-05-28 21:30:19'),(1629,1,'en','core/table/table','delete_entry','Delete','2023-05-28 21:30:19','2023-05-28 21:30:19'),(1630,1,'en','core/table/table','show_from','Showing from','2023-05-28 21:30:19','2023-05-28 21:30:19'),(1631,1,'en','core/table/table','to','to','2023-05-28 21:30:19','2023-05-28 21:30:19'),(1632,1,'en','core/table/table','in','in','2023-05-28 21:30:19','2023-05-28 21:30:19'),(1633,1,'en','core/table/table','records','records','2023-05-28 21:30:19','2023-05-28 21:30:19'),(1634,1,'en','core/table/table','no_data','No data to display','2023-05-28 21:30:19','2023-05-28 21:30:19'),(1635,1,'en','core/table/table','no_record','No record','2023-05-28 21:30:19','2023-05-28 21:30:19'),(1636,1,'en','core/table/table','loading','Loading data from server','2023-05-28 21:30:19','2023-05-28 21:30:19'),(1637,1,'en','core/table/table','confirm_delete','Confirm delete','2023-05-28 21:30:19','2023-05-28 21:30:19'),(1638,1,'en','core/table/table','confirm_delete_msg','Do you really want to delete this record?','2023-05-28 21:30:19','2023-05-28 21:30:19'),(1639,1,'en','core/table/table','cancel','Cancel','2023-05-28 21:30:19','2023-05-28 21:30:19'),(1640,1,'en','core/table/table','delete','Delete','2023-05-28 21:30:19','2023-05-28 21:30:19'),(1641,1,'en','core/table/table','close','Close','2023-05-28 21:30:19','2023-05-28 21:30:19'),(1642,1,'en','core/table/table','contains','Contains','2023-05-28 21:30:19','2023-05-28 21:30:19'),(1643,1,'en','core/table/table','is_equal_to','Is equal to','2023-05-28 21:30:19','2023-05-28 21:30:19'),(1644,1,'en','core/table/table','greater_than','Greater than','2023-05-28 21:30:19','2023-05-28 21:30:19'),(1645,1,'en','core/table/table','less_than','Less than','2023-05-28 21:30:19','2023-05-28 21:30:19'),(1646,1,'en','core/table/table','value','Value','2023-05-28 21:30:19','2023-05-28 21:30:19'),(1647,1,'en','core/table/table','select_field','Select field','2023-05-28 21:30:19','2023-05-28 21:30:19'),(1648,1,'en','core/table/table','reset','Reset','2023-05-28 21:30:19','2023-05-28 21:30:19'),(1649,1,'en','core/table/table','add_additional_filter','Add additional filter','2023-05-28 21:30:19','2023-05-28 21:30:19'),(1650,1,'en','core/table/table','apply','Apply','2023-05-28 21:30:19','2023-05-28 21:30:19'),(1651,1,'en','core/table/table','filters','Filters','2023-05-28 21:30:19','2023-05-28 21:30:19'),(1652,1,'en','core/table/table','bulk_change','Bulk changes','2023-05-28 21:30:19','2023-05-28 21:30:19'),(1653,1,'en','core/table/table','select_option','Select option','2023-05-28 21:30:19','2023-05-28 21:30:19'),(1654,1,'en','core/table/table','bulk_actions','Bulk Actions','2023-05-28 21:30:19','2023-05-28 21:30:19'),(1655,1,'en','core/table/table','save_bulk_change_success','Update data for selected record(s) successfully!','2023-05-28 21:30:19','2023-05-28 21:30:19'),(1656,1,'en','core/table/table','please_select_record','Please select at least one record to perform this action!','2023-05-28 21:30:19','2023-05-28 21:30:19'),(1657,1,'en','core/table/table','filtered','(filtered from _MAX_ total records)','2023-05-28 21:30:19','2023-05-28 21:30:19'),(1658,1,'en','core/table/table','search','Search...','2023-05-28 21:30:19','2023-05-28 21:30:19'),(1659,1,'vi','core/table/general','operations','Hành động','2023-05-28 21:30:19','2023-05-28 21:30:19'),(1660,1,'vi','core/table/general','loading_data','Đang tải dữ liệu từ hệ thống','2023-05-28 21:30:19','2023-05-28 21:30:19'),(1661,1,'vi','core/table/general','display','Hiển thị','2023-05-28 21:30:19','2023-05-28 21:30:19'),(1662,1,'vi','core/table/general','all','Tất cả','2023-05-28 21:30:19','2023-05-28 21:30:19'),(1663,1,'vi','core/table/general','edit_entry','Sửa','2023-05-28 21:30:19','2023-05-28 21:30:19'),(1664,1,'vi','core/table/general','delete_entry','Xoá','2023-05-28 21:30:19','2023-05-28 21:30:19'),(1665,1,'vi','core/table/general','show_from','Hiển thị từ','2023-05-28 21:30:19','2023-05-28 21:30:19'),(1666,1,'vi','core/table/general','to','đến','2023-05-28 21:30:19','2023-05-28 21:30:19'),(1667,1,'vi','core/table/general','in','trong tổng số','2023-05-28 21:30:19','2023-05-28 21:30:19'),(1668,1,'vi','core/table/general','records','bản ghi','2023-05-28 21:30:19','2023-05-28 21:30:19'),(1669,1,'vi','core/table/general','no_data','Không có dữ liệu để hiển thị','2023-05-28 21:30:19','2023-05-28 21:30:19'),(1670,1,'vi','core/table/general','no_record','không có bản ghi nào','2023-05-28 21:30:19','2023-05-28 21:30:19'),(1671,1,'vi','core/table/general','loading','Đang tải dữ liệu từ hệ thống','2023-05-28 21:30:19','2023-05-28 21:30:19'),(1672,1,'vi','core/table/general','confirm_delete','Xác nhận xoá','2023-05-28 21:30:19','2023-05-28 21:30:19'),(1673,1,'vi','core/table/general','confirm_delete_msg','Bạn có chắc chắn muốn xoá bản ghi này?','2023-05-28 21:30:19','2023-05-28 21:30:19'),(1674,1,'vi','core/table/general','cancel','Huỷ bỏ','2023-05-28 21:30:19','2023-05-28 21:30:19'),(1675,1,'vi','core/table/general','delete','Xoá','2023-05-28 21:30:19','2023-05-28 21:30:19'),(1676,1,'vi','core/table/general','close','Đóng','2023-05-28 21:30:19','2023-05-28 21:30:19'),(1677,1,'vi','core/table/general','is_equal_to','Bằng với','2023-05-28 21:30:19','2023-05-28 21:30:19'),(1678,1,'vi','core/table/general','greater_than','Lớn hơn','2023-05-28 21:30:19','2023-05-28 21:30:19'),(1679,1,'vi','core/table/general','less_than','Nhỏ hơn','2023-05-28 21:30:19','2023-05-28 21:30:19'),(1680,1,'vi','core/table/general','value','Giá trị','2023-05-28 21:30:19','2023-05-28 21:30:19'),(1681,1,'vi','core/table/general','select_field','Chọn trường','2023-05-28 21:30:19','2023-05-28 21:30:19'),(1682,1,'vi','core/table/general','reset','Làm mới','2023-05-28 21:30:19','2023-05-28 21:30:19'),(1683,1,'vi','core/table/general','add_additional_filter','Thêm bộ lọc','2023-05-28 21:30:19','2023-05-28 21:30:19'),(1684,1,'vi','core/table/general','apply','Áp dụng','2023-05-28 21:30:19','2023-05-28 21:30:19'),(1685,1,'vi','core/table/general','select_option','Lựa chọn','2023-05-28 21:30:19','2023-05-28 21:30:19'),(1686,1,'vi','core/table/general','filters','Lọc dữ liệu','2023-05-28 21:30:19','2023-05-28 21:30:19'),(1687,1,'vi','core/table/general','bulk_change','Thay đổi hàng loạt','2023-05-28 21:30:19','2023-05-28 21:30:19'),(1688,1,'vi','core/table/general','bulk_actions','Hành động','2023-05-28 21:30:19','2023-05-28 21:30:19'),(1689,1,'vi','core/table/general','contains','Bao gồm','2023-05-28 21:30:19','2023-05-28 21:30:19'),(1690,1,'vi','core/table/general','filtered','(đã được lọc từ _MAX_ bản ghi)','2023-05-28 21:30:19','2023-05-28 21:30:19'),(1691,1,'vi','core/table/table','operations','Hành động','2023-05-28 21:30:19','2023-05-28 21:30:19'),(1692,1,'vi','core/table/table','loading_data','Đang tải dữ liệu từ hệ thống','2023-05-28 21:30:19','2023-05-28 21:30:19'),(1693,1,'vi','core/table/table','display','Hiển thị','2023-05-28 21:30:19','2023-05-28 21:30:19'),(1694,1,'vi','core/table/table','all','Tất cả','2023-05-28 21:30:19','2023-05-28 21:30:19'),(1695,1,'vi','core/table/table','edit_entry','Sửa','2023-05-28 21:30:19','2023-05-28 21:30:19'),(1696,1,'vi','core/table/table','delete_entry','Xoá','2023-05-28 21:30:19','2023-05-28 21:30:19'),(1697,1,'vi','core/table/table','show_from','Hiển thị từ','2023-05-28 21:30:19','2023-05-28 21:30:19'),(1698,1,'vi','core/table/table','to','đến','2023-05-28 21:30:19','2023-05-28 21:30:19'),(1699,1,'vi','core/table/table','in','trong tổng số','2023-05-28 21:30:19','2023-05-28 21:30:19'),(1700,1,'vi','core/table/table','records','bản ghi','2023-05-28 21:30:19','2023-05-28 21:30:19'),(1701,1,'vi','core/table/table','no_data','Không có dữ liệu để hiển thị','2023-05-28 21:30:19','2023-05-28 21:30:19'),(1702,1,'vi','core/table/table','no_record','không có bản ghi nào','2023-05-28 21:30:19','2023-05-28 21:30:19'),(1703,1,'vi','core/table/table','loading','Đang tải dữ liệu từ hệ thống','2023-05-28 21:30:19','2023-05-28 21:30:19'),(1704,1,'vi','core/table/table','confirm_delete','Xác nhận xoá','2023-05-28 21:30:19','2023-05-28 21:30:19'),(1705,1,'vi','core/table/table','confirm_delete_msg','Bạn có chắc chắn muốn xoá bản ghi này?','2023-05-28 21:30:19','2023-05-28 21:30:19'),(1706,1,'vi','core/table/table','cancel','Huỷ bỏ','2023-05-28 21:30:19','2023-05-28 21:30:19'),(1707,1,'vi','core/table/table','delete','Xoá','2023-05-28 21:30:19','2023-05-28 21:30:19'),(1708,1,'vi','core/table/table','close','Đóng','2023-05-28 21:30:19','2023-05-28 21:30:19'),(1709,1,'vi','core/table/table','is_equal_to','Bằng với','2023-05-28 21:30:19','2023-05-28 21:30:19'),(1710,1,'vi','core/table/table','greater_than','Lớn hơn','2023-05-28 21:30:19','2023-05-28 21:30:19'),(1711,1,'vi','core/table/table','less_than','Nhỏ hơn','2023-05-28 21:30:20','2023-05-28 21:30:20'),(1712,1,'vi','core/table/table','value','Giá trị','2023-05-28 21:30:20','2023-05-28 21:30:20'),(1713,1,'vi','core/table/table','select_field','Chọn trường','2023-05-28 21:30:20','2023-05-28 21:30:20'),(1714,1,'vi','core/table/table','reset','Làm mới','2023-05-28 21:30:20','2023-05-28 21:30:20'),(1715,1,'vi','core/table/table','add_additional_filter','Thêm bộ lọc','2023-05-28 21:30:20','2023-05-28 21:30:20'),(1716,1,'vi','core/table/table','apply','Áp dụng','2023-05-28 21:30:20','2023-05-28 21:30:20'),(1717,1,'vi','core/table/table','select_option','Lựa chọn','2023-05-28 21:30:20','2023-05-28 21:30:20'),(1718,1,'vi','core/table/table','filters','Lọc dữ liệu','2023-05-28 21:30:20','2023-05-28 21:30:20'),(1719,1,'vi','core/table/table','bulk_change','Thay đổi hàng loạt','2023-05-28 21:30:20','2023-05-28 21:30:20'),(1720,1,'vi','core/table/table','bulk_actions','Hành động','2023-05-28 21:30:20','2023-05-28 21:30:20'),(1721,1,'vi','core/table/table','contains','Bao gồm','2023-05-28 21:30:20','2023-05-28 21:30:20'),(1722,1,'vi','core/table/table','filtered','(đã được lọc từ _MAX_ bản ghi)','2023-05-28 21:30:20','2023-05-28 21:30:20'),(1723,1,'vi','core/table/table','please_select_record','Vui lòng chọn ít nhất 1 bản ghi để thực hiện hành động này!','2023-05-28 21:30:20','2023-05-28 21:30:20'),(1724,1,'vi','core/table/table','save_bulk_change_success','Cập nhật dữ liệu cho các bản ghi thành công!','2023-05-28 21:30:20','2023-05-28 21:30:20'),(1725,1,'vi','core/table/table','search','Tìm kiếm...','2023-05-28 21:30:20','2023-05-28 21:30:20'),(1726,1,'en','packages/api/api','settings','API Settings','2023-05-28 21:30:20','2023-05-28 21:30:20'),(1727,1,'en','packages/api/api','save_settings','Save settings','2023-05-28 21:30:20','2023-05-28 21:30:20'),(1728,1,'en','packages/api/api','setting_title','API settings','2023-05-28 21:30:20','2023-05-28 21:30:20'),(1729,1,'en','packages/api/api','setting_description','Settings for API','2023-05-28 21:30:20','2023-05-28 21:30:20'),(1730,1,'en','packages/api/api','api_enabled','API enabled?','2023-05-28 21:30:20','2023-05-28 21:30:20'),(1731,1,'en','packages/get-started/get-started','welcome_title','Welcome to your admin dashboard!','2023-05-28 21:30:20','2023-05-28 21:30:20'),(1732,1,'en','packages/get-started/get-started','welcome_description','In a few short steps, you can have your new dashboard up and running!','2023-05-28 21:30:20','2023-05-28 21:30:20'),(1733,1,'en','packages/get-started/get-started','get_started','Get Started!','2023-05-28 21:30:20','2023-05-28 21:30:20'),(1734,1,'en','packages/get-started/get-started','customize_branding_title','Customize branding','2023-05-28 21:30:20','2023-05-28 21:30:20'),(1735,1,'en','packages/get-started/get-started','customize_branding_description','Customize your site with colors, logo and subdomain to match your business unique branding and identity.','2023-05-28 21:30:20','2023-05-28 21:30:20'),(1736,1,'en','packages/get-started/get-started','colors','Colors','2023-05-28 21:30:20','2023-05-28 21:30:20'),(1737,1,'en','packages/get-started/get-started','fonts','Fonts','2023-05-28 21:30:20','2023-05-28 21:30:20'),(1738,1,'en','packages/get-started/get-started','primary_color','Primary color','2023-05-28 21:30:20','2023-05-28 21:30:20'),(1739,1,'en','packages/get-started/get-started','primary_font','Primary font','2023-05-28 21:30:20','2023-05-28 21:30:20'),(1740,1,'en','packages/get-started/get-started','setup_wizard_button',':link to finish Quick setup Wizard!','2023-05-28 21:30:20','2023-05-28 21:30:20'),(1741,1,'en','packages/get-started/get-started','click_here','Click here','2023-05-28 21:30:20','2023-05-28 21:30:20'),(1742,1,'en','packages/get-started/get-started','site_title','Site title','2023-05-28 21:30:20','2023-05-28 21:30:20'),(1743,1,'en','packages/get-started/get-started','identify','Identify','2023-05-28 21:30:20','2023-05-28 21:30:20'),(1744,1,'en','packages/get-started/get-started','logo','Logo','2023-05-28 21:30:20','2023-05-28 21:30:20'),(1745,1,'en','packages/get-started/get-started','admin_logo','Admin logo','2023-05-28 21:30:20','2023-05-28 21:30:20'),(1746,1,'en','packages/get-started/get-started','favicon','Favicon','2023-05-28 21:30:20','2023-05-28 21:30:20'),(1747,1,'en','packages/get-started/get-started','admin_favicon','Admin favicon','2023-05-28 21:30:20','2023-05-28 21:30:20'),(1748,1,'en','packages/get-started/get-started','next_step','Next step','2023-05-28 21:30:20','2023-05-28 21:30:20'),(1749,1,'en','packages/get-started/get-started','site_ready_title','Your site is ready!','2023-05-28 21:30:20','2023-05-28 21:30:20'),(1750,1,'en','packages/get-started/get-started','site_ready_description','Welcome to your new site! Your website has been created and populated with sample data. You are in the admin area of your site where you can set up everything else needed to complete your site.','2023-05-28 21:30:20','2023-05-28 21:30:20'),(1751,1,'en','packages/get-started/get-started','finish','Finish','2023-05-28 21:30:20','2023-05-28 21:30:20'),(1752,1,'en','packages/get-started/get-started','exit_wizard_title','Are you sure you want to exit the Quick Setup Wizard?','2023-05-28 21:30:20','2023-05-28 21:30:20'),(1753,1,'en','packages/get-started/get-started','exit_wizard_confirm','Yes, I\'ll finish it later','2023-05-28 21:30:20','2023-05-28 21:30:20'),(1754,1,'en','packages/get-started/get-started','exit_wizard_cancel','No, take me back to the wizard','2023-05-28 21:30:20','2023-05-28 21:30:20'),(1755,1,'en','packages/get-started/get-started','change_default_account_info_title','Change default account info','2023-05-28 21:30:20','2023-05-28 21:30:20'),(1756,1,'en','packages/get-started/get-started','change_default_account_info_description','The default account is using a weak password. You need to change it to a complex password for better security.','2023-05-28 21:30:20','2023-05-28 21:30:20'),(1757,1,'en','packages/get-started/get-started','username','Username','2023-05-28 21:30:20','2023-05-28 21:30:20'),(1758,1,'en','packages/get-started/get-started','email','Email','2023-05-28 21:30:20','2023-05-28 21:30:20'),(1759,1,'en','packages/get-started/get-started','password','Password','2023-05-28 21:30:20','2023-05-28 21:30:20'),(1760,1,'en','packages/get-started/get-started','password_confirmation','Password confirmation','2023-05-28 21:30:20','2023-05-28 21:30:20'),(1761,1,'en','packages/installer/installer','title','Installer','2023-05-28 21:30:20','2023-05-28 21:30:20'),(1762,1,'en','packages/installer/installer','next','Next Step','2023-05-28 21:30:20','2023-05-28 21:30:20'),(1763,1,'en','packages/installer/installer','back','Previous','2023-05-28 21:30:20','2023-05-28 21:30:20'),(1764,1,'en','packages/installer/installer','finish','Install','2023-05-28 21:30:20','2023-05-28 21:30:20'),(1765,1,'en','packages/installer/installer','installation','Installation','2023-05-28 21:30:20','2023-05-28 21:30:20'),(1766,1,'en','packages/installer/installer','forms.errorTitle','The following errors occurred:','2023-05-28 21:30:20','2023-05-28 21:30:20'),(1767,1,'en','packages/installer/installer','welcome.templateTitle','Welcome','2023-05-28 21:30:20','2023-05-28 21:30:20'),(1768,1,'en','packages/installer/installer','welcome.title','Welcome','2023-05-28 21:30:20','2023-05-28 21:30:20'),(1769,1,'en','packages/installer/installer','welcome.message','Before getting started, we need some information on the database. You will need to know the following items before proceeding.','2023-05-28 21:30:20','2023-05-28 21:30:20'),(1770,1,'en','packages/installer/installer','welcome.next','Let\'s go','2023-05-28 21:30:20','2023-05-28 21:30:20'),(1771,1,'en','packages/installer/installer','requirements.templateTitle','Step 1 | Server Requirements','2023-05-28 21:30:20','2023-05-28 21:30:20'),(1772,1,'en','packages/installer/installer','requirements.title','Server Requirements','2023-05-28 21:30:20','2023-05-28 21:30:20'),(1773,1,'en','packages/installer/installer','requirements.next','Check Permissions','2023-05-28 21:30:20','2023-05-28 21:30:20'),(1774,1,'en','packages/installer/installer','permissions.templateTitle','Step 2 | Permissions','2023-05-28 21:30:20','2023-05-28 21:30:20'),(1775,1,'en','packages/installer/installer','permissions.title','Permissions','2023-05-28 21:30:20','2023-05-28 21:30:20'),(1776,1,'en','packages/installer/installer','permissions.next','Configure Environment','2023-05-28 21:30:20','2023-05-28 21:30:20'),(1777,1,'en','packages/installer/installer','environment.wizard.templateTitle','Environment Settings','2023-05-28 21:30:20','2023-05-28 21:30:20'),(1778,1,'en','packages/installer/installer','environment.wizard.title','Environment Settings','2023-05-28 21:30:20','2023-05-28 21:30:20'),(1779,1,'en','packages/installer/installer','environment.wizard.form.name_required','An environment name is required.','2023-05-28 21:30:20','2023-05-28 21:30:20'),(1780,1,'en','packages/installer/installer','environment.wizard.form.app_name_label','Site title','2023-05-28 21:30:20','2023-05-28 21:30:20'),(1781,1,'en','packages/installer/installer','environment.wizard.form.app_name_placeholder','Site title','2023-05-28 21:30:20','2023-05-28 21:30:20'),(1782,1,'en','packages/installer/installer','environment.wizard.form.app_url_label','URL','2023-05-28 21:30:20','2023-05-28 21:30:20'),(1783,1,'en','packages/installer/installer','environment.wizard.form.app_url_placeholder','URL','2023-05-28 21:30:20','2023-05-28 21:30:20'),(1784,1,'en','packages/installer/installer','environment.wizard.form.db_connection_label','Database Connection','2023-05-28 21:30:20','2023-05-28 21:30:20'),(1785,1,'en','packages/installer/installer','environment.wizard.form.db_connection_label_mysql','MySQL','2023-05-28 21:30:20','2023-05-28 21:30:20'),(1786,1,'en','packages/installer/installer','environment.wizard.form.db_connection_label_sqlite','SQLite','2023-05-28 21:30:20','2023-05-28 21:30:20'),(1787,1,'en','packages/installer/installer','environment.wizard.form.db_connection_label_pgsql','PostgreSQL','2023-05-28 21:30:20','2023-05-28 21:30:20'),(1788,1,'en','packages/installer/installer','environment.wizard.form.db_host_label','Database host','2023-05-28 21:30:20','2023-05-28 21:30:20'),(1789,1,'en','packages/installer/installer','environment.wizard.form.db_host_placeholder','Database host','2023-05-28 21:30:20','2023-05-28 21:30:20'),(1790,1,'en','packages/installer/installer','environment.wizard.form.db_port_label','Database port','2023-05-28 21:30:20','2023-05-28 21:30:20'),(1791,1,'en','packages/installer/installer','environment.wizard.form.db_port_placeholder','Database port','2023-05-28 21:30:20','2023-05-28 21:30:20'),(1792,1,'en','packages/installer/installer','environment.wizard.form.db_name_label','Database name','2023-05-28 21:30:20','2023-05-28 21:30:20'),(1793,1,'en','packages/installer/installer','environment.wizard.form.db_name_placeholder','Database name','2023-05-28 21:30:20','2023-05-28 21:30:20'),(1794,1,'en','packages/installer/installer','environment.wizard.form.db_username_label','Database username','2023-05-28 21:30:20','2023-05-28 21:30:20'),(1795,1,'en','packages/installer/installer','environment.wizard.form.db_username_placeholder','Database username','2023-05-28 21:30:20','2023-05-28 21:30:20'),(1796,1,'en','packages/installer/installer','environment.wizard.form.db_password_label','Database password','2023-05-28 21:30:20','2023-05-28 21:30:20'),(1797,1,'en','packages/installer/installer','environment.wizard.form.db_password_placeholder','Database password','2023-05-28 21:30:20','2023-05-28 21:30:20'),(1798,1,'en','packages/installer/installer','environment.wizard.form.buttons.install','Install','2023-05-28 21:30:20','2023-05-28 21:30:20'),(1799,1,'en','packages/installer/installer','environment.wizard.form.db_host_helper','If you use Laravel Sail, just change DB_HOST to DB_HOST=mysql. On some hosting DB_HOST can be localhost instead of 127.0.0.1','2023-05-28 21:30:20','2023-05-28 21:30:20'),(1800,1,'en','packages/installer/installer','environment.wizard.form.db_connections.mysql','MySQL','2023-05-28 21:30:20','2023-05-28 21:30:20'),(1801,1,'en','packages/installer/installer','environment.wizard.form.db_connections.sqlite','SQLite','2023-05-28 21:30:20','2023-05-28 21:30:20'),(1802,1,'en','packages/installer/installer','environment.wizard.form.db_connections.pgsql','PostgreSQL','2023-05-28 21:30:20','2023-05-28 21:30:20'),(1803,1,'en','packages/installer/installer','environment.success','Your .env file settings have been saved.','2023-05-28 21:30:20','2023-05-28 21:30:20'),(1804,1,'en','packages/installer/installer','environment.errors','Unable to save the .env file, Please create it manually.','2023-05-28 21:30:20','2023-05-28 21:30:20'),(1805,1,'en','packages/installer/installer','install','Install','2023-05-28 21:30:20','2023-05-28 21:30:20'),(1806,1,'en','packages/installer/installer','final.title','Installation Finished','2023-05-28 21:30:20','2023-05-28 21:30:20'),(1807,1,'en','packages/installer/installer','final.templateTitle','Installation Finished','2023-05-28 21:30:20','2023-05-28 21:30:20'),(1808,1,'en','packages/installer/installer','final.finished','Application has been successfully installed.','2023-05-28 21:30:20','2023-05-28 21:30:20'),(1809,1,'en','packages/installer/installer','final.exit','Click here to exit','2023-05-28 21:30:20','2023-05-28 21:30:20'),(1810,1,'en','packages/installer/installer','create_account','Create account','2023-05-28 21:30:20','2023-05-28 21:30:20'),(1811,1,'en','packages/installer/installer','first_name','First name','2023-05-28 21:30:20','2023-05-28 21:30:20'),(1812,1,'en','packages/installer/installer','last_name','Last name','2023-05-28 21:30:20','2023-05-28 21:30:20'),(1813,1,'en','packages/installer/installer','username','Username','2023-05-28 21:30:20','2023-05-28 21:30:20'),(1814,1,'en','packages/installer/installer','email','Email','2023-05-28 21:30:20','2023-05-28 21:30:20'),(1815,1,'en','packages/installer/installer','password','Password','2023-05-28 21:30:20','2023-05-28 21:30:20'),(1816,1,'en','packages/installer/installer','password_confirmation','Password confirmation','2023-05-28 21:30:20','2023-05-28 21:30:20'),(1817,1,'en','packages/installer/installer','create','Create','2023-05-28 21:30:20','2023-05-28 21:30:20'),(1818,1,'en','packages/installer/installer','install_success','Installed successfully!','2023-05-28 21:30:20','2023-05-28 21:30:20'),(1819,1,'en','packages/menu/menu','name','Menus','2023-05-28 21:30:20','2023-05-28 21:30:20'),(1820,1,'en','packages/menu/menu','key_name','Menu name (key: :key)','2023-05-28 21:30:20','2023-05-28 21:30:20'),(1821,1,'en','packages/menu/menu','basic_info','Basic information','2023-05-28 21:30:20','2023-05-28 21:30:20'),(1822,1,'en','packages/menu/menu','add_to_menu','Add to menu','2023-05-28 21:30:20','2023-05-28 21:30:20'),(1823,1,'en','packages/menu/menu','custom_link','Custom link','2023-05-28 21:30:20','2023-05-28 21:30:20'),(1824,1,'en','packages/menu/menu','add_link','Add link','2023-05-28 21:30:20','2023-05-28 21:30:20'),(1825,1,'en','packages/menu/menu','structure','Menu structure','2023-05-28 21:30:20','2023-05-28 21:30:20'),(1826,1,'en','packages/menu/menu','remove','Remove','2023-05-28 21:30:20','2023-05-28 21:30:20'),(1827,1,'en','packages/menu/menu','cancel','Cancel','2023-05-28 21:30:20','2023-05-28 21:30:20'),(1828,1,'en','packages/menu/menu','title','Title','2023-05-28 21:30:20','2023-05-28 21:30:20'),(1829,1,'en','packages/menu/menu','icon','Icon','2023-05-28 21:30:20','2023-05-28 21:30:20'),(1830,1,'en','packages/menu/menu','url','URL','2023-05-28 21:30:20','2023-05-28 21:30:20'),(1831,1,'en','packages/menu/menu','target','Target','2023-05-28 21:30:20','2023-05-28 21:30:20'),(1832,1,'en','packages/menu/menu','css_class','CSS class','2023-05-28 21:30:20','2023-05-28 21:30:20'),(1833,1,'en','packages/menu/menu','self_open_link','Open link directly','2023-05-28 21:30:20','2023-05-28 21:30:20'),(1834,1,'en','packages/menu/menu','blank_open_link','Open link in new tab','2023-05-28 21:30:20','2023-05-28 21:30:20'),(1835,1,'en','packages/menu/menu','create','Create menu','2023-05-28 21:30:20','2023-05-28 21:30:20'),(1836,1,'en','packages/menu/menu','menu_settings','Menu settings','2023-05-28 21:30:20','2023-05-28 21:30:20'),(1837,1,'en','packages/menu/menu','display_location','Display location','2023-05-28 21:30:20','2023-05-28 21:30:20'),(1838,1,'en','packages/menu/menu','title_placeholder','Title','2023-05-28 21:30:20','2023-05-28 21:30:20'),(1839,1,'en','packages/menu/menu','icon_placeholder','Icon','2023-05-28 21:30:20','2023-05-28 21:30:20'),(1840,1,'en','packages/menu/menu','url_placeholder','URL','2023-05-28 21:30:20','2023-05-28 21:30:20'),(1841,1,'en','packages/menu/menu','css_class_placeholder','CSS class','2023-05-28 21:30:20','2023-05-28 21:30:20'),(1842,1,'en','packages/menu/menu','menu_id','Menu ID','2023-05-28 21:30:20','2023-05-28 21:30:20'),(1843,1,'vi','packages/menu/menu','name','Trình đơn','2023-05-28 21:30:20','2023-05-28 21:30:20'),(1844,1,'vi','packages/menu/menu','cancel','Hủy bỏ','2023-05-28 21:30:20','2023-05-28 21:30:20'),(1845,1,'vi','packages/menu/menu','add_link','Thêm liên kết','2023-05-28 21:30:20','2023-05-28 21:30:20'),(1846,1,'vi','packages/menu/menu','add_to_menu','Thêm vào trình đơn','2023-05-28 21:30:20','2023-05-28 21:30:20'),(1847,1,'vi','packages/menu/menu','basic_info','Thông tin cơ bản','2023-05-28 21:30:20','2023-05-28 21:30:20'),(1848,1,'vi','packages/menu/menu','blank_open_link','Mở liên kết trong tab mới','2023-05-28 21:30:20','2023-05-28 21:30:20'),(1849,1,'vi','packages/menu/menu','css_class','CSS class','2023-05-28 21:30:20','2023-05-28 21:30:20'),(1850,1,'vi','packages/menu/menu','custom_link','Liên kết tùy chọn','2023-05-28 21:30:20','2023-05-28 21:30:20'),(1851,1,'vi','packages/menu/menu','icon','Biểu tượng','2023-05-28 21:30:20','2023-05-28 21:30:20'),(1852,1,'vi','packages/menu/menu','key_name','Tên menu (key::key)','2023-05-28 21:30:20','2023-05-28 21:30:20'),(1853,1,'vi','packages/menu/menu','remove','Xóa','2023-05-28 21:30:20','2023-05-28 21:30:20'),(1854,1,'vi','packages/menu/menu','self_open_link','Mở liên kết trong tab hiện tại','2023-05-28 21:30:20','2023-05-28 21:30:20'),(1855,1,'vi','packages/menu/menu','structure','Cấu trúc trình đơn','2023-05-28 21:30:20','2023-05-28 21:30:20'),(1856,1,'vi','packages/menu/menu','target','Target','2023-05-28 21:30:20','2023-05-28 21:30:20'),(1857,1,'vi','packages/menu/menu','title','Tiêu đề','2023-05-28 21:30:20','2023-05-28 21:30:20'),(1858,1,'vi','packages/menu/menu','url','URL','2023-05-28 21:30:21','2023-05-28 21:30:21'),(1859,1,'vi','packages/menu/menu','create','Tạo trình đơn','2023-05-28 21:30:21','2023-05-28 21:30:21'),(1860,1,'vi','packages/menu/menu','edit','Sửa trình đơn','2023-05-28 21:30:21','2023-05-28 21:30:21'),(1861,1,'vi','packages/menu/menu','display_location','Vị trí hiển thị','2023-05-28 21:30:21','2023-05-28 21:30:21'),(1862,1,'vi','packages/menu/menu','menu_settings','Cấu hình menu','2023-05-28 21:30:21','2023-05-28 21:30:21'),(1863,1,'en','packages/optimize/optimize','settings.title','Optimize page speed','2023-05-28 21:30:21','2023-05-28 21:30:21'),(1864,1,'en','packages/optimize/optimize','settings.description','Minify HTML output, inline CSS, remove comments...','2023-05-28 21:30:21','2023-05-28 21:30:21'),(1865,1,'en','packages/optimize/optimize','settings.enable','Enable optimize page speed?','2023-05-28 21:30:21','2023-05-28 21:30:21'),(1866,1,'en','packages/optimize/optimize','collapse_white_space','Collapse white space','2023-05-28 21:30:21','2023-05-28 21:30:21'),(1867,1,'en','packages/optimize/optimize','collapse_white_space_description','This filter reduces bytes transmitted in an HTML file by removing unnecessary whitespace.','2023-05-28 21:30:21','2023-05-28 21:30:21'),(1868,1,'en','packages/optimize/optimize','elide_attributes','Elide attributes','2023-05-28 21:30:21','2023-05-28 21:30:21'),(1869,1,'en','packages/optimize/optimize','elide_attributes_description','This filter reduces the transfer size of HTML files by removing attributes from tags when the specified value is equal to the default value for that attribute. This can save a modest number of bytes, and may make the document more compressible by canonicalizing the affected tags.','2023-05-28 21:30:21','2023-05-28 21:30:21'),(1870,1,'en','packages/optimize/optimize','inline_css','Inline CSS','2023-05-28 21:30:21','2023-05-28 21:30:21'),(1871,1,'en','packages/optimize/optimize','inline_css_description','This filter transforms the inline \"style\" attribute of tags into classes by moving the CSS to the header.','2023-05-28 21:30:21','2023-05-28 21:30:21'),(1872,1,'en','packages/optimize/optimize','insert_dns_prefetch','Insert DNS prefetch','2023-05-28 21:30:21','2023-05-28 21:30:21'),(1873,1,'en','packages/optimize/optimize','insert_dns_prefetch_description','This filter injects tags in the HEAD to enable the browser to do DNS prefetching.','2023-05-28 21:30:21','2023-05-28 21:30:21'),(1874,1,'en','packages/optimize/optimize','remove_comments','Remove comments','2023-05-28 21:30:21','2023-05-28 21:30:21'),(1875,1,'en','packages/optimize/optimize','remove_comments_description','This filter eliminates HTML, JS and CSS comments. The filter reduces the transfer size of HTML files by removing the comments. Depending on the HTML file, this filter can significantly reduce the number of bytes transmitted on the network.','2023-05-28 21:30:21','2023-05-28 21:30:21'),(1876,1,'en','packages/optimize/optimize','remove_quotes','Remove quotes','2023-05-28 21:30:21','2023-05-28 21:30:21'),(1877,1,'en','packages/optimize/optimize','remove_quotes_description','This filter eliminates unnecessary quotation marks from HTML attributes. While required by the various HTML specifications, browsers permit their omission when the value of an attribute is composed of a certain subset of characters (alphanumerics and some punctuation characters).','2023-05-28 21:30:21','2023-05-28 21:30:21'),(1878,1,'en','packages/optimize/optimize','defer_javascript','Defer javascript','2023-05-28 21:30:21','2023-05-28 21:30:21'),(1879,1,'en','packages/optimize/optimize','defer_javascript_description','Defers the execution of javascript in the HTML. If necessary cancel deferring in some script, use data-pagespeed-no-defer as script attribute to cancel deferring.','2023-05-28 21:30:21','2023-05-28 21:30:21'),(1880,1,'en','packages/page/pages','create','Create new page','2023-05-28 21:30:21','2023-05-28 21:30:21'),(1881,1,'en','packages/page/pages','form.name','Name','2023-05-28 21:30:21','2023-05-28 21:30:21'),(1882,1,'en','packages/page/pages','form.name_placeholder','Page\'s name (Maximum 120 characters)','2023-05-28 21:30:21','2023-05-28 21:30:21'),(1883,1,'en','packages/page/pages','form.content','Content','2023-05-28 21:30:21','2023-05-28 21:30:21'),(1884,1,'en','packages/page/pages','form.note','Note content','2023-05-28 21:30:21','2023-05-28 21:30:21'),(1885,1,'en','packages/page/pages','notices.no_select','Please select at least one record to take this action!','2023-05-28 21:30:21','2023-05-28 21:30:21'),(1886,1,'en','packages/page/pages','notices.update_success_message','Update successfully','2023-05-28 21:30:21','2023-05-28 21:30:21'),(1887,1,'en','packages/page/pages','cannot_delete','Page could not be deleted','2023-05-28 21:30:21','2023-05-28 21:30:21'),(1888,1,'en','packages/page/pages','deleted','Page deleted','2023-05-28 21:30:21','2023-05-28 21:30:21'),(1889,1,'en','packages/page/pages','pages','Pages','2023-05-28 21:30:21','2023-05-28 21:30:21'),(1890,1,'en','packages/page/pages','menu','Pages','2023-05-28 21:30:21','2023-05-28 21:30:21'),(1891,1,'en','packages/page/pages','menu_name','Pages','2023-05-28 21:30:21','2023-05-28 21:30:21'),(1892,1,'en','packages/page/pages','edit_this_page','Edit this page','2023-05-28 21:30:21','2023-05-28 21:30:21'),(1893,1,'en','packages/page/pages','total_pages','Total pages','2023-05-28 21:30:21','2023-05-28 21:30:21'),(1894,1,'en','packages/page/pages','settings.show_on_front','Your homepage displays','2023-05-28 21:30:21','2023-05-28 21:30:21'),(1895,1,'en','packages/page/pages','settings.select','— Select —','2023-05-28 21:30:21','2023-05-28 21:30:21'),(1896,1,'en','packages/page/pages','front_page','Front Page','2023-05-28 21:30:21','2023-05-28 21:30:21'),(1897,1,'vi','packages/page/pages','create','Thêm trang','2023-05-28 21:30:21','2023-05-28 21:30:21'),(1898,1,'vi','packages/page/pages','edit','Sửa trang','2023-05-28 21:30:21','2023-05-28 21:30:21'),(1899,1,'vi','packages/page/pages','form.name','Tiêu đề trang','2023-05-28 21:30:21','2023-05-28 21:30:21'),(1900,1,'vi','packages/page/pages','form.note','Nội dung ghi chú','2023-05-28 21:30:21','2023-05-28 21:30:21'),(1901,1,'vi','packages/page/pages','form.name_placeholder','Tên trang (tối đa 120 kí tự)','2023-05-28 21:30:21','2023-05-28 21:30:21'),(1902,1,'vi','packages/page/pages','form.content','Nội dung','2023-05-28 21:30:21','2023-05-28 21:30:21'),(1903,1,'vi','packages/page/pages','notices.no_select','Chọn ít nhất 1 trang để thực hiện hành động này!','2023-05-28 21:30:21','2023-05-28 21:30:21'),(1904,1,'vi','packages/page/pages','notices.update_success_message','Cập nhật thành công','2023-05-28 21:30:21','2023-05-28 21:30:21'),(1905,1,'vi','packages/page/pages','deleted','Xóa trang thành công','2023-05-28 21:30:21','2023-05-28 21:30:21'),(1906,1,'vi','packages/page/pages','cannot_delete','Không thể xóa trang','2023-05-28 21:30:21','2023-05-28 21:30:21'),(1907,1,'vi','packages/page/pages','menu','Trang','2023-05-28 21:30:21','2023-05-28 21:30:21'),(1908,1,'vi','packages/page/pages','menu_name','Trang','2023-05-28 21:30:21','2023-05-28 21:30:21'),(1909,1,'vi','packages/page/pages','edit_this_page','Sửa trang này','2023-05-28 21:30:21','2023-05-28 21:30:21'),(1910,1,'vi','packages/page/pages','pages','Trang','2023-05-28 21:30:21','2023-05-28 21:30:21'),(1911,1,'vi','packages/page/pages','front_page','Trang chủ','2023-05-28 21:30:21','2023-05-28 21:30:21'),(1912,1,'vi','packages/page/pages','settings.select','-- Lựa chọn --','2023-05-28 21:30:21','2023-05-28 21:30:21'),(1913,1,'vi','packages/page/pages','settings.show_on_front','Lựa chọn trang chủ','2023-05-28 21:30:21','2023-05-28 21:30:21'),(1914,1,'vi','packages/page/pages','total_pages','Tổng số trang','2023-05-28 21:30:21','2023-05-28 21:30:21'),(1915,1,'en','packages/plugin-management/marketplace','previous','&laquo; Previous','2023-05-28 21:30:21','2023-05-28 21:30:21'),(1916,1,'en','packages/plugin-management/marketplace','next','Next &raquo;','2023-05-28 21:30:21','2023-05-28 21:30:21'),(1917,1,'en','packages/plugin-management/marketplace','showing','Showing','2023-05-28 21:30:21','2023-05-28 21:30:21'),(1918,1,'en','packages/plugin-management/marketplace','to','to','2023-05-28 21:30:21','2023-05-28 21:30:21'),(1919,1,'en','packages/plugin-management/marketplace','of','of','2023-05-28 21:30:21','2023-05-28 21:30:21'),(1920,1,'en','packages/plugin-management/marketplace','results','results','2023-05-28 21:30:21','2023-05-28 21:30:21'),(1921,1,'en','packages/plugin-management/marketplace','add_new','Add new','2023-05-28 21:30:21','2023-05-28 21:30:21'),(1922,1,'en','packages/plugin-management/marketplace','installed','Installed','2023-05-28 21:30:21','2023-05-28 21:30:21'),(1923,1,'en','packages/plugin-management/marketplace','install_now','Install now','2023-05-28 21:30:21','2023-05-28 21:30:21'),(1924,1,'en','packages/plugin-management/marketplace','installing','Installing...','2023-05-28 21:30:21','2023-05-28 21:30:21'),(1925,1,'en','packages/plugin-management/marketplace','detail','Details','2023-05-28 21:30:21','2023-05-28 21:30:21'),(1926,1,'en','packages/plugin-management/marketplace','version','Version','2023-05-28 21:30:21','2023-05-28 21:30:21'),(1927,1,'en','packages/plugin-management/marketplace','minimum_core_version','Minimum core version','2023-05-28 21:30:21','2023-05-28 21:30:21'),(1928,1,'en','packages/plugin-management/marketplace','last_update','Last update','2023-05-28 21:30:21','2023-05-28 21:30:21'),(1929,1,'en','packages/plugin-management/marketplace','compatible_version','Compatible with your version','2023-05-28 21:30:21','2023-05-28 21:30:21'),(1930,1,'en','packages/plugin-management/marketplace','incompatible_version','Incompatible with your version','2023-05-28 21:30:21','2023-05-28 21:30:21'),(1931,1,'en','packages/plugin-management/marketplace','deactivate','Deactivate','2023-05-28 21:30:21','2023-05-28 21:30:21'),(1932,1,'en','packages/plugin-management/marketplace','activate','Activate','2023-05-28 21:30:21','2023-05-28 21:30:21'),(1933,1,'en','packages/plugin-management/marketplace','activating','Activating...','2023-05-28 21:30:21','2023-05-28 21:30:21'),(1934,1,'en','packages/plugin-management/marketplace','activated','Activated','2023-05-28 21:30:21','2023-05-28 21:30:21'),(1935,1,'en','packages/plugin-management/marketplace','connection_aborted','Connection Aborted','2023-05-28 21:30:21','2023-05-28 21:30:21'),(1936,1,'en','packages/plugin-management/marketplace','connection_aborted_description','Connection Aborted Description','2023-05-28 21:30:21','2023-05-28 21:30:21'),(1937,1,'en','packages/plugin-management/marketplace','api_connect_error','Connect to Marketplace API Error, please contact support','2023-05-28 21:30:21','2023-05-28 21:30:21'),(1938,1,'en','packages/plugin-management/marketplace','keyword','Keyword','2023-05-28 21:30:21','2023-05-28 21:30:21'),(1939,1,'en','packages/plugin-management/marketplace','search','Search','2023-05-28 21:30:21','2023-05-28 21:30:21'),(1940,1,'en','packages/plugin-management/marketplace','all','All','2023-05-28 21:30:21','2023-05-28 21:30:21'),(1941,1,'en','packages/plugin-management/marketplace','featured','Featured','2023-05-28 21:30:21','2023-05-28 21:30:21'),(1942,1,'en','packages/plugin-management/marketplace','popular','Popular','2023-05-28 21:30:21','2023-05-28 21:30:21'),(1943,1,'en','packages/plugin-management/marketplace','top_rated','Top Rated','2023-05-28 21:30:21','2023-05-28 21:30:21'),(1944,1,'en','packages/plugin-management/marketplace','install_plugin','Install plugin','2023-05-28 21:30:21','2023-05-28 21:30:21'),(1945,1,'en','packages/plugin-management/marketplace','cancel','Cancel','2023-05-28 21:30:21','2023-05-28 21:30:21'),(1946,1,'en','packages/plugin-management/marketplace','yes_install',' Yes! Install','2023-05-28 21:30:21','2023-05-28 21:30:21'),(1947,1,'en','packages/plugin-management/marketplace','message_alert','Are you sure you want to install this plugin?','2023-05-28 21:30:21','2023-05-28 21:30:21'),(1948,1,'en','packages/plugin-management/marketplace','folder_permissions','Folder does not have permission to write file or the update file path could not be resolved, please contact support','2023-05-28 21:30:21','2023-05-28 21:30:21'),(1949,1,'en','packages/plugin-management/marketplace','unzip_failed','Unzip extraction failed','2023-05-28 21:30:21','2023-05-28 21:30:21'),(1950,1,'en','packages/plugin-management/marketplace','unzip_success','Download file extracted','2023-05-28 21:30:21','2023-05-28 21:30:21'),(1951,1,'en','packages/plugin-management/marketplace','install_success','Installed plugin successfully!','2023-05-28 21:30:21','2023-05-28 21:30:21'),(1952,1,'en','packages/plugin-management/marketplace','update_success','Updated plugin successfully!','2023-05-28 21:30:21','2023-05-28 21:30:21'),(1953,1,'en','packages/plugin-management/marketplace','minimum_core_version_error','Cannot install this plugin. Minimum core version is :version.','2023-05-28 21:30:21','2023-05-28 21:30:21'),(1954,1,'en','packages/plugin-management/plugin','enabled','Enabled','2023-05-28 21:30:21','2023-05-28 21:30:21'),(1955,1,'en','packages/plugin-management/plugin','deactivated','Deactivated','2023-05-28 21:30:21','2023-05-28 21:30:21'),(1956,1,'en','packages/plugin-management/plugin','activated','Activated','2023-05-28 21:30:21','2023-05-28 21:30:21'),(1957,1,'en','packages/plugin-management/plugin','activate','Activate','2023-05-28 21:30:21','2023-05-28 21:30:21'),(1958,1,'en','packages/plugin-management/plugin','deactivate','Deactivate','2023-05-28 21:30:21','2023-05-28 21:30:21'),(1959,1,'en','packages/plugin-management/plugin','author','By','2023-05-28 21:30:21','2023-05-28 21:30:21'),(1960,1,'en','packages/plugin-management/plugin','update_plugin_status_success','Update plugin successfully','2023-05-28 21:30:21','2023-05-28 21:30:21'),(1961,1,'en','packages/plugin-management/plugin','plugins','Plugins','2023-05-28 21:30:21','2023-05-28 21:30:21'),(1962,1,'en','packages/plugin-management/plugin','missing_required_plugins','Please activate plugin(s): :plugins before activate this plugin!','2023-05-28 21:30:21','2023-05-28 21:30:21'),(1963,1,'en','packages/plugin-management/plugin','remove','Remove','2023-05-28 21:30:21','2023-05-28 21:30:21'),(1964,1,'en','packages/plugin-management/plugin','remove_plugin_success','Remove plugin successfully!','2023-05-28 21:30:21','2023-05-28 21:30:21'),(1965,1,'en','packages/plugin-management/plugin','remove_plugin','Remove plugin','2023-05-28 21:30:21','2023-05-28 21:30:21'),(1966,1,'en','packages/plugin-management/plugin','remove_plugin_confirm_message','Do you really want to remove this plugin?','2023-05-28 21:30:21','2023-05-28 21:30:21'),(1967,1,'en','packages/plugin-management/plugin','remove_plugin_confirm_yes','Yes, remove it!','2023-05-28 21:30:21','2023-05-28 21:30:21'),(1968,1,'en','packages/plugin-management/plugin','total_plugins','Total plugins','2023-05-28 21:30:21','2023-05-28 21:30:21'),(1969,1,'en','packages/plugin-management/plugin','invalid_plugin','This plugin is not a valid plugin, please check it again!','2023-05-28 21:30:21','2023-05-28 21:30:21'),(1970,1,'en','packages/plugin-management/plugin','version','Version','2023-05-28 21:30:21','2023-05-28 21:30:21'),(1971,1,'en','packages/plugin-management/plugin','invalid_json','Invalid plugin.json!','2023-05-28 21:30:21','2023-05-28 21:30:21'),(1972,1,'en','packages/plugin-management/plugin','activate_success','Activate plugin successfully!','2023-05-28 21:30:21','2023-05-28 21:30:21'),(1973,1,'en','packages/plugin-management/plugin','activated_already','This plugin is activated already!','2023-05-28 21:30:21','2023-05-28 21:30:21'),(1974,1,'en','packages/plugin-management/plugin','plugin_not_exist','This plugin is not exists.','2023-05-28 21:30:21','2023-05-28 21:30:21'),(1975,1,'en','packages/plugin-management/plugin','missing_json_file','Missing file plugin.json!','2023-05-28 21:30:21','2023-05-28 21:30:21'),(1976,1,'en','packages/plugin-management/plugin','plugin_invalid','Plugin is valid!','2023-05-28 21:30:21','2023-05-28 21:30:21'),(1977,1,'en','packages/plugin-management/plugin','published_assets_success','Publish assets for plugin :name successfully!','2023-05-28 21:30:21','2023-05-28 21:30:21'),(1978,1,'en','packages/plugin-management/plugin','plugin_removed','Plugin has been removed!','2023-05-28 21:30:21','2023-05-28 21:30:21'),(1979,1,'en','packages/plugin-management/plugin','deactivated_success','Deactivate plugin successfully!','2023-05-28 21:30:21','2023-05-28 21:30:21'),(1980,1,'en','packages/plugin-management/plugin','deactivated_already','This plugin is deactivated already!','2023-05-28 21:30:21','2023-05-28 21:30:21'),(1981,1,'en','packages/plugin-management/plugin','folder_is_not_writeable','Cannot write files! Folder :name is not writable. Please chmod to make it writable!','2023-05-28 21:30:21','2023-05-28 21:30:21'),(1982,1,'en','packages/plugin-management/plugin','plugin_is_not_ready','Plugin :name is not ready to use','2023-05-28 21:30:21','2023-05-28 21:30:21'),(1983,1,'en','packages/plugin-management/plugin','plugins_installed','Installed Plugins','2023-05-28 21:30:21','2023-05-28 21:30:21'),(1984,1,'en','packages/plugin-management/plugin','plugins_add_new','Add new','2023-05-28 21:30:21','2023-05-28 21:30:21'),(1985,1,'en','packages/plugin-management/plugin','update','Update','2023-05-28 21:30:21','2023-05-28 21:30:21'),(1986,1,'en','packages/plugin-management/plugin','requirement_not_met','Plugin :plugin requires plugin(s): :required_plugins. Do you want to install them and activate :plugin now?','2023-05-28 21:30:21','2023-05-28 21:30:21'),(1987,1,'en','packages/plugin-management/plugin','install','Install now','2023-05-28 21:30:21','2023-05-28 21:30:21'),(1988,1,'en','packages/plugin-management/plugin','install_plugin','Install Plugin','2023-05-28 21:30:21','2023-05-28 21:30:21'),(1989,1,'en','packages/plugin-management/plugin','minimum_core_version_not_met','Plugin :plugin requires :minimum_core_version version of core, but your core version is :current_core_version. Please upgrade your core to use this plugin!','2023-05-28 21:30:21','2023-05-28 21:30:21'),(1990,1,'vi','packages/plugin-management/plugin','activate','Kích hoạt','2023-05-28 21:30:21','2023-05-28 21:30:21'),(1991,1,'vi','packages/plugin-management/plugin','author','Tác giả','2023-05-28 21:30:21','2023-05-28 21:30:21'),(1992,1,'vi','packages/plugin-management/plugin','version','Phiên bản','2023-05-28 21:30:21','2023-05-28 21:30:21'),(1993,1,'vi','packages/plugin-management/plugin','activated','Đã kích hoạt','2023-05-28 21:30:21','2023-05-28 21:30:21'),(1994,1,'vi','packages/plugin-management/plugin','deactivate','Hủy kích hoạt','2023-05-28 21:30:21','2023-05-28 21:30:21'),(1995,1,'vi','packages/plugin-management/plugin','deactivated','Đã vô hiệu','2023-05-28 21:30:21','2023-05-28 21:30:21'),(1996,1,'vi','packages/plugin-management/plugin','enabled','Kích hoạt','2023-05-28 21:30:21','2023-05-28 21:30:21'),(1997,1,'vi','packages/plugin-management/plugin','invalid_plugin','Gói mở rộng không hợp lệ','2023-05-28 21:30:21','2023-05-28 21:30:21'),(1998,1,'vi','packages/plugin-management/plugin','update_plugin_status_success','Cập nhật trạng thái gói mở rộng thành công','2023-05-28 21:30:21','2023-05-28 21:30:21'),(1999,1,'vi','packages/plugin-management/plugin','missing_required_plugins','Vui lòng kích hoạt các gói mở rộng :plugins trước khi kích hoạt gói này','2023-05-28 21:30:21','2023-05-28 21:30:21'),(2000,1,'vi','packages/plugin-management/plugin','plugins','Gói mở rộng','2023-05-28 21:30:21','2023-05-28 21:30:21'),(2001,1,'vi','packages/plugin-management/plugin','remove','Xoá','2023-05-28 21:30:22','2023-05-28 21:30:22'),(2002,1,'vi','packages/plugin-management/plugin','remove_plugin_success','Xoá thành công!','2023-05-28 21:30:22','2023-05-28 21:30:22'),(2003,1,'vi','packages/plugin-management/plugin','remove_plugin','Xoá gói mở rộng','2023-05-28 21:30:22','2023-05-28 21:30:22'),(2004,1,'vi','packages/plugin-management/plugin','remove_plugin_confirm_message','Bạn có chắc chắn muốn xoá plugin này?','2023-05-28 21:30:22','2023-05-28 21:30:22'),(2005,1,'vi','packages/plugin-management/plugin','remove_plugin_confirm_yes','Có, xoá!','2023-05-28 21:30:22','2023-05-28 21:30:22'),(2006,1,'vi','packages/plugin-management/plugin','total_plugins','Tất cả plugins','2023-05-28 21:30:22','2023-05-28 21:30:22'),(2007,1,'vi','packages/plugin-management/plugin','activate_success','Kích hoạt thành công!','2023-05-28 21:30:22','2023-05-28 21:30:22'),(2008,1,'vi','packages/plugin-management/plugin','activated_already','Gói mở rộng này đã được kích hoạt rồi!','2023-05-28 21:30:22','2023-05-28 21:30:22'),(2009,1,'vi','packages/plugin-management/plugin','deactivated_already','Gói mở rộng này đã được hủy kích hoạt rồi!','2023-05-28 21:30:22','2023-05-28 21:30:22'),(2010,1,'vi','packages/plugin-management/plugin','deactivated_success','Hủy kích hoạt thành công!','2023-05-28 21:30:22','2023-05-28 21:30:22'),(2011,1,'vi','packages/plugin-management/plugin','invalid_json','Sai cấu hình plugin.json!','2023-05-28 21:30:22','2023-05-28 21:30:22'),(2012,1,'vi','packages/plugin-management/plugin','missing_json_file','Thiếu tập tin cấu hình plugin.json!','2023-05-28 21:30:22','2023-05-28 21:30:22'),(2013,1,'vi','packages/plugin-management/plugin','plugin_invalid','Gói mở rộng không hợp lệ!','2023-05-28 21:30:22','2023-05-28 21:30:22'),(2014,1,'vi','packages/plugin-management/plugin','plugin_not_exist','Gói mở rộng không tồn tại','2023-05-28 21:30:22','2023-05-28 21:30:22'),(2015,1,'vi','packages/plugin-management/plugin','plugin_removed','Gói mở rộng đã bị xóa!','2023-05-28 21:30:22','2023-05-28 21:30:22'),(2016,1,'vi','packages/plugin-management/plugin','published_assets_success','Xuất bản assets cho gói mở rộng thành công!','2023-05-28 21:30:22','2023-05-28 21:30:22'),(2017,1,'en','packages/seo-helper/seo-helper','meta_box_header','Search Engine Optimize','2023-05-28 21:30:22','2023-05-28 21:30:22'),(2018,1,'en','packages/seo-helper/seo-helper','edit_seo_meta','Edit SEO meta','2023-05-28 21:30:22','2023-05-28 21:30:22'),(2019,1,'en','packages/seo-helper/seo-helper','default_description','Setup meta title & description to make your site easy to discovered on search engines such as Google','2023-05-28 21:30:22','2023-05-28 21:30:22'),(2020,1,'en','packages/seo-helper/seo-helper','seo_title','SEO Title','2023-05-28 21:30:22','2023-05-28 21:30:22'),(2021,1,'en','packages/seo-helper/seo-helper','seo_description','SEO description','2023-05-28 21:30:22','2023-05-28 21:30:22'),(2022,1,'vi','packages/seo-helper/seo-helper','meta_box_header','Tối ưu hoá bộ máy tìm kiếm (SEO)','2023-05-28 21:30:22','2023-05-28 21:30:22'),(2023,1,'vi','packages/seo-helper/seo-helper','edit_seo_meta','Chỉnh sửa SEO','2023-05-28 21:30:22','2023-05-28 21:30:22'),(2024,1,'vi','packages/seo-helper/seo-helper','default_description','Thiết lập các thẻ mô tả giúp người dùng dễ dàng tìm thấy trên công cụ tìm kiếm như Google.','2023-05-28 21:30:22','2023-05-28 21:30:22'),(2025,1,'vi','packages/seo-helper/seo-helper','seo_title','Tiêu đề trang','2023-05-28 21:30:22','2023-05-28 21:30:22'),(2026,1,'vi','packages/seo-helper/seo-helper','seo_description','Mô tả trang','2023-05-28 21:30:22','2023-05-28 21:30:22'),(2027,1,'en','packages/shortcode/shortcode','settings.title','Shortcode','2023-05-28 21:30:22','2023-05-28 21:30:22'),(2028,1,'en','packages/shortcode/shortcode','settings.description','Settings for Shortcode','2023-05-28 21:30:22','2023-05-28 21:30:22'),(2029,1,'en','packages/shortcode/shortcode','settings.show_shortcode_edit_link','Show edit link?','2023-05-28 21:30:22','2023-05-28 21:30:22'),(2030,1,'en','packages/slug/slug','permalink_settings','Permalink','2023-05-28 21:30:22','2023-05-28 21:30:22'),(2031,1,'en','packages/slug/slug','settings.title','Permalink settings','2023-05-28 21:30:22','2023-05-28 21:30:22'),(2032,1,'en','packages/slug/slug','settings.description','Manage permalink for all modules.','2023-05-28 21:30:22','2023-05-28 21:30:22'),(2033,1,'en','packages/slug/slug','settings.preview','Preview','2023-05-28 21:30:22','2023-05-28 21:30:22'),(2034,1,'en','packages/slug/slug','settings.turn_off_automatic_url_translation_into_latin','Turn off automatic URL translation into Latin?','2023-05-28 21:30:22','2023-05-28 21:30:22'),(2035,1,'en','packages/slug/slug','settings.available_variables','Available variables','2023-05-28 21:30:22','2023-05-28 21:30:22'),(2036,1,'en','packages/slug/slug','preview','Preview','2023-05-28 21:30:22','2023-05-28 21:30:22'),(2037,1,'en','packages/slug/slug','prefix_for','Prefix for :name','2023-05-28 21:30:22','2023-05-28 21:30:22'),(2038,1,'en','packages/slug/slug','public_single_ending_url','Postfix for single page URL','2023-05-28 21:30:22','2023-05-28 21:30:22'),(2039,1,'vi','packages/slug/slug','permalink_settings','Liên kết cố định','2023-05-28 21:30:22','2023-05-28 21:30:22'),(2040,1,'vi','packages/slug/slug','preview','Xem trước','2023-05-28 21:30:22','2023-05-28 21:30:22'),(2041,1,'vi','packages/slug/slug','settings.description','Quản lý liên kết cố định cho các module.','2023-05-28 21:30:22','2023-05-28 21:30:22'),(2042,1,'vi','packages/slug/slug','settings.preview','Xem trước','2023-05-28 21:30:22','2023-05-28 21:30:22'),(2043,1,'vi','packages/slug/slug','settings.title','Cài đặt liên kết cố định','2023-05-28 21:30:22','2023-05-28 21:30:22'),(2044,1,'en','packages/theme/theme','name','Themes','2023-05-28 21:30:22','2023-05-28 21:30:22'),(2045,1,'en','packages/theme/theme','theme','Theme','2023-05-28 21:30:22','2023-05-28 21:30:22'),(2046,1,'en','packages/theme/theme','author','Author','2023-05-28 21:30:22','2023-05-28 21:30:22'),(2047,1,'en','packages/theme/theme','version','Version','2023-05-28 21:30:22','2023-05-28 21:30:22'),(2048,1,'en','packages/theme/theme','description','Description','2023-05-28 21:30:22','2023-05-28 21:30:22'),(2049,1,'en','packages/theme/theme','active_success','Activate theme :name successfully!','2023-05-28 21:30:22','2023-05-28 21:30:22'),(2050,1,'en','packages/theme/theme','active','Active','2023-05-28 21:30:22','2023-05-28 21:30:22'),(2051,1,'en','packages/theme/theme','activated','Activated','2023-05-28 21:30:22','2023-05-28 21:30:22'),(2052,1,'en','packages/theme/theme','appearance','Appearance','2023-05-28 21:30:22','2023-05-28 21:30:22'),(2053,1,'en','packages/theme/theme','theme_options','Theme options','2023-05-28 21:30:22','2023-05-28 21:30:22'),(2054,1,'en','packages/theme/theme','save_changes','Save Changes','2023-05-28 21:30:22','2023-05-28 21:30:22'),(2055,1,'en','packages/theme/theme','developer_mode','Developer Mode Enabled','2023-05-28 21:30:22','2023-05-28 21:30:22'),(2056,1,'en','packages/theme/theme','custom_css','Custom CSS','2023-05-28 21:30:22','2023-05-28 21:30:22'),(2057,1,'en','packages/theme/theme','custom_js','Custom JS','2023-05-28 21:30:22','2023-05-28 21:30:22'),(2058,1,'en','packages/theme/theme','custom_header_js','Header JS','2023-05-28 21:30:22','2023-05-28 21:30:22'),(2059,1,'en','packages/theme/theme','custom_header_js_placeholder','JS in header of page, wrap it inside &#x3C;script&#x3E;&#x3C;/script&#x3E;','2023-05-28 21:30:22','2023-05-28 21:30:22'),(2060,1,'en','packages/theme/theme','custom_body_js','Body JS','2023-05-28 21:30:22','2023-05-28 21:30:22'),(2061,1,'en','packages/theme/theme','custom_body_js_placeholder','JS in body of page, wrap it inside &#x3C;script&#x3E;&#x3C;/script&#x3E;','2023-05-28 21:30:22','2023-05-28 21:30:22'),(2062,1,'en','packages/theme/theme','custom_footer_js','Footer JS','2023-05-28 21:30:22','2023-05-28 21:30:22'),(2063,1,'en','packages/theme/theme','custom_footer_js_placeholder','JS in footer of page, wrap it inside &#x3C;script&#x3E;&#x3C;/script&#x3E;','2023-05-28 21:30:22','2023-05-28 21:30:22'),(2064,1,'en','packages/theme/theme','custom_html','Custom HTML','2023-05-28 21:30:22','2023-05-28 21:30:22'),(2065,1,'en','packages/theme/theme','custom_header_html','Header HTML','2023-05-28 21:30:22','2023-05-28 21:30:22'),(2066,1,'en','packages/theme/theme','custom_header_html_placeholder','HTML in header of page, no special tags: script, style, iframe...','2023-05-28 21:30:22','2023-05-28 21:30:22'),(2067,1,'en','packages/theme/theme','custom_body_html','Body HTML','2023-05-28 21:30:22','2023-05-28 21:30:22'),(2068,1,'en','packages/theme/theme','custom_body_html_placeholder','HTML in body of page, no special tags: script, style, iframe...','2023-05-28 21:30:22','2023-05-28 21:30:22'),(2069,1,'en','packages/theme/theme','custom_footer_html','Footer HTML','2023-05-28 21:30:22','2023-05-28 21:30:22'),(2070,1,'en','packages/theme/theme','custom_footer_html_placeholder','HTML in footer of page, no special tags: script, style, iframe...','2023-05-28 21:30:22','2023-05-28 21:30:22'),(2071,1,'en','packages/theme/theme','remove_theme_success','Remove theme successfully!','2023-05-28 21:30:22','2023-05-28 21:30:22'),(2072,1,'en','packages/theme/theme','theme_is_not_existed','This theme is not existed!','2023-05-28 21:30:22','2023-05-28 21:30:22'),(2073,1,'en','packages/theme/theme','remove','Remove','2023-05-28 21:30:22','2023-05-28 21:30:22'),(2074,1,'en','packages/theme/theme','remove_theme','Remove theme','2023-05-28 21:30:22','2023-05-28 21:30:22'),(2075,1,'en','packages/theme/theme','remove_theme_confirm_message','Do you really want to remove this theme?','2023-05-28 21:30:22','2023-05-28 21:30:22'),(2076,1,'en','packages/theme/theme','remove_theme_confirm_yes','Yes, remove it!','2023-05-28 21:30:22','2023-05-28 21:30:22'),(2077,1,'en','packages/theme/theme','total_themes','Total themes','2023-05-28 21:30:22','2023-05-28 21:30:22'),(2078,1,'en','packages/theme/theme','show_admin_bar','Show admin bar (When admin logged in, still show admin bar in website)?','2023-05-28 21:30:22','2023-05-28 21:30:22'),(2079,1,'en','packages/theme/theme','settings.title','Theme','2023-05-28 21:30:22','2023-05-28 21:30:22'),(2080,1,'en','packages/theme/theme','settings.description','Setting for theme','2023-05-28 21:30:22','2023-05-28 21:30:22'),(2081,1,'en','packages/theme/theme','settings.redirect_404_to_homepage','Redirect all not found requests to homepage?','2023-05-28 21:30:22','2023-05-28 21:30:22'),(2082,1,'en','packages/theme/theme','settings.show_guidelines','Show guidelines?','2023-05-28 21:30:22','2023-05-28 21:30:22'),(2083,1,'en','packages/theme/theme','add_new','Add new','2023-05-28 21:30:22','2023-05-28 21:30:22'),(2084,1,'en','packages/theme/theme','theme_activated_already','Theme \":name\" is activated already!','2023-05-28 21:30:22','2023-05-28 21:30:22'),(2085,1,'en','packages/theme/theme','missing_json_file','Missing file theme.json!','2023-05-28 21:30:22','2023-05-28 21:30:22'),(2086,1,'en','packages/theme/theme','theme_invalid','Theme is valid!','2023-05-28 21:30:22','2023-05-28 21:30:22'),(2087,1,'en','packages/theme/theme','published_assets_success','Publish assets for :themes successfully!','2023-05-28 21:30:22','2023-05-28 21:30:22'),(2088,1,'en','packages/theme/theme','cannot_remove_theme','Cannot remove activated theme, please activate another theme before removing \":name\"!','2023-05-28 21:30:22','2023-05-28 21:30:22'),(2089,1,'en','packages/theme/theme','theme_deleted','Theme \":name\" has been destroyed.','2023-05-28 21:30:22','2023-05-28 21:30:22'),(2090,1,'en','packages/theme/theme','removed_assets','Remove assets of a theme :name successfully!','2023-05-28 21:30:22','2023-05-28 21:30:22'),(2091,1,'en','packages/theme/theme','update_custom_css_success','Update custom CSS successfully!','2023-05-28 21:30:22','2023-05-28 21:30:22'),(2092,1,'en','packages/theme/theme','update_custom_js_success','Update custom JS successfully!','2023-05-28 21:30:22','2023-05-28 21:30:22'),(2093,1,'en','packages/theme/theme','update_custom_html_success','Update custom HTML successfully!','2023-05-28 21:30:22','2023-05-28 21:30:22'),(2094,1,'en','packages/theme/theme','go_to_dashboard','Go to dashboard','2023-05-28 21:30:22','2023-05-28 21:30:22'),(2095,1,'en','packages/theme/theme','custom_css_placeholder','Using Ctrl + Space to autocomplete.','2023-05-28 21:30:22','2023-05-28 21:30:22'),(2096,1,'en','packages/theme/theme','theme_option_general','General','2023-05-28 21:30:22','2023-05-28 21:30:22'),(2097,1,'en','packages/theme/theme','theme_option_general_description','General settings','2023-05-28 21:30:22','2023-05-28 21:30:22'),(2098,1,'en','packages/theme/theme','theme_option_seo_open_graph_image','SEO default Open Graph image','2023-05-28 21:30:22','2023-05-28 21:30:22'),(2099,1,'en','packages/theme/theme','theme_option_logo','Logo','2023-05-28 21:30:22','2023-05-28 21:30:22'),(2100,1,'en','packages/theme/theme','theme_option_favicon','Favicon','2023-05-28 21:30:22','2023-05-28 21:30:22'),(2101,1,'en','packages/theme/theme','folder_is_not_writeable','Cannot write files! Folder :name is not writable. Please chmod to make it writable!','2023-05-28 21:30:22','2023-05-28 21:30:22'),(2102,1,'vi','packages/theme/theme','name','Giao diện','2023-05-28 21:30:22','2023-05-28 21:30:22'),(2103,1,'vi','packages/theme/theme','activated','Đã kích hoạt','2023-05-28 21:30:22','2023-05-28 21:30:22'),(2104,1,'vi','packages/theme/theme','active','Kích hoạt','2023-05-28 21:30:22','2023-05-28 21:30:22'),(2105,1,'vi','packages/theme/theme','active_success','Kích hoạt giao diện thành công!','2023-05-28 21:30:22','2023-05-28 21:30:22'),(2106,1,'vi','packages/theme/theme','author','Tác giả','2023-05-28 21:30:22','2023-05-28 21:30:22'),(2107,1,'vi','packages/theme/theme','description','Mô tả','2023-05-28 21:30:22','2023-05-28 21:30:22'),(2108,1,'vi','packages/theme/theme','appearance','Hiển thị','2023-05-28 21:30:22','2023-05-28 21:30:22'),(2109,1,'vi','packages/theme/theme','theme','Giao diện','2023-05-28 21:30:22','2023-05-28 21:30:22'),(2110,1,'vi','packages/theme/theme','theme_options','Tuỳ chọn giao diện','2023-05-28 21:30:22','2023-05-28 21:30:22'),(2111,1,'vi','packages/theme/theme','version','Phiên bản','2023-05-28 21:30:22','2023-05-28 21:30:22'),(2112,1,'vi','packages/theme/theme','save_changes','Lưu thay đổi','2023-05-28 21:30:22','2023-05-28 21:30:22'),(2113,1,'vi','packages/theme/theme','developer_mode','Đang kích hoạt chế độ thử nghiệm','2023-05-28 21:30:22','2023-05-28 21:30:22'),(2114,1,'vi','packages/theme/theme','custom_css','Tuỳ chỉnh CSS','2023-05-28 21:30:22','2023-05-28 21:30:22'),(2115,1,'vi','packages/theme/theme','remove','Xóa','2023-05-28 21:30:22','2023-05-28 21:30:22'),(2116,1,'vi','packages/theme/theme','remove_theme','Xóa giao diện','2023-05-28 21:30:22','2023-05-28 21:30:22'),(2117,1,'vi','packages/theme/theme','remove_theme_confirm_message','Bạn có chắc chắn muốn xóa giao diện này?','2023-05-28 21:30:22','2023-05-28 21:30:22'),(2118,1,'vi','packages/theme/theme','remove_theme_confirm_yes','Vâng, xác nhận xóa!','2023-05-28 21:30:22','2023-05-28 21:30:22'),(2119,1,'vi','packages/theme/theme','remove_theme_success','Xóa giao diện thành công!','2023-05-28 21:30:22','2023-05-28 21:30:22'),(2120,1,'vi','packages/theme/theme','settings.description','Cài đặt giao diện','2023-05-28 21:30:22','2023-05-28 21:30:22'),(2121,1,'vi','packages/theme/theme','settings.title','Giao diện','2023-05-28 21:30:22','2023-05-28 21:30:22'),(2122,1,'vi','packages/theme/theme','show_admin_bar','Hiển thị admin bar (khi admin đã đăng nhập, vẫn hiển thị admin bar trên website)?','2023-05-28 21:30:22','2023-05-28 21:30:22'),(2123,1,'vi','packages/theme/theme','total_themes','Tổng số giao diện','2023-05-28 21:30:22','2023-05-28 21:30:22'),(2124,1,'vi','packages/theme/theme','add_new','Thêm mới','2023-05-28 21:30:22','2023-05-28 21:30:22'),(2125,1,'en','packages/widget/global','name','Widgets','2023-05-28 21:30:22','2023-05-28 21:30:22'),(2126,1,'en','packages/widget/global','create','New widget','2023-05-28 21:30:22','2023-05-28 21:30:22'),(2127,1,'en','packages/widget/global','edit','Edit widget','2023-05-28 21:30:22','2023-05-28 21:30:22'),(2128,1,'en','packages/widget/global','delete','Delete','2023-05-28 21:30:22','2023-05-28 21:30:22'),(2129,1,'en','packages/widget/global','available','Available Widgets','2023-05-28 21:30:22','2023-05-28 21:30:22'),(2130,1,'en','packages/widget/global','instruction','To activate a widget drag it to a sidebar or click on it. To deactivate a widget and delete its settings, drag it back.','2023-05-28 21:30:22','2023-05-28 21:30:22'),(2131,1,'en','packages/widget/global','number_tag_display','Number tags will be display','2023-05-28 21:30:22','2023-05-28 21:30:22'),(2132,1,'en','packages/widget/global','number_post_display','Number posts will be display','2023-05-28 21:30:22','2023-05-28 21:30:22'),(2133,1,'en','packages/widget/global','select_menu','Select Menu','2023-05-28 21:30:22','2023-05-28 21:30:22'),(2134,1,'en','packages/widget/global','widget_text','Text','2023-05-28 21:30:22','2023-05-28 21:30:22'),(2135,1,'en','packages/widget/global','widget_text_description','Arbitrary text or HTML.','2023-05-28 21:30:22','2023-05-28 21:30:22'),(2136,1,'en','packages/widget/global','widget_recent_post','Recent Posts','2023-05-28 21:30:22','2023-05-28 21:30:22'),(2137,1,'en','packages/widget/global','widget_recent_post_description','Recent posts widget.','2023-05-28 21:30:22','2023-05-28 21:30:22'),(2138,1,'en','packages/widget/global','widget_custom_menu','Custom Menu','2023-05-28 21:30:22','2023-05-28 21:30:22'),(2139,1,'en','packages/widget/global','widget_custom_menu_description','Add a custom menu to your widget area.','2023-05-28 21:30:22','2023-05-28 21:30:22'),(2140,1,'en','packages/widget/global','widget_tag','Tags','2023-05-28 21:30:22','2023-05-28 21:30:22'),(2141,1,'en','packages/widget/global','widget_tag_description','Popular tags','2023-05-28 21:30:22','2023-05-28 21:30:22'),(2142,1,'en','packages/widget/global','save_success','Save widget successfully!','2023-05-28 21:30:22','2023-05-28 21:30:22'),(2143,1,'en','packages/widget/global','delete_success','Delete widget successfully!','2023-05-28 21:30:22','2023-05-28 21:30:22'),(2144,1,'en','packages/widget/widget','name','Widgets','2023-05-28 21:30:22','2023-05-28 21:30:22'),(2145,1,'en','packages/widget/widget','create','New widget','2023-05-28 21:30:23','2023-05-28 21:30:23'),(2146,1,'en','packages/widget/widget','edit','Edit widget','2023-05-28 21:30:23','2023-05-28 21:30:23'),(2147,1,'en','packages/widget/widget','delete','Delete','2023-05-28 21:30:23','2023-05-28 21:30:23'),(2148,1,'en','packages/widget/widget','available','Available Widgets','2023-05-28 21:30:23','2023-05-28 21:30:23'),(2149,1,'en','packages/widget/widget','instruction','To activate a widget drag it to a sidebar or click on it. To deactivate a widget and delete its settings, drag it back.','2023-05-28 21:30:23','2023-05-28 21:30:23'),(2150,1,'en','packages/widget/widget','number_tag_display','Number tags will be display','2023-05-28 21:30:23','2023-05-28 21:30:23'),(2151,1,'en','packages/widget/widget','number_post_display','Number posts will be display','2023-05-28 21:30:23','2023-05-28 21:30:23'),(2152,1,'en','packages/widget/widget','select_menu','Select Menu','2023-05-28 21:30:23','2023-05-28 21:30:23'),(2153,1,'en','packages/widget/widget','widget_text','Text','2023-05-28 21:30:23','2023-05-28 21:30:23'),(2154,1,'en','packages/widget/widget','widget_text_description','Arbitrary text or HTML.','2023-05-28 21:30:23','2023-05-28 21:30:23'),(2155,1,'en','packages/widget/widget','widget_recent_post','Recent Posts','2023-05-28 21:30:23','2023-05-28 21:30:23'),(2156,1,'en','packages/widget/widget','widget_recent_post_description','Recent posts widget.','2023-05-28 21:30:23','2023-05-28 21:30:23'),(2157,1,'en','packages/widget/widget','widget_custom_menu','Custom Menu','2023-05-28 21:30:23','2023-05-28 21:30:23'),(2158,1,'en','packages/widget/widget','widget_custom_menu_description','Add a custom menu to your widget area.','2023-05-28 21:30:23','2023-05-28 21:30:23'),(2159,1,'en','packages/widget/widget','widget_tag','Tags','2023-05-28 21:30:23','2023-05-28 21:30:23'),(2160,1,'en','packages/widget/widget','widget_tag_description','Popular tags','2023-05-28 21:30:23','2023-05-28 21:30:23'),(2161,1,'en','packages/widget/widget','save_success','Save widget successfully!','2023-05-28 21:30:23','2023-05-28 21:30:23'),(2162,1,'en','packages/widget/widget','delete_success','Delete widget successfully!','2023-05-28 21:30:23','2023-05-28 21:30:23'),(2163,1,'en','packages/widget/widget','primary_sidebar_name','Primary sidebar','2023-05-28 21:30:23','2023-05-28 21:30:23'),(2164,1,'en','packages/widget/widget','primary_sidebar_description','Primary sidebar section','2023-05-28 21:30:23','2023-05-28 21:30:23'),(2165,1,'vi','packages/widget/global','name','Widgets','2023-05-28 21:30:23','2023-05-28 21:30:23'),(2166,1,'vi','packages/widget/global','create','New widget','2023-05-28 21:30:23','2023-05-28 21:30:23'),(2167,1,'vi','packages/widget/global','edit','Edit widget','2023-05-28 21:30:23','2023-05-28 21:30:23'),(2168,1,'vi','packages/widget/global','available','Tiện ích có sẵn','2023-05-28 21:30:23','2023-05-28 21:30:23'),(2169,1,'vi','packages/widget/global','delete','Xóa','2023-05-28 21:30:23','2023-05-28 21:30:23'),(2170,1,'vi','packages/widget/global','instruction','Để kích hoạt tiện ích, hãy kéo nó vào sidebar hoặc nhấn vào nó. Để hủy kích hoạt tiện ích và xóa các thiết lập của tiện ích, kéo nó quay trở lại.','2023-05-28 21:30:23','2023-05-28 21:30:23'),(2171,1,'vi','packages/widget/global','number_post_display','Số bài viết sẽ hiển thị','2023-05-28 21:30:23','2023-05-28 21:30:23'),(2172,1,'vi','packages/widget/global','number_tag_display','Số thẻ sẽ hiển thị','2023-05-28 21:30:23','2023-05-28 21:30:23'),(2173,1,'vi','packages/widget/global','select_menu','Lựa chọn trình đơn','2023-05-28 21:30:23','2023-05-28 21:30:23'),(2174,1,'vi','packages/widget/global','widget_custom_menu','Menu tùy chỉnh','2023-05-28 21:30:23','2023-05-28 21:30:23'),(2175,1,'vi','packages/widget/global','widget_custom_menu_description','Thêm menu tùy chỉnh vào khu vực tiện ích của bạn','2023-05-28 21:30:23','2023-05-28 21:30:23'),(2176,1,'vi','packages/widget/global','widget_recent_post','Bài viết gần đây','2023-05-28 21:30:23','2023-05-28 21:30:23'),(2177,1,'vi','packages/widget/global','widget_recent_post_description','Tiện ích bài viết gần đây','2023-05-28 21:30:23','2023-05-28 21:30:23'),(2178,1,'vi','packages/widget/global','widget_tag','Thẻ','2023-05-28 21:30:23','2023-05-28 21:30:23'),(2179,1,'vi','packages/widget/global','widget_tag_description','Thẻ phổ biến, sử dụng nhiều','2023-05-28 21:30:23','2023-05-28 21:30:23'),(2180,1,'vi','packages/widget/global','widget_text','Văn bản','2023-05-28 21:30:23','2023-05-28 21:30:23'),(2181,1,'vi','packages/widget/global','widget_text_description','Văn bản tùy ý hoặc HTML.','2023-05-28 21:30:23','2023-05-28 21:30:23'),(2182,1,'vi','packages/widget/global','delete_success','Xoá tiện ích thành công','2023-05-28 21:30:23','2023-05-28 21:30:23'),(2183,1,'vi','packages/widget/global','save_success','Lưu tiện ích thành công!','2023-05-28 21:30:23','2023-05-28 21:30:23'),(2184,1,'vi','packages/widget/widget','name','Widgets','2023-05-28 21:30:23','2023-05-28 21:30:23'),(2185,1,'vi','packages/widget/widget','create','New widget','2023-05-28 21:30:23','2023-05-28 21:30:23'),(2186,1,'vi','packages/widget/widget','edit','Edit widget','2023-05-28 21:30:23','2023-05-28 21:30:23'),(2187,1,'vi','packages/widget/widget','available','Tiện ích có sẵn','2023-05-28 21:30:23','2023-05-28 21:30:23'),(2188,1,'vi','packages/widget/widget','delete','Xóa','2023-05-28 21:30:23','2023-05-28 21:30:23'),(2189,1,'vi','packages/widget/widget','instruction','Để kích hoạt tiện ích, hãy kéo nó vào sidebar hoặc nhấn vào nó. Để hủy kích hoạt tiện ích và xóa các thiết lập của tiện ích, kéo nó quay trở lại.','2023-05-28 21:30:23','2023-05-28 21:30:23'),(2190,1,'vi','packages/widget/widget','number_post_display','Số bài viết sẽ hiển thị','2023-05-28 21:30:23','2023-05-28 21:30:23'),(2191,1,'vi','packages/widget/widget','number_tag_display','Số thẻ sẽ hiển thị','2023-05-28 21:30:23','2023-05-28 21:30:23'),(2192,1,'vi','packages/widget/widget','select_menu','Lựa chọn trình đơn','2023-05-28 21:30:23','2023-05-28 21:30:23'),(2193,1,'vi','packages/widget/widget','widget_custom_menu','Menu tùy chỉnh','2023-05-28 21:30:23','2023-05-28 21:30:23'),(2194,1,'vi','packages/widget/widget','widget_custom_menu_description','Thêm menu tùy chỉnh vào khu vực tiện ích của bạn','2023-05-28 21:30:23','2023-05-28 21:30:23'),(2195,1,'vi','packages/widget/widget','widget_recent_post','Bài viết gần đây','2023-05-28 21:30:23','2023-05-28 21:30:23'),(2196,1,'vi','packages/widget/widget','widget_recent_post_description','Tiện ích bài viết gần đây','2023-05-28 21:30:23','2023-05-28 21:30:23'),(2197,1,'vi','packages/widget/widget','widget_tag','Thẻ','2023-05-28 21:30:23','2023-05-28 21:30:23'),(2198,1,'vi','packages/widget/widget','widget_tag_description','Thẻ phổ biến, sử dụng nhiều','2023-05-28 21:30:23','2023-05-28 21:30:23'),(2199,1,'vi','packages/widget/widget','widget_text','Văn bản','2023-05-28 21:30:23','2023-05-28 21:30:23'),(2200,1,'vi','packages/widget/widget','widget_text_description','Văn bản tùy ý hoặc HTML.','2023-05-28 21:30:23','2023-05-28 21:30:23'),(2201,1,'vi','packages/widget/widget','delete_success','Xoá tiện ích thành công','2023-05-28 21:30:23','2023-05-28 21:30:23'),(2202,1,'vi','packages/widget/widget','save_success','Lưu tiện ích thành công!','2023-05-28 21:30:23','2023-05-28 21:30:23'),(2203,1,'en','plugins/ads/ads','name','Ads','2023-05-28 21:30:23','2023-05-28 21:30:23'),(2204,1,'en','plugins/ads/ads','create','New ads','2023-05-28 21:30:23','2023-05-28 21:30:23'),(2205,1,'en','plugins/ads/ads','edit','Edit ads','2023-05-28 21:30:23','2023-05-28 21:30:23'),(2206,1,'en','plugins/ads/ads','location','Location','2023-05-28 21:30:23','2023-05-28 21:30:23'),(2207,1,'en','plugins/ads/ads','url','URL','2023-05-28 21:30:23','2023-05-28 21:30:23'),(2208,1,'en','plugins/ads/ads','expired_at','Expired at','2023-05-28 21:30:23','2023-05-28 21:30:23'),(2209,1,'en','plugins/ads/ads','key','Key','2023-05-28 21:30:23','2023-05-28 21:30:23'),(2210,1,'en','plugins/ads/ads','shortcode','Shortcode','2023-05-28 21:30:23','2023-05-28 21:30:23'),(2211,1,'en','plugins/ads/ads','clicked','Clicked','2023-05-28 21:30:23','2023-05-28 21:30:23'),(2212,1,'en','plugins/ads/ads','not_set','Not set','2023-05-28 21:30:23','2023-05-28 21:30:23'),(2213,1,'en','plugins/ads/ads','adblock_warning','If you are using Adblock browser extension, you need to disable this extension on your site first. It may block your ads if it is enabled on your site! <br /> Tips: Image name SHOULD NOT contain some ads keywords (ad, promotion...)','2023-05-28 21:30:23','2023-05-28 21:30:23'),(2214,1,'en','plugins/ads/ads','select_ad','Select Ad','2023-05-28 21:30:23','2023-05-28 21:30:23'),(2215,1,'en','plugins/ads/ads','open_in_new_tab','Open in new tab?','2023-05-28 21:30:23','2023-05-28 21:30:23'),(2216,1,'en','plugins/analytics/analytics','sessions','Sessions','2023-05-28 21:30:23','2023-05-28 21:30:23'),(2217,1,'en','plugins/analytics/analytics','visitors','Visitors','2023-05-28 21:30:23','2023-05-28 21:30:23'),(2218,1,'en','plugins/analytics/analytics','pageviews','Pageviews','2023-05-28 21:30:23','2023-05-28 21:30:23'),(2219,1,'en','plugins/analytics/analytics','bounce_rate','Bounce Rate','2023-05-28 21:30:23','2023-05-28 21:30:23'),(2220,1,'en','plugins/analytics/analytics','page_session','Pages/Session','2023-05-28 21:30:23','2023-05-28 21:30:23'),(2221,1,'en','plugins/analytics/analytics','avg_duration','Avg. Duration','2023-05-28 21:30:23','2023-05-28 21:30:23'),(2222,1,'en','plugins/analytics/analytics','percent_new_session','Percent new session','2023-05-28 21:30:23','2023-05-28 21:30:23'),(2223,1,'en','plugins/analytics/analytics','new_users','New visitors','2023-05-28 21:30:23','2023-05-28 21:30:23'),(2224,1,'en','plugins/analytics/analytics','visits','visits','2023-05-28 21:30:23','2023-05-28 21:30:23'),(2225,1,'en','plugins/analytics/analytics','views','views','2023-05-28 21:30:23','2023-05-28 21:30:23'),(2226,1,'en','plugins/analytics/analytics','property_id_not_specified','You must provide a valid view id. The document here: <a href=\"https://docs.botble.com/cms/master/plugin-analytics\" target=\"_blank\">https://docs.botble.com/cms/master/plugin-analytics</a>','2023-05-28 21:30:23','2023-05-28 21:30:23'),(2227,1,'en','plugins/analytics/analytics','credential_is_not_valid','Analytics credentials is not valid. The document here: <a href=\"https://docs.botble.com/cms/master/plugin-analytics\" target=\"_blank\">https://docs.botble.com/cms/master/plugin-analytics</a>','2023-05-28 21:30:23','2023-05-28 21:30:23'),(2228,1,'en','plugins/analytics/analytics','start_date_can_not_before_end_date','Start date :start_date cannot be after end date :end_date','2023-05-28 21:30:23','2023-05-28 21:30:23'),(2229,1,'en','plugins/analytics/analytics','wrong_configuration','To view analytics you\'ll need to get a Google Analytics client id and add it to your settings. <br /> You also need JSON credential data. <br /> The document here: <a href=\"https://docs.botble.com/cms/master/plugin-analytics\" target=\"_blank\">https://docs.botble.com/cms/master/plugin-analytics</a>','2023-05-28 21:30:23','2023-05-28 21:30:23'),(2230,1,'en','plugins/analytics/analytics','property_id_is_invalid','Property ID is invalid. Check this: https://developers.google.com/analytics/devguides/reporting/data/v1/property-id','2023-05-28 21:30:23','2023-05-28 21:30:23'),(2231,1,'en','plugins/analytics/analytics','settings.title','Google Analytics','2023-05-28 21:30:23','2023-05-28 21:30:23'),(2232,1,'en','plugins/analytics/analytics','settings.description','Config Credentials for Google Analytics','2023-05-28 21:30:23','2023-05-28 21:30:23'),(2233,1,'en','plugins/analytics/analytics','settings.google_tag_id','Google tag ID','2023-05-28 21:30:23','2023-05-28 21:30:23'),(2234,1,'en','plugins/analytics/analytics','settings.google_tag_id_placeholder','Example: G-76NX8HY29D','2023-05-28 21:30:23','2023-05-28 21:30:23'),(2235,1,'en','plugins/analytics/analytics','settings.analytics_property_id','Property ID for GA4','2023-05-28 21:30:23','2023-05-28 21:30:23'),(2236,1,'en','plugins/analytics/analytics','settings.analytics_property_id_description','Google Analytics Property ID (GA4)','2023-05-28 21:30:23','2023-05-28 21:30:23'),(2237,1,'en','plugins/analytics/analytics','settings.json_credential','Service Account Credentials','2023-05-28 21:30:23','2023-05-28 21:30:23'),(2238,1,'en','plugins/analytics/analytics','settings.json_credential_description','Service Account Credentials','2023-05-28 21:30:23','2023-05-28 21:30:23'),(2239,1,'en','plugins/analytics/analytics','widget_analytics_page','Top Most Visit Pages','2023-05-28 21:30:23','2023-05-28 21:30:23'),(2240,1,'en','plugins/analytics/analytics','widget_analytics_browser','Top Browsers','2023-05-28 21:30:23','2023-05-28 21:30:23'),(2241,1,'en','plugins/analytics/analytics','widget_analytics_referrer','Top Referrers','2023-05-28 21:30:23','2023-05-28 21:30:23'),(2242,1,'en','plugins/analytics/analytics','widget_analytics_general','Site Analytics','2023-05-28 21:30:23','2023-05-28 21:30:23'),(2243,1,'en','plugins/analytics/analytics','missing_library_warning','Analytics plugin error: Missing third-party libraries, please run \"composer update\" to install them.','2023-05-28 21:30:23','2023-05-28 21:30:23'),(2244,1,'vi','plugins/analytics/analytics','avg_duration','Trung bình','2023-05-28 21:30:23','2023-05-28 21:30:23'),(2245,1,'vi','plugins/analytics/analytics','bounce_rate','Tỉ lệ thoát','2023-05-28 21:30:23','2023-05-28 21:30:23'),(2246,1,'vi','plugins/analytics/analytics','page_session','Trang/Phiên','2023-05-28 21:30:23','2023-05-28 21:30:23'),(2247,1,'vi','plugins/analytics/analytics','pageviews','Lượt xem','2023-05-28 21:30:23','2023-05-28 21:30:23'),(2248,1,'vi','plugins/analytics/analytics','sessions','Phiên','2023-05-28 21:30:23','2023-05-28 21:30:23'),(2249,1,'vi','plugins/analytics/analytics','views','lượt xem','2023-05-28 21:30:23','2023-05-28 21:30:23'),(2250,1,'vi','plugins/analytics/analytics','visitors','Người truy cập','2023-05-28 21:30:23','2023-05-28 21:30:23'),(2251,1,'vi','plugins/analytics/analytics','visits','lượt ghé thăm','2023-05-28 21:30:23','2023-05-28 21:30:23'),(2252,1,'vi','plugins/analytics/analytics','credential_is_not_valid','Thông tin cài đặt không hợp lệ. Tài liệu hướng dẫn tại đây: <a href=\"https://docs.botble.com/cms/master/plugin-analytics\" target=\"_blank\">https://docs.botble.com/cms/master/plugin-analytics</a>','2023-05-28 21:30:23','2023-05-28 21:30:23'),(2253,1,'vi','plugins/analytics/analytics','new_users','Lượt khách mới','2023-05-28 21:30:23','2023-05-28 21:30:23'),(2254,1,'vi','plugins/analytics/analytics','percent_new_session','Tỉ lệ khách mới','2023-05-28 21:30:23','2023-05-28 21:30:23'),(2255,1,'vi','plugins/analytics/analytics','start_date_can_not_before_end_date','Ngày bắt đầu :start_date không thể sau ngày kết thúc :end_date','2023-05-28 21:30:23','2023-05-28 21:30:23'),(2256,1,'vi','plugins/analytics/analytics','view_id_not_specified','Bạn phải cung cấp View ID hợp lê. Tài liệu hướng dẫn tại đây: <a href=\"https://docs.botble.com/cms/master/plugin-analytics\" target=\"_blank\">https://docs.botble.com/cms/master/plugin-analytics</a>','2023-05-28 21:30:23','2023-05-28 21:30:23'),(2257,1,'vi','plugins/analytics/analytics','wrong_configuration','Để xem dữ liệu thống kê Google Analytics, bạn cần lấy thông tin Client ID và thêm nó vào trong phần cài đặt. Bạn cũng cần thông tin xác thực dạng JSON. Tài liệu hướng dẫn tại đây: <a href=\"https://docs.botble.com/cms/master/plugin-analytics\" target=\"_blank\">https://docs.botble.com/cms/master/plugin-analytics</a>','2023-05-28 21:30:23','2023-05-28 21:30:23'),(2258,1,'vi','plugins/analytics/analytics','settings.title','Google Analytics','2023-05-28 21:30:23','2023-05-28 21:30:23'),(2259,1,'vi','plugins/analytics/analytics','settings.description','Config Credentials for Google Analytics','2023-05-28 21:30:23','2023-05-28 21:30:23'),(2260,1,'vi','plugins/analytics/analytics','settings.google_tag_id','Google tag ID','2023-05-28 21:30:23','2023-05-28 21:30:23'),(2261,1,'vi','plugins/analytics/analytics','settings.google_tag_id_placeholder','Example: G-76NX8HY29D','2023-05-28 21:30:23','2023-05-28 21:30:23'),(2262,1,'vi','plugins/analytics/analytics','settings.analytics_property_id','Property ID for GA4','2023-05-28 21:30:23','2023-05-28 21:30:23'),(2263,1,'vi','plugins/analytics/analytics','settings.analytics_property_id_description','Google Analytics Property ID (GA4)','2023-05-28 21:30:23','2023-05-28 21:30:23'),(2264,1,'vi','plugins/analytics/analytics','settings.json_credential','Service Account Credentials','2023-05-28 21:30:23','2023-05-28 21:30:23'),(2265,1,'vi','plugins/analytics/analytics','settings.json_credential_description','Service Account Credentials','2023-05-28 21:30:23','2023-05-28 21:30:23'),(2266,1,'vi','plugins/analytics/analytics','widget_analytics_browser','Trình duyệt truy cập nhiều','2023-05-28 21:30:23','2023-05-28 21:30:23'),(2267,1,'vi','plugins/analytics/analytics','widget_analytics_general','Thống kê truy cập','2023-05-28 21:30:23','2023-05-28 21:30:23'),(2268,1,'vi','plugins/analytics/analytics','widget_analytics_page','Trang được xem nhiều nhất','2023-05-28 21:30:23','2023-05-28 21:30:23'),(2269,1,'vi','plugins/analytics/analytics','widget_analytics_referrer','Trang giới thiệu nhiều','2023-05-28 21:30:23','2023-05-28 21:30:23'),(2270,1,'en','plugins/audit-log/history','name','Activities Logs','2023-05-28 21:30:23','2023-05-28 21:30:23'),(2271,1,'en','plugins/audit-log/history','created','created','2023-05-28 21:30:23','2023-05-28 21:30:23'),(2272,1,'en','plugins/audit-log/history','updated','updated','2023-05-28 21:30:23','2023-05-28 21:30:23'),(2273,1,'en','plugins/audit-log/history','deleted','deleted','2023-05-28 21:30:23','2023-05-28 21:30:23'),(2274,1,'en','plugins/audit-log/history','logged in','logged in','2023-05-28 21:30:23','2023-05-28 21:30:23'),(2275,1,'en','plugins/audit-log/history','logged out','logged out','2023-05-28 21:30:23','2023-05-28 21:30:23'),(2276,1,'en','plugins/audit-log/history','changed password','changed password','2023-05-28 21:30:23','2023-05-28 21:30:23'),(2277,1,'en','plugins/audit-log/history','updated profile','updated profile','2023-05-28 21:30:23','2023-05-28 21:30:23'),(2278,1,'en','plugins/audit-log/history','attached','attached','2023-05-28 21:30:23','2023-05-28 21:30:23'),(2279,1,'en','plugins/audit-log/history','shared','shared','2023-05-28 21:30:23','2023-05-28 21:30:23'),(2280,1,'en','plugins/audit-log/history','to the system','to the system','2023-05-28 21:30:23','2023-05-28 21:30:23'),(2281,1,'en','plugins/audit-log/history','of the system','of the system','2023-05-28 21:30:23','2023-05-28 21:30:23'),(2282,1,'en','plugins/audit-log/history','menu','menu','2023-05-28 21:30:23','2023-05-28 21:30:23'),(2283,1,'en','plugins/audit-log/history','post','post','2023-05-28 21:30:23','2023-05-28 21:30:23'),(2284,1,'en','plugins/audit-log/history','page','page','2023-05-28 21:30:23','2023-05-28 21:30:23'),(2285,1,'en','plugins/audit-log/history','category','category','2023-05-28 21:30:23','2023-05-28 21:30:23'),(2286,1,'en','plugins/audit-log/history','tag','tag','2023-05-28 21:30:23','2023-05-28 21:30:23'),(2287,1,'en','plugins/audit-log/history','user','user','2023-05-28 21:30:23','2023-05-28 21:30:23'),(2288,1,'en','plugins/audit-log/history','contact','contact','2023-05-28 21:30:23','2023-05-28 21:30:23'),(2289,1,'en','plugins/audit-log/history','backup','backup','2023-05-28 21:30:23','2023-05-28 21:30:23'),(2290,1,'en','plugins/audit-log/history','custom-field','custom field','2023-05-28 21:30:24','2023-05-28 21:30:24'),(2291,1,'en','plugins/audit-log/history','widget_audit_logs','Activities Logs','2023-05-28 21:30:24','2023-05-28 21:30:24'),(2292,1,'en','plugins/audit-log/history','action','Action','2023-05-28 21:30:24','2023-05-28 21:30:24'),(2293,1,'en','plugins/audit-log/history','user_agent','User Agent','2023-05-28 21:30:24','2023-05-28 21:30:24'),(2294,1,'en','plugins/audit-log/history','system','System','2023-05-28 21:30:24','2023-05-28 21:30:24'),(2295,1,'en','plugins/audit-log/history','delete_all','Delete all records','2023-05-28 21:30:24','2023-05-28 21:30:24'),(2296,1,'vi','plugins/audit-log/history','name','Lịch sử hoạt động','2023-05-28 21:30:24','2023-05-28 21:30:24'),(2297,1,'vi','plugins/audit-log/history','created',' đã tạo','2023-05-28 21:30:24','2023-05-28 21:30:24'),(2298,1,'vi','plugins/audit-log/history','updated',' đã cập nhật','2023-05-28 21:30:24','2023-05-28 21:30:24'),(2299,1,'vi','plugins/audit-log/history','deleted',' đã xóa','2023-05-28 21:30:24','2023-05-28 21:30:24'),(2300,1,'vi','plugins/audit-log/history','attached','đính kèm','2023-05-28 21:30:24','2023-05-28 21:30:24'),(2301,1,'vi','plugins/audit-log/history','backup','sao lưu','2023-05-28 21:30:24','2023-05-28 21:30:24'),(2302,1,'vi','plugins/audit-log/history','category','danh mục','2023-05-28 21:30:24','2023-05-28 21:30:24'),(2303,1,'vi','plugins/audit-log/history','changed password','thay đổi mật khẩu','2023-05-28 21:30:24','2023-05-28 21:30:24'),(2304,1,'vi','plugins/audit-log/history','contact','liên hệ','2023-05-28 21:30:24','2023-05-28 21:30:24'),(2305,1,'vi','plugins/audit-log/history','custom-field','khung mở rộng','2023-05-28 21:30:24','2023-05-28 21:30:24'),(2306,1,'vi','plugins/audit-log/history','logged in','đăng nhập','2023-05-28 21:30:24','2023-05-28 21:30:24'),(2307,1,'vi','plugins/audit-log/history','logged out','đăng xuất','2023-05-28 21:30:24','2023-05-28 21:30:24'),(2308,1,'vi','plugins/audit-log/history','menu','trình đơn','2023-05-28 21:30:24','2023-05-28 21:30:24'),(2309,1,'vi','plugins/audit-log/history','of the system','khỏi hệ thống','2023-05-28 21:30:24','2023-05-28 21:30:24'),(2310,1,'vi','plugins/audit-log/history','page','trang','2023-05-28 21:30:24','2023-05-28 21:30:24'),(2311,1,'vi','plugins/audit-log/history','post','bài viết','2023-05-28 21:30:24','2023-05-28 21:30:24'),(2312,1,'vi','plugins/audit-log/history','shared','đã chia sẻ','2023-05-28 21:30:24','2023-05-28 21:30:24'),(2313,1,'vi','plugins/audit-log/history','tag','thẻ','2023-05-28 21:30:24','2023-05-28 21:30:24'),(2314,1,'vi','plugins/audit-log/history','to the system','vào hệ thống','2023-05-28 21:30:24','2023-05-28 21:30:24'),(2315,1,'vi','plugins/audit-log/history','updated profile','cập nhật tài khoản','2023-05-28 21:30:24','2023-05-28 21:30:24'),(2316,1,'vi','plugins/audit-log/history','user','thành viên','2023-05-28 21:30:24','2023-05-28 21:30:24'),(2317,1,'vi','plugins/audit-log/history','widget_audit_logs','Lịch sử hoạt động','2023-05-28 21:30:24','2023-05-28 21:30:24'),(2318,1,'vi','plugins/audit-log/history','system','Hệ thống','2023-05-28 21:30:24','2023-05-28 21:30:24'),(2319,1,'vi','plugins/audit-log/history','action','Hành động','2023-05-28 21:30:24','2023-05-28 21:30:24'),(2320,1,'vi','plugins/audit-log/history','delete_all','Xóa tất cả bản ghi','2023-05-28 21:30:24','2023-05-28 21:30:24'),(2321,1,'vi','plugins/audit-log/history','user_agent','User Agent','2023-05-28 21:30:24','2023-05-28 21:30:24'),(2322,1,'en','plugins/backup/backup','name','Backup','2023-05-28 21:30:24','2023-05-28 21:30:24'),(2323,1,'en','plugins/backup/backup','backup_description','Backup database and uploads folder.','2023-05-28 21:30:24','2023-05-28 21:30:24'),(2324,1,'en','plugins/backup/backup','create_backup_success','Created backup successfully!','2023-05-28 21:30:24','2023-05-28 21:30:24'),(2325,1,'en','plugins/backup/backup','delete_backup_success','Delete backup successfully!','2023-05-28 21:30:24','2023-05-28 21:30:24'),(2326,1,'en','plugins/backup/backup','restore_backup_success','Restore backup successfully!','2023-05-28 21:30:24','2023-05-28 21:30:24'),(2327,1,'en','plugins/backup/backup','generate_btn','Generate backup','2023-05-28 21:30:24','2023-05-28 21:30:24'),(2328,1,'en','plugins/backup/backup','create','Create a backup','2023-05-28 21:30:24','2023-05-28 21:30:24'),(2329,1,'en','plugins/backup/backup','restore','Restore a backup','2023-05-28 21:30:24','2023-05-28 21:30:24'),(2330,1,'en','plugins/backup/backup','create_btn','Create','2023-05-28 21:30:24','2023-05-28 21:30:24'),(2331,1,'en','plugins/backup/backup','restore_btn','Restore','2023-05-28 21:30:24','2023-05-28 21:30:24'),(2332,1,'en','plugins/backup/backup','restore_confirm_msg','Do you really want to restore this revision?','2023-05-28 21:30:24','2023-05-28 21:30:24'),(2333,1,'en','plugins/backup/backup','download_uploads_folder','Download backup of uploads folder','2023-05-28 21:30:24','2023-05-28 21:30:24'),(2334,1,'en','plugins/backup/backup','download_database','Download backup of database','2023-05-28 21:30:24','2023-05-28 21:30:24'),(2335,1,'en','plugins/backup/backup','restore_tooltip','Restore this backup','2023-05-28 21:30:24','2023-05-28 21:30:24'),(2336,1,'en','plugins/backup/backup','demo_alert','Hi guest, if you see demo site is destroyed, please help me <a href=\":link\">go here</a> and restore demo site to the latest revision! Thank you so much!','2023-05-28 21:30:24','2023-05-28 21:30:24'),(2337,1,'en','plugins/backup/backup','menu_name','Backups','2023-05-28 21:30:24','2023-05-28 21:30:24'),(2338,1,'en','plugins/backup/backup','size','Size','2023-05-28 21:30:24','2023-05-28 21:30:24'),(2339,1,'en','plugins/backup/backup','no_backups','There is no backup now!','2023-05-28 21:30:24','2023-05-28 21:30:24'),(2340,1,'en','plugins/backup/backup','proc_open_disabled_error','Function <strong>proc_open()</strong> has been disabled so the system cannot backup the database. Please contact your hosting provider to enable it.','2023-05-28 21:30:24','2023-05-28 21:30:24'),(2341,1,'en','plugins/backup/backup','database_backup_not_existed','Backup database is not existed!','2023-05-28 21:30:24','2023-05-28 21:30:24'),(2342,1,'en','plugins/backup/backup','uploads_folder_backup_not_existed','Backup uploads folder is not existed!','2023-05-28 21:30:24','2023-05-28 21:30:24'),(2343,1,'en','plugins/backup/backup','important_message1','This is a simple backup feature, it is a solution for you if your site has < 1GB data and can be used for quickly backup your site.','2023-05-28 21:30:24','2023-05-28 21:30:24'),(2344,1,'en','plugins/backup/backup','important_message2','If you have more than 1GB images/files in local storage, you should use backup feature of your hosting or VPS.','2023-05-28 21:30:24','2023-05-28 21:30:24'),(2345,1,'en','plugins/backup/backup','important_message3','To backup your database, function <strong>proc_open()</strong> or <strong>system()</strong> must be enabled. Contact your hosting provider to enable it if it is disabled.','2023-05-28 21:30:24','2023-05-28 21:30:24'),(2346,1,'en','plugins/backup/backup','important_message4','It is not a full backup, it is just back up uploaded files and your database.','2023-05-28 21:30:24','2023-05-28 21:30:24'),(2347,1,'en','plugins/backup/backup','cannot_restore_database','Cannot restore database. The database backup is missing!','2023-05-28 21:30:24','2023-05-28 21:30:24'),(2348,1,'vi','plugins/backup/backup','backup_description','Sao lưu cơ sở dữ liệu và thư mục /uploads','2023-05-28 21:30:24','2023-05-28 21:30:24'),(2349,1,'vi','plugins/backup/backup','create','Tạo bản sao lưu','2023-05-28 21:30:24','2023-05-28 21:30:24'),(2350,1,'vi','plugins/backup/backup','create_backup_success','Tạo bản sao lưu thành công!','2023-05-28 21:30:24','2023-05-28 21:30:24'),(2351,1,'vi','plugins/backup/backup','create_btn','Tạo','2023-05-28 21:30:24','2023-05-28 21:30:24'),(2352,1,'vi','plugins/backup/backup','delete_backup_success','Xóa bản sao lưu thành công!','2023-05-28 21:30:24','2023-05-28 21:30:24'),(2353,1,'vi','plugins/backup/backup','generate_btn','Tạo sao lưu','2023-05-28 21:30:24','2023-05-28 21:30:24'),(2354,1,'vi','plugins/backup/backup','name','Sao lưu','2023-05-28 21:30:24','2023-05-28 21:30:24'),(2355,1,'vi','plugins/backup/backup','restore','Khôi phục bản sao lưu','2023-05-28 21:30:24','2023-05-28 21:30:24'),(2356,1,'vi','plugins/backup/backup','restore_backup_success','Khôi phục bản sao lưu thành công','2023-05-28 21:30:24','2023-05-28 21:30:24'),(2357,1,'vi','plugins/backup/backup','restore_btn','Khôi phục','2023-05-28 21:30:24','2023-05-28 21:30:24'),(2358,1,'vi','plugins/backup/backup','restore_confirm_msg','Bạn có chắc chắn muốn khôi phục hệ thống về thời điểm tạo bản sao lưu này?','2023-05-28 21:30:24','2023-05-28 21:30:24'),(2359,1,'vi','plugins/backup/backup','restore_tooltip','Khôi phục bản sao lưu này','2023-05-28 21:30:24','2023-05-28 21:30:24'),(2360,1,'vi','plugins/backup/backup','download_database','Tải về bản sao lưu CSDL','2023-05-28 21:30:24','2023-05-28 21:30:24'),(2361,1,'vi','plugins/backup/backup','download_uploads_folder','Tải về bản sao lưu thư mục uploads','2023-05-28 21:30:24','2023-05-28 21:30:24'),(2362,1,'vi','plugins/backup/backup','menu_name','Sao lưu','2023-05-28 21:30:24','2023-05-28 21:30:24'),(2363,1,'vi','plugins/backup/backup','demo_alert','Chào khách, nếu bạn thấy trang demo bị phá hoại, hãy tới <a href=\":link\">trang sao lưu</a> và khôi phục bản sao lưu cuối cùng. Cảm ơn bạn nhiều!','2023-05-28 21:30:24','2023-05-28 21:30:24'),(2364,1,'en','plugins/blog/base','menu_name','Blog','2023-05-28 21:30:24','2023-05-28 21:30:24'),(2365,1,'en','plugins/blog/base','blog_page','Blog Page','2023-05-28 21:30:24','2023-05-28 21:30:24'),(2366,1,'en','plugins/blog/base','select','-- Select --','2023-05-28 21:30:24','2023-05-28 21:30:24'),(2367,1,'en','plugins/blog/base','blog_page_id','Blog page','2023-05-28 21:30:24','2023-05-28 21:30:24'),(2368,1,'en','plugins/blog/base','number_posts_per_page','Number posts per page','2023-05-28 21:30:24','2023-05-28 21:30:24'),(2369,1,'en','plugins/blog/base','write_some_tags','Write some tags','2023-05-28 21:30:24','2023-05-28 21:30:24'),(2370,1,'en','plugins/blog/base','short_code_name','Blog posts','2023-05-28 21:30:24','2023-05-28 21:30:24'),(2371,1,'en','plugins/blog/base','short_code_description','Add blog posts','2023-05-28 21:30:24','2023-05-28 21:30:24'),(2372,1,'en','plugins/blog/base','number_posts_per_page_in_category','Number of posts per page in a category','2023-05-28 21:30:24','2023-05-28 21:30:24'),(2373,1,'en','plugins/blog/base','number_posts_per_page_in_tag','Number of posts per page in a tag','2023-05-28 21:30:24','2023-05-28 21:30:24'),(2374,1,'en','plugins/blog/base','settings.title','Blog','2023-05-28 21:30:24','2023-05-28 21:30:24'),(2375,1,'en','plugins/blog/base','settings.description','Settings for Blog','2023-05-28 21:30:24','2023-05-28 21:30:24'),(2376,1,'en','plugins/blog/base','settings.enable_blog_post_schema','Enable Blog Post Schema?','2023-05-28 21:30:24','2023-05-28 21:30:24'),(2377,1,'en','plugins/blog/base','settings.enable_blog_post_schema_description','Learn more: https://schema.org/Article','2023-05-28 21:30:24','2023-05-28 21:30:24'),(2378,1,'en','plugins/blog/base','settings.schema_type','Schema type','2023-05-28 21:30:24','2023-05-28 21:30:24'),(2379,1,'en','plugins/blog/categories','create','Create new category','2023-05-28 21:30:24','2023-05-28 21:30:24'),(2380,1,'en','plugins/blog/categories','menu','Categories','2023-05-28 21:30:24','2023-05-28 21:30:24'),(2381,1,'en','plugins/blog/categories','edit_this_category','Edit this category','2023-05-28 21:30:24','2023-05-28 21:30:24'),(2382,1,'en','plugins/blog/categories','menu_name','Categories','2023-05-28 21:30:24','2023-05-28 21:30:24'),(2383,1,'en','plugins/blog/categories','none','None','2023-05-28 21:30:24','2023-05-28 21:30:24'),(2384,1,'en','plugins/blog/categories','total_posts','Total posts: :total','2023-05-28 21:30:24','2023-05-28 21:30:24'),(2385,1,'en','plugins/blog/member','dob','Born :date','2023-05-28 21:30:24','2023-05-28 21:30:24'),(2386,1,'en','plugins/blog/member','draft_posts','Draft Posts','2023-05-28 21:30:24','2023-05-28 21:30:24'),(2387,1,'en','plugins/blog/member','pending_posts','Pending Posts','2023-05-28 21:30:24','2023-05-28 21:30:24'),(2388,1,'en','plugins/blog/member','published_posts','Published Posts','2023-05-28 21:30:24','2023-05-28 21:30:24'),(2389,1,'en','plugins/blog/member','posts','Posts','2023-05-28 21:30:24','2023-05-28 21:30:24'),(2390,1,'en','plugins/blog/member','write_post','Write a post','2023-05-28 21:30:24','2023-05-28 21:30:24'),(2391,1,'en','plugins/blog/posts','create','Create new post','2023-05-28 21:30:24','2023-05-28 21:30:24'),(2392,1,'en','plugins/blog/posts','form.name','Name','2023-05-28 21:30:24','2023-05-28 21:30:24'),(2393,1,'en','plugins/blog/posts','form.name_placeholder','Post\'s name (Maximum :c characters)','2023-05-28 21:30:24','2023-05-28 21:30:24'),(2394,1,'en','plugins/blog/posts','form.description','Description','2023-05-28 21:30:24','2023-05-28 21:30:24'),(2395,1,'en','plugins/blog/posts','form.description_placeholder','Short description for post (Maximum :c characters)','2023-05-28 21:30:24','2023-05-28 21:30:24'),(2396,1,'en','plugins/blog/posts','form.categories','Categories','2023-05-28 21:30:24','2023-05-28 21:30:24'),(2397,1,'en','plugins/blog/posts','form.tags','Tags','2023-05-28 21:30:24','2023-05-28 21:30:24'),(2398,1,'en','plugins/blog/posts','form.tags_placeholder','Tags','2023-05-28 21:30:24','2023-05-28 21:30:24'),(2399,1,'en','plugins/blog/posts','form.content','Content','2023-05-28 21:30:24','2023-05-28 21:30:24'),(2400,1,'en','plugins/blog/posts','form.is_featured','Is featured?','2023-05-28 21:30:24','2023-05-28 21:30:24'),(2401,1,'en','plugins/blog/posts','form.note','Note content','2023-05-28 21:30:24','2023-05-28 21:30:24'),(2402,1,'en','plugins/blog/posts','form.format_type','Format','2023-05-28 21:30:24','2023-05-28 21:30:24'),(2403,1,'en','plugins/blog/posts','cannot_delete','Post could not be deleted','2023-05-28 21:30:24','2023-05-28 21:30:24'),(2404,1,'en','plugins/blog/posts','post_deleted','Post deleted','2023-05-28 21:30:24','2023-05-28 21:30:24'),(2405,1,'en','plugins/blog/posts','posts','Posts','2023-05-28 21:30:24','2023-05-28 21:30:24'),(2406,1,'en','plugins/blog/posts','post','Post','2023-05-28 21:30:24','2023-05-28 21:30:24'),(2407,1,'en','plugins/blog/posts','edit_this_post','Edit this post','2023-05-28 21:30:24','2023-05-28 21:30:24'),(2408,1,'en','plugins/blog/posts','no_new_post_now','There is no new post now!','2023-05-28 21:30:24','2023-05-28 21:30:24'),(2409,1,'en','plugins/blog/posts','menu_name','Posts','2023-05-28 21:30:24','2023-05-28 21:30:24'),(2410,1,'en','plugins/blog/posts','widget_posts_recent','Recent Posts','2023-05-28 21:30:24','2023-05-28 21:30:24'),(2411,1,'en','plugins/blog/posts','categories','Categories','2023-05-28 21:30:24','2023-05-28 21:30:24'),(2412,1,'en','plugins/blog/posts','category','Category','2023-05-28 21:30:24','2023-05-28 21:30:24'),(2413,1,'en','plugins/blog/posts','author','Author','2023-05-28 21:30:24','2023-05-28 21:30:24'),(2414,1,'en','plugins/blog/tags','form.name','Name','2023-05-28 21:30:24','2023-05-28 21:30:24'),(2415,1,'en','plugins/blog/tags','form.name_placeholder','Tag\'s name (Maximum 120 characters)','2023-05-28 21:30:24','2023-05-28 21:30:24'),(2416,1,'en','plugins/blog/tags','form.description','Description','2023-05-28 21:30:24','2023-05-28 21:30:24'),(2417,1,'en','plugins/blog/tags','form.description_placeholder','Short description for tag (Maximum 400 characters)','2023-05-28 21:30:24','2023-05-28 21:30:24'),(2418,1,'en','plugins/blog/tags','form.categories','Categories','2023-05-28 21:30:24','2023-05-28 21:30:24'),(2419,1,'en','plugins/blog/tags','notices.no_select','Please select at least one tag to take this action!','2023-05-28 21:30:24','2023-05-28 21:30:24'),(2420,1,'en','plugins/blog/tags','create','Create new tag','2023-05-28 21:30:24','2023-05-28 21:30:24'),(2421,1,'en','plugins/blog/tags','cannot_delete','Tag could not be deleted','2023-05-28 21:30:24','2023-05-28 21:30:24'),(2422,1,'en','plugins/blog/tags','deleted','Tag deleted','2023-05-28 21:30:24','2023-05-28 21:30:24'),(2423,1,'en','plugins/blog/tags','menu','Tags','2023-05-28 21:30:24','2023-05-28 21:30:24'),(2424,1,'en','plugins/blog/tags','edit_this_tag','Edit this tag','2023-05-28 21:30:24','2023-05-28 21:30:24'),(2425,1,'en','plugins/blog/tags','menu_name','Tags','2023-05-28 21:30:24','2023-05-28 21:30:24'),(2426,1,'vi','plugins/blog/base','menu_name','Blog','2023-05-28 21:30:24','2023-05-28 21:30:24'),(2427,1,'vi','plugins/blog/base','blog_page','Trang Blog','2023-05-28 21:30:24','2023-05-28 21:30:24'),(2428,1,'vi','plugins/blog/base','select','-- Lựa chọn --','2023-05-28 21:30:24','2023-05-28 21:30:24'),(2429,1,'vi','plugins/blog/base','blog_page_id','Trang Blog','2023-05-28 21:30:24','2023-05-28 21:30:24'),(2430,1,'vi','plugins/blog/categories','create','Thêm danh mục mới','2023-05-28 21:30:24','2023-05-28 21:30:24'),(2431,1,'vi','plugins/blog/categories','edit','Sửa danh mục','2023-05-28 21:30:24','2023-05-28 21:30:24'),(2432,1,'vi','plugins/blog/categories','menu','Danh mục','2023-05-28 21:30:24','2023-05-28 21:30:24'),(2433,1,'vi','plugins/blog/categories','edit_this_category','Sửa danh mục này','2023-05-28 21:30:24','2023-05-28 21:30:24'),(2434,1,'vi','plugins/blog/categories','menu_name','Danh mục','2023-05-28 21:30:24','2023-05-28 21:30:24'),(2435,1,'vi','plugins/blog/categories','none','Không','2023-05-28 21:30:24','2023-05-28 21:30:24'),(2436,1,'vi','plugins/blog/member','dob','Born :date','2023-05-28 21:30:24','2023-05-28 21:30:24'),(2437,1,'vi','plugins/blog/member','draft_posts','Draft Posts','2023-05-28 21:30:24','2023-05-28 21:30:24'),(2438,1,'vi','plugins/blog/member','pending_posts','Pending Posts','2023-05-28 21:30:24','2023-05-28 21:30:24'),(2439,1,'vi','plugins/blog/member','published_posts','Published Posts','2023-05-28 21:30:24','2023-05-28 21:30:24'),(2440,1,'vi','plugins/blog/member','posts','Posts','2023-05-28 21:30:24','2023-05-28 21:30:24'),(2441,1,'vi','plugins/blog/member','write_post','Write a post','2023-05-28 21:30:24','2023-05-28 21:30:24'),(2442,1,'vi','plugins/blog/posts','create','Thêm bài viết','2023-05-28 21:30:24','2023-05-28 21:30:24'),(2443,1,'vi','plugins/blog/posts','edit','Sửa bài viết','2023-05-28 21:30:24','2023-05-28 21:30:24'),(2444,1,'vi','plugins/blog/posts','form.name','Tên','2023-05-28 21:30:24','2023-05-28 21:30:24'),(2445,1,'vi','plugins/blog/posts','form.name_placeholder','Tên bài viết (Tối đa 120 kí tự)','2023-05-28 21:30:24','2023-05-28 21:30:24'),(2446,1,'vi','plugins/blog/posts','form.description','Mô tả','2023-05-28 21:30:24','2023-05-28 21:30:24'),(2447,1,'vi','plugins/blog/posts','form.description_placeholder','Mô tả ngắn cho bài viết (Tối đa 400 kí tự)','2023-05-28 21:30:24','2023-05-28 21:30:24'),(2448,1,'vi','plugins/blog/posts','form.categories','Chuyên mục','2023-05-28 21:30:24','2023-05-28 21:30:24'),(2449,1,'vi','plugins/blog/posts','form.tags','Từ khóa','2023-05-28 21:30:24','2023-05-28 21:30:24'),(2450,1,'vi','plugins/blog/posts','form.tags_placeholder','Thêm từ khóa','2023-05-28 21:30:24','2023-05-28 21:30:24'),(2451,1,'vi','plugins/blog/posts','form.content','Nội dung','2023-05-28 21:30:24','2023-05-28 21:30:24'),(2452,1,'vi','plugins/blog/posts','form.is_featured','Bài viết nổi bật?','2023-05-28 21:30:24','2023-05-28 21:30:24'),(2453,1,'vi','plugins/blog/posts','form.note','Nội dung ghi chú','2023-05-28 21:30:24','2023-05-28 21:30:24'),(2454,1,'vi','plugins/blog/posts','form.format_type','Định dạng','2023-05-28 21:30:24','2023-05-28 21:30:24'),(2455,1,'vi','plugins/blog/posts','post_deleted','Xóa bài viết thành công','2023-05-28 21:30:24','2023-05-28 21:30:24'),(2456,1,'vi','plugins/blog/posts','cannot_delete','Không thể xóa bài viết','2023-05-28 21:30:24','2023-05-28 21:30:24'),(2457,1,'vi','plugins/blog/posts','menu_name','Bài viết','2023-05-28 21:30:24','2023-05-28 21:30:24'),(2458,1,'vi','plugins/blog/posts','edit_this_post','Sửa bài viết này','2023-05-28 21:30:24','2023-05-28 21:30:24'),(2459,1,'vi','plugins/blog/posts','no_new_post_now','Hiện tại không có bài viết mới!','2023-05-28 21:30:24','2023-05-28 21:30:24'),(2460,1,'vi','plugins/blog/posts','posts','Bài viết','2023-05-28 21:30:24','2023-05-28 21:30:24'),(2461,1,'vi','plugins/blog/posts','post','Bài viết','2023-05-28 21:30:24','2023-05-28 21:30:24'),(2462,1,'vi','plugins/blog/posts','widget_posts_recent','Bài viết gần đây','2023-05-28 21:30:24','2023-05-28 21:30:24'),(2463,1,'vi','plugins/blog/posts','author','Tác giả','2023-05-28 21:30:24','2023-05-28 21:30:24'),(2464,1,'vi','plugins/blog/posts','categories','Danh mục','2023-05-28 21:30:24','2023-05-28 21:30:24'),(2465,1,'vi','plugins/blog/posts','category','Danh mục','2023-05-28 21:30:24','2023-05-28 21:30:24'),(2466,1,'vi','plugins/blog/tags','create','Thêm thẻ mới','2023-05-28 21:30:24','2023-05-28 21:30:24'),(2467,1,'vi','plugins/blog/tags','edit','Sửa thẻ','2023-05-28 21:30:24','2023-05-28 21:30:24'),(2468,1,'vi','plugins/blog/tags','form.name','Tên','2023-05-28 21:30:24','2023-05-28 21:30:24'),(2469,1,'vi','plugins/blog/tags','form.name_placeholder','Tên thẻ (Tối đa 120 kí tự)','2023-05-28 21:30:24','2023-05-28 21:30:24'),(2470,1,'vi','plugins/blog/tags','form.description','Mô tả','2023-05-28 21:30:24','2023-05-28 21:30:24'),(2471,1,'vi','plugins/blog/tags','form.description_placeholder','Mô tả ngắn cho tag (Tối đa 400 kí tự)','2023-05-28 21:30:24','2023-05-28 21:30:24'),(2472,1,'vi','plugins/blog/tags','form.categories','Chuyên mục','2023-05-28 21:30:24','2023-05-28 21:30:24'),(2473,1,'vi','plugins/blog/tags','notices.no_select','Chọn ít nhất 1 bài viết để thực hiện hành động này!','2023-05-28 21:30:24','2023-05-28 21:30:24'),(2474,1,'vi','plugins/blog/tags','cannot_delete','Không thể xóa thẻ','2023-05-28 21:30:24','2023-05-28 21:30:24'),(2475,1,'vi','plugins/blog/tags','deleted','Xóa thẻ thành công','2023-05-28 21:30:24','2023-05-28 21:30:24'),(2476,1,'vi','plugins/blog/tags','menu_name','Thẻ','2023-05-28 21:30:24','2023-05-28 21:30:24'),(2477,1,'vi','plugins/blog/tags','edit_this_tag','Sửa thẻ này','2023-05-28 21:30:24','2023-05-28 21:30:24'),(2478,1,'vi','plugins/blog/tags','menu','Thẻ','2023-05-28 21:30:25','2023-05-28 21:30:25'),(2479,1,'en','plugins/captcha/captcha','settings.title','Captcha','2023-05-28 21:30:25','2023-05-28 21:30:25'),(2480,1,'en','plugins/captcha/captcha','settings.description','Settings for Google Captcha','2023-05-28 21:30:25','2023-05-28 21:30:25'),(2481,1,'en','plugins/captcha/captcha','settings.captcha_site_key','Captcha Site Key','2023-05-28 21:30:25','2023-05-28 21:30:25'),(2482,1,'en','plugins/captcha/captcha','settings.captcha_secret','Captcha Secret','2023-05-28 21:30:25','2023-05-28 21:30:25'),(2483,1,'en','plugins/captcha/captcha','settings.enable_captcha','Enable Captcha?','2023-05-28 21:30:25','2023-05-28 21:30:25'),(2484,1,'en','plugins/captcha/captcha','settings.helper','Go here to get credentials https://www.google.com/recaptcha/admin#list.','2023-05-28 21:30:25','2023-05-28 21:30:25'),(2485,1,'en','plugins/captcha/captcha','settings.hide_badge','Hide recaptcha badge (for v3)','2023-05-28 21:30:25','2023-05-28 21:30:25'),(2486,1,'en','plugins/captcha/captcha','settings.type','Type','2023-05-28 21:30:25','2023-05-28 21:30:25'),(2487,1,'en','plugins/captcha/captcha','settings.v2_description','V2 (Verify requests with a challenge)','2023-05-28 21:30:25','2023-05-28 21:30:25'),(2488,1,'en','plugins/captcha/captcha','settings.v3_description','V3 (Verify requests with a score)','2023-05-28 21:30:25','2023-05-28 21:30:25'),(2489,1,'en','plugins/captcha/captcha','numbers.0','Zero','2023-05-28 21:30:25','2023-05-28 21:30:25'),(2490,1,'en','plugins/captcha/captcha','numbers.1','One','2023-05-28 21:30:25','2023-05-28 21:30:25'),(2491,1,'en','plugins/captcha/captcha','numbers.2','Two','2023-05-28 21:30:25','2023-05-28 21:30:25'),(2492,1,'en','plugins/captcha/captcha','numbers.3','Three','2023-05-28 21:30:25','2023-05-28 21:30:25'),(2493,1,'en','plugins/captcha/captcha','numbers.4','Four','2023-05-28 21:30:25','2023-05-28 21:30:25'),(2494,1,'en','plugins/captcha/captcha','numbers.5','Five','2023-05-28 21:30:25','2023-05-28 21:30:25'),(2495,1,'en','plugins/captcha/captcha','numbers.6','Six','2023-05-28 21:30:25','2023-05-28 21:30:25'),(2496,1,'en','plugins/captcha/captcha','numbers.7','Seven','2023-05-28 21:30:25','2023-05-28 21:30:25'),(2497,1,'en','plugins/captcha/captcha','numbers.8','Eight','2023-05-28 21:30:25','2023-05-28 21:30:25'),(2498,1,'en','plugins/captcha/captcha','numbers.9','Nine','2023-05-28 21:30:25','2023-05-28 21:30:25'),(2499,1,'en','plugins/captcha/captcha','numbers.10','Ten','2023-05-28 21:30:25','2023-05-28 21:30:25'),(2500,1,'en','plugins/captcha/captcha','numbers.11','Eleven','2023-05-28 21:30:25','2023-05-28 21:30:25'),(2501,1,'en','plugins/captcha/captcha','numbers.12','Twelve','2023-05-28 21:30:25','2023-05-28 21:30:25'),(2502,1,'en','plugins/captcha/captcha','operands.+','plus','2023-05-28 21:30:25','2023-05-28 21:30:25'),(2503,1,'en','plugins/captcha/captcha','operands.-','minus','2023-05-28 21:30:25','2023-05-28 21:30:25'),(2504,1,'en','plugins/captcha/captcha','operands.*','times','2023-05-28 21:30:25','2023-05-28 21:30:25'),(2505,1,'en','plugins/captcha/captcha','operands./','divided by','2023-05-28 21:30:25','2023-05-28 21:30:25'),(2506,1,'vi','plugins/captcha/captcha','settings.title','Captcha','2023-05-28 21:30:25','2023-05-28 21:30:25'),(2507,1,'vi','plugins/captcha/captcha','settings.description','Cài đặt cho Google Captcha','2023-05-28 21:30:25','2023-05-28 21:30:25'),(2508,1,'vi','plugins/captcha/captcha','settings.captcha_site_key','Captcha Site Key','2023-05-28 21:30:25','2023-05-28 21:30:25'),(2509,1,'vi','plugins/captcha/captcha','settings.captcha_secret','Captcha Secret','2023-05-28 21:30:25','2023-05-28 21:30:25'),(2510,1,'vi','plugins/captcha/captcha','settings.enable_captcha','Bật Captcha?','2023-05-28 21:30:25','2023-05-28 21:30:25'),(2511,1,'vi','plugins/captcha/captcha','settings.helper','Truy cập https://www.google.com/recaptcha/admin#list để lấy thông tin về Site key và Secret.','2023-05-28 21:30:25','2023-05-28 21:30:25'),(2512,1,'en','plugins/contact/contact','menu','Contact','2023-05-28 21:30:25','2023-05-28 21:30:25'),(2513,1,'en','plugins/contact/contact','edit','View contact','2023-05-28 21:30:25','2023-05-28 21:30:25'),(2514,1,'en','plugins/contact/contact','tables.phone','Phone','2023-05-28 21:30:25','2023-05-28 21:30:25'),(2515,1,'en','plugins/contact/contact','tables.email','Email','2023-05-28 21:30:25','2023-05-28 21:30:25'),(2516,1,'en','plugins/contact/contact','tables.full_name','Full Name','2023-05-28 21:30:25','2023-05-28 21:30:25'),(2517,1,'en','plugins/contact/contact','tables.time','Time','2023-05-28 21:30:25','2023-05-28 21:30:25'),(2518,1,'en','plugins/contact/contact','tables.address','Address','2023-05-28 21:30:25','2023-05-28 21:30:25'),(2519,1,'en','plugins/contact/contact','tables.subject','Subject','2023-05-28 21:30:25','2023-05-28 21:30:25'),(2520,1,'en','plugins/contact/contact','tables.content','Content','2023-05-28 21:30:25','2023-05-28 21:30:25'),(2521,1,'en','plugins/contact/contact','contact_information','Contact information','2023-05-28 21:30:25','2023-05-28 21:30:25'),(2522,1,'en','plugins/contact/contact','replies','Replies','2023-05-28 21:30:25','2023-05-28 21:30:25'),(2523,1,'en','plugins/contact/contact','email.header','Email','2023-05-28 21:30:25','2023-05-28 21:30:25'),(2524,1,'en','plugins/contact/contact','email.title','New contact from your site','2023-05-28 21:30:25','2023-05-28 21:30:25'),(2525,1,'en','plugins/contact/contact','form.name.required','Name is required','2023-05-28 21:30:25','2023-05-28 21:30:25'),(2526,1,'en','plugins/contact/contact','form.email.required','Email is required','2023-05-28 21:30:25','2023-05-28 21:30:25'),(2527,1,'en','plugins/contact/contact','form.email.email','The email address is not valid','2023-05-28 21:30:25','2023-05-28 21:30:25'),(2528,1,'en','plugins/contact/contact','form.content.required','Content is required','2023-05-28 21:30:25','2023-05-28 21:30:25'),(2529,1,'en','plugins/contact/contact','contact_sent_from','This contact information sent from','2023-05-28 21:30:25','2023-05-28 21:30:25'),(2530,1,'en','plugins/contact/contact','sender','Sender','2023-05-28 21:30:25','2023-05-28 21:30:25'),(2531,1,'en','plugins/contact/contact','sender_email','Email','2023-05-28 21:30:25','2023-05-28 21:30:25'),(2532,1,'en','plugins/contact/contact','sender_address','Address','2023-05-28 21:30:25','2023-05-28 21:30:25'),(2533,1,'en','plugins/contact/contact','sender_phone','Phone','2023-05-28 21:30:25','2023-05-28 21:30:25'),(2534,1,'en','plugins/contact/contact','message_content','Message content','2023-05-28 21:30:25','2023-05-28 21:30:25'),(2535,1,'en','plugins/contact/contact','sent_from','Email sent from','2023-05-28 21:30:25','2023-05-28 21:30:25'),(2536,1,'en','plugins/contact/contact','form_name','Name','2023-05-28 21:30:25','2023-05-28 21:30:25'),(2537,1,'en','plugins/contact/contact','form_email','Email','2023-05-28 21:30:25','2023-05-28 21:30:25'),(2538,1,'en','plugins/contact/contact','form_address','Address','2023-05-28 21:30:25','2023-05-28 21:30:25'),(2539,1,'en','plugins/contact/contact','form_subject','Subject','2023-05-28 21:30:25','2023-05-28 21:30:25'),(2540,1,'en','plugins/contact/contact','form_phone','Phone','2023-05-28 21:30:25','2023-05-28 21:30:25'),(2541,1,'en','plugins/contact/contact','form_message','Message','2023-05-28 21:30:25','2023-05-28 21:30:25'),(2542,1,'en','plugins/contact/contact','required_field','The field with (<span style=\"color: red\">*</span>) is required.','2023-05-28 21:30:25','2023-05-28 21:30:25'),(2543,1,'en','plugins/contact/contact','send_btn','Send message','2023-05-28 21:30:25','2023-05-28 21:30:25'),(2544,1,'en','plugins/contact/contact','new_msg_notice','You have <span class=\"bold\">:count</span> New Messages','2023-05-28 21:30:25','2023-05-28 21:30:25'),(2545,1,'en','plugins/contact/contact','view_all','View all','2023-05-28 21:30:25','2023-05-28 21:30:25'),(2546,1,'en','plugins/contact/contact','statuses.read','Read','2023-05-28 21:30:25','2023-05-28 21:30:25'),(2547,1,'en','plugins/contact/contact','statuses.unread','Unread','2023-05-28 21:30:25','2023-05-28 21:30:25'),(2548,1,'en','plugins/contact/contact','phone','Phone','2023-05-28 21:30:25','2023-05-28 21:30:25'),(2549,1,'en','plugins/contact/contact','address','Address','2023-05-28 21:30:25','2023-05-28 21:30:25'),(2550,1,'en','plugins/contact/contact','message','Message','2023-05-28 21:30:25','2023-05-28 21:30:25'),(2551,1,'en','plugins/contact/contact','settings.email.title','Contact','2023-05-28 21:30:25','2023-05-28 21:30:25'),(2552,1,'en','plugins/contact/contact','settings.email.description','Contact email configuration','2023-05-28 21:30:25','2023-05-28 21:30:25'),(2553,1,'en','plugins/contact/contact','settings.email.templates.notice_title','Send notice to administrator','2023-05-28 21:30:25','2023-05-28 21:30:25'),(2554,1,'en','plugins/contact/contact','settings.email.templates.notice_description','Email template to send notice to administrator when system get new contact','2023-05-28 21:30:25','2023-05-28 21:30:25'),(2555,1,'en','plugins/contact/contact','settings.title','Contact','2023-05-28 21:30:25','2023-05-28 21:30:25'),(2556,1,'en','plugins/contact/contact','settings.description','Settings for contact plugin','2023-05-28 21:30:25','2023-05-28 21:30:25'),(2557,1,'en','plugins/contact/contact','settings.blacklist_keywords','Blacklist keywords','2023-05-28 21:30:25','2023-05-28 21:30:25'),(2558,1,'en','plugins/contact/contact','settings.blacklist_keywords_placeholder','keywords...','2023-05-28 21:30:25','2023-05-28 21:30:25'),(2559,1,'en','plugins/contact/contact','settings.blacklist_keywords_helper','Blacklist contact requests if it includes those keywords in the content field (separate by comma).','2023-05-28 21:30:25','2023-05-28 21:30:25'),(2560,1,'en','plugins/contact/contact','settings.blacklist_email_domains','Blacklist email domains','2023-05-28 21:30:25','2023-05-28 21:30:25'),(2561,1,'en','plugins/contact/contact','settings.blacklist_email_domains_placeholder','domain...','2023-05-28 21:30:25','2023-05-28 21:30:25'),(2562,1,'en','plugins/contact/contact','settings.blacklist_email_domains_helper','Blacklist contact requests if the email domain is in blacklist domains (separate by comma).','2023-05-28 21:30:25','2023-05-28 21:30:25'),(2563,1,'en','plugins/contact/contact','settings.enable_math_captcha','Enable math captcha?','2023-05-28 21:30:25','2023-05-28 21:30:25'),(2564,1,'en','plugins/contact/contact','no_reply','No reply yet!','2023-05-28 21:30:25','2023-05-28 21:30:25'),(2565,1,'en','plugins/contact/contact','reply','Reply','2023-05-28 21:30:25','2023-05-28 21:30:25'),(2566,1,'en','plugins/contact/contact','send','Send','2023-05-28 21:30:25','2023-05-28 21:30:25'),(2567,1,'en','plugins/contact/contact','shortcode_name','Contact form','2023-05-28 21:30:25','2023-05-28 21:30:25'),(2568,1,'en','plugins/contact/contact','shortcode_description','Add a contact form','2023-05-28 21:30:25','2023-05-28 21:30:25'),(2569,1,'en','plugins/contact/contact','shortcode_content_description','Add shortcode [contact-form][/contact-form] to editor?','2023-05-28 21:30:25','2023-05-28 21:30:25'),(2570,1,'en','plugins/contact/contact','message_sent_success','Message sent successfully!','2023-05-28 21:30:25','2023-05-28 21:30:25'),(2571,1,'vi','plugins/contact/contact','menu','Liên hệ','2023-05-28 21:30:25','2023-05-28 21:30:25'),(2572,1,'vi','plugins/contact/contact','edit','Xem liên hệ','2023-05-28 21:30:25','2023-05-28 21:30:25'),(2573,1,'vi','plugins/contact/contact','tables.phone','Điện thoại','2023-05-28 21:30:25','2023-05-28 21:30:25'),(2574,1,'vi','plugins/contact/contact','tables.email','Email','2023-05-28 21:30:25','2023-05-28 21:30:25'),(2575,1,'vi','plugins/contact/contact','tables.full_name','Họ tên','2023-05-28 21:30:25','2023-05-28 21:30:25'),(2576,1,'vi','plugins/contact/contact','tables.time','Thời gian','2023-05-28 21:30:25','2023-05-28 21:30:25'),(2577,1,'vi','plugins/contact/contact','tables.address','Địa địa chỉ','2023-05-28 21:30:25','2023-05-28 21:30:25'),(2578,1,'vi','plugins/contact/contact','tables.subject','Tiêu đề','2023-05-28 21:30:25','2023-05-28 21:30:25'),(2579,1,'vi','plugins/contact/contact','tables.content','Nội dung','2023-05-28 21:30:25','2023-05-28 21:30:25'),(2580,1,'vi','plugins/contact/contact','contact_information','Thông tin liên hệ','2023-05-28 21:30:25','2023-05-28 21:30:25'),(2581,1,'vi','plugins/contact/contact','email.title','Thông tin liên hệ mới','2023-05-28 21:30:25','2023-05-28 21:30:25'),(2582,1,'vi','plugins/contact/contact','email.header','Email','2023-05-28 21:30:25','2023-05-28 21:30:25'),(2583,1,'vi','plugins/contact/contact','form.name.required','Tên là bắt buộc','2023-05-28 21:30:25','2023-05-28 21:30:25'),(2584,1,'vi','plugins/contact/contact','form.email.required','Email là bắt buộc','2023-05-28 21:30:25','2023-05-28 21:30:25'),(2585,1,'vi','plugins/contact/contact','form.email.email','Địa chỉ email không hợp lệ','2023-05-28 21:30:25','2023-05-28 21:30:25'),(2586,1,'vi','plugins/contact/contact','form.content.required','Nội dung là bắt buộc','2023-05-28 21:30:25','2023-05-28 21:30:25'),(2587,1,'vi','plugins/contact/contact','contact_sent_from','Liên hệ này được gửi từ','2023-05-28 21:30:25','2023-05-28 21:30:25'),(2588,1,'vi','plugins/contact/contact','form_address','Địa chỉ','2023-05-28 21:30:25','2023-05-28 21:30:25'),(2589,1,'vi','plugins/contact/contact','form_email','Thư điện tử','2023-05-28 21:30:25','2023-05-28 21:30:25'),(2590,1,'vi','plugins/contact/contact','form_message','Thông điệp','2023-05-28 21:30:25','2023-05-28 21:30:25'),(2591,1,'vi','plugins/contact/contact','form_name','Họ tên','2023-05-28 21:30:25','2023-05-28 21:30:25'),(2592,1,'vi','plugins/contact/contact','form_phone','Số điện thoại','2023-05-28 21:30:25','2023-05-28 21:30:25'),(2593,1,'vi','plugins/contact/contact','message_content','Nội dung thông điệp','2023-05-28 21:30:25','2023-05-28 21:30:25'),(2594,1,'vi','plugins/contact/contact','required_field','Những trường có dấu (<span style=\"color: red\">*</span>) là bắt buộc.','2023-05-28 21:30:25','2023-05-28 21:30:25'),(2595,1,'vi','plugins/contact/contact','send_btn','Gửi tin nhắn','2023-05-28 21:30:25','2023-05-28 21:30:25'),(2596,1,'vi','plugins/contact/contact','sender','Người gửi','2023-05-28 21:30:25','2023-05-28 21:30:25'),(2597,1,'vi','plugins/contact/contact','sender_address','Địa chỉ','2023-05-28 21:30:25','2023-05-28 21:30:25'),(2598,1,'vi','plugins/contact/contact','sender_email','Thư điện tử','2023-05-28 21:30:25','2023-05-28 21:30:25'),(2599,1,'vi','plugins/contact/contact','sender_phone','Số điện thoại','2023-05-28 21:30:25','2023-05-28 21:30:25'),(2600,1,'vi','plugins/contact/contact','sent_from','Thư được gửi từ','2023-05-28 21:30:25','2023-05-28 21:30:25'),(2601,1,'vi','plugins/contact/contact','address','Địa chỉ','2023-05-28 21:30:25','2023-05-28 21:30:25'),(2602,1,'vi','plugins/contact/contact','message','Liên hệ','2023-05-28 21:30:25','2023-05-28 21:30:25'),(2603,1,'vi','plugins/contact/contact','new_msg_notice','Bạn có <span class=\"bold\">:count</span> tin nhắn mới','2023-05-28 21:30:25','2023-05-28 21:30:25'),(2604,1,'vi','plugins/contact/contact','phone','Điện thoại','2023-05-28 21:30:25','2023-05-28 21:30:25'),(2605,1,'vi','plugins/contact/contact','statuses.read','Đã đọc','2023-05-28 21:30:25','2023-05-28 21:30:25'),(2606,1,'vi','plugins/contact/contact','statuses.unread','Chưa đọc','2023-05-28 21:30:25','2023-05-28 21:30:25'),(2607,1,'vi','plugins/contact/contact','view_all','Xem tất cả','2023-05-28 21:30:25','2023-05-28 21:30:25'),(2608,1,'vi','plugins/contact/contact','settings.email.title','Liên hệ','2023-05-28 21:30:25','2023-05-28 21:30:25'),(2609,1,'vi','plugins/contact/contact','settings.email.description','Cấu hình thông tin cho mục liên hệ','2023-05-28 21:30:25','2023-05-28 21:30:25'),(2610,1,'vi','plugins/contact/contact','settings.email.templates.notice_title','Thông báo tới admin','2023-05-28 21:30:25','2023-05-28 21:30:25'),(2611,1,'vi','plugins/contact/contact','settings.email.templates.notice_description','Mẫu nội dung email gửi tới admin khi có liên hệ mới','2023-05-28 21:30:25','2023-05-28 21:30:25'),(2612,1,'vi','plugins/contact/contact','replies','Trả lời','2023-05-28 21:30:25','2023-05-28 21:30:25'),(2613,1,'vi','plugins/contact/contact','form_subject','Tiêu đề','2023-05-28 21:30:25','2023-05-28 21:30:25'),(2614,1,'en','plugins/cookie-consent/cookie-consent','theme_options.name','Cookie Consent','2023-05-28 21:30:25','2023-05-28 21:30:25'),(2615,1,'en','plugins/cookie-consent/cookie-consent','theme_options.description','Cookie consent settings','2023-05-28 21:30:25','2023-05-28 21:30:25'),(2616,1,'en','plugins/cookie-consent/cookie-consent','theme_options.enable','Enable cookie consent?','2023-05-28 21:30:25','2023-05-28 21:30:25'),(2617,1,'en','plugins/cookie-consent/cookie-consent','theme_options.message','Message','2023-05-28 21:30:25','2023-05-28 21:30:25'),(2618,1,'en','plugins/cookie-consent/cookie-consent','theme_options.button_text','Button text','2023-05-28 21:30:25','2023-05-28 21:30:25'),(2619,1,'en','plugins/cookie-consent/cookie-consent','theme_options.max_width','Max width (px)','2023-05-28 21:30:25','2023-05-28 21:30:25'),(2620,1,'en','plugins/cookie-consent/cookie-consent','theme_options.background_color','Background color','2023-05-28 21:30:25','2023-05-28 21:30:25'),(2621,1,'en','plugins/cookie-consent/cookie-consent','theme_options.text_color','Text color','2023-05-28 21:30:25','2023-05-28 21:30:25'),(2622,1,'en','plugins/cookie-consent/cookie-consent','theme_options.learn_more_url','Learn more URL','2023-05-28 21:30:25','2023-05-28 21:30:25'),(2623,1,'en','plugins/cookie-consent/cookie-consent','theme_options.learn_more_text','Learn more text','2023-05-28 21:30:25','2023-05-28 21:30:25'),(2624,1,'en','plugins/cookie-consent/cookie-consent','theme_options.style','Style','2023-05-28 21:30:25','2023-05-28 21:30:25'),(2625,1,'en','plugins/cookie-consent/cookie-consent','theme_options.full_width','Full width','2023-05-28 21:30:25','2023-05-28 21:30:25'),(2626,1,'en','plugins/cookie-consent/cookie-consent','theme_options.minimal','Minimal','2023-05-28 21:30:25','2023-05-28 21:30:25'),(2627,1,'en','plugins/cookie-consent/cookie-consent','message','Your experience on this site will be improved by allowing cookies.','2023-05-28 21:30:25','2023-05-28 21:30:25'),(2628,1,'en','plugins/cookie-consent/cookie-consent','button_text','Allow cookies','2023-05-28 21:30:25','2023-05-28 21:30:25'),(2629,1,'en','plugins/ecommerce/addresses','address','Address','2023-05-28 21:30:25','2023-05-28 21:30:25'),(2630,1,'en','plugins/ecommerce/addresses','addresses','Addresses','2023-05-28 21:30:25','2023-05-28 21:30:25'),(2631,1,'en','plugins/ecommerce/addresses','address_placeholder','Enter address','2023-05-28 21:30:25','2023-05-28 21:30:25'),(2632,1,'en','plugins/ecommerce/addresses','zip','Zip code','2023-05-28 21:30:25','2023-05-28 21:30:25'),(2633,1,'en','plugins/ecommerce/addresses','zip_placeholder','Enter zip code','2023-05-28 21:30:25','2023-05-28 21:30:25'),(2634,1,'en','plugins/ecommerce/addresses','city','City','2023-05-28 21:30:25','2023-05-28 21:30:25'),(2635,1,'en','plugins/ecommerce/addresses','city_placeholder','Enter city','2023-05-28 21:30:25','2023-05-28 21:30:25'),(2636,1,'en','plugins/ecommerce/addresses','state','State','2023-05-28 21:30:25','2023-05-28 21:30:25'),(2637,1,'en','plugins/ecommerce/addresses','state_placeholder','Enter state','2023-05-28 21:30:25','2023-05-28 21:30:25'),(2638,1,'en','plugins/ecommerce/addresses','country','Country','2023-05-28 21:30:25','2023-05-28 21:30:25'),(2639,1,'en','plugins/ecommerce/addresses','use_this_address_as_default','Use this address as default','2023-05-28 21:30:26','2023-05-28 21:30:26'),(2640,1,'en','plugins/ecommerce/addresses','name','Full name','2023-05-28 21:30:26','2023-05-28 21:30:26'),(2641,1,'en','plugins/ecommerce/addresses','name_placeholder','Enter name','2023-05-28 21:30:26','2023-05-28 21:30:26'),(2642,1,'en','plugins/ecommerce/addresses','phone','Phone','2023-05-28 21:30:26','2023-05-28 21:30:26'),(2643,1,'en','plugins/ecommerce/addresses','phone_placeholder','Enter phone','2023-05-28 21:30:26','2023-05-28 21:30:26'),(2644,1,'en','plugins/ecommerce/addresses','email','Email','2023-05-28 21:30:26','2023-05-28 21:30:26'),(2645,1,'en','plugins/ecommerce/addresses','email_placeholder','Enter email','2023-05-28 21:30:26','2023-05-28 21:30:26'),(2646,1,'en','plugins/ecommerce/addresses','select_state','Select state...','2023-05-28 21:30:26','2023-05-28 21:30:26'),(2647,1,'en','plugins/ecommerce/addresses','select_city','Select city...','2023-05-28 21:30:26','2023-05-28 21:30:26'),(2648,1,'en','plugins/ecommerce/addresses','select_country','Select country...','2023-05-28 21:30:26','2023-05-28 21:30:26'),(2649,1,'en','plugins/ecommerce/addresses','add_address','Add Address','2023-05-28 21:30:26','2023-05-28 21:30:26'),(2650,1,'en','plugins/ecommerce/addresses','new_address','New address','2023-05-28 21:30:26','2023-05-28 21:30:26'),(2651,1,'en','plugins/ecommerce/addresses','edit_address','Edit address','2023-05-28 21:30:26','2023-05-28 21:30:26'),(2652,1,'en','plugins/ecommerce/addresses','action','Action','2023-05-28 21:30:26','2023-05-28 21:30:26'),(2653,1,'en','plugins/ecommerce/addresses','add','Add','2023-05-28 21:30:26','2023-05-28 21:30:26'),(2654,1,'en','plugins/ecommerce/addresses','save','Save','2023-05-28 21:30:26','2023-05-28 21:30:26'),(2655,1,'en','plugins/ecommerce/addresses','no_data','No data to display','2023-05-28 21:30:26','2023-05-28 21:30:26'),(2656,1,'en','plugins/ecommerce/addresses','no_option','No option','2023-05-28 21:30:26','2023-05-28 21:30:26'),(2657,1,'en','plugins/ecommerce/brands','name','Brands','2023-05-28 21:30:26','2023-05-28 21:30:26'),(2658,1,'en','plugins/ecommerce/brands','create','New brand','2023-05-28 21:30:26','2023-05-28 21:30:26'),(2659,1,'en','plugins/ecommerce/brands','edit','Edit brand','2023-05-28 21:30:26','2023-05-28 21:30:26'),(2660,1,'en','plugins/ecommerce/brands','form.name','Name','2023-05-28 21:30:26','2023-05-28 21:30:26'),(2661,1,'en','plugins/ecommerce/brands','form.name_placeholder','Brand\'s name (Maximum 255 characters)','2023-05-28 21:30:26','2023-05-28 21:30:26'),(2662,1,'en','plugins/ecommerce/brands','form.description','Description','2023-05-28 21:30:26','2023-05-28 21:30:26'),(2663,1,'en','plugins/ecommerce/brands','form.description_placeholder','Short description for brand (Maximum 400 characters)','2023-05-28 21:30:26','2023-05-28 21:30:26'),(2664,1,'en','plugins/ecommerce/brands','form.website','Website','2023-05-28 21:30:26','2023-05-28 21:30:26'),(2665,1,'en','plugins/ecommerce/brands','form.logo','Logo','2023-05-28 21:30:26','2023-05-28 21:30:26'),(2666,1,'en','plugins/ecommerce/brands','form.is_featured','Is featured','2023-05-28 21:30:26','2023-05-28 21:30:26'),(2667,1,'en','plugins/ecommerce/brands','logo','Logo','2023-05-28 21:30:26','2023-05-28 21:30:26'),(2668,1,'en','plugins/ecommerce/brands','website','Website','2023-05-28 21:30:26','2023-05-28 21:30:26'),(2669,1,'en','plugins/ecommerce/brands','notices.no_select','Please select at least one record to take this action!','2023-05-28 21:30:26','2023-05-28 21:30:26'),(2670,1,'en','plugins/ecommerce/brands','notices.update_success_message','Update successfully','2023-05-28 21:30:26','2023-05-28 21:30:26'),(2671,1,'en','plugins/ecommerce/brands','cannot_delete','Brand could not be deleted','2023-05-28 21:30:26','2023-05-28 21:30:26'),(2672,1,'en','plugins/ecommerce/brands','brand_deleted','Brand deleted','2023-05-28 21:30:26','2023-05-28 21:30:26'),(2673,1,'en','plugins/ecommerce/brands','menu','Brands','2023-05-28 21:30:26','2023-05-28 21:30:26'),(2674,1,'en','plugins/ecommerce/brands','no_brand','No brand','2023-05-28 21:30:26','2023-05-28 21:30:26'),(2675,1,'en','plugins/ecommerce/brands','intro.title','Manage brands','2023-05-28 21:30:26','2023-05-28 21:30:26'),(2676,1,'en','plugins/ecommerce/brands','intro.description','Manage product brands such as Nike, Adidas, Bitis ...','2023-05-28 21:30:26','2023-05-28 21:30:26'),(2677,1,'en','plugins/ecommerce/brands','intro.button_text','Create brand','2023-05-28 21:30:26','2023-05-28 21:30:26'),(2678,1,'en','plugins/ecommerce/bulk-import','name','Bulk Import','2023-05-28 21:30:26','2023-05-28 21:30:26'),(2679,1,'en','plugins/ecommerce/bulk-import','loading_text','Importing','2023-05-28 21:30:26','2023-05-28 21:30:26'),(2680,1,'en','plugins/ecommerce/bulk-import','imported_successfully','Imported successfully.','2023-05-28 21:30:26','2023-05-28 21:30:26'),(2681,1,'en','plugins/ecommerce/bulk-import','please_choose_the_file_mime','Please choose the file mime :types','2023-05-28 21:30:26','2023-05-28 21:30:26'),(2682,1,'en','plugins/ecommerce/bulk-import','please_choose_the_file','Please choose the file','2023-05-28 21:30:26','2023-05-28 21:30:26'),(2683,1,'en','plugins/ecommerce/bulk-import','start_import','Start Import','2023-05-28 21:30:26','2023-05-28 21:30:26'),(2684,1,'en','plugins/ecommerce/bulk-import','note','Note!','2023-05-28 21:30:26','2023-05-28 21:30:26'),(2685,1,'en','plugins/ecommerce/bulk-import','warning_before_importing','If this is your first time using this feature, please read the documentation or contact the Administrator for access to the correct functionality!','2023-05-28 21:30:26','2023-05-28 21:30:26'),(2686,1,'en','plugins/ecommerce/bulk-import','results','Result: :success successes, :failed failures','2023-05-28 21:30:26','2023-05-28 21:30:26'),(2687,1,'en','plugins/ecommerce/bulk-import','failures','Failures','2023-05-28 21:30:26','2023-05-28 21:30:26'),(2688,1,'en','plugins/ecommerce/bulk-import','tables.import','Import','2023-05-28 21:30:26','2023-05-28 21:30:26'),(2689,1,'en','plugins/ecommerce/bulk-import','template','Template','2023-05-28 21:30:26','2023-05-28 21:30:26'),(2690,1,'en','plugins/ecommerce/bulk-import','rules','Rules','2023-05-28 21:30:26','2023-05-28 21:30:26'),(2691,1,'en','plugins/ecommerce/bulk-import','choose_file_with_mime','Choose file with mime: (:types)','2023-05-28 21:30:26','2023-05-28 21:30:26'),(2692,1,'en','plugins/ecommerce/bulk-import','choose_file','Choose file','2023-05-28 21:30:26','2023-05-28 21:30:26'),(2693,1,'en','plugins/ecommerce/bulk-import','menu','Import products','2023-05-28 21:30:26','2023-05-28 21:30:26'),(2694,1,'en','plugins/ecommerce/bulk-import','download-csv-file','Download CSV template','2023-05-28 21:30:26','2023-05-28 21:30:26'),(2695,1,'en','plugins/ecommerce/bulk-import','download-excel-file','Download Excel template','2023-05-28 21:30:26','2023-05-28 21:30:26'),(2696,1,'en','plugins/ecommerce/bulk-import','downloading','Downloading...','2023-05-28 21:30:26','2023-05-28 21:30:26'),(2697,1,'en','plugins/ecommerce/bulk-import','export.template.input_error','Input error','2023-05-28 21:30:26','2023-05-28 21:30:26'),(2698,1,'en','plugins/ecommerce/bulk-import','export.template.number_not_allowed','Number is not allowed!','2023-05-28 21:30:26','2023-05-28 21:30:26'),(2699,1,'en','plugins/ecommerce/bulk-import','export.template.allowed_input','Allowed input','2023-05-28 21:30:26','2023-05-28 21:30:26'),(2700,1,'en','plugins/ecommerce/bulk-import','export.template.prompt_decimal','Only numbers or decimals are accepted and greater than or equal to :min.','2023-05-28 21:30:26','2023-05-28 21:30:26'),(2701,1,'en','plugins/ecommerce/bulk-import','export.template.prompt_whole_number','Only numbers are accepted and greater than or equal to :min.','2023-05-28 21:30:26','2023-05-28 21:30:26'),(2702,1,'en','plugins/ecommerce/bulk-import','export.template.prompt_list','Please pick a value from the drop-down list.','2023-05-28 21:30:26','2023-05-28 21:30:26'),(2703,1,'en','plugins/ecommerce/bulk-import','export.template.pick_from_list','Pick from list','2023-05-28 21:30:26','2023-05-28 21:30:26'),(2704,1,'en','plugins/ecommerce/bulk-import','export.template.value_not_in_list','Value is not in list.','2023-05-28 21:30:26','2023-05-28 21:30:26'),(2705,1,'en','plugins/ecommerce/bulk-import','import_failed_description','Import failed, please check the errors below!','2023-05-28 21:30:26','2023-05-28 21:30:26'),(2706,1,'en','plugins/ecommerce/bulk-import','column','Column','2023-05-28 21:30:26','2023-05-28 21:30:26'),(2707,1,'en','plugins/ecommerce/bulk-import','row','Row','2023-05-28 21:30:26','2023-05-28 21:30:26'),(2708,1,'en','plugins/ecommerce/bulk-import','attribute','Attribute','2023-05-28 21:30:26','2023-05-28 21:30:26'),(2709,1,'en','plugins/ecommerce/bulk-import','errors','Errors','2023-05-28 21:30:26','2023-05-28 21:30:26'),(2710,1,'en','plugins/ecommerce/bulk-import','import_types.name','Import type','2023-05-28 21:30:26','2023-05-28 21:30:26'),(2711,1,'en','plugins/ecommerce/bulk-import','import_types.all','All','2023-05-28 21:30:26','2023-05-28 21:30:26'),(2712,1,'en','plugins/ecommerce/bulk-import','import_types.products','Products','2023-05-28 21:30:26','2023-05-28 21:30:26'),(2713,1,'en','plugins/ecommerce/bulk-import','import_types.variations','Variations','2023-05-28 21:30:26','2023-05-28 21:30:26'),(2714,1,'en','plugins/ecommerce/bulk-import','import_products','Import products','2023-05-28 21:30:26','2023-05-28 21:30:26'),(2715,1,'en','plugins/ecommerce/currency','currencies','Currencies','2023-05-28 21:30:26','2023-05-28 21:30:26'),(2716,1,'en','plugins/ecommerce/currency','setting_description','List of currencies using on website','2023-05-28 21:30:26','2023-05-28 21:30:26'),(2717,1,'en','plugins/ecommerce/currency','name','Name','2023-05-28 21:30:26','2023-05-28 21:30:26'),(2718,1,'en','plugins/ecommerce/currency','symbol','Symbol','2023-05-28 21:30:26','2023-05-28 21:30:26'),(2719,1,'en','plugins/ecommerce/currency','number_of_decimals','Number of decimals','2023-05-28 21:30:26','2023-05-28 21:30:26'),(2720,1,'en','plugins/ecommerce/currency','exchange_rate','Exchange rate','2023-05-28 21:30:26','2023-05-28 21:30:26'),(2721,1,'en','plugins/ecommerce/currency','is_prefix_symbol','Position of symbol','2023-05-28 21:30:26','2023-05-28 21:30:26'),(2722,1,'en','plugins/ecommerce/currency','is_default','Is default?','2023-05-28 21:30:26','2023-05-28 21:30:26'),(2723,1,'en','plugins/ecommerce/currency','remove','Remove','2023-05-28 21:30:26','2023-05-28 21:30:26'),(2724,1,'en','plugins/ecommerce/currency','new_currency','Add a new currency','2023-05-28 21:30:26','2023-05-28 21:30:26'),(2725,1,'en','plugins/ecommerce/currency','save_settings','Save settings','2023-05-28 21:30:26','2023-05-28 21:30:26'),(2726,1,'en','plugins/ecommerce/currency','before_number','Before number','2023-05-28 21:30:26','2023-05-28 21:30:26'),(2727,1,'en','plugins/ecommerce/currency','after_number','After number','2023-05-28 21:30:26','2023-05-28 21:30:26'),(2728,1,'en','plugins/ecommerce/currency','require_at_least_one_currency','The system requires at least one currency!','2023-05-28 21:30:26','2023-05-28 21:30:26'),(2729,1,'en','plugins/ecommerce/currency','enable_auto_detect_visitor_currency','Enable auto-detect visitor currency?','2023-05-28 21:30:26','2023-05-28 21:30:26'),(2730,1,'en','plugins/ecommerce/currency','add_space_between_price_and_currency','Add a space between price and currency?','2023-05-28 21:30:26','2023-05-28 21:30:26'),(2731,1,'en','plugins/ecommerce/currency','invalid_currency_name','Invalid currency code, it must be in :currencies.','2023-05-28 21:30:26','2023-05-28 21:30:26'),(2732,1,'en','plugins/ecommerce/currency','instruction','Please check list currency code here: https://en.wikipedia.org/wiki/ISO_4217','2023-05-28 21:30:26','2023-05-28 21:30:26'),(2733,1,'en','plugins/ecommerce/currency','code','Code','2023-05-28 21:30:26','2023-05-28 21:30:26'),(2734,1,'en','plugins/ecommerce/currency','api_key','API exchange rates key','2023-05-28 21:30:26','2023-05-28 21:30:26'),(2735,1,'en','plugins/ecommerce/currency','update_currency_rates','Update currency rates','2023-05-28 21:30:26','2023-05-28 21:30:26'),(2736,1,'en','plugins/ecommerce/currency','clear_cache_rates','Clear cache rates','2023-05-28 21:30:26','2023-05-28 21:30:26'),(2737,1,'en','plugins/ecommerce/currency','no_api_key','No API key','2023-05-28 21:30:26','2023-05-28 21:30:26'),(2738,1,'en','plugins/ecommerce/currency','api_key_helper','Get exchange rate API key on :link','2023-05-28 21:30:26','2023-05-28 21:30:26'),(2739,1,'en','plugins/ecommerce/currency','use_exchange_rate_from_api','Use exchange rate from API?','2023-05-28 21:30:26','2023-05-28 21:30:26'),(2740,1,'en','plugins/ecommerce/currency','clear_cache_rates_successfully','Clear cache currency rates successfully.','2023-05-28 21:30:26','2023-05-28 21:30:26'),(2741,1,'en','plugins/ecommerce/customer','name','Customers','2023-05-28 21:30:26','2023-05-28 21:30:26'),(2742,1,'en','plugins/ecommerce/customer','create','Create a customer','2023-05-28 21:30:26','2023-05-28 21:30:26'),(2743,1,'en','plugins/ecommerce/customer','edit','Edit customer \":name\"','2023-05-28 21:30:26','2023-05-28 21:30:26'),(2744,1,'en','plugins/ecommerce/customer','email','Email','2023-05-28 21:30:26','2023-05-28 21:30:26'),(2745,1,'en','plugins/ecommerce/customer','email_placeholder','Ex: example@gmail.com','2023-05-28 21:30:26','2023-05-28 21:30:26'),(2746,1,'en','plugins/ecommerce/customer','password','Password','2023-05-28 21:30:26','2023-05-28 21:30:26'),(2747,1,'en','plugins/ecommerce/customer','change_password','Change password?','2023-05-28 21:30:26','2023-05-28 21:30:26'),(2748,1,'en','plugins/ecommerce/customer','password_confirmation','Password confirmation','2023-05-28 21:30:26','2023-05-28 21:30:26'),(2749,1,'en','plugins/ecommerce/customer','intro.title','Manage customers','2023-05-28 21:30:26','2023-05-28 21:30:26'),(2750,1,'en','plugins/ecommerce/customer','intro.description','When a customer buy your product(s), you will know their order histories.','2023-05-28 21:30:26','2023-05-28 21:30:26'),(2751,1,'en','plugins/ecommerce/customer','intro.button_text','Create customer','2023-05-28 21:30:26','2023-05-28 21:30:26'),(2752,1,'en','plugins/ecommerce/customer','phone','Phone','2023-05-28 21:30:26','2023-05-28 21:30:26'),(2753,1,'en','plugins/ecommerce/customer','phone_placeholder','Phone','2023-05-28 21:30:26','2023-05-28 21:30:26'),(2754,1,'en','plugins/ecommerce/customer','avatar','Avatar','2023-05-28 21:30:26','2023-05-28 21:30:26'),(2755,1,'en','plugins/ecommerce/customer','dob','Date of birth','2023-05-28 21:30:26','2023-05-28 21:30:26'),(2756,1,'en','plugins/ecommerce/customer','statuses.activated','Activated','2023-05-28 21:30:26','2023-05-28 21:30:26'),(2757,1,'en','plugins/ecommerce/customer','statuses.locked','Locked','2023-05-28 21:30:26','2023-05-28 21:30:26'),(2758,1,'en','plugins/ecommerce/customer','email_verified','Email verified?','2023-05-28 21:30:26','2023-05-28 21:30:26'),(2759,1,'en','plugins/ecommerce/customer','verify_email.confirm_heading','Verify email confirmation','2023-05-28 21:30:26','2023-05-28 21:30:26'),(2760,1,'en','plugins/ecommerce/customer','verify_email.confirm_description','Are you sure you want to verify email this customer?','2023-05-28 21:30:26','2023-05-28 21:30:26'),(2761,1,'en','plugins/ecommerce/customer','verify_email.notification','This customer is not verified email yet? :approve_link to verify email.','2023-05-28 21:30:26','2023-05-28 21:30:26'),(2762,1,'en','plugins/ecommerce/customer','verify_email.approve_here','click here','2023-05-28 21:30:26','2023-05-28 21:30:26'),(2763,1,'en','plugins/ecommerce/customer','verify_email.confirm_button','Verify','2023-05-28 21:30:26','2023-05-28 21:30:26'),(2764,1,'en','plugins/ecommerce/discount','name','Discounts','2023-05-28 21:30:26','2023-05-28 21:30:26'),(2765,1,'en','plugins/ecommerce/discount','create','Create discount','2023-05-28 21:30:26','2023-05-28 21:30:26'),(2766,1,'en','plugins/ecommerce/discount','invalid_coupon','This coupon is invalid or expired!','2023-05-28 21:30:26','2023-05-28 21:30:26'),(2767,1,'en','plugins/ecommerce/discount','cannot_use_same_time_with_other_discount_program','Cannot use this coupon in the same time with other discount program!','2023-05-28 21:30:26','2023-05-28 21:30:26'),(2768,1,'en','plugins/ecommerce/discount','not_used','This coupon is not used yet!','2023-05-28 21:30:26','2023-05-28 21:30:26'),(2769,1,'en','plugins/ecommerce/discount','detail','Detail','2023-05-28 21:30:26','2023-05-28 21:30:26'),(2770,1,'en','plugins/ecommerce/discount','used','Used','2023-05-28 21:30:26','2023-05-28 21:30:26'),(2771,1,'en','plugins/ecommerce/discount','intro.title','Manage discount/coupon code','2023-05-28 21:30:26','2023-05-28 21:30:26'),(2772,1,'en','plugins/ecommerce/discount','intro.description','Create coupon code or promotion for your products.','2023-05-28 21:30:26','2023-05-28 21:30:26'),(2773,1,'en','plugins/ecommerce/discount','intro.button_text','Create discount','2023-05-28 21:30:26','2023-05-28 21:30:26'),(2774,1,'en','plugins/ecommerce/discount','expired','Expired','2023-05-28 21:30:26','2023-05-28 21:30:26'),(2775,1,'en','plugins/ecommerce/discount','discount_promotion','Discount promotion','2023-05-28 21:30:26','2023-05-28 21:30:26'),(2776,1,'en','plugins/ecommerce/discount','can','can','2023-05-28 21:30:26','2023-05-28 21:30:26'),(2777,1,'en','plugins/ecommerce/discount','cannot','cannot','2023-05-28 21:30:26','2023-05-28 21:30:26'),(2778,1,'en','plugins/ecommerce/discount','use_with_promotion','be used with promotion','2023-05-28 21:30:26','2023-05-28 21:30:26'),(2779,1,'en','plugins/ecommerce/discount','create_discount_validate_title_required_if','Please enter the name of the promotion','2023-05-28 21:30:26','2023-05-28 21:30:26'),(2780,1,'en','plugins/ecommerce/discount','create_discount_validate_code_required_if','Please enter the promotion code','2023-05-28 21:30:26','2023-05-28 21:30:26'),(2781,1,'en','plugins/ecommerce/discount','create_discount_validate_value_required','Amount must be greater than 0','2023-05-28 21:30:26','2023-05-28 21:30:26'),(2782,1,'en','plugins/ecommerce/discount','create_discount_validate_target_required','No object selected for promotion','2023-05-28 21:30:26','2023-05-28 21:30:26'),(2783,1,'en','plugins/ecommerce/discount','enums.type-options.amount','Amount - Fixed','2023-05-28 21:30:26','2023-05-28 21:30:26'),(2784,1,'en','plugins/ecommerce/discount','enums.type-options.percentage','Discount %','2023-05-28 21:30:26','2023-05-28 21:30:26'),(2785,1,'en','plugins/ecommerce/discount','enums.type-options.shipping','Free shipping','2023-05-28 21:30:26','2023-05-28 21:30:26'),(2786,1,'en','plugins/ecommerce/discount','enums.type-options.same-price','Same price','2023-05-28 21:30:26','2023-05-28 21:30:26'),(2787,1,'en','plugins/ecommerce/discount','discount','Discount','2023-05-28 21:30:26','2023-05-28 21:30:26'),(2788,1,'en','plugins/ecommerce/discount','create_coupon_code','Create coupon code','2023-05-28 21:30:26','2023-05-28 21:30:26'),(2789,1,'en','plugins/ecommerce/discount','create_discount_promotion','Create discount promotion','2023-05-28 21:30:26','2023-05-28 21:30:26'),(2790,1,'en','plugins/ecommerce/discount','generate_coupon_code','Generate coupon code','2023-05-28 21:30:26','2023-05-28 21:30:26'),(2791,1,'en','plugins/ecommerce/discount','customers_will_enter_this_coupon_code_when_they_checkout','Customers will enter this coupon code when they checkout','2023-05-28 21:30:26','2023-05-28 21:30:26'),(2792,1,'en','plugins/ecommerce/discount','select_type_of_discount','Select type of discount','2023-05-28 21:30:26','2023-05-28 21:30:26'),(2793,1,'en','plugins/ecommerce/discount','coupon_code','Coupon code','2023-05-28 21:30:26','2023-05-28 21:30:26'),(2794,1,'en','plugins/ecommerce/discount','promotion','Promotion','2023-05-28 21:30:26','2023-05-28 21:30:26'),(2795,1,'en','plugins/ecommerce/discount','can_be_used_with_promotion','Can be used with promotion','2023-05-28 21:30:26','2023-05-28 21:30:26'),(2796,1,'en','plugins/ecommerce/discount','unlimited_coupon','Unlimited coupon','2023-05-28 21:30:26','2023-05-28 21:30:26'),(2797,1,'en','plugins/ecommerce/discount','enter_number','Enter number','2023-05-28 21:30:26','2023-05-28 21:30:26'),(2798,1,'en','plugins/ecommerce/discount','coupon_type','Coupon type','2023-05-28 21:30:26','2023-05-28 21:30:26'),(2799,1,'en','plugins/ecommerce/discount','percentage_discount','Percentage discount (%)','2023-05-28 21:30:26','2023-05-28 21:30:26'),(2800,1,'en','plugins/ecommerce/discount','free_shipping','Free shipping','2023-05-28 21:30:26','2023-05-28 21:30:26'),(2801,1,'en','plugins/ecommerce/discount','same_price','Same price','2023-05-28 21:30:26','2023-05-28 21:30:26'),(2802,1,'en','plugins/ecommerce/discount','apply_for','apply for','2023-05-28 21:30:26','2023-05-28 21:30:26'),(2803,1,'en','plugins/ecommerce/discount','all_orders','All orders','2023-05-28 21:30:26','2023-05-28 21:30:26'),(2804,1,'en','plugins/ecommerce/discount','order_amount_from','Order amount from','2023-05-28 21:30:26','2023-05-28 21:30:26'),(2805,1,'en','plugins/ecommerce/discount','product_collection','Product collection','2023-05-28 21:30:26','2023-05-28 21:30:26'),(2806,1,'en','plugins/ecommerce/discount','product','Product','2023-05-28 21:30:26','2023-05-28 21:30:26'),(2807,1,'en','plugins/ecommerce/discount','customer','Customer','2023-05-28 21:30:27','2023-05-28 21:30:27'),(2808,1,'en','plugins/ecommerce/discount','variant','Variant','2023-05-28 21:30:27','2023-05-28 21:30:27'),(2809,1,'en','plugins/ecommerce/discount','search_product','Search product','2023-05-28 21:30:27','2023-05-28 21:30:27'),(2810,1,'en','plugins/ecommerce/discount','no_products_found','No products found!','2023-05-28 21:30:27','2023-05-28 21:30:27'),(2811,1,'en','plugins/ecommerce/discount','search_customer','Search customer','2023-05-28 21:30:27','2023-05-28 21:30:27'),(2812,1,'en','plugins/ecommerce/discount','no_customer_found','No customer found!','2023-05-28 21:30:27','2023-05-28 21:30:27'),(2813,1,'en','plugins/ecommerce/discount','one_time_per_order','One time per order','2023-05-28 21:30:27','2023-05-28 21:30:27'),(2814,1,'en','plugins/ecommerce/discount','one_time_per_product_in_cart','One time per product in cart','2023-05-28 21:30:27','2023-05-28 21:30:27'),(2815,1,'en','plugins/ecommerce/discount','number_of_products','Number of products required to apply','2023-05-28 21:30:27','2023-05-28 21:30:27'),(2816,1,'en','plugins/ecommerce/discount','selected_products','Selected products','2023-05-28 21:30:27','2023-05-28 21:30:27'),(2817,1,'en','plugins/ecommerce/discount','selected_customers','Selected customers','2023-05-28 21:30:27','2023-05-28 21:30:27'),(2818,1,'en','plugins/ecommerce/discount','time','Time','2023-05-28 21:30:27','2023-05-28 21:30:27'),(2819,1,'en','plugins/ecommerce/discount','start_date','Start date','2023-05-28 21:30:27','2023-05-28 21:30:27'),(2820,1,'en','plugins/ecommerce/discount','end_date','End date','2023-05-28 21:30:27','2023-05-28 21:30:27'),(2821,1,'en','plugins/ecommerce/discount','never_expired','Never expired','2023-05-28 21:30:27','2023-05-28 21:30:27'),(2822,1,'en','plugins/ecommerce/discount','save','Save','2023-05-28 21:30:27','2023-05-28 21:30:27'),(2823,1,'en','plugins/ecommerce/discount','enter_promotion_name','Enter promotion name','2023-05-28 21:30:27','2023-05-28 21:30:27'),(2824,1,'en','plugins/ecommerce/discount','enter_coupon_name','Enter coupon name','2023-05-28 21:30:27','2023-05-28 21:30:27'),(2825,1,'en','plugins/ecommerce/discount','cancel','Cancel','2023-05-28 21:30:27','2023-05-28 21:30:27'),(2826,1,'en','plugins/ecommerce/discount','is','Is','2023-05-28 21:30:27','2023-05-28 21:30:27'),(2827,1,'en','plugins/ecommerce/discount','when_shipping_fee_less_than','when shipping fee less than','2023-05-28 21:30:27','2023-05-28 21:30:27'),(2828,1,'en','plugins/ecommerce/discount','minimum_order_amount_error','You are under :minimum_amount to apply the coupon, you must add :add_more more items to your cart','2023-05-28 21:30:27','2023-05-28 21:30:27'),(2829,1,'en','plugins/ecommerce/discount','once_per_customer','Once per customer','2023-05-28 21:30:27','2023-05-28 21:30:27'),(2830,1,'en','plugins/ecommerce/discount','you_need_login_to_use_coupon_code','You need to login to use this coupon code','2023-05-28 21:30:27','2023-05-28 21:30:27'),(2831,1,'en','plugins/ecommerce/discount','you_used_coupon_code','You have already used this coupon code','2023-05-28 21:30:27','2023-05-28 21:30:27'),(2832,1,'en','plugins/ecommerce/discount','customer_used_coupon_code','Customers who have used this discount code','2023-05-28 21:30:27','2023-05-28 21:30:27'),(2833,1,'en','plugins/ecommerce/ecommerce','settings','Settings','2023-05-28 21:30:27','2023-05-28 21:30:27'),(2834,1,'en','plugins/ecommerce/ecommerce','name','Ecommerce','2023-05-28 21:30:27','2023-05-28 21:30:27'),(2835,1,'en','plugins/ecommerce/ecommerce','setting.email.title','E-commerce','2023-05-28 21:30:27','2023-05-28 21:30:27'),(2836,1,'en','plugins/ecommerce/ecommerce','setting.email.description','Ecommerce email config','2023-05-28 21:30:27','2023-05-28 21:30:27'),(2837,1,'en','plugins/ecommerce/ecommerce','setting.email.order_confirm_subject','Subject of order confirmation email','2023-05-28 21:30:27','2023-05-28 21:30:27'),(2838,1,'en','plugins/ecommerce/ecommerce','setting.email.order_confirm_subject_placeholder','The subject of email confirmation send to the customer','2023-05-28 21:30:27','2023-05-28 21:30:27'),(2839,1,'en','plugins/ecommerce/ecommerce','setting.email.order_confirm_content','Content of order confirmation email','2023-05-28 21:30:27','2023-05-28 21:30:27'),(2840,1,'en','plugins/ecommerce/ecommerce','setting.email.order_status_change_subject','Subject of email when changing order\'s status','2023-05-28 21:30:27','2023-05-28 21:30:27'),(2841,1,'en','plugins/ecommerce/ecommerce','setting.email.order_status_change_subject_placeholder','Subject of email when changing order\'s status send to customer','2023-05-28 21:30:27','2023-05-28 21:30:27'),(2842,1,'en','plugins/ecommerce/ecommerce','setting.email.order_status_change_content','Content of email when changing order\'s status','2023-05-28 21:30:27','2023-05-28 21:30:27'),(2843,1,'en','plugins/ecommerce/ecommerce','setting.email.from_email','Email from','2023-05-28 21:30:27','2023-05-28 21:30:27'),(2844,1,'en','plugins/ecommerce/ecommerce','setting.email.from_email_placeholder','Email from address to display in mail. Ex: example@gmail.com','2023-05-28 21:30:27','2023-05-28 21:30:27'),(2845,1,'en','plugins/ecommerce/ecommerce','setting.title','Basic information','2023-05-28 21:30:27','2023-05-28 21:30:27'),(2846,1,'en','plugins/ecommerce/ecommerce','setting.state','State','2023-05-28 21:30:27','2023-05-28 21:30:27'),(2847,1,'en','plugins/ecommerce/ecommerce','setting.city','City','2023-05-28 21:30:27','2023-05-28 21:30:27'),(2848,1,'en','plugins/ecommerce/ecommerce','setting.country','Country','2023-05-28 21:30:27','2023-05-28 21:30:27'),(2849,1,'en','plugins/ecommerce/ecommerce','setting.weight_unit_gram','Gram (g)','2023-05-28 21:30:27','2023-05-28 21:30:27'),(2850,1,'en','plugins/ecommerce/ecommerce','setting.weight_unit_kilogram','Kilogram (kg)','2023-05-28 21:30:27','2023-05-28 21:30:27'),(2851,1,'en','plugins/ecommerce/ecommerce','setting.weight_unit_lb','Pound (lb)','2023-05-28 21:30:27','2023-05-28 21:30:27'),(2852,1,'en','plugins/ecommerce/ecommerce','setting.weight_unit_oz','Ounce (oz)','2023-05-28 21:30:27','2023-05-28 21:30:27'),(2853,1,'en','plugins/ecommerce/ecommerce','setting.height_unit_cm','Centimeter (cm)','2023-05-28 21:30:27','2023-05-28 21:30:27'),(2854,1,'en','plugins/ecommerce/ecommerce','setting.height_unit_m','Meter (m)','2023-05-28 21:30:27','2023-05-28 21:30:27'),(2855,1,'en','plugins/ecommerce/ecommerce','setting.height_unit_inch','Inch','2023-05-28 21:30:27','2023-05-28 21:30:27'),(2856,1,'en','plugins/ecommerce/ecommerce','setting.store_locator_title','Store locators','2023-05-28 21:30:27','2023-05-28 21:30:27'),(2857,1,'en','plugins/ecommerce/ecommerce','setting.store_locator_description','All the lists of your chains, main stores, branches, etc. The locations can be used to track sales and to help us configure tax rates to charge when selling products.','2023-05-28 21:30:27','2023-05-28 21:30:27'),(2858,1,'en','plugins/ecommerce/ecommerce','setting.phone','Phone','2023-05-28 21:30:27','2023-05-28 21:30:27'),(2859,1,'en','plugins/ecommerce/ecommerce','setting.email_address','Email','2023-05-28 21:30:27','2023-05-28 21:30:27'),(2860,1,'en','plugins/ecommerce/ecommerce','setting.address','Address','2023-05-28 21:30:27','2023-05-28 21:30:27'),(2861,1,'en','plugins/ecommerce/ecommerce','setting.is_primary','Primary?','2023-05-28 21:30:27','2023-05-28 21:30:27'),(2862,1,'en','plugins/ecommerce/ecommerce','setting.add_new','Add new','2023-05-28 21:30:27','2023-05-28 21:30:27'),(2863,1,'en','plugins/ecommerce/ecommerce','setting.or','Or','2023-05-28 21:30:27','2023-05-28 21:30:27'),(2864,1,'en','plugins/ecommerce/ecommerce','setting.change_primary_store','change default store locator','2023-05-28 21:30:27','2023-05-28 21:30:27'),(2865,1,'en','plugins/ecommerce/ecommerce','setting.other_settings','Other settings','2023-05-28 21:30:27','2023-05-28 21:30:27'),(2866,1,'en','plugins/ecommerce/ecommerce','setting.other_settings_description','Settings for cart, review...','2023-05-28 21:30:27','2023-05-28 21:30:27'),(2867,1,'en','plugins/ecommerce/ecommerce','setting.enable_cart','Enable shopping cart?','2023-05-28 21:30:27','2023-05-28 21:30:27'),(2868,1,'en','plugins/ecommerce/ecommerce','setting.enable_tax','Enable tax?','2023-05-28 21:30:27','2023-05-28 21:30:27'),(2869,1,'en','plugins/ecommerce/ecommerce','setting.display_product_price_including_taxes','Display product price including taxes?','2023-05-28 21:30:27','2023-05-28 21:30:27'),(2870,1,'en','plugins/ecommerce/ecommerce','setting.enable_review','Enable review?','2023-05-28 21:30:27','2023-05-28 21:30:27'),(2871,1,'en','plugins/ecommerce/ecommerce','setting.enable_quick_buy_button','Enable quick buy button?','2023-05-28 21:30:27','2023-05-28 21:30:27'),(2872,1,'en','plugins/ecommerce/ecommerce','setting.quick_buy_target','Quick buy target page?','2023-05-28 21:30:27','2023-05-28 21:30:27'),(2873,1,'en','plugins/ecommerce/ecommerce','setting.checkout_page','Checkout page','2023-05-28 21:30:27','2023-05-28 21:30:27'),(2874,1,'en','plugins/ecommerce/ecommerce','setting.cart_page','Cart page','2023-05-28 21:30:27','2023-05-28 21:30:27'),(2875,1,'en','plugins/ecommerce/ecommerce','setting.add_location','Add location','2023-05-28 21:30:27','2023-05-28 21:30:27'),(2876,1,'en','plugins/ecommerce/ecommerce','setting.edit_location','Edit location','2023-05-28 21:30:27','2023-05-28 21:30:27'),(2877,1,'en','plugins/ecommerce/ecommerce','setting.delete_location','Delete location','2023-05-28 21:30:27','2023-05-28 21:30:27'),(2878,1,'en','plugins/ecommerce/ecommerce','setting.change_primary_location','Change primary location','2023-05-28 21:30:27','2023-05-28 21:30:27'),(2879,1,'en','plugins/ecommerce/ecommerce','setting.delete_location_confirmation','Are you sure you want to delete this location? This action cannot be undo.','2023-05-28 21:30:27','2023-05-28 21:30:27'),(2880,1,'en','plugins/ecommerce/ecommerce','setting.save_location','Save location','2023-05-28 21:30:27','2023-05-28 21:30:27'),(2881,1,'en','plugins/ecommerce/ecommerce','setting.accept','Accept','2023-05-28 21:30:27','2023-05-28 21:30:27'),(2882,1,'en','plugins/ecommerce/ecommerce','setting.select_country','Select country...','2023-05-28 21:30:27','2023-05-28 21:30:27'),(2883,1,'en','plugins/ecommerce/ecommerce','setting.zip_code_enabled','Enable Zip Code?','2023-05-28 21:30:27','2023-05-28 21:30:27'),(2884,1,'en','plugins/ecommerce/ecommerce','setting.thousands_separator','Thousands separator','2023-05-28 21:30:27','2023-05-28 21:30:27'),(2885,1,'en','plugins/ecommerce/ecommerce','setting.decimal_separator','Decimal separator','2023-05-28 21:30:27','2023-05-28 21:30:27'),(2886,1,'en','plugins/ecommerce/ecommerce','setting.separator_period','Period (.)','2023-05-28 21:30:27','2023-05-28 21:30:27'),(2887,1,'en','plugins/ecommerce/ecommerce','setting.separator_comma','Comma (,)','2023-05-28 21:30:27','2023-05-28 21:30:27'),(2888,1,'en','plugins/ecommerce/ecommerce','setting.separator_space','Space ( )','2023-05-28 21:30:27','2023-05-28 21:30:27'),(2889,1,'en','plugins/ecommerce/ecommerce','setting.available_countries','Available countries','2023-05-28 21:30:27','2023-05-28 21:30:27'),(2890,1,'en','plugins/ecommerce/ecommerce','setting.all','All','2023-05-28 21:30:27','2023-05-28 21:30:27'),(2891,1,'en','plugins/ecommerce/ecommerce','setting.verify_customer_email','Verify customer\'s email?','2023-05-28 21:30:27','2023-05-28 21:30:27'),(2892,1,'en','plugins/ecommerce/ecommerce','setting.minimum_order_amount','Minimum order amount to place an order (:currency).','2023-05-28 21:30:27','2023-05-28 21:30:27'),(2893,1,'en','plugins/ecommerce/ecommerce','setting.enable_guest_checkout','Enable guest checkout?','2023-05-28 21:30:27','2023-05-28 21:30:27'),(2894,1,'en','plugins/ecommerce/ecommerce','setting.show_number_of_products','Show number of products in the product single','2023-05-28 21:30:27','2023-05-28 21:30:27'),(2895,1,'en','plugins/ecommerce/ecommerce','setting.payment_method_cod_minimum_amount','Minimum order amount - :currency (Optional)','2023-05-28 21:30:27','2023-05-28 21:30:27'),(2896,1,'en','plugins/ecommerce/ecommerce','setting.review.max_file_size','Review max file size (MB)','2023-05-28 21:30:27','2023-05-28 21:30:27'),(2897,1,'en','plugins/ecommerce/ecommerce','setting.review.max_file_number','Review max file number','2023-05-28 21:30:27','2023-05-28 21:30:27'),(2898,1,'en','plugins/ecommerce/ecommerce','setting.using_custom_font_for_invoice','Using custom font for invoice?','2023-05-28 21:30:27','2023-05-28 21:30:27'),(2899,1,'en','plugins/ecommerce/ecommerce','setting.invoice_font_family','Invoice font family (Only work for Latin language)','2023-05-28 21:30:27','2023-05-28 21:30:27'),(2900,1,'en','plugins/ecommerce/ecommerce','setting.enable_invoice_stamp','Enable invoice stamp?','2023-05-28 21:30:27','2023-05-28 21:30:27'),(2901,1,'en','plugins/ecommerce/ecommerce','setting.invoice_support_arabic_language','Support Arabic language in invoice?','2023-05-28 21:30:27','2023-05-28 21:30:27'),(2902,1,'en','plugins/ecommerce/ecommerce','setting.disable_order_invoice_until_order_confirmed','Disable order invoice until order confirmed?','2023-05-28 21:30:27','2023-05-28 21:30:27'),(2903,1,'en','plugins/ecommerce/ecommerce','setting.vat_number','VAT number','2023-05-28 21:30:27','2023-05-28 21:30:27'),(2904,1,'en','plugins/ecommerce/ecommerce','setting.tax_id','Tax ID','2023-05-28 21:30:27','2023-05-28 21:30:27'),(2905,1,'en','plugins/ecommerce/ecommerce','setting.enable_recaptcha_in_register_page','Enable Recaptcha in the registration page?','2023-05-28 21:30:27','2023-05-28 21:30:27'),(2906,1,'en','plugins/ecommerce/ecommerce','setting.enable_math_captcha_in_register_page','Enable Math captcha in the registration page?','2023-05-28 21:30:27','2023-05-28 21:30:27'),(2907,1,'en','plugins/ecommerce/ecommerce','setting.enable_recaptcha_in_register_page_description','Need to setup Captcha in Admin -> Settings -> General first.','2023-05-28 21:30:27','2023-05-28 21:30:27'),(2908,1,'en','plugins/ecommerce/ecommerce','setting.show_out_of_stock_products','Show out of stock products?','2023-05-28 21:30:27','2023-05-28 21:30:27'),(2909,1,'en','plugins/ecommerce/ecommerce','setting.default_tax_rate','Default tax rate','2023-05-28 21:30:27','2023-05-28 21:30:27'),(2910,1,'en','plugins/ecommerce/ecommerce','setting.default_tax_rate_description','Important: it will be applied if no tax selected in product.','2023-05-28 21:30:27','2023-05-28 21:30:27'),(2911,1,'en','plugins/ecommerce/ecommerce','setting.how_to_display_product_variation_images','How to display product variation images?','2023-05-28 21:30:27','2023-05-28 21:30:27'),(2912,1,'en','plugins/ecommerce/ecommerce','setting.only_variation_images','Only variation images','2023-05-28 21:30:27','2023-05-28 21:30:27'),(2913,1,'en','plugins/ecommerce/ecommerce','setting.variation_images_and_main_product_images','Variation images + main product images','2023-05-28 21:30:27','2023-05-28 21:30:27'),(2914,1,'en','plugins/ecommerce/ecommerce','setting.load_countries_states_cities_from_location_plugin','Load countries, states, cities from plugin location?','2023-05-28 21:30:27','2023-05-28 21:30:27'),(2915,1,'en','plugins/ecommerce/ecommerce','setting.load_countries_states_cities_from_location_plugin_placeholder','After changing this option, you need to update all addresses again. You should set it once.','2023-05-28 21:30:27','2023-05-28 21:30:27'),(2916,1,'en','plugins/ecommerce/ecommerce','setting.enable_wishlist','Enable wishlist?','2023-05-28 21:30:27','2023-05-28 21:30:27'),(2917,1,'en','plugins/ecommerce/ecommerce','setting.enable_compare','Enable compare?','2023-05-28 21:30:27','2023-05-28 21:30:27'),(2918,1,'en','plugins/ecommerce/ecommerce','setting.enable_order_tracking','Enable order tracking?','2023-05-28 21:30:27','2023-05-28 21:30:27'),(2919,1,'en','plugins/ecommerce/ecommerce','setting.recently_viewed.enable','Enable customer recently viewed products?','2023-05-28 21:30:27','2023-05-28 21:30:27'),(2920,1,'en','plugins/ecommerce/ecommerce','setting.recently_viewed.max','Maximum number of customer recently viewed products','2023-05-28 21:30:27','2023-05-28 21:30:27'),(2921,1,'en','plugins/ecommerce/ecommerce','setting.recently_viewed.max_helper','If you set 0, it will save all products.','2023-05-28 21:30:27','2023-05-28 21:30:27'),(2922,1,'en','plugins/ecommerce/ecommerce','setting.search_products','Search products','2023-05-28 21:30:27','2023-05-28 21:30:27'),(2923,1,'en','plugins/ecommerce/ecommerce','setting.search_products_description','Config rules to search products','2023-05-28 21:30:27','2023-05-28 21:30:27'),(2924,1,'en','plugins/ecommerce/ecommerce','setting.search_for_an_exact_phrase','Search for an exact phrase?','2023-05-28 21:30:27','2023-05-28 21:30:27'),(2925,1,'en','plugins/ecommerce/ecommerce','setting.search_products_by','Search products by:','2023-05-28 21:30:27','2023-05-28 21:30:27'),(2926,1,'en','plugins/ecommerce/ecommerce','setting.tracking_settings','Tracking settings','2023-05-28 21:30:27','2023-05-28 21:30:27'),(2927,1,'en','plugins/ecommerce/ecommerce','setting.tracking_settings_description','Manage tracking: UTM, Facebook, Google Tag Manager...','2023-05-28 21:30:27','2023-05-28 21:30:27'),(2928,1,'en','plugins/ecommerce/ecommerce','setting.enable_facebook_pixel','Enable Facebook Pixel (Meta Pixel)?','2023-05-28 21:30:27','2023-05-28 21:30:27'),(2929,1,'en','plugins/ecommerce/ecommerce','setting.facebook_pixel_id','Facebook Pixel ID','2023-05-28 21:30:27','2023-05-28 21:30:27'),(2930,1,'en','plugins/ecommerce/ecommerce','setting.facebook_pixel_helper','Go to https://developers.facebook.com/docs/meta-pixel to create Facebook Pixel.','2023-05-28 21:30:27','2023-05-28 21:30:27'),(2931,1,'en','plugins/ecommerce/ecommerce','setting.enable_google_tag_manager','Enable Google Tag Manager?','2023-05-28 21:30:27','2023-05-28 21:30:27'),(2932,1,'en','plugins/ecommerce/ecommerce','setting.google_tag_manager_code','Google Tag Manager code','2023-05-28 21:30:27','2023-05-28 21:30:27'),(2933,1,'en','plugins/ecommerce/ecommerce','setting.google_tag_manager_helper','Go to https://ads.google.com/aw/conversions to create Google Ads Conversions.','2023-05-28 21:30:27','2023-05-28 21:30:27'),(2934,1,'en','plugins/ecommerce/ecommerce','setting.webhook','Webhook','2023-05-28 21:30:27','2023-05-28 21:30:27'),(2935,1,'en','plugins/ecommerce/ecommerce','setting.webhook_description','Send webhook when order placed.','2023-05-28 21:30:27','2023-05-28 21:30:27'),(2936,1,'en','plugins/ecommerce/ecommerce','setting.shipping','Shipping','2023-05-28 21:30:27','2023-05-28 21:30:27'),(2937,1,'en','plugins/ecommerce/ecommerce','setting.shipping_description','Settings for shipping','2023-05-28 21:30:27','2023-05-28 21:30:27'),(2938,1,'en','plugins/ecommerce/ecommerce','setting.hide_other_shipping_options_if_it_has_free_shipping','Hide other shipping options if it has free shipping in the list?','2023-05-28 21:30:27','2023-05-28 21:30:27'),(2939,1,'en','plugins/ecommerce/ecommerce','setting.order_placed_webhook_url','Order placed webhook URL (method: POST)','2023-05-28 21:30:27','2023-05-28 21:30:27'),(2940,1,'en','plugins/ecommerce/ecommerce','setting.return_request','Return Request','2023-05-28 21:30:27','2023-05-28 21:30:27'),(2941,1,'en','plugins/ecommerce/ecommerce','setting.return_request_description','Number of days a customer can request a return after the order is completed.','2023-05-28 21:30:27','2023-05-28 21:30:27'),(2942,1,'en','plugins/ecommerce/ecommerce','setting.returnable_days','Refundable days','2023-05-28 21:30:27','2023-05-28 21:30:27'),(2943,1,'en','plugins/ecommerce/ecommerce','setting.billing_address_enabled','Enable billing address?','2023-05-28 21:30:27','2023-05-28 21:30:27'),(2944,1,'en','plugins/ecommerce/ecommerce','setting.activate_custom_return_product_quantity','Activate custom return product quantity?','2023-05-28 21:30:27','2023-05-28 21:30:27'),(2945,1,'en','plugins/ecommerce/ecommerce','setting.allow_partial_return','Allow partial return?','2023-05-28 21:30:27','2023-05-28 21:30:27'),(2946,1,'en','plugins/ecommerce/ecommerce','setting.allow_partial_return_description','Customer can return a few products, do not need to return all products in an order.','2023-05-28 21:30:27','2023-05-28 21:30:27'),(2947,1,'en','plugins/ecommerce/ecommerce','setting.activate_custom_return_product_quantity_description','Allow customer to change the quantity of the product they want to return.','2023-05-28 21:30:27','2023-05-28 21:30:27'),(2948,1,'en','plugins/ecommerce/ecommerce','setting.digital_product','Digital product','2023-05-28 21:30:27','2023-05-28 21:30:27'),(2949,1,'en','plugins/ecommerce/ecommerce','setting.digital_product_title','Is enabled to support the digital products?','2023-05-28 21:30:27','2023-05-28 21:30:27'),(2950,1,'en','plugins/ecommerce/ecommerce','setting.allow_guest_checkout_for_digital_products','Allow guest checkout for digital products?','2023-05-28 21:30:27','2023-05-28 21:30:27'),(2951,1,'en','plugins/ecommerce/ecommerce','setting.company_settings','Company settings','2023-05-28 21:30:27','2023-05-28 21:30:27'),(2952,1,'en','plugins/ecommerce/ecommerce','setting.company_settings_description','Settings Company information for invoicing','2023-05-28 21:30:27','2023-05-28 21:30:27'),(2953,1,'en','plugins/ecommerce/ecommerce','setting.company_name','Company name','2023-05-28 21:30:27','2023-05-28 21:30:27'),(2954,1,'en','plugins/ecommerce/ecommerce','setting.company_address','Company address','2023-05-28 21:30:27','2023-05-28 21:30:27'),(2955,1,'en','plugins/ecommerce/ecommerce','setting.company_zipcode','Company zipcode','2023-05-28 21:30:27','2023-05-28 21:30:27'),(2956,1,'en','plugins/ecommerce/ecommerce','setting.company_email','Company email','2023-05-28 21:30:27','2023-05-28 21:30:27'),(2957,1,'en','plugins/ecommerce/ecommerce','setting.company_phone','Company phone','2023-05-28 21:30:27','2023-05-28 21:30:27'),(2958,1,'en','plugins/ecommerce/ecommerce','setting.company_logo','Company logo','2023-05-28 21:30:27','2023-05-28 21:30:27'),(2959,1,'en','plugins/ecommerce/ecommerce','setting.company_tax_id','Company tax ID','2023-05-28 21:30:27','2023-05-28 21:30:27'),(2960,1,'en','plugins/ecommerce/ecommerce','setting.invoice_code_prefix','Invoice code prefix','2023-05-28 21:30:27','2023-05-28 21:30:27'),(2961,1,'en','plugins/ecommerce/ecommerce','setting.only_allow_customers_purchased_to_review','Only customers who have purchased the product can review the product?','2023-05-28 21:30:27','2023-05-28 21:30:27'),(2962,1,'en','plugins/ecommerce/ecommerce','setting.enable_order_auto_confirmed','Auto confirm order?','2023-05-28 21:30:27','2023-05-28 21:30:27'),(2963,1,'en','plugins/ecommerce/ecommerce','setting.is_enabled_order_return','Is enabled order return?','2023-05-28 21:30:27','2023-05-28 21:30:27'),(2964,1,'en','plugins/ecommerce/ecommerce','setting.is_enabled_product_options','Is enabled product options?','2023-05-28 21:30:27','2023-05-28 21:30:27'),(2965,1,'en','plugins/ecommerce/ecommerce','setting.exchange_rate.choose_api_provider','Choose API provider','2023-05-28 21:30:27','2023-05-28 21:30:27'),(2966,1,'en','plugins/ecommerce/ecommerce','setting.exchange_rate.select','-- Select --','2023-05-28 21:30:27','2023-05-28 21:30:27'),(2967,1,'en','plugins/ecommerce/ecommerce','setting.exchange_rate.provider.api_layer','API Layer','2023-05-28 21:30:27','2023-05-28 21:30:27'),(2968,1,'en','plugins/ecommerce/ecommerce','setting.exchange_rate.provider.open_exchange_rate','Open Exchange Rates','2023-05-28 21:30:27','2023-05-28 21:30:27'),(2969,1,'en','plugins/ecommerce/ecommerce','setting.exchange_rate.open_exchange_app_id','Open Exchange Rates App ID','2023-05-28 21:30:27','2023-05-28 21:30:27'),(2970,1,'en','plugins/ecommerce/ecommerce','setting.display_bank_info_at_the_checkout_success_page','Display bank info at the checkout success page?','2023-05-28 21:30:27','2023-05-28 21:30:27'),(2971,1,'en','plugins/ecommerce/ecommerce','setting.mandatory_form_fields_at_checkout','Mandatory fields at the checkout page:','2023-05-28 21:30:27','2023-05-28 21:30:27'),(2972,1,'en','plugins/ecommerce/ecommerce','setting.hide_form_fields_at_checkout','Hide customer fields at checkout page:','2023-05-28 21:30:27','2023-05-28 21:30:27'),(2973,1,'en','plugins/ecommerce/ecommerce','store_address','Store address','2023-05-28 21:30:27','2023-05-28 21:30:27'),(2974,1,'en','plugins/ecommerce/ecommerce','store_phone','Store phone','2023-05-28 21:30:27','2023-05-28 21:30:27'),(2975,1,'en','plugins/ecommerce/ecommerce','order_id','Order ID','2023-05-28 21:30:27','2023-05-28 21:30:27'),(2976,1,'en','plugins/ecommerce/ecommerce','order_token','Order token','2023-05-28 21:30:27','2023-05-28 21:30:27'),(2977,1,'en','plugins/ecommerce/ecommerce','customer_name','Customer name','2023-05-28 21:30:28','2023-05-28 21:30:28'),(2978,1,'en','plugins/ecommerce/ecommerce','customer_email','Customer email','2023-05-28 21:30:28','2023-05-28 21:30:28'),(2979,1,'en','plugins/ecommerce/ecommerce','customer_phone','Customer phone','2023-05-28 21:30:28','2023-05-28 21:30:28'),(2980,1,'en','plugins/ecommerce/ecommerce','customer_address','Customer address','2023-05-28 21:30:28','2023-05-28 21:30:28'),(2981,1,'en','plugins/ecommerce/ecommerce','product_list','List products in order','2023-05-28 21:30:28','2023-05-28 21:30:28'),(2982,1,'en','plugins/ecommerce/ecommerce','order_note','Order note','2023-05-28 21:30:28','2023-05-28 21:30:28'),(2983,1,'en','plugins/ecommerce/ecommerce','payment_detail','Payment detail','2023-05-28 21:30:28','2023-05-28 21:30:28'),(2984,1,'en','plugins/ecommerce/ecommerce','shipping_method','Shipping method','2023-05-28 21:30:28','2023-05-28 21:30:28'),(2985,1,'en','plugins/ecommerce/ecommerce','payment_method','Payment method','2023-05-28 21:30:28','2023-05-28 21:30:28'),(2986,1,'en','plugins/ecommerce/ecommerce','standard_and_format','Standard & Format','2023-05-28 21:30:28','2023-05-28 21:30:28'),(2987,1,'en','plugins/ecommerce/ecommerce','standard_and_format_description','Standards and formats are used to calculate things like product prices, shipping weights, and order times.','2023-05-28 21:30:28','2023-05-28 21:30:28'),(2988,1,'en','plugins/ecommerce/ecommerce','change_order_format','Edit order code format (optional)','2023-05-28 21:30:28','2023-05-28 21:30:28'),(2989,1,'en','plugins/ecommerce/ecommerce','change_order_format_description','The default order code starts at: number. You can change the start or end string to create the order code you want, for example \"DH-: number\" or \": number-A\"','2023-05-28 21:30:28','2023-05-28 21:30:28'),(2990,1,'en','plugins/ecommerce/ecommerce','start_with','Start with','2023-05-28 21:30:28','2023-05-28 21:30:28'),(2991,1,'en','plugins/ecommerce/ecommerce','end_with','End with','2023-05-28 21:30:28','2023-05-28 21:30:28'),(2992,1,'en','plugins/ecommerce/ecommerce','order_will_be_shown','Your order code will be shown','2023-05-28 21:30:28','2023-05-28 21:30:28'),(2993,1,'en','plugins/ecommerce/ecommerce','weight_unit','Unit of weight','2023-05-28 21:30:28','2023-05-28 21:30:28'),(2994,1,'en','plugins/ecommerce/ecommerce','height_unit','Unit length / height','2023-05-28 21:30:28','2023-05-28 21:30:28'),(2995,1,'en','plugins/ecommerce/ecommerce','theme_options.name','Ecommerce','2023-05-28 21:30:28','2023-05-28 21:30:28'),(2996,1,'en','plugins/ecommerce/ecommerce','theme_options.description','Theme options for Ecommerce','2023-05-28 21:30:28','2023-05-28 21:30:28'),(2997,1,'en','plugins/ecommerce/ecommerce','theme_options.number_products_per_page','Number of products per page','2023-05-28 21:30:28','2023-05-28 21:30:28'),(2998,1,'en','plugins/ecommerce/ecommerce','theme_options.number_of_cross_sale_product','Number of cross sale products in product detail page','2023-05-28 21:30:28','2023-05-28 21:30:28'),(2999,1,'en','plugins/ecommerce/ecommerce','theme_options.max_price_filter','Maximum price to filter','2023-05-28 21:30:28','2023-05-28 21:30:28'),(3000,1,'en','plugins/ecommerce/ecommerce','theme_options.logo_in_the_checkout_page','Logo in the checkout page (Default is the main logo)','2023-05-28 21:30:28','2023-05-28 21:30:28'),(3001,1,'en','plugins/ecommerce/ecommerce','basic_settings','Basic settings','2023-05-28 21:30:28','2023-05-28 21:30:28'),(3002,1,'en','plugins/ecommerce/ecommerce','advanced_settings','Advanced settings','2023-05-28 21:30:28','2023-05-28 21:30:28'),(3003,1,'en','plugins/ecommerce/ecommerce','product_review_list','Product review list','2023-05-28 21:30:28','2023-05-28 21:30:28'),(3004,1,'en','plugins/ecommerce/email','customer_new_order_title','Order confirmation','2023-05-28 21:30:28','2023-05-28 21:30:28'),(3005,1,'en','plugins/ecommerce/email','customer_new_order_description','Send email confirmation to customer when an order placed','2023-05-28 21:30:28','2023-05-28 21:30:28'),(3006,1,'en','plugins/ecommerce/email','order_cancellation_title','Order cancellation','2023-05-28 21:30:28','2023-05-28 21:30:28'),(3007,1,'en','plugins/ecommerce/email','order_cancellation_description','Send to custom when they cancelled order','2023-05-28 21:30:28','2023-05-28 21:30:28'),(3008,1,'en','plugins/ecommerce/email','delivery_confirmation_title','Delivering confirmation','2023-05-28 21:30:28','2023-05-28 21:30:28'),(3009,1,'en','plugins/ecommerce/email','delivery_confirmation_description','Send to customer when order is delivering','2023-05-28 21:30:28','2023-05-28 21:30:28'),(3010,1,'en','plugins/ecommerce/email','admin_new_order_title','Notice about new order','2023-05-28 21:30:28','2023-05-28 21:30:28'),(3011,1,'en','plugins/ecommerce/email','admin_new_order_description','Send to administrators when an order placed','2023-05-28 21:30:28','2023-05-28 21:30:28'),(3012,1,'en','plugins/ecommerce/email','order_confirmation_title','Order confirmation','2023-05-28 21:30:28','2023-05-28 21:30:28'),(3013,1,'en','plugins/ecommerce/email','order_confirmation_description','Send to customer when they order was confirmed by admins','2023-05-28 21:30:28','2023-05-28 21:30:28'),(3014,1,'en','plugins/ecommerce/email','payment_confirmation_title','Payment confirmation','2023-05-28 21:30:28','2023-05-28 21:30:28'),(3015,1,'en','plugins/ecommerce/email','payment_confirmation_description','Send to customer when their payment was confirmed','2023-05-28 21:30:28','2023-05-28 21:30:28'),(3016,1,'en','plugins/ecommerce/email','order_recover_title','Incomplete order','2023-05-28 21:30:28','2023-05-28 21:30:28'),(3017,1,'en','plugins/ecommerce/email','order_recover_description','Send to custom to remind them about incomplete orders','2023-05-28 21:30:28','2023-05-28 21:30:28'),(3018,1,'en','plugins/ecommerce/email','view_order','View order','2023-05-28 21:30:28','2023-05-28 21:30:28'),(3019,1,'en','plugins/ecommerce/email','link_go_to_our_shop','or <a href=\":link\">Go to our shop</a>','2023-05-28 21:30:28','2023-05-28 21:30:28'),(3020,1,'en','plugins/ecommerce/email','order_number','Order number: <strong>:order_id</strong>','2023-05-28 21:30:28','2023-05-28 21:30:28'),(3021,1,'en','plugins/ecommerce/email','order_information','Order information:','2023-05-28 21:30:28','2023-05-28 21:30:28'),(3022,1,'en','plugins/ecommerce/email','order_return_request_title','Order return request','2023-05-28 21:30:28','2023-05-28 21:30:28'),(3023,1,'en','plugins/ecommerce/email','order_return_request_description','Send to customer when they return order','2023-05-28 21:30:28','2023-05-28 21:30:28'),(3024,1,'en','plugins/ecommerce/export','products.name','Export products','2023-05-28 21:30:28','2023-05-28 21:30:28'),(3025,1,'en','plugins/ecommerce/export','products.title','Export Products (CSV)','2023-05-28 21:30:28','2023-05-28 21:30:28'),(3026,1,'en','plugins/ecommerce/export','products.total_products','Total products','2023-05-28 21:30:28','2023-05-28 21:30:28'),(3027,1,'en','plugins/ecommerce/export','products.total_variations','Total variations','2023-05-28 21:30:28','2023-05-28 21:30:28'),(3028,1,'en','plugins/ecommerce/export','start_export','Start export','2023-05-28 21:30:28','2023-05-28 21:30:28'),(3029,1,'en','plugins/ecommerce/export','exporting','Exporting...','2023-05-28 21:30:28','2023-05-28 21:30:28'),(3030,1,'en','plugins/ecommerce/export','export','Export','2023-05-28 21:30:28','2023-05-28 21:30:28'),(3031,1,'en','plugins/ecommerce/flash-sale','name','Flash sales','2023-05-28 21:30:28','2023-05-28 21:30:28'),(3032,1,'en','plugins/ecommerce/flash-sale','create','New flash sale','2023-05-28 21:30:28','2023-05-28 21:30:28'),(3033,1,'en','plugins/ecommerce/flash-sale','edit','Edit flash sale','2023-05-28 21:30:28','2023-05-28 21:30:28'),(3034,1,'en','plugins/ecommerce/flash-sale','products','Products','2023-05-28 21:30:28','2023-05-28 21:30:28'),(3035,1,'en','plugins/ecommerce/invoice-template','name','Invoice template','2023-05-28 21:30:28','2023-05-28 21:30:28'),(3036,1,'en','plugins/ecommerce/invoice-template','setting','Invoice Settings','2023-05-28 21:30:28','2023-05-28 21:30:28'),(3037,1,'en','plugins/ecommerce/invoice-template','setting_description','Settings for Invoice template','2023-05-28 21:30:28','2023-05-28 21:30:28'),(3038,1,'en','plugins/ecommerce/invoice-template','setting_content','Content','2023-05-28 21:30:28','2023-05-28 21:30:28'),(3039,1,'en','plugins/ecommerce/invoice-template','preview','Preview','2023-05-28 21:30:28','2023-05-28 21:30:28'),(3040,1,'en','plugins/ecommerce/invoice-template','preview_heading','Preview Invoice template','2023-05-28 21:30:28','2023-05-28 21:30:28'),(3041,1,'en','plugins/ecommerce/invoice','name','Invoices','2023-05-28 21:30:28','2023-05-28 21:30:28'),(3042,1,'en','plugins/ecommerce/invoice','create','New invoice','2023-05-28 21:30:28','2023-05-28 21:30:28'),(3043,1,'en','plugins/ecommerce/invoice','edit','Edit invoice','2023-05-28 21:30:28','2023-05-28 21:30:28'),(3044,1,'en','plugins/ecommerce/invoice','print','Print Invoice','2023-05-28 21:30:28','2023-05-28 21:30:28'),(3045,1,'en','plugins/ecommerce/invoice','download','Download Invoice','2023-05-28 21:30:28','2023-05-28 21:30:28'),(3046,1,'en','plugins/ecommerce/invoice','heading','Invoice','2023-05-28 21:30:28','2023-05-28 21:30:28'),(3047,1,'en','plugins/ecommerce/invoice','invoice_for_job','','2023-05-28 21:30:28','2023-05-28 21:30:28'),(3048,1,'en','plugins/ecommerce/invoice','table.code','Code','2023-05-28 21:30:28','2023-05-28 21:30:28'),(3049,1,'en','plugins/ecommerce/invoice','table.amount','Amount','2023-05-28 21:30:28','2023-05-28 21:30:28'),(3050,1,'en','plugins/ecommerce/invoice','detail.invoice_for','Invoice For','2023-05-28 21:30:28','2023-05-28 21:30:28'),(3051,1,'en','plugins/ecommerce/invoice','detail.invoice_to','Invoice To','2023-05-28 21:30:28','2023-05-28 21:30:28'),(3052,1,'en','plugins/ecommerce/invoice','detail.tax_id','Tax ID','2023-05-28 21:30:28','2023-05-28 21:30:28'),(3053,1,'en','plugins/ecommerce/invoice','detail.code','Invoice Code','2023-05-28 21:30:28','2023-05-28 21:30:28'),(3054,1,'en','plugins/ecommerce/invoice','detail.issue_at','Issue At','2023-05-28 21:30:28','2023-05-28 21:30:28'),(3055,1,'en','plugins/ecommerce/invoice','detail.description','Description','2023-05-28 21:30:28','2023-05-28 21:30:28'),(3056,1,'en','plugins/ecommerce/invoice','detail.qty','Qty','2023-05-28 21:30:28','2023-05-28 21:30:28'),(3057,1,'en','plugins/ecommerce/invoice','detail.amount','Amount','2023-05-28 21:30:28','2023-05-28 21:30:28'),(3058,1,'en','plugins/ecommerce/invoice','detail.discount','Discount','2023-05-28 21:30:28','2023-05-28 21:30:28'),(3059,1,'en','plugins/ecommerce/invoice','detail.grand_total','Grand Total','2023-05-28 21:30:28','2023-05-28 21:30:28'),(3060,1,'en','plugins/ecommerce/invoice','detail.shipping_fee','Shipping Fee','2023-05-28 21:30:28','2023-05-28 21:30:28'),(3061,1,'en','plugins/ecommerce/invoice','detail.sub_total','Sub Total','2023-05-28 21:30:28','2023-05-28 21:30:28'),(3062,1,'en','plugins/ecommerce/invoice','detail.tax','Tax','2023-05-28 21:30:28','2023-05-28 21:30:28'),(3063,1,'en','plugins/ecommerce/invoice','detail.total','Total','2023-05-28 21:30:28','2023-05-28 21:30:28'),(3064,1,'en','plugins/ecommerce/invoice','total_amount','Total Amount','2023-05-28 21:30:28','2023-05-28 21:30:28'),(3065,1,'en','plugins/ecommerce/invoice','payment_info','Payment Info','2023-05-28 21:30:28','2023-05-28 21:30:28'),(3066,1,'en','plugins/ecommerce/invoice','payment_method','Payment Method','2023-05-28 21:30:28','2023-05-28 21:30:28'),(3067,1,'en','plugins/ecommerce/invoice','payment_status','Payment Status','2023-05-28 21:30:28','2023-05-28 21:30:28'),(3068,1,'en','plugins/ecommerce/invoice','generate_invoices','Generate Invoices','2023-05-28 21:30:28','2023-05-28 21:30:28'),(3069,1,'en','plugins/ecommerce/invoice','generate_success_message','Generated :count invoices successfully','2023-05-28 21:30:28','2023-05-28 21:30:28'),(3070,1,'en','plugins/ecommerce/order','statuses.pending','Pending','2023-05-28 21:30:28','2023-05-28 21:30:28'),(3071,1,'en','plugins/ecommerce/order','statuses.processing','Processing','2023-05-28 21:30:28','2023-05-28 21:30:28'),(3072,1,'en','plugins/ecommerce/order','statuses.completed','Completed','2023-05-28 21:30:28','2023-05-28 21:30:28'),(3073,1,'en','plugins/ecommerce/order','statuses.canceled','Canceled','2023-05-28 21:30:28','2023-05-28 21:30:28'),(3074,1,'en','plugins/ecommerce/order','statuses.partial_returned','Partial returned','2023-05-28 21:30:28','2023-05-28 21:30:28'),(3075,1,'en','plugins/ecommerce/order','statuses.returned','Returned','2023-05-28 21:30:28','2023-05-28 21:30:28'),(3076,1,'en','plugins/ecommerce/order','return_statuses.pending','Pending','2023-05-28 21:30:28','2023-05-28 21:30:28'),(3077,1,'en','plugins/ecommerce/order','return_statuses.processing','Processing','2023-05-28 21:30:28','2023-05-28 21:30:28'),(3078,1,'en','plugins/ecommerce/order','return_statuses.completed','Completed','2023-05-28 21:30:28','2023-05-28 21:30:28'),(3079,1,'en','plugins/ecommerce/order','return_statuses.canceled','Canceled','2023-05-28 21:30:28','2023-05-28 21:30:28'),(3080,1,'en','plugins/ecommerce/order','menu','Orders','2023-05-28 21:30:28','2023-05-28 21:30:28'),(3081,1,'en','plugins/ecommerce/order','create','Create an order','2023-05-28 21:30:28','2023-05-28 21:30:28'),(3082,1,'en','plugins/ecommerce/order','cancel_error','The order is delivering or not completed','2023-05-28 21:30:28','2023-05-28 21:30:28'),(3083,1,'en','plugins/ecommerce/order','cancel_success','You do cancel the order successful','2023-05-28 21:30:28','2023-05-28 21:30:28'),(3084,1,'en','plugins/ecommerce/order','return_error','The order is delivering or not completed','2023-05-28 21:30:28','2023-05-28 21:30:28'),(3085,1,'en','plugins/ecommerce/order','return_success','Requested product(s) return successfully!','2023-05-28 21:30:28','2023-05-28 21:30:28'),(3086,1,'en','plugins/ecommerce/order','incomplete_order','Incomplete orders','2023-05-28 21:30:28','2023-05-28 21:30:28'),(3087,1,'en','plugins/ecommerce/order','order_id','Order ID','2023-05-28 21:30:28','2023-05-28 21:30:28'),(3088,1,'en','plugins/ecommerce/order','product_id','Product ID','2023-05-28 21:30:28','2023-05-28 21:30:28'),(3089,1,'en','plugins/ecommerce/order','customer_label','Customer','2023-05-28 21:30:28','2023-05-28 21:30:28'),(3090,1,'en','plugins/ecommerce/order','tax_amount','Tax Amount','2023-05-28 21:30:28','2023-05-28 21:30:28'),(3091,1,'en','plugins/ecommerce/order','shipping_amount','Shipping amount','2023-05-28 21:30:28','2023-05-28 21:30:28'),(3092,1,'en','plugins/ecommerce/order','payment_method','Payment method','2023-05-28 21:30:28','2023-05-28 21:30:28'),(3093,1,'en','plugins/ecommerce/order','payment_status_label','Payment status','2023-05-28 21:30:28','2023-05-28 21:30:28'),(3094,1,'en','plugins/ecommerce/order','manage_orders','Manage orders','2023-05-28 21:30:28','2023-05-28 21:30:28'),(3095,1,'en','plugins/ecommerce/order','order_intro_description','Once your store has orders, this is where you will process and track those orders.','2023-05-28 21:30:28','2023-05-28 21:30:28'),(3096,1,'en','plugins/ecommerce/order','create_new_order','Create a new order','2023-05-28 21:30:28','2023-05-28 21:30:28'),(3097,1,'en','plugins/ecommerce/order','manage_incomplete_orders','Manage incomplete orders','2023-05-28 21:30:28','2023-05-28 21:30:28'),(3098,1,'en','plugins/ecommerce/order','incomplete_orders_intro_description','Incomplete order is an order created when a customer adds a product to the cart, proceeds to fill out the purchase information but does not complete the checkout process.','2023-05-28 21:30:28','2023-05-28 21:30:28'),(3099,1,'en','plugins/ecommerce/order','invoice_for_order','Invoice for order','2023-05-28 21:30:28','2023-05-28 21:30:28'),(3100,1,'en','plugins/ecommerce/order','created','Created','2023-05-28 21:30:28','2023-05-28 21:30:28'),(3101,1,'en','plugins/ecommerce/order','invoice','Invoice','2023-05-28 21:30:28','2023-05-28 21:30:28'),(3102,1,'en','plugins/ecommerce/order','return','Order Return Request','2023-05-28 21:30:28','2023-05-28 21:30:28'),(3103,1,'en','plugins/ecommerce/order','is_return','Return checkbox','2023-05-28 21:30:28','2023-05-28 21:30:28'),(3104,1,'en','plugins/ecommerce/order','total_refund_amount','Total refund amount','2023-05-28 21:30:28','2023-05-28 21:30:28'),(3105,1,'en','plugins/ecommerce/order','total_amount_can_be_refunded','Total amount can be refunded','2023-05-28 21:30:28','2023-05-28 21:30:28'),(3106,1,'en','plugins/ecommerce/order','refund_reason','Refund reason','2023-05-28 21:30:28','2023-05-28 21:30:28'),(3107,1,'en','plugins/ecommerce/order','products','product(s)','2023-05-28 21:30:28','2023-05-28 21:30:28'),(3108,1,'en','plugins/ecommerce/order','default','Default','2023-05-28 21:30:28','2023-05-28 21:30:28'),(3109,1,'en','plugins/ecommerce/order','system','System','2023-05-28 21:30:28','2023-05-28 21:30:28'),(3110,1,'en','plugins/ecommerce/order','new_order_from','New order :order_id from :customer','2023-05-28 21:30:28','2023-05-28 21:30:28'),(3111,1,'en','plugins/ecommerce/order','confirmation_email_was_sent_to_customer','The email confirmation was sent to customer','2023-05-28 21:30:28','2023-05-28 21:30:28'),(3112,1,'en','plugins/ecommerce/order','address_name_required','The name field is required.','2023-05-28 21:30:28','2023-05-28 21:30:28'),(3113,1,'en','plugins/ecommerce/order','address_phone_required','The phone field is required.','2023-05-28 21:30:28','2023-05-28 21:30:28'),(3114,1,'en','plugins/ecommerce/order','address_email_required','The email field is required.','2023-05-28 21:30:28','2023-05-28 21:30:28'),(3115,1,'en','plugins/ecommerce/order','address_email_unique','The customer with that email is existed, please choose other email or login with this email!','2023-05-28 21:30:28','2023-05-28 21:30:28'),(3116,1,'en','plugins/ecommerce/order','address_state_required','The state field is required.','2023-05-28 21:30:28','2023-05-28 21:30:28'),(3117,1,'en','plugins/ecommerce/order','address_city_required','The city field is required.','2023-05-28 21:30:28','2023-05-28 21:30:28'),(3118,1,'en','plugins/ecommerce/order','address_country_required','The country field is required.','2023-05-28 21:30:28','2023-05-28 21:30:28'),(3119,1,'en','plugins/ecommerce/order','address_address_required','The address field is required.','2023-05-28 21:30:28','2023-05-28 21:30:28'),(3120,1,'en','plugins/ecommerce/order','address_zipcode_required','The zipcode field is required.','2023-05-28 21:30:28','2023-05-28 21:30:28'),(3121,1,'en','plugins/ecommerce/order','create_order_from_payment_page','Order was created from checkout page','2023-05-28 21:30:28','2023-05-28 21:30:28'),(3122,1,'en','plugins/ecommerce/order','create_order_from_admin_page','Order was created from admin page','2023-05-28 21:30:28','2023-05-28 21:30:28'),(3123,1,'en','plugins/ecommerce/order','order_was_verified_by','Order was verified by %user_name%','2023-05-28 21:30:28','2023-05-28 21:30:28'),(3124,1,'en','plugins/ecommerce/order','new_order','New order :order_id','2023-05-28 21:30:28','2023-05-28 21:30:28'),(3125,1,'en','plugins/ecommerce/order','payment_was_confirmed_by','Payment was confirmed (amount :money) by %user_name%','2023-05-28 21:30:28','2023-05-28 21:30:28'),(3126,1,'en','plugins/ecommerce/order','edit_order','Edit order :code','2023-05-28 21:30:28','2023-05-28 21:30:28'),(3127,1,'en','plugins/ecommerce/order','confirm_order_success','Confirm order successfully!','2023-05-28 21:30:28','2023-05-28 21:30:28'),(3128,1,'en','plugins/ecommerce/order','error_when_sending_email','There is an error when sending email','2023-05-28 21:30:28','2023-05-28 21:30:28'),(3129,1,'en','plugins/ecommerce/order','sent_confirmation_email_success','Sent confirmation email successfully!','2023-05-28 21:30:28','2023-05-28 21:30:28'),(3130,1,'en','plugins/ecommerce/order','order_was_sent_to_shipping_team','Order was sent to shipping team','2023-05-28 21:30:28','2023-05-28 21:30:28'),(3131,1,'en','plugins/ecommerce/order','by_username','by %user_name%','2023-05-28 21:30:28','2023-05-28 21:30:28'),(3132,1,'en','plugins/ecommerce/order','shipping_was_created_from','Shipping was created from order %order_id%','2023-05-28 21:30:28','2023-05-28 21:30:28'),(3133,1,'en','plugins/ecommerce/order','shipping_was_canceled_success','Shipping was cancelled successfully!','2023-05-28 21:30:28','2023-05-28 21:30:28'),(3134,1,'en','plugins/ecommerce/order','shipping_was_canceled_by','Shipping was cancelled by %user_name%','2023-05-28 21:30:28','2023-05-28 21:30:28'),(3135,1,'en','plugins/ecommerce/order','update_shipping_address_success','Update shipping address successfully!','2023-05-28 21:30:28','2023-05-28 21:30:28'),(3136,1,'en','plugins/ecommerce/order','order_was_canceled_by','Order was cancelled by %user_name%','2023-05-28 21:30:28','2023-05-28 21:30:28'),(3137,1,'en','plugins/ecommerce/order','order_was_returned_by','Order was returned by %user_name%','2023-05-28 21:30:28','2023-05-28 21:30:28'),(3138,1,'en','plugins/ecommerce/order','confirm_payment_success','Confirm payment successfully!','2023-05-28 21:30:28','2023-05-28 21:30:28'),(3139,1,'en','plugins/ecommerce/order','refund_amount_invalid','Refund amount must be lower or equal :price','2023-05-28 21:30:28','2023-05-28 21:30:28'),(3140,1,'en','plugins/ecommerce/order','number_of_products_invalid','Number of products refund is not valid!','2023-05-28 21:30:28','2023-05-28 21:30:28'),(3141,1,'en','plugins/ecommerce/order','cannot_found_payment_for_this_order','Cannot found payment for this order!','2023-05-28 21:30:28','2023-05-28 21:30:28'),(3142,1,'en','plugins/ecommerce/order','refund_success_with_price','Refund success :price','2023-05-28 21:30:28','2023-05-28 21:30:28'),(3143,1,'en','plugins/ecommerce/order','refund_success','Refund successfully!','2023-05-28 21:30:28','2023-05-28 21:30:28'),(3144,1,'en','plugins/ecommerce/order','order_is_not_existed','Order is not existed!','2023-05-28 21:30:28','2023-05-28 21:30:28'),(3145,1,'en','plugins/ecommerce/order','reorder','Reorder','2023-05-28 21:30:28','2023-05-28 21:30:28'),(3146,1,'en','plugins/ecommerce/order','sent_email_incomplete_order_success','Sent email to remind about incomplete order successfully!','2023-05-28 21:30:28','2023-05-28 21:30:28'),(3147,1,'en','plugins/ecommerce/order','applied_coupon_success','Applied coupon \":code\" successfully!','2023-05-28 21:30:29','2023-05-28 21:30:29'),(3148,1,'en','plugins/ecommerce/order','new_order_notice','You have <span class=\"bold\">:count</span> New Order(s)','2023-05-28 21:30:29','2023-05-28 21:30:29'),(3149,1,'en','plugins/ecommerce/order','view_all','View all','2023-05-28 21:30:29','2023-05-28 21:30:29'),(3150,1,'en','plugins/ecommerce/order','cancel_order','Cancel order','2023-05-28 21:30:29','2023-05-28 21:30:29'),(3151,1,'en','plugins/ecommerce/order','order_canceled','Order canceled','2023-05-28 21:30:29','2023-05-28 21:30:29'),(3152,1,'en','plugins/ecommerce/order','order_was_canceled_at','Order was canceled at','2023-05-28 21:30:29','2023-05-28 21:30:29'),(3153,1,'en','plugins/ecommerce/order','return_order','Return order','2023-05-28 21:30:29','2023-05-28 21:30:29'),(3154,1,'en','plugins/ecommerce/order','order_returned','Order returned','2023-05-28 21:30:29','2023-05-28 21:30:29'),(3155,1,'en','plugins/ecommerce/order','order_was_returned_at','Order was returned at','2023-05-28 21:30:29','2023-05-28 21:30:29'),(3156,1,'en','plugins/ecommerce/order','completed','Completed','2023-05-28 21:30:29','2023-05-28 21:30:29'),(3157,1,'en','plugins/ecommerce/order','uncompleted','Uncompleted','2023-05-28 21:30:29','2023-05-28 21:30:29'),(3158,1,'en','plugins/ecommerce/order','sku','SKU','2023-05-28 21:30:29','2023-05-28 21:30:29'),(3159,1,'en','plugins/ecommerce/order','warehouse','Warehouse','2023-05-28 21:30:29','2023-05-28 21:30:29'),(3160,1,'en','plugins/ecommerce/order','sub_amount','Sub amount','2023-05-28 21:30:29','2023-05-28 21:30:29'),(3161,1,'en','plugins/ecommerce/order','coupon_code','Coupon code: \":code\"','2023-05-28 21:30:29','2023-05-28 21:30:29'),(3162,1,'en','plugins/ecommerce/order','shipping_fee','Shipping fee','2023-05-28 21:30:29','2023-05-28 21:30:29'),(3163,1,'en','plugins/ecommerce/order','tax','Tax','2023-05-28 21:30:29','2023-05-28 21:30:29'),(3164,1,'en','plugins/ecommerce/order','refunded_amount','Refunded amount','2023-05-28 21:30:29','2023-05-28 21:30:29'),(3165,1,'en','plugins/ecommerce/order','amount_received','The amount actually received','2023-05-28 21:30:29','2023-05-28 21:30:29'),(3166,1,'en','plugins/ecommerce/order','download_invoice','Download invoice','2023-05-28 21:30:29','2023-05-28 21:30:29'),(3167,1,'en','plugins/ecommerce/order','print_invoice','Print invoice','2023-05-28 21:30:29','2023-05-28 21:30:29'),(3168,1,'en','plugins/ecommerce/order','add_note','Add note...','2023-05-28 21:30:29','2023-05-28 21:30:29'),(3169,1,'en','plugins/ecommerce/order','order_was_confirmed','Order was confirmed','2023-05-28 21:30:29','2023-05-28 21:30:29'),(3170,1,'en','plugins/ecommerce/order','confirm_order','Confirm order','2023-05-28 21:30:29','2023-05-28 21:30:29'),(3171,1,'en','plugins/ecommerce/order','confirm','Confirm','2023-05-28 21:30:29','2023-05-28 21:30:29'),(3172,1,'en','plugins/ecommerce/order','order_was_canceled','Order was canceled','2023-05-28 21:30:29','2023-05-28 21:30:29'),(3173,1,'en','plugins/ecommerce/order','order_was_returned','Order was returned','2023-05-28 21:30:29','2023-05-28 21:30:29'),(3174,1,'en','plugins/ecommerce/order','pending_payment','Pending payment','2023-05-28 21:30:29','2023-05-28 21:30:29'),(3175,1,'en','plugins/ecommerce/order','payment_was_accepted','Payment :money was accepted','2023-05-28 21:30:29','2023-05-28 21:30:29'),(3176,1,'en','plugins/ecommerce/order','payment_was_refunded','Payment was refunded','2023-05-28 21:30:29','2023-05-28 21:30:29'),(3177,1,'en','plugins/ecommerce/order','confirm_payment','Confirm payment','2023-05-28 21:30:29','2023-05-28 21:30:29'),(3178,1,'en','plugins/ecommerce/order','refund','Refund','2023-05-28 21:30:29','2023-05-28 21:30:29'),(3179,1,'en','plugins/ecommerce/order','all_products_are_not_delivered','All products are not delivered','2023-05-28 21:30:29','2023-05-28 21:30:29'),(3180,1,'en','plugins/ecommerce/order','delivery','Delivery','2023-05-28 21:30:29','2023-05-28 21:30:29'),(3181,1,'en','plugins/ecommerce/order','history','History','2023-05-28 21:30:29','2023-05-28 21:30:29'),(3182,1,'en','plugins/ecommerce/order','order_number','Order number','2023-05-28 21:30:29','2023-05-28 21:30:29'),(3183,1,'en','plugins/ecommerce/order','from','from','2023-05-28 21:30:29','2023-05-28 21:30:29'),(3184,1,'en','plugins/ecommerce/order','status','Status','2023-05-28 21:30:29','2023-05-28 21:30:29'),(3185,1,'en','plugins/ecommerce/order','successfully','Successfully','2023-05-28 21:30:29','2023-05-28 21:30:29'),(3186,1,'en','plugins/ecommerce/order','transaction_type','Transaction\'s type','2023-05-28 21:30:29','2023-05-28 21:30:29'),(3187,1,'en','plugins/ecommerce/order','staff','Staff','2023-05-28 21:30:29','2023-05-28 21:30:29'),(3188,1,'en','plugins/ecommerce/order','refund_date','Refund date','2023-05-28 21:30:29','2023-05-28 21:30:29'),(3189,1,'en','plugins/ecommerce/order','n_a','N\\A','2023-05-28 21:30:29','2023-05-28 21:30:29'),(3190,1,'en','plugins/ecommerce/order','payment_date','Payment date','2023-05-28 21:30:29','2023-05-28 21:30:29'),(3191,1,'en','plugins/ecommerce/order','payment_gateway','Payment gateway','2023-05-28 21:30:29','2023-05-28 21:30:29'),(3192,1,'en','plugins/ecommerce/order','transaction_amount','Transaction amount','2023-05-28 21:30:29','2023-05-28 21:30:29'),(3193,1,'en','plugins/ecommerce/order','resend','Resend','2023-05-28 21:30:29','2023-05-28 21:30:29'),(3194,1,'en','plugins/ecommerce/order','default_store','Default store','2023-05-28 21:30:29','2023-05-28 21:30:29'),(3195,1,'en','plugins/ecommerce/order','update_address','Update address','2023-05-28 21:30:29','2023-05-28 21:30:29'),(3196,1,'en','plugins/ecommerce/order','have_an_account_already','Have an account already','2023-05-28 21:30:29','2023-05-28 21:30:29'),(3197,1,'en','plugins/ecommerce/order','dont_have_an_account_yet','Don\'t have an account yet','2023-05-28 21:30:29','2023-05-28 21:30:29'),(3198,1,'en','plugins/ecommerce/order','mark_payment_as_confirmed','Mark <span>:method</span> as confirmed','2023-05-28 21:30:29','2023-05-28 21:30:29'),(3199,1,'en','plugins/ecommerce/order','resend_order_confirmation','Resend order confirmation','2023-05-28 21:30:29','2023-05-28 21:30:29'),(3200,1,'en','plugins/ecommerce/order','resend_order_confirmation_description','Confirmation email will be sent to <strong>:email</strong>?','2023-05-28 21:30:29','2023-05-28 21:30:29'),(3201,1,'en','plugins/ecommerce/order','send','Send','2023-05-28 21:30:29','2023-05-28 21:30:29'),(3202,1,'en','plugins/ecommerce/order','update','Update','2023-05-28 21:30:29','2023-05-28 21:30:29'),(3203,1,'en','plugins/ecommerce/order','cancel_shipping_confirmation','Cancel shipping confirmation?','2023-05-28 21:30:29','2023-05-28 21:30:29'),(3204,1,'en','plugins/ecommerce/order','cancel_shipping_confirmation_description','Cancel shipping confirmation?','2023-05-28 21:30:29','2023-05-28 21:30:29'),(3205,1,'en','plugins/ecommerce/order','cancel_order_confirmation','Cancel order confirmation?','2023-05-28 21:30:29','2023-05-28 21:30:29'),(3206,1,'en','plugins/ecommerce/order','cancel_order_confirmation_description','Are you sure you want to cancel this order? This action cannot rollback','2023-05-28 21:30:29','2023-05-28 21:30:29'),(3207,1,'en','plugins/ecommerce/order','return_order_confirmation','Return order confirmation?','2023-05-28 21:30:29','2023-05-28 21:30:29'),(3208,1,'en','plugins/ecommerce/order','return_order_confirmation_description','Are you sure you want to return this order? This action cannot rollback','2023-05-28 21:30:29','2023-05-28 21:30:29'),(3209,1,'en','plugins/ecommerce/order','confirm_payment_confirmation_description','Processed by <strong>:method</strong>. Did you receive payment outside the system? This payment won\'t be saved into system and cannot be refunded','2023-05-28 21:30:29','2023-05-28 21:30:29'),(3210,1,'en','plugins/ecommerce/order','save_note','Save note','2023-05-28 21:30:29','2023-05-28 21:30:29'),(3211,1,'en','plugins/ecommerce/order','order_note','Order note','2023-05-28 21:30:29','2023-05-28 21:30:29'),(3212,1,'en','plugins/ecommerce/order','order_note_placeholder','Note about order, ex: time or shipping instruction.','2023-05-28 21:30:29','2023-05-28 21:30:29'),(3213,1,'en','plugins/ecommerce/order','order_amount','Order amount','2023-05-28 21:30:29','2023-05-28 21:30:29'),(3214,1,'en','plugins/ecommerce/order','additional_information','Additional information','2023-05-28 21:30:29','2023-05-28 21:30:29'),(3215,1,'en','plugins/ecommerce/order','notice_about_incomplete_order','Notice about incomplete order','2023-05-28 21:30:29','2023-05-28 21:30:29'),(3216,1,'en','plugins/ecommerce/order','notice_about_incomplete_order_description','Remind email about uncompleted order will be send to <strong>:email</strong>?','2023-05-28 21:30:29','2023-05-28 21:30:29'),(3217,1,'en','plugins/ecommerce/order','incomplete_order_description_1','An incomplete order is when a potential customer places items in their shopping cart, and goes all the way through to the payment page, but then doesn\'t complete the transaction.','2023-05-28 21:30:29','2023-05-28 21:30:29'),(3218,1,'en','plugins/ecommerce/order','incomplete_order_description_2','If you have contacted customers and they want to continue buying, you can help them complete their order by following the link:','2023-05-28 21:30:29','2023-05-28 21:30:29'),(3219,1,'en','plugins/ecommerce/order','send_an_email_to_recover_this_order','Send an email to customer to recover this order','2023-05-28 21:30:29','2023-05-28 21:30:29'),(3220,1,'en','plugins/ecommerce/order','see_maps','See maps','2023-05-28 21:30:29','2023-05-28 21:30:29'),(3221,1,'en','plugins/ecommerce/order','one_or_more_products_dont_have_enough_quantity','One or more products don\'t have enough quantity!','2023-05-28 21:30:29','2023-05-28 21:30:29'),(3222,1,'en','plugins/ecommerce/order','cannot_send_order_recover_to_mail','The email could not be found so it can\'t send a recovery email to the customer.','2023-05-28 21:30:29','2023-05-28 21:30:29'),(3223,1,'en','plugins/ecommerce/order','payment_info','Payment Info','2023-05-28 21:30:29','2023-05-28 21:30:29'),(3224,1,'en','plugins/ecommerce/order','payment_method_refund_automatic','Your customer will be refunded using :method automatically.','2023-05-28 21:30:29','2023-05-28 21:30:29'),(3225,1,'en','plugins/ecommerce/order','order','Order','2023-05-28 21:30:29','2023-05-28 21:30:29'),(3226,1,'en','plugins/ecommerce/order','order_information','Order information','2023-05-28 21:30:29','2023-05-28 21:30:29'),(3227,1,'en','plugins/ecommerce/order','create_a_new_product','Create a new product','2023-05-28 21:30:29','2023-05-28 21:30:29'),(3228,1,'en','plugins/ecommerce/order','out_of_stock','Out of stock','2023-05-28 21:30:29','2023-05-28 21:30:29'),(3229,1,'en','plugins/ecommerce/order','products_available','product(s) available','2023-05-28 21:30:29','2023-05-28 21:30:29'),(3230,1,'en','plugins/ecommerce/order','no_products_found','No products found!','2023-05-28 21:30:29','2023-05-28 21:30:29'),(3231,1,'en','plugins/ecommerce/order','note','Note','2023-05-28 21:30:29','2023-05-28 21:30:29'),(3232,1,'en','plugins/ecommerce/order','note_for_order','Note for order...','2023-05-28 21:30:29','2023-05-28 21:30:29'),(3233,1,'en','plugins/ecommerce/order','amount','Amount','2023-05-28 21:30:29','2023-05-28 21:30:29'),(3234,1,'en','plugins/ecommerce/order','add_discount','Add discount','2023-05-28 21:30:29','2023-05-28 21:30:29'),(3235,1,'en','plugins/ecommerce/order','discount','Discount','2023-05-28 21:30:29','2023-05-28 21:30:29'),(3236,1,'en','plugins/ecommerce/order','add_shipping_fee','Add shipping fee','2023-05-28 21:30:29','2023-05-28 21:30:29'),(3237,1,'en','plugins/ecommerce/order','shipping','Shipping','2023-05-28 21:30:29','2023-05-28 21:30:29'),(3238,1,'en','plugins/ecommerce/order','total_amount','Total amount','2023-05-28 21:30:29','2023-05-28 21:30:29'),(3239,1,'en','plugins/ecommerce/order','confirm_payment_and_create_order','Confirm payment and create order','2023-05-28 21:30:29','2023-05-28 21:30:29'),(3240,1,'en','plugins/ecommerce/order','paid','Paid','2023-05-28 21:30:29','2023-05-28 21:30:29'),(3241,1,'en','plugins/ecommerce/order','pay_later','Pay later','2023-05-28 21:30:29','2023-05-28 21:30:29'),(3242,1,'en','plugins/ecommerce/order','customer_information','Customer information','2023-05-28 21:30:29','2023-05-28 21:30:29'),(3243,1,'en','plugins/ecommerce/order','create_new_customer','Create new customer','2023-05-28 21:30:29','2023-05-28 21:30:29'),(3244,1,'en','plugins/ecommerce/order','no_customer_found','No customer found!','2023-05-28 21:30:29','2023-05-28 21:30:29'),(3245,1,'en','plugins/ecommerce/order','customer','Customer','2023-05-28 21:30:29','2023-05-28 21:30:29'),(3246,1,'en','plugins/ecommerce/order','orders','order(s)','2023-05-28 21:30:29','2023-05-28 21:30:29'),(3247,1,'en','plugins/ecommerce/order','shipping_address','Shipping Address','2023-05-28 21:30:29','2023-05-28 21:30:29'),(3248,1,'en','plugins/ecommerce/order','shipping_info','Shipping information','2023-05-28 21:30:29','2023-05-28 21:30:29'),(3249,1,'en','plugins/ecommerce/order','billing_address','Billing Address','2023-05-28 21:30:29','2023-05-28 21:30:29'),(3250,1,'en','plugins/ecommerce/order','see_on_maps','See on maps','2023-05-28 21:30:29','2023-05-28 21:30:29'),(3251,1,'en','plugins/ecommerce/order','name','Name','2023-05-28 21:30:29','2023-05-28 21:30:29'),(3252,1,'en','plugins/ecommerce/order','price','Price','2023-05-28 21:30:29','2023-05-28 21:30:29'),(3253,1,'en','plugins/ecommerce/order','product_name','Product name','2023-05-28 21:30:29','2023-05-28 21:30:29'),(3254,1,'en','plugins/ecommerce/order','total','Total','2023-05-28 21:30:29','2023-05-28 21:30:29'),(3255,1,'en','plugins/ecommerce/order','action','Action','2023-05-28 21:30:29','2023-05-28 21:30:29'),(3256,1,'en','plugins/ecommerce/order','add_product','Add product','2023-05-28 21:30:29','2023-05-28 21:30:29'),(3257,1,'en','plugins/ecommerce/order','enter_free_text','Enter free text','2023-05-28 21:30:29','2023-05-28 21:30:29'),(3258,1,'en','plugins/ecommerce/order','promotion_discount_amount','Promotion amount','2023-05-28 21:30:29','2023-05-28 21:30:29'),(3259,1,'en','plugins/ecommerce/order','add','Add','2023-05-28 21:30:29','2023-05-28 21:30:29'),(3260,1,'en','plugins/ecommerce/order','store','Store','2023-05-28 21:30:29','2023-05-28 21:30:29'),(3261,1,'en','plugins/ecommerce/order','please_choose_product_option','Please choose product option','2023-05-28 21:30:29','2023-05-28 21:30:29'),(3262,1,'en','plugins/ecommerce/order','sku_optional','SKU (optional)','2023-05-28 21:30:29','2023-05-28 21:30:29'),(3263,1,'en','plugins/ecommerce/order','with_storehouse_management','With storehouse management?','2023-05-28 21:30:29','2023-05-28 21:30:29'),(3264,1,'en','plugins/ecommerce/order','quantity','Quantity','2023-05-28 21:30:29','2023-05-28 21:30:29'),(3265,1,'en','plugins/ecommerce/order','allow_customer_checkout_when_this_product_out_of_stock','Allow customer checkout when this product out of stock?','2023-05-28 21:30:29','2023-05-28 21:30:29'),(3266,1,'en','plugins/ecommerce/order','address','Address','2023-05-28 21:30:29','2023-05-28 21:30:29'),(3267,1,'en','plugins/ecommerce/order','phone','Phone','2023-05-28 21:30:29','2023-05-28 21:30:29'),(3268,1,'en','plugins/ecommerce/order','country','Country','2023-05-28 21:30:29','2023-05-28 21:30:29'),(3269,1,'en','plugins/ecommerce/order','state','State','2023-05-28 21:30:29','2023-05-28 21:30:29'),(3270,1,'en','plugins/ecommerce/order','city','City','2023-05-28 21:30:29','2023-05-28 21:30:29'),(3271,1,'en','plugins/ecommerce/order','zip_code','Zip code','2023-05-28 21:30:29','2023-05-28 21:30:29'),(3272,1,'en','plugins/ecommerce/order','discount_based_on','Discount based on','2023-05-28 21:30:29','2023-05-28 21:30:29'),(3273,1,'en','plugins/ecommerce/order','or_coupon_code','Or coupon code','2023-05-28 21:30:29','2023-05-28 21:30:29'),(3274,1,'en','plugins/ecommerce/order','description','Description','2023-05-28 21:30:29','2023-05-28 21:30:29'),(3275,1,'en','plugins/ecommerce/order','how_to_select_configured_shipping','How to select configured shipping?','2023-05-28 21:30:29','2023-05-28 21:30:29'),(3276,1,'en','plugins/ecommerce/order','please_add_customer_information_with_the_complete_shipping_address_to_see_the_configured_shipping_rates','Please add customer information with the complete shipping address to see the configured shipping rates','2023-05-28 21:30:29','2023-05-28 21:30:29'),(3277,1,'en','plugins/ecommerce/order','please_products_and_customer_address_to_see_the_shipping_rates','Please add products and customer information with the complete shipping address to see the configured shipping rates','2023-05-28 21:30:29','2023-05-28 21:30:29'),(3278,1,'en','plugins/ecommerce/order','shipping_method_not_found','Shipping method not found','2023-05-28 21:30:29','2023-05-28 21:30:29'),(3279,1,'en','plugins/ecommerce/order','free_shipping','Free shipping','2023-05-28 21:30:29','2023-05-28 21:30:29'),(3280,1,'en','plugins/ecommerce/order','custom','Custom','2023-05-28 21:30:29','2023-05-28 21:30:29'),(3281,1,'en','plugins/ecommerce/order','email','Email','2023-05-28 21:30:29','2023-05-28 21:30:29'),(3282,1,'en','plugins/ecommerce/order','create_order','Create order','2023-05-28 21:30:29','2023-05-28 21:30:29'),(3283,1,'en','plugins/ecommerce/order','close','Close','2023-05-28 21:30:29','2023-05-28 21:30:29'),(3284,1,'en','plugins/ecommerce/order','confirm_payment_is_paid_for_this_order','Confirm payment is paid for this order','2023-05-28 21:30:29','2023-05-28 21:30:29'),(3285,1,'en','plugins/ecommerce/order','payment_status_of_the_order_is_paid_once_the_order_has_been_created_you_cannot_change_the_payment_method_or_status','Payment status of the order is Paid. Once the order has been created, you cannot change the payment method or status','2023-05-28 21:30:29','2023-05-28 21:30:29'),(3286,1,'en','plugins/ecommerce/order','select_payment_method','Select payment method','2023-05-28 21:30:29','2023-05-28 21:30:29'),(3287,1,'en','plugins/ecommerce/order','cash_on_delivery_cod','Cash on delivery (COD)','2023-05-28 21:30:29','2023-05-28 21:30:29'),(3288,1,'en','plugins/ecommerce/order','bank_transfer','Bank transfer','2023-05-28 21:30:29','2023-05-28 21:30:29'),(3289,1,'en','plugins/ecommerce/order','paid_amount','Paid amount','2023-05-28 21:30:29','2023-05-28 21:30:29'),(3290,1,'en','plugins/ecommerce/order','confirm_that_payment_for_this_order_will_be_paid_later','Confirm that payment for this order will be paid later','2023-05-28 21:30:29','2023-05-28 21:30:29'),(3291,1,'en','plugins/ecommerce/order','payment_status_of_the_order_is_pending_once_the_order_has_been_created_you_cannot_change_the_payment_method_or_status','Payment status of the order is Pending. Once the order has been created, you cannot change the payment method or status','2023-05-28 21:30:29','2023-05-28 21:30:29'),(3292,1,'en','plugins/ecommerce/order','pending_amount','Pending amount','2023-05-28 21:30:29','2023-05-28 21:30:29'),(3293,1,'en','plugins/ecommerce/order','update_email','Update email','2023-05-28 21:30:29','2023-05-28 21:30:29'),(3294,1,'en','plugins/ecommerce/order','save','Save','2023-05-28 21:30:29','2023-05-28 21:30:29'),(3295,1,'en','plugins/ecommerce/order','cancel','Cancel','2023-05-28 21:30:29','2023-05-28 21:30:29'),(3296,1,'en','plugins/ecommerce/order','create_a_new_order','Create a new order','2023-05-28 21:30:29','2023-05-28 21:30:29'),(3297,1,'en','plugins/ecommerce/order','search_or_create_new_product','Search or create a new product','2023-05-28 21:30:29','2023-05-28 21:30:29'),(3298,1,'en','plugins/ecommerce/order','search_or_create_new_customer','Search or create a new customer','2023-05-28 21:30:29','2023-05-28 21:30:29'),(3299,1,'en','plugins/ecommerce/order','discount_description','Discount description','2023-05-28 21:30:29','2023-05-28 21:30:29'),(3300,1,'en','plugins/ecommerce/order','cant_select_out_of_stock_product','Cannot select out of stock product!','2023-05-28 21:30:29','2023-05-28 21:30:29'),(3301,1,'en','plugins/ecommerce/order','referral','Referral','2023-05-28 21:30:29','2023-05-28 21:30:29'),(3302,1,'en','plugins/ecommerce/order','return_order_unique','Same :attribute already exists in a previous return request.','2023-05-28 21:30:29','2023-05-28 21:30:29'),(3303,1,'en','plugins/ecommerce/order','total_return_amount','Total return amount','2023-05-28 21:30:29','2023-05-28 21:30:29'),(3304,1,'en','plugins/ecommerce/order','change_return_order_status','Change return order status','2023-05-28 21:30:29','2023-05-28 21:30:29'),(3305,1,'en','plugins/ecommerce/order','return_reason','Return reason','2023-05-28 21:30:29','2023-05-28 21:30:29'),(3306,1,'en','plugins/ecommerce/order','referral_data.ip','IP','2023-05-28 21:30:29','2023-05-28 21:30:29'),(3307,1,'en','plugins/ecommerce/order','referral_data.landing_domain','Landing domain','2023-05-28 21:30:29','2023-05-28 21:30:29'),(3308,1,'en','plugins/ecommerce/order','referral_data.landing_page','Landing page','2023-05-28 21:30:29','2023-05-28 21:30:29'),(3309,1,'en','plugins/ecommerce/order','referral_data.landing_params','Landing params','2023-05-28 21:30:29','2023-05-28 21:30:29'),(3310,1,'en','plugins/ecommerce/order','referral_data.gclid','Gclid','2023-05-28 21:30:29','2023-05-28 21:30:29'),(3311,1,'en','plugins/ecommerce/order','referral_data.fclid','Fclid','2023-05-28 21:30:29','2023-05-28 21:30:29'),(3312,1,'en','plugins/ecommerce/order','referral_data.utm_source','UTM source','2023-05-28 21:30:30','2023-05-28 21:30:30'),(3313,1,'en','plugins/ecommerce/order','referral_data.utm_campaign','UTM campaign','2023-05-28 21:30:30','2023-05-28 21:30:30'),(3314,1,'en','plugins/ecommerce/order','referral_data.utm_medium','UTM medium','2023-05-28 21:30:30','2023-05-28 21:30:30'),(3315,1,'en','plugins/ecommerce/order','referral_data.utm_term','UTM term','2023-05-28 21:30:30','2023-05-28 21:30:30'),(3316,1,'en','plugins/ecommerce/order','referral_data.utm_content','UTM content','2023-05-28 21:30:30','2023-05-28 21:30:30'),(3317,1,'en','plugins/ecommerce/order','referral_data.referral','Referral','2023-05-28 21:30:30','2023-05-28 21:30:30'),(3318,1,'en','plugins/ecommerce/order','referral_data.referrer_url','Referral URL','2023-05-28 21:30:30','2023-05-28 21:30:30'),(3319,1,'en','plugins/ecommerce/order','referral_data.referrer_domain','Referral domain','2023-05-28 21:30:30','2023-05-28 21:30:30'),(3320,1,'en','plugins/ecommerce/order','order_address_types.shipping_address','Shipping address','2023-05-28 21:30:30','2023-05-28 21:30:30'),(3321,1,'en','plugins/ecommerce/order','order_address_types.billing_address','Billing address','2023-05-28 21:30:30','2023-05-28 21:30:30'),(3322,1,'en','plugins/ecommerce/order','order_return_reasons.damaged','Damaged product','2023-05-28 21:30:30','2023-05-28 21:30:30'),(3323,1,'en','plugins/ecommerce/order','order_return_reasons.defective','Defective','2023-05-28 21:30:30','2023-05-28 21:30:30'),(3324,1,'en','plugins/ecommerce/order','order_return_reasons.incorrect_item','Incorrect item','2023-05-28 21:30:30','2023-05-28 21:30:30'),(3325,1,'en','plugins/ecommerce/order','order_return_reasons.arrived_late','Arrived late','2023-05-28 21:30:30','2023-05-28 21:30:30'),(3326,1,'en','plugins/ecommerce/order','order_return_reasons.not_as_described','Not as described','2023-05-28 21:30:30','2023-05-28 21:30:30'),(3327,1,'en','plugins/ecommerce/order','order_return_reasons.no_longer_want','No longer want','2023-05-28 21:30:30','2023-05-28 21:30:30'),(3328,1,'en','plugins/ecommerce/order','order_return_reasons.other','Other','2023-05-28 21:30:30','2023-05-28 21:30:30'),(3329,1,'en','plugins/ecommerce/order','order_return_reason','Return reason','2023-05-28 21:30:30','2023-05-28 21:30:30'),(3330,1,'en','plugins/ecommerce/order','notices.update_return_order_status_error','Cannot update return order status! Maybe the return order status is not valid.','2023-05-28 21:30:30','2023-05-28 21:30:30'),(3331,1,'en','plugins/ecommerce/order','notices.update_return_order_status_success','Update return order status successfully!','2023-05-28 21:30:30','2023-05-28 21:30:30'),(3332,1,'en','plugins/ecommerce/order','order_return','Order returns','2023-05-28 21:30:30','2023-05-28 21:30:30'),(3333,1,'en','plugins/ecommerce/order','edit_order_return','Edit order return :code','2023-05-28 21:30:30','2023-05-28 21:30:30'),(3334,1,'en','plugins/ecommerce/order','order_return_items_count','Product item(s)','2023-05-28 21:30:30','2023-05-28 21:30:30'),(3335,1,'en','plugins/ecommerce/order','new_order_notifications.new_order','New order','2023-05-28 21:30:30','2023-05-28 21:30:30'),(3336,1,'en','plugins/ecommerce/order','new_order_notifications.view','View','2023-05-28 21:30:30','2023-05-28 21:30:30'),(3337,1,'en','plugins/ecommerce/order','new_order_notifications.description',':customer ordered :quantity :product','2023-05-28 21:30:30','2023-05-28 21:30:30'),(3338,1,'en','plugins/ecommerce/order','confirm_payment_notifications.confirm_payment','Confirm payment','2023-05-28 21:30:30','2023-05-28 21:30:30'),(3339,1,'en','plugins/ecommerce/order','confirm_payment_notifications.description','Order :order Payment was confirmed (amount :amount) by :by','2023-05-28 21:30:30','2023-05-28 21:30:30'),(3340,1,'en','plugins/ecommerce/order','update_shipping_status_notifications.update_shipping_status','Update shipping status','2023-05-28 21:30:30','2023-05-28 21:30:30'),(3341,1,'en','plugins/ecommerce/order','update_shipping_status_notifications.description','Order :order had changed shipping status :description','2023-05-28 21:30:30','2023-05-28 21:30:30'),(3342,1,'en','plugins/ecommerce/order','cancel_order_notifications.cancel_order','Cancel order','2023-05-28 21:30:30','2023-05-28 21:30:30'),(3343,1,'en','plugins/ecommerce/order','cancel_order_notifications.description','Order :order was cancelled by custom :customer','2023-05-28 21:30:30','2023-05-28 21:30:30'),(3344,1,'en','plugins/ecommerce/order','return_order_notifications.return_order','Return order','2023-05-28 21:30:30','2023-05-28 21:30:30'),(3345,1,'en','plugins/ecommerce/order','return_order_notifications.description',':customer has requested return product(s)','2023-05-28 21:30:30','2023-05-28 21:30:30'),(3346,1,'en','plugins/ecommerce/order','order_completed_notifications.order_completed','Order Completed','2023-05-28 21:30:30','2023-05-28 21:30:30'),(3347,1,'en','plugins/ecommerce/order','order_completed_notifications.description','Order :order has been completed','2023-05-28 21:30:30','2023-05-28 21:30:30'),(3348,1,'en','plugins/ecommerce/payment','name','Payments','2023-05-28 21:30:30','2023-05-28 21:30:30'),(3349,1,'en','plugins/ecommerce/payment','payment_method','Payment methods','2023-05-28 21:30:30','2023-05-28 21:30:30'),(3350,1,'en','plugins/ecommerce/payment','view_payment','View payment #','2023-05-28 21:30:30','2023-05-28 21:30:30'),(3351,1,'en','plugins/ecommerce/payment','charge_id','Charge ID','2023-05-28 21:30:30','2023-05-28 21:30:30'),(3352,1,'en','plugins/ecommerce/payment','amount','Amount','2023-05-28 21:30:30','2023-05-28 21:30:30'),(3353,1,'en','plugins/ecommerce/payment','currency','Currency','2023-05-28 21:30:30','2023-05-28 21:30:30'),(3354,1,'en','plugins/ecommerce/payment','user','User','2023-05-28 21:30:30','2023-05-28 21:30:30'),(3355,1,'en','plugins/ecommerce/payment','paypal_name_required','PayPal\'s name is required!','2023-05-28 21:30:30','2023-05-28 21:30:30'),(3356,1,'en','plugins/ecommerce/payment','paypal_name_max','PayPal\'s name is too long!','2023-05-28 21:30:30','2023-05-28 21:30:30'),(3357,1,'en','plugins/ecommerce/payment','status','Status','2023-05-28 21:30:30','2023-05-28 21:30:30'),(3358,1,'en','plugins/ecommerce/payment','enabled','Enabled','2023-05-28 21:30:30','2023-05-28 21:30:30'),(3359,1,'en','plugins/ecommerce/payment','disabled','Disabled','2023-05-28 21:30:30','2023-05-28 21:30:30'),(3360,1,'en','plugins/ecommerce/payment','client_id','Client ID','2023-05-28 21:30:30','2023-05-28 21:30:30'),(3361,1,'en','plugins/ecommerce/payment','client_secret','Client Secret','2023-05-28 21:30:30','2023-05-28 21:30:30'),(3362,1,'en','plugins/ecommerce/payment','mode','Mode','2023-05-28 21:30:30','2023-05-28 21:30:30'),(3363,1,'en','plugins/ecommerce/payment','sandbox','Sandbox','2023-05-28 21:30:30','2023-05-28 21:30:30'),(3364,1,'en','plugins/ecommerce/payment','live','Live','2023-05-28 21:30:30','2023-05-28 21:30:30'),(3365,1,'en','plugins/ecommerce/payment','enable_payment_log','Enable Payment Log','2023-05-28 21:30:30','2023-05-28 21:30:30'),(3366,1,'en','plugins/ecommerce/payment','yes','Yes','2023-05-28 21:30:30','2023-05-28 21:30:30'),(3367,1,'en','plugins/ecommerce/payment','no','No','2023-05-28 21:30:30','2023-05-28 21:30:30'),(3368,1,'en','plugins/ecommerce/payment','client_key','Client Key','2023-05-28 21:30:30','2023-05-28 21:30:30'),(3369,1,'en','plugins/ecommerce/payment','paypal','PayPal','2023-05-28 21:30:30','2023-05-28 21:30:30'),(3370,1,'en','plugins/ecommerce/payment','action','Action','2023-05-28 21:30:30','2023-05-28 21:30:30'),(3371,1,'en','plugins/ecommerce/payment','go_back','Go back','2023-05-28 21:30:30','2023-05-28 21:30:30'),(3372,1,'en','plugins/ecommerce/payment','view','View','2023-05-28 21:30:30','2023-05-28 21:30:30'),(3373,1,'en','plugins/ecommerce/payment','cash_on_delivery','Cash on delivery (COD)','2023-05-28 21:30:30','2023-05-28 21:30:30'),(3374,1,'en','plugins/ecommerce/payment','via_bank_transfer','Via bank transfer','2023-05-28 21:30:30','2023-05-28 21:30:30'),(3375,1,'en','plugins/ecommerce/payment','payment_via_cart','Payment via card','2023-05-28 21:30:30','2023-05-28 21:30:30'),(3376,1,'en','plugins/ecommerce/payment','card_number','Card number','2023-05-28 21:30:30','2023-05-28 21:30:30'),(3377,1,'en','plugins/ecommerce/payment','full_name','Full name','2023-05-28 21:30:30','2023-05-28 21:30:30'),(3378,1,'en','plugins/ecommerce/payment','payment_via_paypal','Payment via PayPal','2023-05-28 21:30:30','2023-05-28 21:30:30'),(3379,1,'en','plugins/ecommerce/payment','mm_yy','MM/YY','2023-05-28 21:30:30','2023-05-28 21:30:30'),(3380,1,'en','plugins/ecommerce/payment','cvc','CVC','2023-05-28 21:30:30','2023-05-28 21:30:30'),(3381,1,'en','plugins/ecommerce/payment','details','Details','2023-05-28 21:30:30','2023-05-28 21:30:30'),(3382,1,'en','plugins/ecommerce/payment','payer_name','Payer Name','2023-05-28 21:30:30','2023-05-28 21:30:30'),(3383,1,'en','plugins/ecommerce/payment','email','Email','2023-05-28 21:30:30','2023-05-28 21:30:30'),(3384,1,'en','plugins/ecommerce/payment','phone','Phone','2023-05-28 21:30:30','2023-05-28 21:30:30'),(3385,1,'en','plugins/ecommerce/payment','country','Country','2023-05-28 21:30:30','2023-05-28 21:30:30'),(3386,1,'en','plugins/ecommerce/payment','shipping_address','Shipping Address','2023-05-28 21:30:30','2023-05-28 21:30:30'),(3387,1,'en','plugins/ecommerce/payment','payment_details','Payment Details','2023-05-28 21:30:30','2023-05-28 21:30:30'),(3388,1,'en','plugins/ecommerce/payment','card','Card','2023-05-28 21:30:30','2023-05-28 21:30:30'),(3389,1,'en','plugins/ecommerce/payment','address','Address','2023-05-28 21:30:30','2023-05-28 21:30:30'),(3390,1,'en','plugins/ecommerce/payment','new_payment','Payment for order :id','2023-05-28 21:30:30','2023-05-28 21:30:30'),(3391,1,'en','plugins/ecommerce/payment','payment_id','Payment ID','2023-05-28 21:30:30','2023-05-28 21:30:30'),(3392,1,'en','plugins/ecommerce/payment','order','Order','2023-05-28 21:30:30','2023-05-28 21:30:30'),(3393,1,'en','plugins/ecommerce/payment','add_payment','Add payment','2023-05-28 21:30:30','2023-05-28 21:30:30'),(3394,1,'en','plugins/ecommerce/payment','add_new_payment','New payment','2023-05-28 21:30:30','2023-05-28 21:30:30'),(3395,1,'en','plugins/ecommerce/payment','add','Add','2023-05-28 21:30:30','2023-05-28 21:30:30'),(3396,1,'en','plugins/ecommerce/payment','no_data','No data to display','2023-05-28 21:30:30','2023-05-28 21:30:30'),(3397,1,'en','plugins/ecommerce/payment','no_option','No option','2023-05-28 21:30:30','2023-05-28 21:30:30'),(3398,1,'en','plugins/ecommerce/payment','edit_payment','Edit payment','2023-05-28 21:30:30','2023-05-28 21:30:30'),(3399,1,'en','plugins/ecommerce/payment','save','Save','2023-05-28 21:30:30','2023-05-28 21:30:30'),(3400,1,'en','plugins/ecommerce/prices','name','Price','2023-05-28 21:30:30','2023-05-28 21:30:30'),(3401,1,'en','plugins/ecommerce/prices','create','New price','2023-05-28 21:30:30','2023-05-28 21:30:30'),(3402,1,'en','plugins/ecommerce/prices','edit','Edit price','2023-05-28 21:30:30','2023-05-28 21:30:30'),(3403,1,'en','plugins/ecommerce/prices','list','List price','2023-05-28 21:30:30','2023-05-28 21:30:30'),(3404,1,'en','plugins/ecommerce/product-attribute-sets','name','Product attribute sets','2023-05-28 21:30:30','2023-05-28 21:30:30'),(3405,1,'en','plugins/ecommerce/product-attribute-sets','create','New product attribute set','2023-05-28 21:30:30','2023-05-28 21:30:30'),(3406,1,'en','plugins/ecommerce/product-attribute-sets','edit','Edit product attribute set','2023-05-28 21:30:30','2023-05-28 21:30:30'),(3407,1,'en','plugins/ecommerce/product-attribute-sets','visible_in_categories','Visible in categories','2023-05-28 21:30:30','2023-05-28 21:30:30'),(3408,1,'en','plugins/ecommerce/product-attribute-sets','product_with_more_version','Product with more version','2023-05-28 21:30:30','2023-05-28 21:30:30'),(3409,1,'en','plugins/ecommerce/product-attribute-sets','create_a_version','Create a version','2023-05-28 21:30:30','2023-05-28 21:30:30'),(3410,1,'en','plugins/ecommerce/product-attribute-sets','enabled','Enabled','2023-05-28 21:30:30','2023-05-28 21:30:30'),(3411,1,'en','plugins/ecommerce/product-attribute-sets','attributes','Attributes','2023-05-28 21:30:30','2023-05-28 21:30:30'),(3412,1,'en','plugins/ecommerce/product-attribute-sets','price','Price','2023-05-28 21:30:30','2023-05-28 21:30:30'),(3413,1,'en','plugins/ecommerce/product-attribute-sets','edit_btn','Edit','2023-05-28 21:30:30','2023-05-28 21:30:30'),(3414,1,'en','plugins/ecommerce/product-attribute-sets','remove_btn','Remove','2023-05-28 21:30:30','2023-05-28 21:30:30'),(3415,1,'en','plugins/ecommerce/product-attribute-sets','product','Product','2023-05-28 21:30:30','2023-05-28 21:30:30'),(3416,1,'en','plugins/ecommerce/product-attribute-sets','back_to_product','Back to product','2023-05-28 21:30:30','2023-05-28 21:30:30'),(3417,1,'en','plugins/ecommerce/product-attribute-sets','save','Save','2023-05-28 21:30:30','2023-05-28 21:30:30'),(3418,1,'en','plugins/ecommerce/product-attribute-sets','other_existing_versions','Other existing versions','2023-05-28 21:30:30','2023-05-28 21:30:30'),(3419,1,'en','plugins/ecommerce/product-attribute-sets','version_information','Version information','2023-05-28 21:30:30','2023-05-28 21:30:30'),(3420,1,'en','plugins/ecommerce/product-attribute-sets','add_rule','Add rule','2023-05-28 21:30:30','2023-05-28 21:30:30'),(3421,1,'en','plugins/ecommerce/product-attribute-sets','rules','Rules','2023-05-28 21:30:30','2023-05-28 21:30:30'),(3422,1,'en','plugins/ecommerce/product-attribute-sets','pricing','Pricing','2023-05-28 21:30:30','2023-05-28 21:30:30'),(3423,1,'en','plugins/ecommerce/product-attribute-sets','sale_price','Sale price','2023-05-28 21:30:30','2023-05-28 21:30:30'),(3424,1,'en','plugins/ecommerce/product-attribute-sets','sale_type','Sale type','2023-05-28 21:30:30','2023-05-28 21:30:30'),(3425,1,'en','plugins/ecommerce/product-attribute-sets','no_sale_price','No sale price','2023-05-28 21:30:30','2023-05-28 21:30:30'),(3426,1,'en','plugins/ecommerce/product-attribute-sets','always_on_sale','Always on sale','2023-05-28 21:30:30','2023-05-28 21:30:30'),(3427,1,'en','plugins/ecommerce/product-attribute-sets','limited_time','Limited time','2023-05-28 21:30:30','2023-05-28 21:30:30'),(3428,1,'en','plugins/ecommerce/product-attribute-sets','from','From','2023-05-28 21:30:30','2023-05-28 21:30:30'),(3429,1,'en','plugins/ecommerce/product-attribute-sets','to','To','2023-05-28 21:30:30','2023-05-28 21:30:30'),(3430,1,'en','plugins/ecommerce/product-attribute-sets','storehouse','Storehouse','2023-05-28 21:30:30','2023-05-28 21:30:30'),(3431,1,'en','plugins/ecommerce/product-attribute-sets','no_storehouse_management','No storehouse management','2023-05-28 21:30:30','2023-05-28 21:30:30'),(3432,1,'en','plugins/ecommerce/product-attribute-sets','with_storehouse_management','With storehouse management','2023-05-28 21:30:30','2023-05-28 21:30:30'),(3433,1,'en','plugins/ecommerce/product-attribute-sets','quantity','Quantity','2023-05-28 21:30:30','2023-05-28 21:30:30'),(3434,1,'en','plugins/ecommerce/product-attribute-sets','allow_customer_checkout_out_of_stock','Allow customer checkout when this product out of stock','2023-05-28 21:30:30','2023-05-28 21:30:30'),(3435,1,'en','plugins/ecommerce/product-attribute-sets','shipping','Shipping','2023-05-28 21:30:30','2023-05-28 21:30:30'),(3436,1,'en','plugins/ecommerce/product-attribute-sets','length','Length','2023-05-28 21:30:30','2023-05-28 21:30:30'),(3437,1,'en','plugins/ecommerce/product-attribute-sets','wide','Wide','2023-05-28 21:30:30','2023-05-28 21:30:30'),(3438,1,'en','plugins/ecommerce/product-attribute-sets','height','Height','2023-05-28 21:30:30','2023-05-28 21:30:30'),(3439,1,'en','plugins/ecommerce/product-attribute-sets','weight','Weight','2023-05-28 21:30:30','2023-05-28 21:30:30'),(3440,1,'en','plugins/ecommerce/product-attribute-sets','version_images','Version images','2023-05-28 21:30:30','2023-05-28 21:30:30'),(3441,1,'en','plugins/ecommerce/product-attribute-sets','add_new_image','Add new image','2023-05-28 21:30:30','2023-05-28 21:30:30'),(3442,1,'en','plugins/ecommerce/product-attribute-sets','attribute_set','Attribute set','2023-05-28 21:30:30','2023-05-28 21:30:30'),(3443,1,'en','plugins/ecommerce/product-attribute-sets','value','Value','2023-05-28 21:30:30','2023-05-28 21:30:30'),(3444,1,'en','plugins/ecommerce/product-attribute-sets','dropdown_swatch','Dropdown Swatch','2023-05-28 21:30:30','2023-05-28 21:30:30'),(3445,1,'en','plugins/ecommerce/product-attribute-sets','visual_swatch','Visual Swatch','2023-05-28 21:30:30','2023-05-28 21:30:30'),(3446,1,'en','plugins/ecommerce/product-attribute-sets','text_swatch','Text Swatch','2023-05-28 21:30:30','2023-05-28 21:30:30'),(3447,1,'en','plugins/ecommerce/product-attribute-sets','display_layout','Display Layout','2023-05-28 21:30:30','2023-05-28 21:30:30'),(3448,1,'en','plugins/ecommerce/product-attribute-sets','searchable','Searchable','2023-05-28 21:30:30','2023-05-28 21:30:30'),(3449,1,'en','plugins/ecommerce/product-attribute-sets','comparable','Comparable','2023-05-28 21:30:30','2023-05-28 21:30:30'),(3450,1,'en','plugins/ecommerce/product-attribute-sets','use_in_product_listing','Used in product listing','2023-05-28 21:30:30','2023-05-28 21:30:30'),(3451,1,'en','plugins/ecommerce/product-attribute-sets','attributes_list','Attributes list','2023-05-28 21:30:30','2023-05-28 21:30:30'),(3452,1,'en','plugins/ecommerce/product-attribute-sets','is_default','Is default?','2023-05-28 21:30:30','2023-05-28 21:30:30'),(3453,1,'en','plugins/ecommerce/product-attribute-sets','title','Title','2023-05-28 21:30:30','2023-05-28 21:30:30'),(3454,1,'en','plugins/ecommerce/product-attribute-sets','slug','Slug','2023-05-28 21:30:30','2023-05-28 21:30:30'),(3455,1,'en','plugins/ecommerce/product-attribute-sets','color','Color','2023-05-28 21:30:30','2023-05-28 21:30:30'),(3456,1,'en','plugins/ecommerce/product-attribute-sets','image','Image','2023-05-28 21:30:30','2023-05-28 21:30:30'),(3457,1,'en','plugins/ecommerce/product-attribute-sets','remove','Remove','2023-05-28 21:30:30','2023-05-28 21:30:30'),(3458,1,'en','plugins/ecommerce/product-attribute-sets','add_new_attribute','Add new attribute','2023-05-28 21:30:30','2023-05-28 21:30:30'),(3459,1,'en','plugins/ecommerce/product-attribute-sets','use_image_from_product_variation','Use image from product variation (for Visual Swatch only)','2023-05-28 21:30:30','2023-05-28 21:30:30'),(3460,1,'en','plugins/ecommerce/product-attributes','name','Product attributes','2023-05-28 21:30:30','2023-05-28 21:30:30'),(3461,1,'en','plugins/ecommerce/product-attributes','create','New product attribute','2023-05-28 21:30:30','2023-05-28 21:30:30'),(3462,1,'en','plugins/ecommerce/product-attributes','edit','Edit product attribute','2023-05-28 21:30:30','2023-05-28 21:30:30'),(3463,1,'en','plugins/ecommerce/product-attributes','intro.title','Manage product attributes','2023-05-28 21:30:30','2023-05-28 21:30:30'),(3464,1,'en','plugins/ecommerce/product-attributes','intro.description','Product attribute such as color, width, height ...','2023-05-28 21:30:30','2023-05-28 21:30:30'),(3465,1,'en','plugins/ecommerce/product-attributes','intro.button_text','Create product attribute','2023-05-28 21:30:30','2023-05-28 21:30:30'),(3466,1,'en','plugins/ecommerce/product-categories','name','Product categories','2023-05-28 21:30:30','2023-05-28 21:30:30'),(3467,1,'en','plugins/ecommerce/product-categories','create','Create new product category','2023-05-28 21:30:30','2023-05-28 21:30:30'),(3468,1,'en','plugins/ecommerce/product-categories','edit','Edit product category','2023-05-28 21:30:30','2023-05-28 21:30:30'),(3469,1,'en','plugins/ecommerce/product-categories','list','List product categories','2023-05-28 21:30:30','2023-05-28 21:30:30'),(3470,1,'en','plugins/ecommerce/product-categories','none','None','2023-05-28 21:30:30','2023-05-28 21:30:30'),(3471,1,'en','plugins/ecommerce/product-categories','menu','Product categories','2023-05-28 21:30:30','2023-05-28 21:30:30'),(3472,1,'en','plugins/ecommerce/product-categories','intro.title','Manage product categories','2023-05-28 21:30:30','2023-05-28 21:30:30'),(3473,1,'en','plugins/ecommerce/product-categories','intro.description','Such as clothes, shoes, bags, jewelry ...','2023-05-28 21:30:30','2023-05-28 21:30:30'),(3474,1,'en','plugins/ecommerce/product-categories','intro.button_text','Create product category','2023-05-28 21:30:30','2023-05-28 21:30:30'),(3475,1,'en','plugins/ecommerce/product-categories','total_products','Total products: :total','2023-05-28 21:30:30','2023-05-28 21:30:30'),(3476,1,'en','plugins/ecommerce/product-collections','name','Product collections','2023-05-28 21:30:30','2023-05-28 21:30:30'),(3477,1,'en','plugins/ecommerce/product-collections','create','New product collection','2023-05-28 21:30:30','2023-05-28 21:30:30'),(3478,1,'en','plugins/ecommerce/product-collections','edit','Edit product collection','2023-05-28 21:30:30','2023-05-28 21:30:30'),(3479,1,'en','plugins/ecommerce/product-collections','slug_help_block','Label key: <code>:slug</code>. We will use this key for filter.','2023-05-28 21:30:30','2023-05-28 21:30:30'),(3480,1,'en','plugins/ecommerce/product-collections','intro.title','Manage product collections','2023-05-28 21:30:30','2023-05-28 21:30:30'),(3481,1,'en','plugins/ecommerce/product-collections','intro.description','Group your products into collections to make it easier for customers to find them by category.','2023-05-28 21:30:30','2023-05-28 21:30:30'),(3482,1,'en','plugins/ecommerce/product-collections','intro.button_text','Create product collection','2023-05-28 21:30:31','2023-05-28 21:30:31'),(3483,1,'en','plugins/ecommerce/product-label','name','Product labels','2023-05-28 21:30:31','2023-05-28 21:30:31'),(3484,1,'en','plugins/ecommerce/product-label','create','New product label','2023-05-28 21:30:31','2023-05-28 21:30:31'),(3485,1,'en','plugins/ecommerce/product-label','edit','Edit product label','2023-05-28 21:30:31','2023-05-28 21:30:31'),(3486,1,'en','plugins/ecommerce/product-label','color','Color','2023-05-28 21:30:31','2023-05-28 21:30:31'),(3487,1,'en','plugins/ecommerce/product-label','color_placeholder','Example: #f0f0f0','2023-05-28 21:30:31','2023-05-28 21:30:31'),(3488,1,'en','plugins/ecommerce/product-option','name','Product options','2023-05-28 21:30:31','2023-05-28 21:30:31'),(3489,1,'en','plugins/ecommerce/product-option','options','Options','2023-05-28 21:30:31','2023-05-28 21:30:31'),(3490,1,'en','plugins/ecommerce/product-option','create','New option','2023-05-28 21:30:31','2023-05-28 21:30:31'),(3491,1,'en','plugins/ecommerce/product-option','edit','Edit option :name','2023-05-28 21:30:31','2023-05-28 21:30:31'),(3492,1,'en','plugins/ecommerce/product-option','required','Is required?','2023-05-28 21:30:31','2023-05-28 21:30:31'),(3493,1,'en','plugins/ecommerce/product-option','option_value','Option value','2023-05-28 21:30:31','2023-05-28 21:30:31'),(3494,1,'en','plugins/ecommerce/product-option','option_type','Type','2023-05-28 21:30:31','2023-05-28 21:30:31'),(3495,1,'en','plugins/ecommerce/product-option','label','Label','2023-05-28 21:30:31','2023-05-28 21:30:31'),(3496,1,'en','plugins/ecommerce/product-option','price','Price','2023-05-28 21:30:31','2023-05-28 21:30:31'),(3497,1,'en','plugins/ecommerce/product-option','price_type','Price Type','2023-05-28 21:30:31','2023-05-28 21:30:31'),(3498,1,'en','plugins/ecommerce/product-option','percent','Percent','2023-05-28 21:30:31','2023-05-28 21:30:31'),(3499,1,'en','plugins/ecommerce/product-option','fixed','Fixed','2023-05-28 21:30:31','2023-05-28 21:30:31'),(3500,1,'en','plugins/ecommerce/product-option','label_placeholder','Please fill label','2023-05-28 21:30:31','2023-05-28 21:30:31'),(3501,1,'en','plugins/ecommerce/product-option','affect_price_label','Please fill affect price','2023-05-28 21:30:31','2023-05-28 21:30:31'),(3502,1,'en','plugins/ecommerce/product-option','add_new_row','Add new row','2023-05-28 21:30:31','2023-05-28 21:30:31'),(3503,1,'en','plugins/ecommerce/product-option','add_new_option','Add new option','2023-05-28 21:30:31','2023-05-28 21:30:31'),(3504,1,'en','plugins/ecommerce/product-option','select_global_option','Select Global Option','2023-05-28 21:30:31','2023-05-28 21:30:31'),(3505,1,'en','plugins/ecommerce/product-option','add_global_option','Add Global Option','2023-05-28 21:30:31','2023-05-28 21:30:31'),(3506,1,'en','plugins/ecommerce/product-option','please_select_option','Please select option','2023-05-28 21:30:31','2023-05-28 21:30:31'),(3507,1,'en','plugins/ecommerce/product-option','add_to_cart_value_required','Option :value is required','2023-05-28 21:30:31','2023-05-28 21:30:31'),(3508,1,'en','plugins/ecommerce/product-option','option_value_attribute','value :item of :value_key on option #:option_key','2023-05-28 21:30:31','2023-05-28 21:30:31'),(3509,1,'en','plugins/ecommerce/product-option','option_name_attribute','Option :key','2023-05-28 21:30:31','2023-05-28 21:30:31'),(3510,1,'en','plugins/ecommerce/product-option','option_type_attribute','Type of option :key','2023-05-28 21:30:31','2023-05-28 21:30:31'),(3511,1,'en','plugins/ecommerce/product-option','option_value_name_attribute','Values of option :key','2023-05-28 21:30:31','2023-05-28 21:30:31'),(3512,1,'en','plugins/ecommerce/product-option','please_choose_option_type','Please choose option type!','2023-05-28 21:30:31','2023-05-28 21:30:31'),(3513,1,'en','plugins/ecommerce/product-tag','name','Product tags','2023-05-28 21:30:31','2023-05-28 21:30:31'),(3514,1,'en','plugins/ecommerce/product-tag','create','New product tag','2023-05-28 21:30:31','2023-05-28 21:30:31'),(3515,1,'en','plugins/ecommerce/product-tag','edit','Edit product tag','2023-05-28 21:30:31','2023-05-28 21:30:31'),(3516,1,'en','plugins/ecommerce/products','name','Products','2023-05-28 21:30:31','2023-05-28 21:30:31'),(3517,1,'en','plugins/ecommerce/products','create','New product','2023-05-28 21:30:31','2023-05-28 21:30:31'),(3518,1,'en','plugins/ecommerce/products','create_product_type.physical','New physical product','2023-05-28 21:30:31','2023-05-28 21:30:31'),(3519,1,'en','plugins/ecommerce/products','create_product_type.digital','New digital product','2023-05-28 21:30:31','2023-05-28 21:30:31'),(3520,1,'en','plugins/ecommerce/products','edit','Edit product - :name','2023-05-28 21:30:31','2023-05-28 21:30:31'),(3521,1,'en','plugins/ecommerce/products','form.name','Name','2023-05-28 21:30:31','2023-05-28 21:30:31'),(3522,1,'en','plugins/ecommerce/products','form.name_placeholder','Product\'s name (Maximum 120 characters)','2023-05-28 21:30:31','2023-05-28 21:30:31'),(3523,1,'en','plugins/ecommerce/products','form.description','Description','2023-05-28 21:30:31','2023-05-28 21:30:31'),(3524,1,'en','plugins/ecommerce/products','form.description_placeholder','Short description for product (Maximum 400 characters)','2023-05-28 21:30:31','2023-05-28 21:30:31'),(3525,1,'en','plugins/ecommerce/products','form.categories','Categories','2023-05-28 21:30:31','2023-05-28 21:30:31'),(3526,1,'en','plugins/ecommerce/products','form.content','Content','2023-05-28 21:30:31','2023-05-28 21:30:31'),(3527,1,'en','plugins/ecommerce/products','form.price','Price','2023-05-28 21:30:31','2023-05-28 21:30:31'),(3528,1,'en','plugins/ecommerce/products','form.quantity','Quantity','2023-05-28 21:30:31','2023-05-28 21:30:31'),(3529,1,'en','plugins/ecommerce/products','form.brand','Brand','2023-05-28 21:30:31','2023-05-28 21:30:31'),(3530,1,'en','plugins/ecommerce/products','form.width','Width','2023-05-28 21:30:31','2023-05-28 21:30:31'),(3531,1,'en','plugins/ecommerce/products','form.height','Height','2023-05-28 21:30:31','2023-05-28 21:30:31'),(3532,1,'en','plugins/ecommerce/products','form.weight','Weight','2023-05-28 21:30:31','2023-05-28 21:30:31'),(3533,1,'en','plugins/ecommerce/products','form.date.start','From date','2023-05-28 21:30:31','2023-05-28 21:30:31'),(3534,1,'en','plugins/ecommerce/products','form.date.end','To date','2023-05-28 21:30:31','2023-05-28 21:30:31'),(3535,1,'en','plugins/ecommerce/products','form.image','Images','2023-05-28 21:30:31','2023-05-28 21:30:31'),(3536,1,'en','plugins/ecommerce/products','form.collections','Product collections','2023-05-28 21:30:31','2023-05-28 21:30:31'),(3537,1,'en','plugins/ecommerce/products','form.labels','Labels','2023-05-28 21:30:31','2023-05-28 21:30:31'),(3538,1,'en','plugins/ecommerce/products','form.price_sale','Price sale','2023-05-28 21:30:31','2023-05-28 21:30:31'),(3539,1,'en','plugins/ecommerce/products','form.product_type.title','Product type','2023-05-28 21:30:31','2023-05-28 21:30:31'),(3540,1,'en','plugins/ecommerce/products','form.product','Product','2023-05-28 21:30:31','2023-05-28 21:30:31'),(3541,1,'en','plugins/ecommerce/products','form.total','Total','2023-05-28 21:30:31','2023-05-28 21:30:31'),(3542,1,'en','plugins/ecommerce/products','form.sub_total','Subtotal','2023-05-28 21:30:31','2023-05-28 21:30:31'),(3543,1,'en','plugins/ecommerce/products','form.shipping_fee','Shipping fee','2023-05-28 21:30:31','2023-05-28 21:30:31'),(3544,1,'en','plugins/ecommerce/products','form.discount','Discount','2023-05-28 21:30:31','2023-05-28 21:30:31'),(3545,1,'en','plugins/ecommerce/products','form.options','Options','2023-05-28 21:30:31','2023-05-28 21:30:31'),(3546,1,'en','plugins/ecommerce/products','form.shipping.height','Height','2023-05-28 21:30:31','2023-05-28 21:30:31'),(3547,1,'en','plugins/ecommerce/products','form.shipping.length','Length','2023-05-28 21:30:31','2023-05-28 21:30:31'),(3548,1,'en','plugins/ecommerce/products','form.shipping.title','Shipping','2023-05-28 21:30:31','2023-05-28 21:30:31'),(3549,1,'en','plugins/ecommerce/products','form.shipping.weight','Weight','2023-05-28 21:30:31','2023-05-28 21:30:31'),(3550,1,'en','plugins/ecommerce/products','form.shipping.wide','Wide','2023-05-28 21:30:31','2023-05-28 21:30:31'),(3551,1,'en','plugins/ecommerce/products','form.barcode','Barcode (ISBN, UPC, GTIN, etc.) ','2023-05-28 21:30:31','2023-05-28 21:30:31'),(3552,1,'en','plugins/ecommerce/products','form.barcode_placeholder','Enter barcode','2023-05-28 21:30:31','2023-05-28 21:30:31'),(3553,1,'en','plugins/ecommerce/products','form.cost_per_item','Cost per item','2023-05-28 21:30:31','2023-05-28 21:30:31'),(3554,1,'en','plugins/ecommerce/products','form.cost_per_item_placeholder','Enter cost per item','2023-05-28 21:30:31','2023-05-28 21:30:31'),(3555,1,'en','plugins/ecommerce/products','form.cost_per_item_helper','Customers won\'t see this price.','2023-05-28 21:30:31','2023-05-28 21:30:31'),(3556,1,'en','plugins/ecommerce/products','form.stock.allow_order_when_out','Allow customer checkout when this product out of stock','2023-05-28 21:30:31','2023-05-28 21:30:31'),(3557,1,'en','plugins/ecommerce/products','form.stock.in_stock','In stock','2023-05-28 21:30:31','2023-05-28 21:30:31'),(3558,1,'en','plugins/ecommerce/products','form.stock.out_stock','Out stock','2023-05-28 21:30:31','2023-05-28 21:30:31'),(3559,1,'en','plugins/ecommerce/products','form.stock.title','Stock status','2023-05-28 21:30:31','2023-05-28 21:30:31'),(3560,1,'en','plugins/ecommerce/products','form.storehouse.no_storehouse','No storehouse management','2023-05-28 21:30:31','2023-05-28 21:30:31'),(3561,1,'en','plugins/ecommerce/products','form.storehouse.storehouse','With storehouse management','2023-05-28 21:30:31','2023-05-28 21:30:31'),(3562,1,'en','plugins/ecommerce/products','form.storehouse.title','Storehouse','2023-05-28 21:30:31','2023-05-28 21:30:31'),(3563,1,'en','plugins/ecommerce/products','form.storehouse.quantity','Quantity','2023-05-28 21:30:31','2023-05-28 21:30:31'),(3564,1,'en','plugins/ecommerce/products','form.tax','Tax','2023-05-28 21:30:31','2023-05-28 21:30:31'),(3565,1,'en','plugins/ecommerce/products','form.taxes','Taxes','2023-05-28 21:30:31','2023-05-28 21:30:31'),(3566,1,'en','plugins/ecommerce/products','form.is_default','Is default','2023-05-28 21:30:31','2023-05-28 21:30:31'),(3567,1,'en','plugins/ecommerce/products','form.action','Action','2023-05-28 21:30:31','2023-05-28 21:30:31'),(3568,1,'en','plugins/ecommerce/products','form.restock_quantity','Restock quantity','2023-05-28 21:30:31','2023-05-28 21:30:31'),(3569,1,'en','plugins/ecommerce/products','form.remain','Remain','2023-05-28 21:30:31','2023-05-28 21:30:31'),(3570,1,'en','plugins/ecommerce/products','form.choose_discount_period','Choose Discount Period','2023-05-28 21:30:31','2023-05-28 21:30:31'),(3571,1,'en','plugins/ecommerce/products','form.cancel','Cancel','2023-05-28 21:30:31','2023-05-28 21:30:31'),(3572,1,'en','plugins/ecommerce/products','form.no_results','No results!','2023-05-28 21:30:31','2023-05-28 21:30:31'),(3573,1,'en','plugins/ecommerce/products','form.value','Value','2023-05-28 21:30:31','2023-05-28 21:30:31'),(3574,1,'en','plugins/ecommerce/products','form.attribute_name','Attribute name','2023-05-28 21:30:31','2023-05-28 21:30:31'),(3575,1,'en','plugins/ecommerce/products','form.add_more_attribute','Add more attribute','2023-05-28 21:30:31','2023-05-28 21:30:31'),(3576,1,'en','plugins/ecommerce/products','form.continue','Continue','2023-05-28 21:30:31','2023-05-28 21:30:31'),(3577,1,'en','plugins/ecommerce/products','form.add_new_attributes','Add new attributes','2023-05-28 21:30:31','2023-05-28 21:30:31'),(3578,1,'en','plugins/ecommerce/products','form.add_new_attributes_description','Adding new attributes helps the product to have many options, such as size or color.','2023-05-28 21:30:31','2023-05-28 21:30:31'),(3579,1,'en','plugins/ecommerce/products','form.create_product_variations',':link to create product variations!','2023-05-28 21:30:31','2023-05-28 21:30:31'),(3580,1,'en','plugins/ecommerce/products','form.tags','Tags','2023-05-28 21:30:31','2023-05-28 21:30:31'),(3581,1,'en','plugins/ecommerce/products','form.write_some_tags','Write some tags','2023-05-28 21:30:31','2023-05-28 21:30:31'),(3582,1,'en','plugins/ecommerce/products','form.variation_existed','This variation is existed.','2023-05-28 21:30:31','2023-05-28 21:30:31'),(3583,1,'en','plugins/ecommerce/products','form.no_attributes_selected','No attributes selected!','2023-05-28 21:30:31','2023-05-28 21:30:31'),(3584,1,'en','plugins/ecommerce/products','form.added_variation_success','Added variation successfully!','2023-05-28 21:30:31','2023-05-28 21:30:31'),(3585,1,'en','plugins/ecommerce/products','form.updated_variation_success','Updated variation successfully!','2023-05-28 21:30:31','2023-05-28 21:30:31'),(3586,1,'en','plugins/ecommerce/products','form.created_all_variation_success','Created all variations successfully!','2023-05-28 21:30:31','2023-05-28 21:30:31'),(3587,1,'en','plugins/ecommerce/products','form.updated_product_attributes_success','Updated product attributes successfully!','2023-05-28 21:30:31','2023-05-28 21:30:31'),(3588,1,'en','plugins/ecommerce/products','form.stock_status','Stock status','2023-05-28 21:30:31','2023-05-28 21:30:31'),(3589,1,'en','plugins/ecommerce/products','form.auto_generate_sku','Auto generate SKU?','2023-05-28 21:30:31','2023-05-28 21:30:31'),(3590,1,'en','plugins/ecommerce/products','form.featured_image','Featured image (optional)','2023-05-28 21:30:31','2023-05-28 21:30:31'),(3591,1,'en','plugins/ecommerce/products','form.product_id','Product ID','2023-05-28 21:30:31','2023-05-28 21:30:31'),(3592,1,'en','plugins/ecommerce/products','price','Price','2023-05-28 21:30:31','2023-05-28 21:30:31'),(3593,1,'en','plugins/ecommerce/products','quantity','Quantity','2023-05-28 21:30:31','2023-05-28 21:30:31'),(3594,1,'en','plugins/ecommerce/products','type','Type','2023-05-28 21:30:31','2023-05-28 21:30:31'),(3595,1,'en','plugins/ecommerce/products','image','Thumbnail','2023-05-28 21:30:31','2023-05-28 21:30:31'),(3596,1,'en','plugins/ecommerce/products','sku','SKU','2023-05-28 21:30:31','2023-05-28 21:30:31'),(3597,1,'en','plugins/ecommerce/products','variation_sku','Variation SKU','2023-05-28 21:30:31','2023-05-28 21:30:31'),(3598,1,'en','plugins/ecommerce/products','brand','Brand','2023-05-28 21:30:31','2023-05-28 21:30:31'),(3599,1,'en','plugins/ecommerce/products','cannot_delete','Product could not be deleted','2023-05-28 21:30:31','2023-05-28 21:30:31'),(3600,1,'en','plugins/ecommerce/products','product_deleted','Product deleted','2023-05-28 21:30:31','2023-05-28 21:30:31'),(3601,1,'en','plugins/ecommerce/products','product_collections','Product collections','2023-05-28 21:30:31','2023-05-28 21:30:31'),(3602,1,'en','plugins/ecommerce/products','products','Products','2023-05-28 21:30:31','2023-05-28 21:30:31'),(3603,1,'en','plugins/ecommerce/products','menu','Products','2023-05-28 21:30:31','2023-05-28 21:30:31'),(3604,1,'en','plugins/ecommerce/products','control.button_add_image','Add image','2023-05-28 21:30:31','2023-05-28 21:30:31'),(3605,1,'en','plugins/ecommerce/products','price_sale','Sale price','2023-05-28 21:30:31','2023-05-28 21:30:31'),(3606,1,'en','plugins/ecommerce/products','price_group_title','Manager product price','2023-05-28 21:30:31','2023-05-28 21:30:31'),(3607,1,'en','plugins/ecommerce/products','store_house_group_title','Manager store house','2023-05-28 21:30:31','2023-05-28 21:30:31'),(3608,1,'en','plugins/ecommerce/products','shipping_group_title','Manager shipping','2023-05-28 21:30:31','2023-05-28 21:30:31'),(3609,1,'en','plugins/ecommerce/products','overview','Overview','2023-05-28 21:30:31','2023-05-28 21:30:31'),(3610,1,'en','plugins/ecommerce/products','attributes','Attributes','2023-05-28 21:30:31','2023-05-28 21:30:31'),(3611,1,'en','plugins/ecommerce/products','product_has_variations','Product has variations','2023-05-28 21:30:31','2023-05-28 21:30:31'),(3612,1,'en','plugins/ecommerce/products','manage_products','Manage products','2023-05-28 21:30:31','2023-05-28 21:30:31'),(3613,1,'en','plugins/ecommerce/products','add_new_product','Add a new product','2023-05-28 21:30:31','2023-05-28 21:30:31'),(3614,1,'en','plugins/ecommerce/products','start_by_adding_new_product','Start by adding new products.','2023-05-28 21:30:31','2023-05-28 21:30:31'),(3615,1,'en','plugins/ecommerce/products','edit_this_product','Edit this product','2023-05-28 21:30:31','2023-05-28 21:30:31'),(3616,1,'en','plugins/ecommerce/products','delete','Delete','2023-05-28 21:30:31','2023-05-28 21:30:31'),(3617,1,'en','plugins/ecommerce/products','related_products','Related products','2023-05-28 21:30:31','2023-05-28 21:30:31'),(3618,1,'en','plugins/ecommerce/products','cross_selling_products','Cross-selling products','2023-05-28 21:30:31','2023-05-28 21:30:31'),(3619,1,'en','plugins/ecommerce/products','up_selling_products','Up-selling products','2023-05-28 21:30:31','2023-05-28 21:30:31'),(3620,1,'en','plugins/ecommerce/products','grouped_products','Grouped products','2023-05-28 21:30:31','2023-05-28 21:30:31'),(3621,1,'en','plugins/ecommerce/products','search_products','Search products','2023-05-28 21:30:31','2023-05-28 21:30:31'),(3622,1,'en','plugins/ecommerce/products','selected_products','Selected products','2023-05-28 21:30:31','2023-05-28 21:30:31'),(3623,1,'en','plugins/ecommerce/products','edit_variation_item','Edit','2023-05-28 21:30:31','2023-05-28 21:30:31'),(3624,1,'en','plugins/ecommerce/products','variations_box_description','Click on \"Edit attribute\" to add/remove attributes of variation or click on \"Add new variation\" to add variation.','2023-05-28 21:30:31','2023-05-28 21:30:31'),(3625,1,'en','plugins/ecommerce/products','save_changes','Save changes','2023-05-28 21:30:31','2023-05-28 21:30:31'),(3626,1,'en','plugins/ecommerce/products','continue','Continue','2023-05-28 21:30:31','2023-05-28 21:30:31'),(3627,1,'en','plugins/ecommerce/products','edit_attribute','Edit attribute','2023-05-28 21:30:31','2023-05-28 21:30:31'),(3628,1,'en','plugins/ecommerce/products','select_attribute','Select attribute','2023-05-28 21:30:31','2023-05-28 21:30:31'),(3629,1,'en','plugins/ecommerce/products','add_new_variation','Add new variation','2023-05-28 21:30:31','2023-05-28 21:30:31'),(3630,1,'en','plugins/ecommerce/products','edit_variation','Edit variation','2023-05-28 21:30:31','2023-05-28 21:30:31'),(3631,1,'en','plugins/ecommerce/products','generate_all_variations','Generate all variations','2023-05-28 21:30:31','2023-05-28 21:30:31'),(3632,1,'en','plugins/ecommerce/products','generate_all_variations_confirmation','Are you sure you want to generate all variations for this product?','2023-05-28 21:30:31','2023-05-28 21:30:31'),(3633,1,'en','plugins/ecommerce/products','delete_variation','Delete variation?','2023-05-28 21:30:31','2023-05-28 21:30:31'),(3634,1,'en','plugins/ecommerce/products','delete_variation_confirmation','Are you sure you want to delete this variation? This action cannot be undo.','2023-05-28 21:30:31','2023-05-28 21:30:31'),(3635,1,'en','plugins/ecommerce/products','delete_variations_confirmation','Are you sure you want to delete those variations? This action cannot be undo.','2023-05-28 21:30:31','2023-05-28 21:30:31'),(3636,1,'en','plugins/ecommerce/products','product_create_validate_name_required','Please enter product\'s name','2023-05-28 21:30:31','2023-05-28 21:30:31'),(3637,1,'en','plugins/ecommerce/products','product_create_validate_sale_price_max','The discount must be less than the original price','2023-05-28 21:30:31','2023-05-28 21:30:31'),(3638,1,'en','plugins/ecommerce/products','product_create_validate_cost_per_item_max','The cost per item must be less than the original price','2023-05-28 21:30:31','2023-05-28 21:30:31'),(3639,1,'en','plugins/ecommerce/products','product_create_validate_sale_price_required_if','Must enter a discount when you want to schedule a promotion','2023-05-28 21:30:31','2023-05-28 21:30:31'),(3640,1,'en','plugins/ecommerce/products','product_create_validate_end_date_after','End date must be after start date','2023-05-28 21:30:31','2023-05-28 21:30:31'),(3641,1,'en','plugins/ecommerce/products','product_create_validate_start_date_required_if','Discount start date cannot be left blank when scheduling is selected','2023-05-28 21:30:32','2023-05-28 21:30:32'),(3642,1,'en','plugins/ecommerce/products','product_create_validate_sale_price','Discounts cannot be left blank when scheduling is selected','2023-05-28 21:30:32','2023-05-28 21:30:32'),(3643,1,'en','plugins/ecommerce/products','stock_statuses.in_stock','In stock','2023-05-28 21:30:32','2023-05-28 21:30:32'),(3644,1,'en','plugins/ecommerce/products','stock_statuses.out_of_stock','Out of stock','2023-05-28 21:30:32','2023-05-28 21:30:32'),(3645,1,'en','plugins/ecommerce/products','stock_statuses.on_backorder','On backorder','2023-05-28 21:30:32','2023-05-28 21:30:32'),(3646,1,'en','plugins/ecommerce/products','stock_status','Stock status','2023-05-28 21:30:32','2023-05-28 21:30:32'),(3647,1,'en','plugins/ecommerce/products','processing','Processing...','2023-05-28 21:30:32','2023-05-28 21:30:32'),(3648,1,'en','plugins/ecommerce/products','delete_selected_variations','Delete selected variations','2023-05-28 21:30:32','2023-05-28 21:30:32'),(3649,1,'en','plugins/ecommerce/products','delete_variations','Delete variations','2023-05-28 21:30:32','2023-05-28 21:30:32'),(3650,1,'en','plugins/ecommerce/products','category','Category','2023-05-28 21:30:32','2023-05-28 21:30:32'),(3651,1,'en','plugins/ecommerce/products','product_price_flash_sale_warning','This product is in flash sale <strong>:name</strong> so its price is <strong>:price</strong>.','2023-05-28 21:30:32','2023-05-28 21:30:32'),(3652,1,'en','plugins/ecommerce/products','product_price_discount_warning','This product is in discount <strong>:name</strong> so its price is <strong>:price</strong>.','2023-05-28 21:30:32','2023-05-28 21:30:32'),(3653,1,'en','plugins/ecommerce/products','product_image','Product image','2023-05-28 21:30:32','2023-05-28 21:30:32'),(3654,1,'en','plugins/ecommerce/products','product_name','Product name','2023-05-28 21:30:32','2023-05-28 21:30:32'),(3655,1,'en','plugins/ecommerce/products','types.physical','Physical','2023-05-28 21:30:32','2023-05-28 21:30:32'),(3656,1,'en','plugins/ecommerce/products','types.digital','Digital','2023-05-28 21:30:32','2023-05-28 21:30:32'),(3657,1,'en','plugins/ecommerce/products','digital_attachments.title','Digital attachments','2023-05-28 21:30:32','2023-05-28 21:30:32'),(3658,1,'en','plugins/ecommerce/products','digital_attachments.add','Add Attachment','2023-05-28 21:30:32','2023-05-28 21:30:32'),(3659,1,'en','plugins/ecommerce/products','digital_attachments.file_name','File name','2023-05-28 21:30:32','2023-05-28 21:30:32'),(3660,1,'en','plugins/ecommerce/products','digital_attachments.file_size','File size','2023-05-28 21:30:32','2023-05-28 21:30:32'),(3661,1,'en','plugins/ecommerce/products','digital_attachments.unsaved','Unsaved','2023-05-28 21:30:32','2023-05-28 21:30:32'),(3662,1,'en','plugins/ecommerce/products','this_action_will_reload_page','This action will reload the page to update the data!','2023-05-28 21:30:32','2023-05-28 21:30:32'),(3663,1,'en','plugins/ecommerce/products','select','Select','2023-05-28 21:30:32','2023-05-28 21:30:32'),(3664,1,'en','plugins/ecommerce/products','set_this_variant_as_default','Set this variant as default','2023-05-28 21:30:32','2023-05-28 21:30:32'),(3665,1,'en','plugins/ecommerce/reports','name','Report','2023-05-28 21:30:32','2023-05-28 21:30:32'),(3666,1,'en','plugins/ecommerce/reports','widget.order.title','Orders','2023-05-28 21:30:32','2023-05-28 21:30:32'),(3667,1,'en','plugins/ecommerce/reports','count.revenue','Today revenue','2023-05-28 21:30:32','2023-05-28 21:30:32'),(3668,1,'en','plugins/ecommerce/reports','count.orders','Today orders','2023-05-28 21:30:32','2023-05-28 21:30:32'),(3669,1,'en','plugins/ecommerce/reports','count.products','Total products','2023-05-28 21:30:32','2023-05-28 21:30:32'),(3670,1,'en','plugins/ecommerce/reports','count.customers','Total customers','2023-05-28 21:30:32','2023-05-28 21:30:32'),(3671,1,'en','plugins/ecommerce/reports','product_name','Product name','2023-05-28 21:30:32','2023-05-28 21:30:32'),(3672,1,'en','plugins/ecommerce/reports','quantity','Quantity','2023-05-28 21:30:32','2023-05-28 21:30:32'),(3673,1,'en','plugins/ecommerce/reports','revenue_statistics','Revenue statistics','2023-05-28 21:30:32','2023-05-28 21:30:32'),(3674,1,'en','plugins/ecommerce/reports','top_selling_products','Top Selling Products','2023-05-28 21:30:32','2023-05-28 21:30:32'),(3675,1,'en','plugins/ecommerce/reports','ranges.today','Today','2023-05-28 21:30:32','2023-05-28 21:30:32'),(3676,1,'en','plugins/ecommerce/reports','ranges.this_week','This week','2023-05-28 21:30:32','2023-05-28 21:30:32'),(3677,1,'en','plugins/ecommerce/reports','ranges.last_7_days','Last 7 days','2023-05-28 21:30:32','2023-05-28 21:30:32'),(3678,1,'en','plugins/ecommerce/reports','ranges.last_30_days','Last 30 days','2023-05-28 21:30:32','2023-05-28 21:30:32'),(3679,1,'en','plugins/ecommerce/reports','ranges.this_month','This month','2023-05-28 21:30:32','2023-05-28 21:30:32'),(3680,1,'en','plugins/ecommerce/reports','ranges.this_year','This year','2023-05-28 21:30:32','2023-05-28 21:30:32'),(3681,1,'en','plugins/ecommerce/reports','revenue_this_month','Revenue this month','2023-05-28 21:30:32','2023-05-28 21:30:32'),(3682,1,'en','plugins/ecommerce/reports','order_processing_this_month','order(s) processing in this month','2023-05-28 21:30:32','2023-05-28 21:30:32'),(3683,1,'en','plugins/ecommerce/reports','order_completed_this_month','order(s) completed in this month','2023-05-28 21:30:32','2023-05-28 21:30:32'),(3684,1,'en','plugins/ecommerce/reports','product_will_be_out_of_stock','product(s) will be out of stock soon','2023-05-28 21:30:32','2023-05-28 21:30:32'),(3685,1,'en','plugins/ecommerce/reports','product_out_of_stock','product(s) out of stock','2023-05-28 21:30:32','2023-05-28 21:30:32'),(3686,1,'en','plugins/ecommerce/reports','sales_reports','Sales Reports','2023-05-28 21:30:32','2023-05-28 21:30:32'),(3687,1,'en','plugins/ecommerce/reports','total_earnings','Total Earnings','2023-05-28 21:30:32','2023-05-28 21:30:32'),(3688,1,'en','plugins/ecommerce/reports','recent_orders','Recent Orders','2023-05-28 21:30:32','2023-05-28 21:30:32'),(3689,1,'en','plugins/ecommerce/reports','trending_products','Trending Products','2023-05-28 21:30:32','2023-05-28 21:30:32'),(3690,1,'en','plugins/ecommerce/reports','statistics','Statistics','2023-05-28 21:30:32','2023-05-28 21:30:32'),(3691,1,'en','plugins/ecommerce/reports','items_earning_sales','Items Earning Sales: :value','2023-05-28 21:30:32','2023-05-28 21:30:32'),(3692,1,'en','plugins/ecommerce/reports','revenue','Revenue','2023-05-28 21:30:32','2023-05-28 21:30:32'),(3693,1,'en','plugins/ecommerce/reports','orders','Orders','2023-05-28 21:30:32','2023-05-28 21:30:32'),(3694,1,'en','plugins/ecommerce/reports','products','Products','2023-05-28 21:30:32','2023-05-28 21:30:32'),(3695,1,'en','plugins/ecommerce/reports','customers','Customers','2023-05-28 21:30:32','2023-05-28 21:30:32'),(3696,1,'en','plugins/ecommerce/reports','earnings','Earnings','2023-05-28 21:30:32','2023-05-28 21:30:32'),(3697,1,'en','plugins/ecommerce/reports','views','Views','2023-05-28 21:30:32','2023-05-28 21:30:32'),(3698,1,'en','plugins/ecommerce/reports','date_range_format_value','From :from to :to','2023-05-28 21:30:32','2023-05-28 21:30:32'),(3699,1,'en','plugins/ecommerce/reports','select_range','Select Range','2023-05-28 21:30:32','2023-05-28 21:30:32'),(3700,1,'en','plugins/ecommerce/reports','customers_chart','Customers','2023-05-28 21:30:32','2023-05-28 21:30:32'),(3701,1,'en','plugins/ecommerce/reports','orders_chart','Orders','2023-05-28 21:30:32','2023-05-28 21:30:32'),(3702,1,'en','plugins/ecommerce/reports','number_of_orders','Number of orders','2023-05-28 21:30:32','2023-05-28 21:30:32'),(3703,1,'en','plugins/ecommerce/reports','number_of_customers','Number of customers','2023-05-28 21:30:32','2023-05-28 21:30:32'),(3704,1,'en','plugins/ecommerce/review','name','Reviews','2023-05-28 21:30:32','2023-05-28 21:30:32'),(3705,1,'en','plugins/ecommerce/review','add_review','Add review','2023-05-28 21:30:32','2023-05-28 21:30:32'),(3706,1,'en','plugins/ecommerce/review','delete_review','Delete review','2023-05-28 21:30:32','2023-05-28 21:30:32'),(3707,1,'en','plugins/ecommerce/review','create_review','Create Review','2023-05-28 21:30:32','2023-05-28 21:30:32'),(3708,1,'en','plugins/ecommerce/review','please_select_rating','Please select rating','2023-05-28 21:30:32','2023-05-28 21:30:32'),(3709,1,'en','plugins/ecommerce/review','comment','Comment','2023-05-28 21:30:32','2023-05-28 21:30:32'),(3710,1,'en','plugins/ecommerce/review','approve','Approve','2023-05-28 21:30:32','2023-05-28 21:30:32'),(3711,1,'en','plugins/ecommerce/review','approved','Approved','2023-05-28 21:30:32','2023-05-28 21:30:32'),(3712,1,'en','plugins/ecommerce/review','disapprove','Disapprove','2023-05-28 21:30:32','2023-05-28 21:30:32'),(3713,1,'en','plugins/ecommerce/review','disapproved','Disapproved','2023-05-28 21:30:32','2023-05-28 21:30:32'),(3714,1,'en','plugins/ecommerce/review','product','Product','2023-05-28 21:30:32','2023-05-28 21:30:32'),(3715,1,'en','plugins/ecommerce/review','user','User','2023-05-28 21:30:32','2023-05-28 21:30:32'),(3716,1,'en','plugins/ecommerce/review','star','Star','2023-05-28 21:30:32','2023-05-28 21:30:32'),(3717,1,'en','plugins/ecommerce/review','status','Status','2023-05-28 21:30:32','2023-05-28 21:30:32'),(3718,1,'en','plugins/ecommerce/review','list_review','Customer reviews','2023-05-28 21:30:32','2023-05-28 21:30:32'),(3719,1,'en','plugins/ecommerce/review','intro.title','Manage customer reviews','2023-05-28 21:30:32','2023-05-28 21:30:32'),(3720,1,'en','plugins/ecommerce/review','intro.description','Customer reviews will be shown here and you can manage it to show/hide in product detail page.','2023-05-28 21:30:32','2023-05-28 21:30:32'),(3721,1,'en','plugins/ecommerce/review','images','Images','2023-05-28 21:30:32','2023-05-28 21:30:32'),(3722,1,'en','plugins/ecommerce/shipping','name','Shipping Rules','2023-05-28 21:30:32','2023-05-28 21:30:32'),(3723,1,'en','plugins/ecommerce/shipping','shipping','Shipping','2023-05-28 21:30:32','2023-05-28 21:30:32'),(3724,1,'en','plugins/ecommerce/shipping','title','Title','2023-05-28 21:30:32','2023-05-28 21:30:32'),(3725,1,'en','plugins/ecommerce/shipping','amount','Amount','2023-05-28 21:30:32','2023-05-28 21:30:32'),(3726,1,'en','plugins/ecommerce/shipping','enable','Enable','2023-05-28 21:30:32','2023-05-28 21:30:32'),(3727,1,'en','plugins/ecommerce/shipping','enabled','Enabled','2023-05-28 21:30:32','2023-05-28 21:30:32'),(3728,1,'en','plugins/ecommerce/shipping','disable','Disable','2023-05-28 21:30:32','2023-05-28 21:30:32'),(3729,1,'en','plugins/ecommerce/shipping','disabled','Disabled','2023-05-28 21:30:32','2023-05-28 21:30:32'),(3730,1,'en','plugins/ecommerce/shipping','create_shipping','Create a shipping','2023-05-28 21:30:32','2023-05-28 21:30:32'),(3731,1,'en','plugins/ecommerce/shipping','edit_shipping','Edit shipping :code','2023-05-28 21:30:32','2023-05-28 21:30:32'),(3732,1,'en','plugins/ecommerce/shipping','status','Status','2023-05-28 21:30:32','2023-05-28 21:30:32'),(3733,1,'en','plugins/ecommerce/shipping','shipping_methods','Shipping methods','2023-05-28 21:30:32','2023-05-28 21:30:32'),(3734,1,'en','plugins/ecommerce/shipping','create_shipping_method','Create shipping method','2023-05-28 21:30:32','2023-05-28 21:30:32'),(3735,1,'en','plugins/ecommerce/shipping','edit_shipping_method','Edit shipping method','2023-05-28 21:30:32','2023-05-28 21:30:32'),(3736,1,'en','plugins/ecommerce/shipping','add_shipping_region','Add shipping region','2023-05-28 21:30:32','2023-05-28 21:30:32'),(3737,1,'en','plugins/ecommerce/shipping','country','Country','2023-05-28 21:30:32','2023-05-28 21:30:32'),(3738,1,'en','plugins/ecommerce/shipping','state','State','2023-05-28 21:30:32','2023-05-28 21:30:32'),(3739,1,'en','plugins/ecommerce/shipping','city','City','2023-05-28 21:30:32','2023-05-28 21:30:32'),(3740,1,'en','plugins/ecommerce/shipping','address','Address','2023-05-28 21:30:32','2023-05-28 21:30:32'),(3741,1,'en','plugins/ecommerce/shipping','phone','Phone','2023-05-28 21:30:32','2023-05-28 21:30:32'),(3742,1,'en','plugins/ecommerce/shipping','email','Email','2023-05-28 21:30:32','2023-05-28 21:30:32'),(3743,1,'en','plugins/ecommerce/shipping','zip_code','Zip code','2023-05-28 21:30:32','2023-05-28 21:30:32'),(3744,1,'en','plugins/ecommerce/shipping','methods.default','Default','2023-05-28 21:30:32','2023-05-28 21:30:32'),(3745,1,'en','plugins/ecommerce/shipping','statuses.not_approved','Not approved','2023-05-28 21:30:32','2023-05-28 21:30:32'),(3746,1,'en','plugins/ecommerce/shipping','statuses.approved','Approved','2023-05-28 21:30:32','2023-05-28 21:30:32'),(3747,1,'en','plugins/ecommerce/shipping','statuses.pending','Pending','2023-05-28 21:30:32','2023-05-28 21:30:32'),(3748,1,'en','plugins/ecommerce/shipping','statuses.arrange_shipment','Arrange shipment','2023-05-28 21:30:32','2023-05-28 21:30:32'),(3749,1,'en','plugins/ecommerce/shipping','statuses.ready_to_be_shipped_out','Ready to be shipped out','2023-05-28 21:30:32','2023-05-28 21:30:32'),(3750,1,'en','plugins/ecommerce/shipping','statuses.picking','Picking','2023-05-28 21:30:32','2023-05-28 21:30:32'),(3751,1,'en','plugins/ecommerce/shipping','statuses.delay_picking','Delay picking','2023-05-28 21:30:32','2023-05-28 21:30:32'),(3752,1,'en','plugins/ecommerce/shipping','statuses.picked','Picked','2023-05-28 21:30:32','2023-05-28 21:30:32'),(3753,1,'en','plugins/ecommerce/shipping','statuses.not_picked','Not picked','2023-05-28 21:30:32','2023-05-28 21:30:32'),(3754,1,'en','plugins/ecommerce/shipping','statuses.delivering','Delivering','2023-05-28 21:30:32','2023-05-28 21:30:32'),(3755,1,'en','plugins/ecommerce/shipping','statuses.delivered','Delivered','2023-05-28 21:30:32','2023-05-28 21:30:32'),(3756,1,'en','plugins/ecommerce/shipping','statuses.not_delivered','Not delivered','2023-05-28 21:30:32','2023-05-28 21:30:32'),(3757,1,'en','plugins/ecommerce/shipping','statuses.audited','Audited','2023-05-28 21:30:32','2023-05-28 21:30:32'),(3758,1,'en','plugins/ecommerce/shipping','statuses.canceled','Canceled','2023-05-28 21:30:32','2023-05-28 21:30:32'),(3759,1,'en','plugins/ecommerce/shipping','cod_statuses.pending','Pending','2023-05-28 21:30:32','2023-05-28 21:30:32'),(3760,1,'en','plugins/ecommerce/shipping','cod_statuses.completed','Completed','2023-05-28 21:30:32','2023-05-28 21:30:32'),(3761,1,'en','plugins/ecommerce/shipping','delete','Delete','2023-05-28 21:30:32','2023-05-28 21:30:32'),(3762,1,'en','plugins/ecommerce/shipping','shipping_rules','Shipping Rules','2023-05-28 21:30:32','2023-05-28 21:30:32'),(3763,1,'en','plugins/ecommerce/shipping','shipping_rules_description','Rules to calculate shipping fee.','2023-05-28 21:30:32','2023-05-28 21:30:32'),(3764,1,'en','plugins/ecommerce/shipping','select_country','Select country','2023-05-28 21:30:32','2023-05-28 21:30:32'),(3765,1,'en','plugins/ecommerce/shipping','add_shipping_rule','Add shipping rule','2023-05-28 21:30:32','2023-05-28 21:30:32'),(3766,1,'en','plugins/ecommerce/shipping','delete_shipping_rate','Delete shipping rate for area','2023-05-28 21:30:32','2023-05-28 21:30:32'),(3767,1,'en','plugins/ecommerce/shipping','delete_shipping_rate_confirmation','Are you sure you want to delete <strong class=\"region-price-item-label\"></strong> from this shipping area?','2023-05-28 21:30:32','2023-05-28 21:30:32'),(3768,1,'en','plugins/ecommerce/shipping','delete_shipping_area','Delete shipping area','2023-05-28 21:30:32','2023-05-28 21:30:32'),(3769,1,'en','plugins/ecommerce/shipping','delete_shipping_area_confirmation','Are you sure you want to delete shipping area <strong class=\"region-item-label\"></strong>?','2023-05-28 21:30:32','2023-05-28 21:30:32'),(3770,1,'en','plugins/ecommerce/shipping','add_shipping_fee_for_area','Add shipping fee for area','2023-05-28 21:30:32','2023-05-28 21:30:32'),(3771,1,'en','plugins/ecommerce/shipping','confirm','Confirm','2023-05-28 21:30:32','2023-05-28 21:30:32'),(3772,1,'en','plugins/ecommerce/shipping','save','Save','2023-05-28 21:30:32','2023-05-28 21:30:32'),(3773,1,'en','plugins/ecommerce/shipping','greater_than','Greater than','2023-05-28 21:30:32','2023-05-28 21:30:32'),(3774,1,'en','plugins/ecommerce/shipping','type','Type','2023-05-28 21:30:32','2023-05-28 21:30:32'),(3775,1,'en','plugins/ecommerce/shipping','shipping_rule_name','Name of shipping rule','2023-05-28 21:30:32','2023-05-28 21:30:32'),(3776,1,'en','plugins/ecommerce/shipping','shipping_fee','Shipping fee','2023-05-28 21:30:32','2023-05-28 21:30:32'),(3777,1,'en','plugins/ecommerce/shipping','cancel','Cancel','2023-05-28 21:30:32','2023-05-28 21:30:32'),(3778,1,'en','plugins/ecommerce/shipping','based_on_weight','Based on product\'s weight (:unit)','2023-05-28 21:30:32','2023-05-28 21:30:32'),(3779,1,'en','plugins/ecommerce/shipping','based_on_price','Based on product\'s price','2023-05-28 21:30:32','2023-05-28 21:30:32'),(3780,1,'en','plugins/ecommerce/shipping','shipment_canceled','Shipment was canceled','2023-05-28 21:30:32','2023-05-28 21:30:32'),(3781,1,'en','plugins/ecommerce/shipping','at','At','2023-05-28 21:30:32','2023-05-28 21:30:32'),(3782,1,'en','plugins/ecommerce/shipping','cash_on_delivery','Cash on delivery (COD)','2023-05-28 21:30:32','2023-05-28 21:30:32'),(3783,1,'en','plugins/ecommerce/shipping','update_shipping_status','Update shipping status','2023-05-28 21:30:32','2023-05-28 21:30:32'),(3784,1,'en','plugins/ecommerce/shipping','update_cod_status','Update COD status','2023-05-28 21:30:32','2023-05-28 21:30:32'),(3785,1,'en','plugins/ecommerce/shipping','history','History','2023-05-28 21:30:32','2023-05-28 21:30:32'),(3786,1,'en','plugins/ecommerce/shipping','shipment_information','Shipment information','2023-05-28 21:30:32','2023-05-28 21:30:32'),(3787,1,'en','plugins/ecommerce/shipping','order_number','Order number','2023-05-28 21:30:32','2023-05-28 21:30:32'),(3788,1,'en','plugins/ecommerce/shipping','shipping_method','Shipping method','2023-05-28 21:30:32','2023-05-28 21:30:32'),(3789,1,'en','plugins/ecommerce/shipping','select_shipping_method','Select shipping method','2023-05-28 21:30:32','2023-05-28 21:30:32'),(3790,1,'en','plugins/ecommerce/shipping','cod_status','COD status','2023-05-28 21:30:32','2023-05-28 21:30:32'),(3791,1,'en','plugins/ecommerce/shipping','shipping_status','Shipping status','2023-05-28 21:30:32','2023-05-28 21:30:32'),(3792,1,'en','plugins/ecommerce/shipping','customer_information','Customer information','2023-05-28 21:30:32','2023-05-28 21:30:32'),(3793,1,'en','plugins/ecommerce/shipping','sku','SKU','2023-05-28 21:30:32','2023-05-28 21:30:32'),(3794,1,'en','plugins/ecommerce/shipping','change_status_confirm_title','Confirm <span class=\"shipment-status-label\"></span> ?','2023-05-28 21:30:32','2023-05-28 21:30:32'),(3795,1,'en','plugins/ecommerce/shipping','change_status_confirm_description','Are you sure you want to confirm <span class=\"shipment-status-label\"></span> for this shipment?','2023-05-28 21:30:32','2023-05-28 21:30:32'),(3796,1,'en','plugins/ecommerce/shipping','accept','Accept','2023-05-28 21:30:32','2023-05-28 21:30:32'),(3797,1,'en','plugins/ecommerce/shipping','weight_unit','Weight (:unit)','2023-05-28 21:30:32','2023-05-28 21:30:32'),(3798,1,'en','plugins/ecommerce/shipping','updated_at','Last Update','2023-05-28 21:30:32','2023-05-28 21:30:32'),(3799,1,'en','plugins/ecommerce/shipping','cod_amount','Cash on delivery amount (COD)','2023-05-28 21:30:32','2023-05-28 21:30:32'),(3800,1,'en','plugins/ecommerce/shipping','cancel_shipping','Cancel shipping','2023-05-28 21:30:33','2023-05-28 21:30:33'),(3801,1,'en','plugins/ecommerce/shipping','shipping_address','Shipping address','2023-05-28 21:30:33','2023-05-28 21:30:33'),(3802,1,'en','plugins/ecommerce/shipping','packages','Packages','2023-05-28 21:30:33','2023-05-28 21:30:33'),(3803,1,'en','plugins/ecommerce/shipping','edit','Edit','2023-05-28 21:30:33','2023-05-28 21:30:33'),(3804,1,'en','plugins/ecommerce/shipping','fee','Fee','2023-05-28 21:30:33','2023-05-28 21:30:33'),(3805,1,'en','plugins/ecommerce/shipping','note','Note','2023-05-28 21:30:33','2023-05-28 21:30:33'),(3806,1,'en','plugins/ecommerce/shipping','finish','Finish','2023-05-28 21:30:33','2023-05-28 21:30:33'),(3807,1,'en','plugins/ecommerce/shipping','shipping_fee_cod','Shipping fee/COD','2023-05-28 21:30:33','2023-05-28 21:30:33'),(3808,1,'en','plugins/ecommerce/shipping','send_confirmation_email_to_customer','Send confirmation email to customer','2023-05-28 21:30:33','2023-05-28 21:30:33'),(3809,1,'en','plugins/ecommerce/shipping','form_name','Name','2023-05-28 21:30:33','2023-05-28 21:30:33'),(3810,1,'en','plugins/ecommerce/shipping','changed_shipping_status','Changed status of shipping to: :status. Updated by: %user_name%','2023-05-28 21:30:33','2023-05-28 21:30:33'),(3811,1,'en','plugins/ecommerce/shipping','order_confirmed_by','Order confirmed by %user_name%','2023-05-28 21:30:33','2023-05-28 21:30:33'),(3812,1,'en','plugins/ecommerce/shipping','shipping_canceled_by','Shipping is cancelled by %user_name%','2023-05-28 21:30:33','2023-05-28 21:30:33'),(3813,1,'en','plugins/ecommerce/shipping','update_shipping_status_success','Update shipping status successfully!','2023-05-28 21:30:33','2023-05-28 21:30:33'),(3814,1,'en','plugins/ecommerce/shipping','update_cod_status_success','Updated COD status of shipping successfully!','2023-05-28 21:30:33','2023-05-28 21:30:33'),(3815,1,'en','plugins/ecommerce/shipping','updated_cod_status_by','Updated COD status to :status . Updated by: %user_name%','2023-05-28 21:30:33','2023-05-28 21:30:33'),(3816,1,'en','plugins/ecommerce/shipping','all','All','2023-05-28 21:30:33','2023-05-28 21:30:33'),(3817,1,'en','plugins/ecommerce/shipping','error_when_adding_new_region','There is an error when adding new region!','2023-05-28 21:30:33','2023-05-28 21:30:33'),(3818,1,'en','plugins/ecommerce/shipping','delivery','Delivery','2023-05-28 21:30:33','2023-05-28 21:30:33'),(3819,1,'en','plugins/ecommerce/shipping','adjustment_price_of','Adjustment price of :key','2023-05-28 21:30:33','2023-05-28 21:30:33'),(3820,1,'en','plugins/ecommerce/shipping','warehouse','Warehouse','2023-05-28 21:30:33','2023-05-28 21:30:33'),(3821,1,'en','plugins/ecommerce/shipping','delivery_note','Delivery note','2023-05-28 21:30:33','2023-05-28 21:30:33'),(3822,1,'en','plugins/ecommerce/shipping','shipments','Shipments','2023-05-28 21:30:33','2023-05-28 21:30:33'),(3823,1,'en','plugins/ecommerce/shipping','order_id','Order ID','2023-05-28 21:30:33','2023-05-28 21:30:33'),(3824,1,'en','plugins/ecommerce/shipping','not_available','Not available','2023-05-28 21:30:33','2023-05-28 21:30:33'),(3825,1,'en','plugins/ecommerce/shipping','shipping_amount','Shipping Amount','2023-05-28 21:30:33','2023-05-28 21:30:33'),(3826,1,'en','plugins/ecommerce/shipping','additional_shipment_information','Additional shipment information','2023-05-28 21:30:33','2023-05-28 21:30:33'),(3827,1,'en','plugins/ecommerce/shipping','shipping_company_name','Shipping Company Name','2023-05-28 21:30:33','2023-05-28 21:30:33'),(3828,1,'en','plugins/ecommerce/shipping','tracking_id','Tracking ID','2023-05-28 21:30:33','2023-05-28 21:30:33'),(3829,1,'en','plugins/ecommerce/shipping','tracking_link','Tracking Link','2023-05-28 21:30:33','2023-05-28 21:30:33'),(3830,1,'en','plugins/ecommerce/shipping','estimate_date_shipped','Estimate Date Shipped','2023-05-28 21:30:33','2023-05-28 21:30:33'),(3831,1,'en','plugins/ecommerce/shipping','date_shipped','Date Shipped','2023-05-28 21:30:33','2023-05-28 21:30:33'),(3832,1,'en','plugins/ecommerce/shipping','add_note','Add note...','2023-05-28 21:30:33','2023-05-28 21:30:33'),(3833,1,'en','plugins/ecommerce/shipping','view_order','View Order :order_id','2023-05-28 21:30:33','2023-05-28 21:30:33'),(3834,1,'en','plugins/ecommerce/shipping','rule.types.based_on_weight','Based on product\'s weight (:unit)','2023-05-28 21:30:33','2023-05-28 21:30:33'),(3835,1,'en','plugins/ecommerce/shipping','rule.types.based_on_price','Based on product\'s price','2023-05-28 21:30:33','2023-05-28 21:30:33'),(3836,1,'en','plugins/ecommerce/shipping','rule.types.based_on_zipcode','Based on zipcode','2023-05-28 21:30:33','2023-05-28 21:30:33'),(3837,1,'en','plugins/ecommerce/shipping','rule.types.based_on_location','Based on location','2023-05-28 21:30:33','2023-05-28 21:30:33'),(3838,1,'en','plugins/ecommerce/shipping','rule.types.unavailable','Unavailable','2023-05-28 21:30:33','2023-05-28 21:30:33'),(3839,1,'en','plugins/ecommerce/shipping','rule.item.name','Shipping Rule Items','2023-05-28 21:30:33','2023-05-28 21:30:33'),(3840,1,'en','plugins/ecommerce/shipping','rule.item.edit','Edit item','2023-05-28 21:30:33','2023-05-28 21:30:33'),(3841,1,'en','plugins/ecommerce/shipping','rule.item.create','Create new item','2023-05-28 21:30:33','2023-05-28 21:30:33'),(3842,1,'en','plugins/ecommerce/shipping','rule.item.delete','Delete shipping rule item','2023-05-28 21:30:33','2023-05-28 21:30:33'),(3843,1,'en','plugins/ecommerce/shipping','rule.item.confirmation','Are you sure you want to delete shipping rule item <strong class=\"item-label\"></strong>?','2023-05-28 21:30:33','2023-05-28 21:30:33'),(3844,1,'en','plugins/ecommerce/shipping','rule.item.load_data_table','Load data table (:total)','2023-05-28 21:30:33','2023-05-28 21:30:33'),(3845,1,'en','plugins/ecommerce/shipping','rule.item.tables.shipping_rule','Shipping rule','2023-05-28 21:30:33','2023-05-28 21:30:33'),(3846,1,'en','plugins/ecommerce/shipping','rule.item.tables.country','Country','2023-05-28 21:30:33','2023-05-28 21:30:33'),(3847,1,'en','plugins/ecommerce/shipping','rule.item.tables.state','State','2023-05-28 21:30:33','2023-05-28 21:30:33'),(3848,1,'en','plugins/ecommerce/shipping','rule.item.tables.city','City','2023-05-28 21:30:33','2023-05-28 21:30:33'),(3849,1,'en','plugins/ecommerce/shipping','rule.item.tables.zip_code','Zip code','2023-05-28 21:30:33','2023-05-28 21:30:33'),(3850,1,'en','plugins/ecommerce/shipping','rule.item.tables.adjustment_price','Adjustment price','2023-05-28 21:30:33','2023-05-28 21:30:33'),(3851,1,'en','plugins/ecommerce/shipping','rule.item.tables.is_enabled','Is enabled?','2023-05-28 21:30:33','2023-05-28 21:30:33'),(3852,1,'en','plugins/ecommerce/shipping','rule.item.forms.country','Country','2023-05-28 21:30:33','2023-05-28 21:30:33'),(3853,1,'en','plugins/ecommerce/shipping','rule.item.forms.country_placeholder','Country','2023-05-28 21:30:33','2023-05-28 21:30:33'),(3854,1,'en','plugins/ecommerce/shipping','rule.item.forms.state','State','2023-05-28 21:30:33','2023-05-28 21:30:33'),(3855,1,'en','plugins/ecommerce/shipping','rule.item.forms.state_placeholder','State','2023-05-28 21:30:33','2023-05-28 21:30:33'),(3856,1,'en','plugins/ecommerce/shipping','rule.item.forms.city','City','2023-05-28 21:30:33','2023-05-28 21:30:33'),(3857,1,'en','plugins/ecommerce/shipping','rule.item.forms.city_placeholder','City','2023-05-28 21:30:33','2023-05-28 21:30:33'),(3858,1,'en','plugins/ecommerce/shipping','rule.item.forms.zip_code','Zip code','2023-05-28 21:30:33','2023-05-28 21:30:33'),(3859,1,'en','plugins/ecommerce/shipping','rule.item.forms.zip_code_placeholder','Zip code','2023-05-28 21:30:33','2023-05-28 21:30:33'),(3860,1,'en','plugins/ecommerce/shipping','rule.item.forms.adjustment_price','Adjustment price','2023-05-28 21:30:33','2023-05-28 21:30:33'),(3861,1,'en','plugins/ecommerce/shipping','rule.item.forms.adjustment_price_placeholder','Adjustment price','2023-05-28 21:30:33','2023-05-28 21:30:33'),(3862,1,'en','plugins/ecommerce/shipping','rule.item.forms.is_enabled','Is enabled?','2023-05-28 21:30:33','2023-05-28 21:30:33'),(3863,1,'en','plugins/ecommerce/shipping','rule.item.forms.shipping_rule','Shipping rule','2023-05-28 21:30:33','2023-05-28 21:30:33'),(3864,1,'en','plugins/ecommerce/shipping','rule.item.forms.no_shipping_rule','No shipping rule','2023-05-28 21:30:33','2023-05-28 21:30:33'),(3865,1,'en','plugins/ecommerce/shipping','rule.item.bulk-import.menu','Bulk import Shipping Rule Items','2023-05-28 21:30:33','2023-05-28 21:30:33'),(3866,1,'en','plugins/ecommerce/shipping','rule.item.bulk-import.greater_than_or_equal','Only numbers or decimals are accepted and greater than or equal to :min.','2023-05-28 21:30:33','2023-05-28 21:30:33'),(3867,1,'en','plugins/ecommerce/shipping','rule.item.bulk-import.less_than_or_equal','Only numbers or decimals are accepted and less than or equal to :max.','2023-05-28 21:30:33','2023-05-28 21:30:33'),(3868,1,'en','plugins/ecommerce/shipping','rule.item.bulk-import.between','Only numbers or decimals are accepted and between :min and :max.','2023-05-28 21:30:33','2023-05-28 21:30:33'),(3869,1,'en','plugins/ecommerce/shipping','rule.item.bulk-import.overwrite','Overwrite','2023-05-28 21:30:33','2023-05-28 21:30:33'),(3870,1,'en','plugins/ecommerce/shipping','rule.item.bulk-import.add_new','Add new','2023-05-28 21:30:33','2023-05-28 21:30:33'),(3871,1,'en','plugins/ecommerce/shipping','rule.item.bulk-import.skip','Skip','2023-05-28 21:30:33','2023-05-28 21:30:33'),(3872,1,'en','plugins/ecommerce/shipping','rule.select_type','Select type','2023-05-28 21:30:33','2023-05-28 21:30:33'),(3873,1,'en','plugins/ecommerce/shipping','rule.cannot_create_rule_type_for_this_location','Cannot create rule type \":type\" on this location!','2023-05-28 21:30:33','2023-05-28 21:30:33'),(3874,1,'en','plugins/ecommerce/store-locator','name','Store locators','2023-05-28 21:30:33','2023-05-28 21:30:33'),(3875,1,'en','plugins/ecommerce/store-locator','description','This address will appear on your invoice and will be used to calculate your shipping price.','2023-05-28 21:30:33','2023-05-28 21:30:33'),(3876,1,'en','plugins/ecommerce/store-locator','shop_name','Shop name','2023-05-28 21:30:33','2023-05-28 21:30:33'),(3877,1,'en','plugins/ecommerce/store-locator','phone','Phone','2023-05-28 21:30:33','2023-05-28 21:30:33'),(3878,1,'en','plugins/ecommerce/store-locator','email','Email','2023-05-28 21:30:33','2023-05-28 21:30:33'),(3879,1,'en','plugins/ecommerce/store-locator','state','State','2023-05-28 21:30:33','2023-05-28 21:30:33'),(3880,1,'en','plugins/ecommerce/store-locator','city','City','2023-05-28 21:30:33','2023-05-28 21:30:33'),(3881,1,'en','plugins/ecommerce/store-locator','country','Country','2023-05-28 21:30:33','2023-05-28 21:30:33'),(3882,1,'en','plugins/ecommerce/store-locator','address','Address','2023-05-28 21:30:33','2023-05-28 21:30:33'),(3883,1,'en','plugins/ecommerce/store-locator','primary_store_is','Primary store is','2023-05-28 21:30:33','2023-05-28 21:30:33'),(3884,1,'en','plugins/ecommerce/store-locator','store_name','Store name','2023-05-28 21:30:33','2023-05-28 21:30:33'),(3885,1,'en','plugins/ecommerce/store-locator','select_country','Select country...','2023-05-28 21:30:33','2023-05-28 21:30:33'),(3886,1,'en','plugins/ecommerce/store-locator','default_shipping_location','Default shipping location','2023-05-28 21:30:33','2023-05-28 21:30:33'),(3887,1,'en','plugins/ecommerce/store-locator','default_store','Default store','2023-05-28 21:30:33','2023-05-28 21:30:33'),(3888,1,'en','plugins/ecommerce/store-locator','company','Company','2023-05-28 21:30:33','2023-05-28 21:30:33'),(3889,1,'en','plugins/ecommerce/store-locator','zip_code','Zip Code','2023-05-28 21:30:33','2023-05-28 21:30:33'),(3890,1,'en','plugins/ecommerce/tax','name','Taxes','2023-05-28 21:30:33','2023-05-28 21:30:33'),(3891,1,'en','plugins/ecommerce/tax','create','Create a tax','2023-05-28 21:30:33','2023-05-28 21:30:33'),(3892,1,'en','plugins/ecommerce/tax','edit','Edit tax :title','2023-05-28 21:30:33','2023-05-28 21:30:33'),(3893,1,'en','plugins/ecommerce/tax','title','Title','2023-05-28 21:30:33','2023-05-28 21:30:33'),(3894,1,'en','plugins/ecommerce/tax','percentage','Percentage %','2023-05-28 21:30:33','2023-05-28 21:30:33'),(3895,1,'en','plugins/ecommerce/tax','priority','Priority','2023-05-28 21:30:33','2023-05-28 21:30:33'),(3896,1,'en','plugins/ecommerce/tax','select_tax','-- select --','2023-05-28 21:30:33','2023-05-28 21:30:33'),(3897,1,'en','plugins/ecommerce/tax','default','Default','2023-05-28 21:30:33','2023-05-28 21:30:33'),(3898,1,'vi','plugins/ecommerce/brands','name','Thương hiệu','2023-05-28 21:30:33','2023-05-28 21:30:33'),(3899,1,'vi','plugins/ecommerce/brands','create','Thêm thương hiệu mới','2023-05-28 21:30:33','2023-05-28 21:30:33'),(3900,1,'vi','plugins/ecommerce/brands','edit','Sửa thương hiệu','2023-05-28 21:30:33','2023-05-28 21:30:33'),(3901,1,'vi','plugins/ecommerce/brands','form.name','Tên','2023-05-28 21:30:33','2023-05-28 21:30:33'),(3902,1,'vi','plugins/ecommerce/brands','form.name_placeholder','Tên thương hiệu (tối đa 255 kí tự)','2023-05-28 21:30:33','2023-05-28 21:30:33'),(3903,1,'vi','plugins/ecommerce/brands','form.description','Mô tả','2023-05-28 21:30:33','2023-05-28 21:30:33'),(3904,1,'vi','plugins/ecommerce/brands','form.description_placeholder','Mô tả ngắn cho thương hiệu này (tối đa 400 kí tự)','2023-05-28 21:30:33','2023-05-28 21:30:33'),(3905,1,'vi','plugins/ecommerce/brands','form.website','Website','2023-05-28 21:30:33','2023-05-28 21:30:33'),(3906,1,'vi','plugins/ecommerce/brands','form.logo','Logo','2023-05-28 21:30:33','2023-05-28 21:30:33'),(3907,1,'vi','plugins/ecommerce/brands','form.is_featured','Nổi bật?','2023-05-28 21:30:33','2023-05-28 21:30:33'),(3908,1,'vi','plugins/ecommerce/brands','logo','Logo','2023-05-28 21:30:33','2023-05-28 21:30:33'),(3909,1,'vi','plugins/ecommerce/brands','website','Website','2023-05-28 21:30:33','2023-05-28 21:30:33'),(3910,1,'vi','plugins/ecommerce/brands','notices.no_select','Không có bản ghi nào được chọn!','2023-05-28 21:30:33','2023-05-28 21:30:33'),(3911,1,'vi','plugins/ecommerce/brands','notices.update_success_message','Cập nhật thành công','2023-05-28 21:30:33','2023-05-28 21:30:33'),(3912,1,'vi','plugins/ecommerce/brands','cannot_delete','Xoá không thành công','2023-05-28 21:30:33','2023-05-28 21:30:33'),(3913,1,'vi','plugins/ecommerce/brands','brand_deleted','Xoá thương hiệu thành công','2023-05-28 21:30:33','2023-05-28 21:30:33'),(3914,1,'vi','plugins/ecommerce/brands','menu','Thương hiệu','2023-05-28 21:30:33','2023-05-28 21:30:33'),(3915,1,'vi','plugins/ecommerce/brands','intro.title','Quản lý danh sách thương hiệu','2023-05-28 21:30:33','2023-05-28 21:30:33'),(3916,1,'vi','plugins/ecommerce/brands','intro.description','Các thương hiệu của sản phẩm như Nike, Adidas, Bitis ...','2023-05-28 21:30:33','2023-05-28 21:30:33'),(3917,1,'vi','plugins/ecommerce/brands','intro.button_text','Tạo thương hiệu','2023-05-28 21:30:33','2023-05-28 21:30:33'),(3918,1,'vi','plugins/ecommerce/brands','no_brand','Không có thương hiệu','2023-05-28 21:30:33','2023-05-28 21:30:33'),(3919,1,'vi','plugins/ecommerce/currencies','name','Tiền tệ','2023-05-28 21:30:33','2023-05-28 21:30:33'),(3920,1,'vi','plugins/ecommerce/currencies','create','Thêm loại tiền tệ mới','2023-05-28 21:30:33','2023-05-28 21:30:33'),(3921,1,'vi','plugins/ecommerce/currencies','edit','Sửa tiền tệ','2023-05-28 21:30:33','2023-05-28 21:30:33'),(3922,1,'vi','plugins/ecommerce/currencies','list','Danh sách tiền tệ','2023-05-28 21:30:33','2023-05-28 21:30:33'),(3923,1,'vi','plugins/ecommerce/currencies','tables.title','Tên','2023-05-28 21:30:33','2023-05-28 21:30:33'),(3924,1,'vi','plugins/ecommerce/currencies','tables.code','Mã','2023-05-28 21:30:33','2023-05-28 21:30:33'),(3925,1,'vi','plugins/ecommerce/currencies','tables.symbol','Kí hiệu','2023-05-28 21:30:33','2023-05-28 21:30:33'),(3926,1,'vi','plugins/ecommerce/currencies','tables.is_prefix_symbol','Sử dụng ký hiệu trước số tiền','2023-05-28 21:30:33','2023-05-28 21:30:33'),(3927,1,'vi','plugins/ecommerce/currencies','tables.status','Trạng thái','2023-05-28 21:30:33','2023-05-28 21:30:33'),(3928,1,'vi','plugins/ecommerce/currencies','tables.order','Sắp xếp','2023-05-28 21:30:33','2023-05-28 21:30:33'),(3929,1,'vi','plugins/ecommerce/currencies','forms.title','Tiêu đề','2023-05-28 21:30:33','2023-05-28 21:30:33'),(3930,1,'vi','plugins/ecommerce/currencies','forms.code','Mã','2023-05-28 21:30:33','2023-05-28 21:30:33'),(3931,1,'vi','plugins/ecommerce/currencies','forms.symbol','Kí hiệu','2023-05-28 21:30:33','2023-05-28 21:30:33'),(3932,1,'vi','plugins/ecommerce/currencies','forms.is_prefix_symbol','Sử dụng ký hiệu trước số tiền','2023-05-28 21:30:33','2023-05-28 21:30:33'),(3933,1,'vi','plugins/ecommerce/currencies','forms.status','Trạng thái','2023-05-28 21:30:33','2023-05-28 21:30:33'),(3934,1,'vi','plugins/ecommerce/currencies','forms.order','Sắp xếp','2023-05-28 21:30:33','2023-05-28 21:30:33'),(3935,1,'vi','plugins/ecommerce/currencies','forms.decimals','Số kí tự sau dấu phân cách','2023-05-28 21:30:33','2023-05-28 21:30:33'),(3936,1,'vi','plugins/ecommerce/currencies','forms.activated','Đã kích hoạt','2023-05-28 21:30:33','2023-05-28 21:30:33'),(3937,1,'vi','plugins/ecommerce/currencies','forms.deactivated','Đã bị huỷ kích hoạt','2023-05-28 21:30:33','2023-05-28 21:30:33'),(3938,1,'vi','plugins/ecommerce/currencies','forms.yes','Có','2023-05-28 21:30:33','2023-05-28 21:30:33'),(3939,1,'vi','plugins/ecommerce/currencies','forms.no','Không','2023-05-28 21:30:33','2023-05-28 21:30:33'),(3940,1,'vi','plugins/ecommerce/currency','currencies','Tiền tệ','2023-05-28 21:30:33','2023-05-28 21:30:33'),(3941,1,'vi','plugins/ecommerce/currency','setting_description','Các loại tiền tệ được sử dụng trên website.','2023-05-28 21:30:33','2023-05-28 21:30:33'),(3942,1,'vi','plugins/ecommerce/currency','name','Tên','2023-05-28 21:30:33','2023-05-28 21:30:33'),(3943,1,'vi','plugins/ecommerce/currency','symbol','Ký hiệu','2023-05-28 21:30:33','2023-05-28 21:30:33'),(3944,1,'vi','plugins/ecommerce/currency','number_of_decimals','Số thập phân','2023-05-28 21:30:33','2023-05-28 21:30:33'),(3945,1,'vi','plugins/ecommerce/currency','exchange_rate','Tỷ giá','2023-05-28 21:30:33','2023-05-28 21:30:33'),(3946,1,'vi','plugins/ecommerce/currency','is_prefix_symbol','Vị trí ký hiệu','2023-05-28 21:30:33','2023-05-28 21:30:33'),(3947,1,'vi','plugins/ecommerce/currency','is_default','Mặc định?','2023-05-28 21:30:33','2023-05-28 21:30:33'),(3948,1,'vi','plugins/ecommerce/currency','remove','Xoá','2023-05-28 21:30:33','2023-05-28 21:30:33'),(3949,1,'vi','plugins/ecommerce/currency','new_currency','Thêm tiền tệ mới','2023-05-28 21:30:33','2023-05-28 21:30:33'),(3950,1,'vi','plugins/ecommerce/currency','save_settings','Lưu cài đặt','2023-05-28 21:30:33','2023-05-28 21:30:33'),(3951,1,'vi','plugins/ecommerce/currency','before_number','Trước số','2023-05-28 21:30:33','2023-05-28 21:30:33'),(3952,1,'vi','plugins/ecommerce/currency','after_number','Sau số','2023-05-28 21:30:33','2023-05-28 21:30:33'),(3953,1,'vi','plugins/ecommerce/customer','name','Khách hàng','2023-05-28 21:30:33','2023-05-28 21:30:33'),(3954,1,'vi','plugins/ecommerce/customer','create','Create a customer','2023-05-28 21:30:33','2023-05-28 21:30:33'),(3955,1,'vi','plugins/ecommerce/customer','edit','Edit customer \":name\"','2023-05-28 21:30:33','2023-05-28 21:30:33'),(3956,1,'vi','plugins/ecommerce/customer','email','Email','2023-05-28 21:30:33','2023-05-28 21:30:33'),(3957,1,'vi','plugins/ecommerce/customer','email_placeholder','Ex: example@gmail.com','2023-05-28 21:30:33','2023-05-28 21:30:33'),(3958,1,'vi','plugins/ecommerce/customer','password','Password','2023-05-28 21:30:33','2023-05-28 21:30:33'),(3959,1,'vi','plugins/ecommerce/customer','change_password','Change password?','2023-05-28 21:30:34','2023-05-28 21:30:34'),(3960,1,'vi','plugins/ecommerce/customer','password_confirmation','Password confirmation','2023-05-28 21:30:34','2023-05-28 21:30:34'),(3961,1,'vi','plugins/ecommerce/customer','intro.title','Quản lý danh sách khách hàng','2023-05-28 21:30:34','2023-05-28 21:30:34'),(3962,1,'vi','plugins/ecommerce/customer','intro.description','Khi khách hàng đặt hàng, bạn sẽ biết được thông tin và lịch sử mua hàng của khách hàng.','2023-05-28 21:30:34','2023-05-28 21:30:34'),(3963,1,'vi','plugins/ecommerce/customer','intro.button_text','Tạo khách hàng','2023-05-28 21:30:34','2023-05-28 21:30:34'),(3964,1,'vi','plugins/ecommerce/discount','name','Khuyến mãi','2023-05-28 21:30:34','2023-05-28 21:30:34'),(3965,1,'vi','plugins/ecommerce/discount','invalid_coupon','Mã khuyến mãi không hợp lệ hoặc đã hết hạn!','2023-05-28 21:30:34','2023-05-28 21:30:34'),(3966,1,'vi','plugins/ecommerce/discount','cannot_use_same_time_with_other_discount_program','Mã khuyến mãi này không thể sử dụng chung với chương trình khuyến mãi!','2023-05-28 21:30:34','2023-05-28 21:30:34'),(3967,1,'vi','plugins/ecommerce/discount','not_used','Chưa sử dụng mã giảm giá này','2023-05-28 21:30:34','2023-05-28 21:30:34'),(3968,1,'vi','plugins/ecommerce/discount','detail','Detail','2023-05-28 21:30:34','2023-05-28 21:30:34'),(3969,1,'vi','plugins/ecommerce/discount','used','Used','2023-05-28 21:30:34','2023-05-28 21:30:34'),(3970,1,'vi','plugins/ecommerce/discount','start_date','Start date','2023-05-28 21:30:34','2023-05-28 21:30:34'),(3971,1,'vi','plugins/ecommerce/discount','end_date','End date','2023-05-28 21:30:34','2023-05-28 21:30:34'),(3972,1,'vi','plugins/ecommerce/discount','intro.title','Chương trình khuyến mãi','2023-05-28 21:30:34','2023-05-28 21:30:34'),(3973,1,'vi','plugins/ecommerce/discount','intro.description','Tạo ra các mã coupon, cài đặt một sản phẩm, hoặc một nhóm sản phẩm khuyến mãi dành cho các khách hàng thân thiết của bạn.','2023-05-28 21:30:34','2023-05-28 21:30:34'),(3974,1,'vi','plugins/ecommerce/discount','intro.button_text','Tạo khuyến mãi','2023-05-28 21:30:34','2023-05-28 21:30:34'),(3975,1,'vi','plugins/ecommerce/discount','create','Create discount','2023-05-28 21:30:34','2023-05-28 21:30:34'),(3976,1,'vi','plugins/ecommerce/discount','expired','Expired','2023-05-28 21:30:34','2023-05-28 21:30:34'),(3977,1,'vi','plugins/ecommerce/discount','discount_promotion','Discount promotion','2023-05-28 21:30:34','2023-05-28 21:30:34'),(3978,1,'vi','plugins/ecommerce/discount','can','can','2023-05-28 21:30:34','2023-05-28 21:30:34'),(3979,1,'vi','plugins/ecommerce/discount','cannot','cannot','2023-05-28 21:30:34','2023-05-28 21:30:34'),(3980,1,'vi','plugins/ecommerce/discount','use_with_promotion','be used with promotion','2023-05-28 21:30:34','2023-05-28 21:30:34'),(3981,1,'vi','plugins/ecommerce/discount','create_discount_validate_title_required_if','Please enter the name of the promotion','2023-05-28 21:30:34','2023-05-28 21:30:34'),(3982,1,'vi','plugins/ecommerce/discount','create_discount_validate_code_required_if','Please enter the promotion code','2023-05-28 21:30:34','2023-05-28 21:30:34'),(3983,1,'vi','plugins/ecommerce/discount','create_discount_validate_value_required','Amount must be greater than 0','2023-05-28 21:30:34','2023-05-28 21:30:34'),(3984,1,'vi','plugins/ecommerce/discount','create_discount_validate_target_required','No object selected for promotion','2023-05-28 21:30:34','2023-05-28 21:30:34'),(3985,1,'vi','plugins/ecommerce/discount','enums.type-options.amount','Amount - Fixed','2023-05-28 21:30:34','2023-05-28 21:30:34'),(3986,1,'vi','plugins/ecommerce/discount','enums.type-options.percentage','Discount %','2023-05-28 21:30:34','2023-05-28 21:30:34'),(3987,1,'vi','plugins/ecommerce/discount','enums.type-options.shipping','Free shipping','2023-05-28 21:30:34','2023-05-28 21:30:34'),(3988,1,'vi','plugins/ecommerce/discount','enums.type-options.same-price','Same price','2023-05-28 21:30:34','2023-05-28 21:30:34'),(3989,1,'vi','plugins/ecommerce/discount','discount','Discount','2023-05-28 21:30:34','2023-05-28 21:30:34'),(3990,1,'vi','plugins/ecommerce/discount','create_coupon_code','Tạo mã khuyến mãi','2023-05-28 21:30:34','2023-05-28 21:30:34'),(3991,1,'vi','plugins/ecommerce/discount','create_discount_promotion','Create discount promotion','2023-05-28 21:30:34','2023-05-28 21:30:34'),(3992,1,'vi','plugins/ecommerce/discount','generate_coupon_code','Generate coupon code','2023-05-28 21:30:34','2023-05-28 21:30:34'),(3993,1,'vi','plugins/ecommerce/discount','customers_will_enter_this_coupon_code_when_they_checkout','Customers will enter this coupon code when they checkout','2023-05-28 21:30:34','2023-05-28 21:30:34'),(3994,1,'vi','plugins/ecommerce/discount','select_type_of_discount','Select type of discount','2023-05-28 21:30:34','2023-05-28 21:30:34'),(3995,1,'vi','plugins/ecommerce/discount','coupon_code','Coupon code','2023-05-28 21:30:34','2023-05-28 21:30:34'),(3996,1,'vi','plugins/ecommerce/discount','promotion','Promotion','2023-05-28 21:30:34','2023-05-28 21:30:34'),(3997,1,'vi','plugins/ecommerce/discount','can_be_used_with_promotion','Can be used with promotion','2023-05-28 21:30:34','2023-05-28 21:30:34'),(3998,1,'vi','plugins/ecommerce/discount','unlimited_coupon','Unlimited coupon','2023-05-28 21:30:34','2023-05-28 21:30:34'),(3999,1,'vi','plugins/ecommerce/discount','enter_number','Enter number','2023-05-28 21:30:34','2023-05-28 21:30:34'),(4000,1,'vi','plugins/ecommerce/discount','coupon_type','Coupon type','2023-05-28 21:30:34','2023-05-28 21:30:34'),(4001,1,'vi','plugins/ecommerce/discount','percentage_discount','Percentage discount (%)','2023-05-28 21:30:34','2023-05-28 21:30:34'),(4002,1,'vi','plugins/ecommerce/discount','free_shipping','Free shipping','2023-05-28 21:30:34','2023-05-28 21:30:34'),(4003,1,'vi','plugins/ecommerce/discount','same_price','Same price','2023-05-28 21:30:34','2023-05-28 21:30:34'),(4004,1,'vi','plugins/ecommerce/discount','apply_for','apply for','2023-05-28 21:30:34','2023-05-28 21:30:34'),(4005,1,'vi','plugins/ecommerce/discount','all_orders','All orders','2023-05-28 21:30:34','2023-05-28 21:30:34'),(4006,1,'vi','plugins/ecommerce/discount','order_amount_from','Order amount from','2023-05-28 21:30:34','2023-05-28 21:30:34'),(4007,1,'vi','plugins/ecommerce/discount','product_collection','Product collection','2023-05-28 21:30:34','2023-05-28 21:30:34'),(4008,1,'vi','plugins/ecommerce/discount','product','Product','2023-05-28 21:30:34','2023-05-28 21:30:34'),(4009,1,'vi','plugins/ecommerce/discount','customer','Customer','2023-05-28 21:30:34','2023-05-28 21:30:34'),(4010,1,'vi','plugins/ecommerce/discount','variant','Variant','2023-05-28 21:30:34','2023-05-28 21:30:34'),(4011,1,'vi','plugins/ecommerce/discount','search_product','Search product','2023-05-28 21:30:34','2023-05-28 21:30:34'),(4012,1,'vi','plugins/ecommerce/discount','no_products_found','No products found!','2023-05-28 21:30:34','2023-05-28 21:30:34'),(4013,1,'vi','plugins/ecommerce/discount','search_customer','Search customer','2023-05-28 21:30:34','2023-05-28 21:30:34'),(4014,1,'vi','plugins/ecommerce/discount','no_customer_found','No customer found!','2023-05-28 21:30:34','2023-05-28 21:30:34'),(4015,1,'vi','plugins/ecommerce/discount','one_time_per_order','One time per order','2023-05-28 21:30:34','2023-05-28 21:30:34'),(4016,1,'vi','plugins/ecommerce/discount','one_time_per_product_in_cart','One time per product in cart','2023-05-28 21:30:34','2023-05-28 21:30:34'),(4017,1,'vi','plugins/ecommerce/discount','number_of_products','Number of products required to apply','2023-05-28 21:30:34','2023-05-28 21:30:34'),(4018,1,'vi','plugins/ecommerce/discount','selected_products','Selected products','2023-05-28 21:30:34','2023-05-28 21:30:34'),(4019,1,'vi','plugins/ecommerce/discount','selected_customers','Selected customers','2023-05-28 21:30:34','2023-05-28 21:30:34'),(4020,1,'vi','plugins/ecommerce/discount','time','Time','2023-05-28 21:30:34','2023-05-28 21:30:34'),(4021,1,'vi','plugins/ecommerce/discount','never_expired','Never expired','2023-05-28 21:30:34','2023-05-28 21:30:34'),(4022,1,'vi','plugins/ecommerce/discount','save','Save','2023-05-28 21:30:34','2023-05-28 21:30:34'),(4023,1,'vi','plugins/ecommerce/discount','enter_promotion_name','Enter promotion name','2023-05-28 21:30:34','2023-05-28 21:30:34'),(4024,1,'vi','plugins/ecommerce/discount','enter_coupon_name','Enter coupon name','2023-05-28 21:30:34','2023-05-28 21:30:34'),(4025,1,'vi','plugins/ecommerce/discount','cancel','Cancel','2023-05-28 21:30:34','2023-05-28 21:30:34'),(4026,1,'vi','plugins/ecommerce/discount','is','Is','2023-05-28 21:30:34','2023-05-28 21:30:34'),(4027,1,'vi','plugins/ecommerce/discount','when_shipping_fee_less_than','when shipping fee less than','2023-05-28 21:30:34','2023-05-28 21:30:34'),(4028,1,'vi','plugins/ecommerce/ecommerce','settings','Cài đặt','2023-05-28 21:30:34','2023-05-28 21:30:34'),(4029,1,'vi','plugins/ecommerce/ecommerce','name','Thương mại điện tử','2023-05-28 21:30:34','2023-05-28 21:30:34'),(4030,1,'vi','plugins/ecommerce/ecommerce','setting.email.title','E-commerce','2023-05-28 21:30:34','2023-05-28 21:30:34'),(4031,1,'vi','plugins/ecommerce/ecommerce','setting.email.description','Ecommerce email config','2023-05-28 21:30:34','2023-05-28 21:30:34'),(4032,1,'vi','plugins/ecommerce/ecommerce','setting.email.order_confirm_subject','Subject of order confirmation email','2023-05-28 21:30:34','2023-05-28 21:30:34'),(4033,1,'vi','plugins/ecommerce/ecommerce','setting.email.order_confirm_subject_placeholder','The subject of email confirmation send to the customer','2023-05-28 21:30:34','2023-05-28 21:30:34'),(4034,1,'vi','plugins/ecommerce/ecommerce','setting.email.order_confirm_content','Content of order confirmation email','2023-05-28 21:30:34','2023-05-28 21:30:34'),(4035,1,'vi','plugins/ecommerce/ecommerce','setting.email.order_status_change_subject','Subject of email when changing order\'s status','2023-05-28 21:30:34','2023-05-28 21:30:34'),(4036,1,'vi','plugins/ecommerce/ecommerce','setting.email.order_status_change_subject_placeholder','Subject of email when changing order\'s status send to customer','2023-05-28 21:30:34','2023-05-28 21:30:34'),(4037,1,'vi','plugins/ecommerce/ecommerce','setting.email.order_status_change_content','Content of email when changing order\'s status','2023-05-28 21:30:34','2023-05-28 21:30:34'),(4038,1,'vi','plugins/ecommerce/ecommerce','setting.email.from_email','Email from','2023-05-28 21:30:34','2023-05-28 21:30:34'),(4039,1,'vi','plugins/ecommerce/ecommerce','setting.email.from_email_placeholder','Email from address to display in mail. Ex: example@gmail.com','2023-05-28 21:30:34','2023-05-28 21:30:34'),(4040,1,'vi','plugins/ecommerce/ecommerce','store_address','Địa chỉ cửa hàng','2023-05-28 21:30:34','2023-05-28 21:30:34'),(4041,1,'vi','plugins/ecommerce/ecommerce','store_phone','Số điện thoại cửa hàng','2023-05-28 21:30:34','2023-05-28 21:30:34'),(4042,1,'vi','plugins/ecommerce/ecommerce','order_id','Mã đơn hàng','2023-05-28 21:30:34','2023-05-28 21:30:34'),(4043,1,'vi','plugins/ecommerce/ecommerce','order_token','Chuỗi mã hoá đơn hàng','2023-05-28 21:30:34','2023-05-28 21:30:34'),(4044,1,'vi','plugins/ecommerce/ecommerce','customer_name','Tên khách hàng','2023-05-28 21:30:34','2023-05-28 21:30:34'),(4045,1,'vi','plugins/ecommerce/ecommerce','customer_email','Email khách hàng','2023-05-28 21:30:34','2023-05-28 21:30:34'),(4046,1,'vi','plugins/ecommerce/ecommerce','customer_phone','Số điện thoại khách hàng','2023-05-28 21:30:34','2023-05-28 21:30:34'),(4047,1,'vi','plugins/ecommerce/ecommerce','customer_address','Địa chỉ khách hàng','2023-05-28 21:30:34','2023-05-28 21:30:34'),(4048,1,'vi','plugins/ecommerce/ecommerce','product_list','Danh sách sản phẩm trong đơn hàng','2023-05-28 21:30:34','2023-05-28 21:30:34'),(4049,1,'vi','plugins/ecommerce/ecommerce','payment_detail','Chi tiết thanh toán','2023-05-28 21:30:34','2023-05-28 21:30:34'),(4050,1,'vi','plugins/ecommerce/ecommerce','shipping_method','Phương thức vận chuyển','2023-05-28 21:30:34','2023-05-28 21:30:34'),(4051,1,'vi','plugins/ecommerce/ecommerce','payment_method','Phương thức thanh toán','2023-05-28 21:30:34','2023-05-28 21:30:34'),(4052,1,'vi','plugins/ecommerce/ecommerce','standard_and_format','Tiêu chuẩn & Định dạng','2023-05-28 21:30:34','2023-05-28 21:30:34'),(4053,1,'vi','plugins/ecommerce/ecommerce','standard_and_format_description','Các tiêu chuẩn và các định dạng được sử dụng để tính toán những thứ như giá cả sản phẩm, trọng lượng vận chuyển và thời gian đơn hàng được đặt.','2023-05-28 21:30:34','2023-05-28 21:30:34'),(4054,1,'vi','plugins/ecommerce/ecommerce','change_order_format','Chỉnh sửa định dạng mã đơn hàng (tùy chọn)','2023-05-28 21:30:34','2023-05-28 21:30:34'),(4055,1,'vi','plugins/ecommerce/ecommerce','change_order_format_description','Mã đơn hàng mặc định bắt đầu từ :number. Bạn có thể thay đổi chuỗi bắt đầu hoặc kết thúc để tạo mã đơn hàng theo ý bạn, ví dụ \"DH-:number\" hoặc \":number-A\"','2023-05-28 21:30:34','2023-05-28 21:30:34'),(4056,1,'vi','plugins/ecommerce/ecommerce','start_with','Bắt đầu bằng','2023-05-28 21:30:34','2023-05-28 21:30:34'),(4057,1,'vi','plugins/ecommerce/ecommerce','end_with','Kết thúc bằng','2023-05-28 21:30:34','2023-05-28 21:30:34'),(4058,1,'vi','plugins/ecommerce/ecommerce','order_will_be_shown','Mã đơn hàng của bạn sẽ hiển thị theo mẫu','2023-05-28 21:30:34','2023-05-28 21:30:34'),(4059,1,'vi','plugins/ecommerce/ecommerce','weight_unit','Đơn vị cân nặng','2023-05-28 21:30:34','2023-05-28 21:30:34'),(4060,1,'vi','plugins/ecommerce/ecommerce','height_unit','Đơn vị chiều dài/chiều cao','2023-05-28 21:30:34','2023-05-28 21:30:34'),(4061,1,'vi','plugins/ecommerce/email','customer_new_order_title','Xác nhận đơn hàng','2023-05-28 21:30:34','2023-05-28 21:30:34'),(4062,1,'vi','plugins/ecommerce/email','customer_new_order_description','Được gửi khi khách hàng tạo đơn hàng','2023-05-28 21:30:34','2023-05-28 21:30:34'),(4063,1,'vi','plugins/ecommerce/email','order_cancellation_title','Hủy đơn hàng','2023-05-28 21:30:34','2023-05-28 21:30:34'),(4064,1,'vi','plugins/ecommerce/email','order_cancellation_description','Được gửi khi khách hàng hủy đơn hàng','2023-05-28 21:30:34','2023-05-28 21:30:34'),(4065,1,'vi','plugins/ecommerce/email','delivery_confirmation_title','Xác nhận giao hàng','2023-05-28 21:30:34','2023-05-28 21:30:34'),(4066,1,'vi','plugins/ecommerce/email','delivery_confirmation_description','Được gửi đến khách hàng khi bắt đầu giao hàng','2023-05-28 21:30:34','2023-05-28 21:30:34'),(4067,1,'vi','plugins/ecommerce/email','admin_new_order_title','Thông báo có đơn hàng mới','2023-05-28 21:30:34','2023-05-28 21:30:34'),(4068,1,'vi','plugins/ecommerce/email','admin_new_order_description','Được gửi cho quản trị viên khi có khách mua hàng','2023-05-28 21:30:34','2023-05-28 21:30:34'),(4069,1,'vi','plugins/ecommerce/email','order_confirmation_title','Xác nhận đơn hàng','2023-05-28 21:30:34','2023-05-28 21:30:34'),(4070,1,'vi','plugins/ecommerce/email','order_confirmation_description','Email được gửi đến khách hàng khi đơn hàng xác nhận','2023-05-28 21:30:34','2023-05-28 21:30:34'),(4071,1,'vi','plugins/ecommerce/email','payment_confirmation_title','Xác nhận thanh toán','2023-05-28 21:30:34','2023-05-28 21:30:34'),(4072,1,'vi','plugins/ecommerce/email','payment_confirmation_description','Email được gửi đến khách hàng khi đơn hàng xác nhận thanh toán','2023-05-28 21:30:34','2023-05-28 21:30:34'),(4073,1,'vi','plugins/ecommerce/email','order_recover_title','Đơn hàng đang chờ hoàn tất','2023-05-28 21:30:34','2023-05-28 21:30:34'),(4074,1,'vi','plugins/ecommerce/email','order_recover_description','Email nhắc nhở khách hàng hoàn tất đơn hàng','2023-05-28 21:30:34','2023-05-28 21:30:34'),(4075,1,'vi','plugins/ecommerce/email','link_go_to_our_shop','hoặc <a href=\":link\">Truy cập website</a>','2023-05-28 21:30:34','2023-05-28 21:30:34'),(4076,1,'vi','plugins/ecommerce/email','order_information','Thông tin đơn hàng','2023-05-28 21:30:34','2023-05-28 21:30:34'),(4077,1,'vi','plugins/ecommerce/email','order_number','Mã đơn hàng: <strong>:order_id</strong>','2023-05-28 21:30:34','2023-05-28 21:30:34'),(4078,1,'vi','plugins/ecommerce/email','view_order','Xem đơn hàng','2023-05-28 21:30:34','2023-05-28 21:30:34'),(4079,1,'vi','plugins/ecommerce/order','statuses.pending','Chưa xử lý','2023-05-28 21:30:34','2023-05-28 21:30:34'),(4080,1,'vi','plugins/ecommerce/order','statuses.processing','Đang xử lý','2023-05-28 21:30:34','2023-05-28 21:30:34'),(4081,1,'vi','plugins/ecommerce/order','statuses.completed','Hoàn thành','2023-05-28 21:30:34','2023-05-28 21:30:34'),(4082,1,'vi','plugins/ecommerce/order','statuses.canceled','Bị huỷ','2023-05-28 21:30:34','2023-05-28 21:30:34'),(4083,1,'vi','plugins/ecommerce/order','name','Đơn hàng','2023-05-28 21:30:34','2023-05-28 21:30:34'),(4084,1,'vi','plugins/ecommerce/order','incomplete_order','Đơn hàng chưa hoàn tất','2023-05-28 21:30:34','2023-05-28 21:30:34'),(4085,1,'vi','plugins/ecommerce/order','order_id','Mã đơn hàng','2023-05-28 21:30:34','2023-05-28 21:30:34'),(4086,1,'vi','plugins/ecommerce/order','customer_label','Khách hàng','2023-05-28 21:30:34','2023-05-28 21:30:34'),(4087,1,'vi','plugins/ecommerce/order','amount','Tổng cộng','2023-05-28 21:30:34','2023-05-28 21:30:34'),(4088,1,'vi','plugins/ecommerce/order','shipping_amount','Phí vận chuyển','2023-05-28 21:30:34','2023-05-28 21:30:34'),(4089,1,'vi','plugins/ecommerce/order','payment_method','Phương thức thanh toán','2023-05-28 21:30:34','2023-05-28 21:30:34'),(4090,1,'vi','plugins/ecommerce/order','payment_status_label','Trạng thái thanh toán','2023-05-28 21:30:34','2023-05-28 21:30:34'),(4091,1,'vi','plugins/ecommerce/order','manage_orders','Quản lý đơn hàng','2023-05-28 21:30:34','2023-05-28 21:30:34'),(4092,1,'vi','plugins/ecommerce/order','order_intro_description','Một khi cửa hàng của bạn có đơn đặt hàng, đây sẽ là nơi bạn xử lý và theo dõi những đơn đặt hàng đó.','2023-05-28 21:30:34','2023-05-28 21:30:34'),(4093,1,'vi','plugins/ecommerce/order','create_new_order','Tạo đơn hàng','2023-05-28 21:30:34','2023-05-28 21:30:34'),(4094,1,'vi','plugins/ecommerce/order','manage_incomplete_orders','Quản lý đơn hàng chưa hoàn tất','2023-05-28 21:30:34','2023-05-28 21:30:34'),(4095,1,'vi','plugins/ecommerce/order','incomplete_orders_intro_description','Đơn hàng chưa hoàn tất là đơn hàng được tạo khi khách hàng thêm sản phẩm vào giỏ hàng, tiến hành điền thông tin mua hàng nhưng không hoàn tất quá trình thanh toán.','2023-05-28 21:30:34','2023-05-28 21:30:34'),(4096,1,'vi','plugins/ecommerce/order','cannot_send_order_recover_to_mail','Không tìm thấy email nên không thể gửi email khôi phục cho khách hàng.','2023-05-28 21:30:34','2023-05-28 21:30:34'),(4097,1,'vi','plugins/ecommerce/order','menu','Đơn hàng','2023-05-28 21:30:34','2023-05-28 21:30:34'),(4098,1,'vi','plugins/ecommerce/order','order_information','Thông tin đơn hàng','2023-05-28 21:30:34','2023-05-28 21:30:34'),(4099,1,'vi','plugins/ecommerce/order','create','Create an order','2023-05-28 21:30:34','2023-05-28 21:30:34'),(4100,1,'vi','plugins/ecommerce/order','cancel_error','The order is delivering or completed','2023-05-28 21:30:34','2023-05-28 21:30:34'),(4101,1,'vi','plugins/ecommerce/order','cancel_success','You do cancel the order successful','2023-05-28 21:30:34','2023-05-28 21:30:34'),(4102,1,'vi','plugins/ecommerce/order','product_id','Product ID','2023-05-28 21:30:34','2023-05-28 21:30:34'),(4103,1,'vi','plugins/ecommerce/order','tax_amount','Tax Amount','2023-05-28 21:30:34','2023-05-28 21:30:34'),(4104,1,'vi','plugins/ecommerce/order','invoice_for_order','Invoice for order','2023-05-28 21:30:34','2023-05-28 21:30:34'),(4105,1,'vi','plugins/ecommerce/order','created','Created','2023-05-28 21:30:34','2023-05-28 21:30:34'),(4106,1,'vi','plugins/ecommerce/order','invoice','Invoice','2023-05-28 21:30:34','2023-05-28 21:30:34'),(4107,1,'vi','plugins/ecommerce/order','return','Return','2023-05-28 21:30:34','2023-05-28 21:30:34'),(4108,1,'vi','plugins/ecommerce/order','total_refund_amount','Total refund amount','2023-05-28 21:30:34','2023-05-28 21:30:34'),(4109,1,'vi','plugins/ecommerce/order','total_amount_can_be_refunded','Total amount can be refunded','2023-05-28 21:30:35','2023-05-28 21:30:35'),(4110,1,'vi','plugins/ecommerce/order','refund_reason','Refund reason (optional)','2023-05-28 21:30:35','2023-05-28 21:30:35'),(4111,1,'vi','plugins/ecommerce/order','products','product(s)','2023-05-28 21:30:35','2023-05-28 21:30:35'),(4112,1,'vi','plugins/ecommerce/order','default','Default','2023-05-28 21:30:35','2023-05-28 21:30:35'),(4113,1,'vi','plugins/ecommerce/order','system','System','2023-05-28 21:30:35','2023-05-28 21:30:35'),(4114,1,'vi','plugins/ecommerce/order','new_order_from','New order :order_id from :customer','2023-05-28 21:30:35','2023-05-28 21:30:35'),(4115,1,'vi','plugins/ecommerce/order','confirmation_email_was_sent_to_customer','The email confirmation was sent to customer','2023-05-28 21:30:35','2023-05-28 21:30:35'),(4116,1,'vi','plugins/ecommerce/order','address_name_required','The name field is required.','2023-05-28 21:30:35','2023-05-28 21:30:35'),(4117,1,'vi','plugins/ecommerce/order','address_phone_required','The phone field is required.','2023-05-28 21:30:35','2023-05-28 21:30:35'),(4118,1,'vi','plugins/ecommerce/order','address_email_required','The email field is required.','2023-05-28 21:30:35','2023-05-28 21:30:35'),(4119,1,'vi','plugins/ecommerce/order','address_email_unique','The customer with that email is existed, please choose other email or login with this email!','2023-05-28 21:30:35','2023-05-28 21:30:35'),(4120,1,'vi','plugins/ecommerce/order','address_state_required','The state field is required.','2023-05-28 21:30:35','2023-05-28 21:30:35'),(4121,1,'vi','plugins/ecommerce/order','address_city_required','The city field is required.','2023-05-28 21:30:35','2023-05-28 21:30:35'),(4122,1,'vi','plugins/ecommerce/order','address_country_required','The country field is required.','2023-05-28 21:30:35','2023-05-28 21:30:35'),(4123,1,'vi','plugins/ecommerce/order','address_address_required','The address field is required.','2023-05-28 21:30:35','2023-05-28 21:30:35'),(4124,1,'vi','plugins/ecommerce/order','create_order_from_payment_page','Order was created from checkout page','2023-05-28 21:30:35','2023-05-28 21:30:35'),(4125,1,'vi','plugins/ecommerce/order','order_was_verified_by','Order was verified by %user_name%','2023-05-28 21:30:35','2023-05-28 21:30:35'),(4126,1,'vi','plugins/ecommerce/order','new_order','New order :order_id','2023-05-28 21:30:35','2023-05-28 21:30:35'),(4127,1,'vi','plugins/ecommerce/order','payment_was_confirmed_by','Payment was confirmed (amount :money) by %user_name%','2023-05-28 21:30:35','2023-05-28 21:30:35'),(4128,1,'vi','plugins/ecommerce/order','edit_order','Edit order :code','2023-05-28 21:30:35','2023-05-28 21:30:35'),(4129,1,'vi','plugins/ecommerce/order','confirm_order_success','Confirm order successfully!','2023-05-28 21:30:35','2023-05-28 21:30:35'),(4130,1,'vi','plugins/ecommerce/order','error_when_sending_email','There is an error when sending email','2023-05-28 21:30:35','2023-05-28 21:30:35'),(4131,1,'vi','plugins/ecommerce/order','sent_confirmation_email_success','Sent confirmation email successfully!','2023-05-28 21:30:35','2023-05-28 21:30:35'),(4132,1,'vi','plugins/ecommerce/order','order_was_sent_to_shipping_team','Order was sent to shipping team','2023-05-28 21:30:35','2023-05-28 21:30:35'),(4133,1,'vi','plugins/ecommerce/order','by_username','by %user_name%','2023-05-28 21:30:35','2023-05-28 21:30:35'),(4134,1,'vi','plugins/ecommerce/order','shipping_was_created_from','Shipping was created from order %order_id%','2023-05-28 21:30:35','2023-05-28 21:30:35'),(4135,1,'vi','plugins/ecommerce/order','shipping_was_canceled_success','Shipping was cancelled successfully!','2023-05-28 21:30:35','2023-05-28 21:30:35'),(4136,1,'vi','plugins/ecommerce/order','shipping_was_canceled_by','Shipping was cancelled by %user_name%','2023-05-28 21:30:35','2023-05-28 21:30:35'),(4137,1,'vi','plugins/ecommerce/order','update_shipping_address_success','Update shipping address successfully!','2023-05-28 21:30:35','2023-05-28 21:30:35'),(4138,1,'vi','plugins/ecommerce/order','order_was_canceled_by','Order was cancelled by %user_name%','2023-05-28 21:30:35','2023-05-28 21:30:35'),(4139,1,'vi','plugins/ecommerce/order','confirm_payment_success','Confirm payment successfully!','2023-05-28 21:30:35','2023-05-28 21:30:35'),(4140,1,'vi','plugins/ecommerce/order','refund_amount_invalid','Refund amount must be lower or equal :price','2023-05-28 21:30:35','2023-05-28 21:30:35'),(4141,1,'vi','plugins/ecommerce/order','number_of_products_invalid','Number of products refund is not valid!','2023-05-28 21:30:35','2023-05-28 21:30:35'),(4142,1,'vi','plugins/ecommerce/order','cannot_found_payment_for_this_order','Cannot found payment for this order!','2023-05-28 21:30:35','2023-05-28 21:30:35'),(4143,1,'vi','plugins/ecommerce/order','refund_success_with_price','Refund success :price','2023-05-28 21:30:35','2023-05-28 21:30:35'),(4144,1,'vi','plugins/ecommerce/order','refund_success','Refund successfully!','2023-05-28 21:30:35','2023-05-28 21:30:35'),(4145,1,'vi','plugins/ecommerce/order','order_is_not_existed','Order is not existed!','2023-05-28 21:30:35','2023-05-28 21:30:35'),(4146,1,'vi','plugins/ecommerce/order','reorder','Reorder','2023-05-28 21:30:35','2023-05-28 21:30:35'),(4147,1,'vi','plugins/ecommerce/order','sent_email_incomplete_order_success','Sent email to remind about incomplete order successfully!','2023-05-28 21:30:35','2023-05-28 21:30:35'),(4148,1,'vi','plugins/ecommerce/order','applied_coupon_success','Applied coupon \":code\" successfully!','2023-05-28 21:30:35','2023-05-28 21:30:35'),(4149,1,'vi','plugins/ecommerce/order','new_order_notice','You have <span class=\"bold\">:count</span> New Order(s)','2023-05-28 21:30:35','2023-05-28 21:30:35'),(4150,1,'vi','plugins/ecommerce/order','view_all','View all','2023-05-28 21:30:35','2023-05-28 21:30:35'),(4151,1,'vi','plugins/ecommerce/order','cancel_order','Cancel order','2023-05-28 21:30:35','2023-05-28 21:30:35'),(4152,1,'vi','plugins/ecommerce/order','order_canceled','Order canceled','2023-05-28 21:30:35','2023-05-28 21:30:35'),(4153,1,'vi','plugins/ecommerce/order','order_was_canceled_at','Order was canceled at','2023-05-28 21:30:35','2023-05-28 21:30:35'),(4154,1,'vi','plugins/ecommerce/order','completed','Completed','2023-05-28 21:30:35','2023-05-28 21:30:35'),(4155,1,'vi','plugins/ecommerce/order','uncompleted','Uncompleted','2023-05-28 21:30:35','2023-05-28 21:30:35'),(4156,1,'vi','plugins/ecommerce/order','sku','SKU','2023-05-28 21:30:35','2023-05-28 21:30:35'),(4157,1,'vi','plugins/ecommerce/order','warehouse','Warehouse','2023-05-28 21:30:35','2023-05-28 21:30:35'),(4158,1,'vi','plugins/ecommerce/order','sub_amount','Sub amount','2023-05-28 21:30:35','2023-05-28 21:30:35'),(4159,1,'vi','plugins/ecommerce/order','coupon_code','Coupon code: \":code\"','2023-05-28 21:30:35','2023-05-28 21:30:35'),(4160,1,'vi','plugins/ecommerce/order','shipping_fee','Shipping fee','2023-05-28 21:30:35','2023-05-28 21:30:35'),(4161,1,'vi','plugins/ecommerce/order','tax','Tax','2023-05-28 21:30:35','2023-05-28 21:30:35'),(4162,1,'vi','plugins/ecommerce/order','refunded_amount','Refunded amount','2023-05-28 21:30:35','2023-05-28 21:30:35'),(4163,1,'vi','plugins/ecommerce/order','amount_received','The amount actually received','2023-05-28 21:30:35','2023-05-28 21:30:35'),(4164,1,'vi','plugins/ecommerce/order','download_invoice','Download invoice','2023-05-28 21:30:35','2023-05-28 21:30:35'),(4165,1,'vi','plugins/ecommerce/order','add_note','Add note...','2023-05-28 21:30:35','2023-05-28 21:30:35'),(4166,1,'vi','plugins/ecommerce/order','order_was_confirmed','Order was confirmed','2023-05-28 21:30:35','2023-05-28 21:30:35'),(4167,1,'vi','plugins/ecommerce/order','confirm_order','Confirm order','2023-05-28 21:30:35','2023-05-28 21:30:35'),(4168,1,'vi','plugins/ecommerce/order','confirm','Confirm','2023-05-28 21:30:35','2023-05-28 21:30:35'),(4169,1,'vi','plugins/ecommerce/order','order_was_canceled','Order was canceled','2023-05-28 21:30:35','2023-05-28 21:30:35'),(4170,1,'vi','plugins/ecommerce/order','pending_payment','Pending payment','2023-05-28 21:30:35','2023-05-28 21:30:35'),(4171,1,'vi','plugins/ecommerce/order','payment_was_accepted','Payment :money was accepted','2023-05-28 21:30:35','2023-05-28 21:30:35'),(4172,1,'vi','plugins/ecommerce/order','payment_was_refunded','Payment was refunded','2023-05-28 21:30:35','2023-05-28 21:30:35'),(4173,1,'vi','plugins/ecommerce/order','confirm_payment','Confirm payment','2023-05-28 21:30:35','2023-05-28 21:30:35'),(4174,1,'vi','plugins/ecommerce/order','refund','Refund','2023-05-28 21:30:35','2023-05-28 21:30:35'),(4175,1,'vi','plugins/ecommerce/order','all_products_are_not_delivered','All products are not delivered','2023-05-28 21:30:35','2023-05-28 21:30:35'),(4176,1,'vi','plugins/ecommerce/order','delivery','Delivery','2023-05-28 21:30:35','2023-05-28 21:30:35'),(4177,1,'vi','plugins/ecommerce/order','history','History','2023-05-28 21:30:35','2023-05-28 21:30:35'),(4178,1,'vi','plugins/ecommerce/order','order_number','Order number','2023-05-28 21:30:35','2023-05-28 21:30:35'),(4179,1,'vi','plugins/ecommerce/order','from','from','2023-05-28 21:30:35','2023-05-28 21:30:35'),(4180,1,'vi','plugins/ecommerce/order','status','Status','2023-05-28 21:30:35','2023-05-28 21:30:35'),(4181,1,'vi','plugins/ecommerce/order','successfully','Successfully','2023-05-28 21:30:35','2023-05-28 21:30:35'),(4182,1,'vi','plugins/ecommerce/order','transaction_type','Transaction\'s type','2023-05-28 21:30:35','2023-05-28 21:30:35'),(4183,1,'vi','plugins/ecommerce/order','staff','Staff','2023-05-28 21:30:35','2023-05-28 21:30:35'),(4184,1,'vi','plugins/ecommerce/order','refund_date','Refund date','2023-05-28 21:30:35','2023-05-28 21:30:35'),(4185,1,'vi','plugins/ecommerce/order','n_a','N\\A','2023-05-28 21:30:35','2023-05-28 21:30:35'),(4186,1,'vi','plugins/ecommerce/order','payment_date','Payment date','2023-05-28 21:30:35','2023-05-28 21:30:35'),(4187,1,'vi','plugins/ecommerce/order','payment_gateway','Payment gateway','2023-05-28 21:30:35','2023-05-28 21:30:35'),(4188,1,'vi','plugins/ecommerce/order','transaction_amount','Transaction amount','2023-05-28 21:30:35','2023-05-28 21:30:35'),(4189,1,'vi','plugins/ecommerce/order','resend','Resend','2023-05-28 21:30:35','2023-05-28 21:30:35'),(4190,1,'vi','plugins/ecommerce/order','default_store','Default store','2023-05-28 21:30:35','2023-05-28 21:30:35'),(4191,1,'vi','plugins/ecommerce/order','update_address','Update address','2023-05-28 21:30:35','2023-05-28 21:30:35'),(4192,1,'vi','plugins/ecommerce/order','have_an_account_already','Have an account already','2023-05-28 21:30:35','2023-05-28 21:30:35'),(4193,1,'vi','plugins/ecommerce/order','dont_have_an_account_yet','Don\'t have an account yet','2023-05-28 21:30:35','2023-05-28 21:30:35'),(4194,1,'vi','plugins/ecommerce/order','mark_payment_as_confirmed','Mark <span>:method</span> as confirmed','2023-05-28 21:30:35','2023-05-28 21:30:35'),(4195,1,'vi','plugins/ecommerce/order','resend_order_confirmation','Resend order confirmation','2023-05-28 21:30:35','2023-05-28 21:30:35'),(4196,1,'vi','plugins/ecommerce/order','resend_order_confirmation_description','Confirmation email will be sent to <strong>:email</strong>?','2023-05-28 21:30:35','2023-05-28 21:30:35'),(4197,1,'vi','plugins/ecommerce/order','send','Send','2023-05-28 21:30:35','2023-05-28 21:30:35'),(4198,1,'vi','plugins/ecommerce/order','update','Update','2023-05-28 21:30:35','2023-05-28 21:30:35'),(4199,1,'vi','plugins/ecommerce/order','cancel_shipping_confirmation','Cancel shipping confirmation?','2023-05-28 21:30:35','2023-05-28 21:30:35'),(4200,1,'vi','plugins/ecommerce/order','cancel_shipping_confirmation_description','Cancel shipping confirmation?','2023-05-28 21:30:35','2023-05-28 21:30:35'),(4201,1,'vi','plugins/ecommerce/order','cancel_order_confirmation','Cancel order confirmation?','2023-05-28 21:30:35','2023-05-28 21:30:35'),(4202,1,'vi','plugins/ecommerce/order','cancel_order_confirmation_description','Are you sure you want to cancel this order? This action cannot rollback','2023-05-28 21:30:35','2023-05-28 21:30:35'),(4203,1,'vi','plugins/ecommerce/order','confirm_payment_confirmation_description','Processed by <strong>:method</strong>. Did you receive payment outside the system? This payment won\'t be saved into system and cannot be refunded','2023-05-28 21:30:35','2023-05-28 21:30:35'),(4204,1,'vi','plugins/ecommerce/order','save_note','Save note','2023-05-28 21:30:35','2023-05-28 21:30:35'),(4205,1,'vi','plugins/ecommerce/order','order_note','Order note','2023-05-28 21:30:35','2023-05-28 21:30:35'),(4206,1,'vi','plugins/ecommerce/order','order_note_placeholder','Note about order, ex: time or shipping instruction.','2023-05-28 21:30:35','2023-05-28 21:30:35'),(4207,1,'vi','plugins/ecommerce/order','order_amount','Order amount','2023-05-28 21:30:35','2023-05-28 21:30:35'),(4208,1,'vi','plugins/ecommerce/order','additional_information','Additional information','2023-05-28 21:30:35','2023-05-28 21:30:35'),(4209,1,'vi','plugins/ecommerce/order','notice_about_incomplete_order','Notice about incomplete order','2023-05-28 21:30:35','2023-05-28 21:30:35'),(4210,1,'vi','plugins/ecommerce/order','notice_about_incomplete_order_description','Remind email about uncompleted order will be send to <strong>:email</strong>?','2023-05-28 21:30:35','2023-05-28 21:30:35'),(4211,1,'vi','plugins/ecommerce/order','incomplete_order_description_1','An incomplete order is when a potential customer places items in their shopping cart, and goes all the way through to the payment page, but then doesn\'t complete the transaction.','2023-05-28 21:30:35','2023-05-28 21:30:35'),(4212,1,'vi','plugins/ecommerce/order','incomplete_order_description_2','If you have contacted customers and they want to continue buying, you can help them complete their order by following the link:','2023-05-28 21:30:35','2023-05-28 21:30:35'),(4213,1,'vi','plugins/ecommerce/order','send_an_email_to_recover_this_order','Send an email to customer to recover this order','2023-05-28 21:30:35','2023-05-28 21:30:35'),(4214,1,'vi','plugins/ecommerce/order','see_maps','See maps','2023-05-28 21:30:35','2023-05-28 21:30:35'),(4215,1,'vi','plugins/ecommerce/order','one_or_more_products_dont_have_enough_quantity','One or more products don\'t have enough quantity!','2023-05-28 21:30:35','2023-05-28 21:30:35'),(4216,1,'vi','plugins/ecommerce/order','payment_info','Payment Info','2023-05-28 21:30:35','2023-05-28 21:30:35'),(4217,1,'vi','plugins/ecommerce/order','payment_method_refund_automatic','Your customer will be refunded using :method automatically.','2023-05-28 21:30:35','2023-05-28 21:30:35'),(4218,1,'vi','plugins/ecommerce/order','order','Order','2023-05-28 21:30:35','2023-05-28 21:30:35'),(4219,1,'vi','plugins/ecommerce/order','create_a_new_product','Create a new product','2023-05-28 21:30:35','2023-05-28 21:30:35'),(4220,1,'vi','plugins/ecommerce/order','out_of_stock','Out of stock','2023-05-28 21:30:35','2023-05-28 21:30:35'),(4221,1,'vi','plugins/ecommerce/order','products_available','product(s) available','2023-05-28 21:30:35','2023-05-28 21:30:35'),(4222,1,'vi','plugins/ecommerce/order','no_products_found','No products found!','2023-05-28 21:30:35','2023-05-28 21:30:35'),(4223,1,'vi','plugins/ecommerce/order','note','Note','2023-05-28 21:30:35','2023-05-28 21:30:35'),(4224,1,'vi','plugins/ecommerce/order','note_for_order','Note for order...','2023-05-28 21:30:35','2023-05-28 21:30:35'),(4225,1,'vi','plugins/ecommerce/order','add_discount','Add discount','2023-05-28 21:30:35','2023-05-28 21:30:35'),(4226,1,'vi','plugins/ecommerce/order','discount','Discount','2023-05-28 21:30:35','2023-05-28 21:30:35'),(4227,1,'vi','plugins/ecommerce/order','add_shipping_fee','Add shipping fee','2023-05-28 21:30:35','2023-05-28 21:30:35'),(4228,1,'vi','plugins/ecommerce/order','shipping','Shipping','2023-05-28 21:30:35','2023-05-28 21:30:35'),(4229,1,'vi','plugins/ecommerce/order','total_amount','Total amount','2023-05-28 21:30:35','2023-05-28 21:30:35'),(4230,1,'vi','plugins/ecommerce/order','confirm_payment_and_create_order','Confirm payment and create order','2023-05-28 21:30:35','2023-05-28 21:30:35'),(4231,1,'vi','plugins/ecommerce/order','paid','Paid','2023-05-28 21:30:35','2023-05-28 21:30:35'),(4232,1,'vi','plugins/ecommerce/order','pay_later','Pay later','2023-05-28 21:30:35','2023-05-28 21:30:35'),(4233,1,'vi','plugins/ecommerce/order','customer_information','Customer information','2023-05-28 21:30:35','2023-05-28 21:30:35'),(4234,1,'vi','plugins/ecommerce/order','create_new_customer','Create new customer','2023-05-28 21:30:35','2023-05-28 21:30:35'),(4235,1,'vi','plugins/ecommerce/order','no_customer_found','No customer found!','2023-05-28 21:30:35','2023-05-28 21:30:35'),(4236,1,'vi','plugins/ecommerce/order','customer','Customer','2023-05-28 21:30:35','2023-05-28 21:30:35'),(4237,1,'vi','plugins/ecommerce/order','orders','order(s)','2023-05-28 21:30:35','2023-05-28 21:30:35'),(4238,1,'vi','plugins/ecommerce/order','shipping_address','Shipping Address','2023-05-28 21:30:35','2023-05-28 21:30:35'),(4239,1,'vi','plugins/ecommerce/order','see_on_maps','See on maps','2023-05-28 21:30:35','2023-05-28 21:30:35'),(4240,1,'vi','plugins/ecommerce/order','price','Price','2023-05-28 21:30:35','2023-05-28 21:30:35'),(4241,1,'vi','plugins/ecommerce/order','sku_optional','SKU (optional)','2023-05-28 21:30:35','2023-05-28 21:30:35'),(4242,1,'vi','plugins/ecommerce/order','with_storehouse_management','With storehouse management?','2023-05-28 21:30:35','2023-05-28 21:30:35'),(4243,1,'vi','plugins/ecommerce/order','quantity','Quantity','2023-05-28 21:30:35','2023-05-28 21:30:35'),(4244,1,'vi','plugins/ecommerce/order','allow_customer_checkout_when_this_product_out_of_stock','Allow customer checkout when this product out of stock?','2023-05-28 21:30:35','2023-05-28 21:30:35'),(4245,1,'vi','plugins/ecommerce/order','address','Address','2023-05-28 21:30:35','2023-05-28 21:30:35'),(4246,1,'vi','plugins/ecommerce/order','phone','Phone','2023-05-28 21:30:35','2023-05-28 21:30:35'),(4247,1,'vi','plugins/ecommerce/order','country','Country','2023-05-28 21:30:35','2023-05-28 21:30:35'),(4248,1,'vi','plugins/ecommerce/order','state','State','2023-05-28 21:30:35','2023-05-28 21:30:35'),(4249,1,'vi','plugins/ecommerce/order','city','City','2023-05-28 21:30:35','2023-05-28 21:30:35'),(4250,1,'vi','plugins/ecommerce/order','zip_code','Zip code','2023-05-28 21:30:35','2023-05-28 21:30:35'),(4251,1,'vi','plugins/ecommerce/order','discount_based_on','Discount based on','2023-05-28 21:30:35','2023-05-28 21:30:35'),(4252,1,'vi','plugins/ecommerce/order','or_coupon_code','Or coupon code','2023-05-28 21:30:35','2023-05-28 21:30:35'),(4253,1,'vi','plugins/ecommerce/order','description','Description','2023-05-28 21:30:35','2023-05-28 21:30:35'),(4254,1,'vi','plugins/ecommerce/order','how_to_select_configured_shipping','How to select configured shipping?','2023-05-28 21:30:35','2023-05-28 21:30:35'),(4255,1,'vi','plugins/ecommerce/order','please_add_customer_information_with_the_complete_shipping_address_to_see_the_configured_shipping_rates','Please add customer information with the complete shipping address to see the configured shipping rates','2023-05-28 21:30:35','2023-05-28 21:30:35'),(4256,1,'vi','plugins/ecommerce/order','free_shipping','Free shipping','2023-05-28 21:30:35','2023-05-28 21:30:35'),(4257,1,'vi','plugins/ecommerce/order','custom','Custom','2023-05-28 21:30:35','2023-05-28 21:30:35'),(4258,1,'vi','plugins/ecommerce/order','email','Email','2023-05-28 21:30:35','2023-05-28 21:30:35'),(4259,1,'vi','plugins/ecommerce/order','create_order','Create order','2023-05-28 21:30:35','2023-05-28 21:30:35'),(4260,1,'vi','plugins/ecommerce/order','close','Close','2023-05-28 21:30:35','2023-05-28 21:30:35'),(4261,1,'vi','plugins/ecommerce/order','confirm_payment_is_paid_for_this_order','Confirm payment is paid for this order','2023-05-28 21:30:35','2023-05-28 21:30:35'),(4262,1,'vi','plugins/ecommerce/order','payment_status_of_the_order_is_paid_once_the_order_has_been_created_you_cannot_change_the_payment_method_or_status','Payment status of the order is Paid. Once the order has been created, you cannot change the payment method or status','2023-05-28 21:30:35','2023-05-28 21:30:35'),(4263,1,'vi','plugins/ecommerce/order','select_payment_method','Select payment method','2023-05-28 21:30:36','2023-05-28 21:30:36'),(4264,1,'vi','plugins/ecommerce/order','cash_on_delivery_cod','Cash on delivery (COD)','2023-05-28 21:30:36','2023-05-28 21:30:36'),(4265,1,'vi','plugins/ecommerce/order','bank_transfer','Bank transfer','2023-05-28 21:30:36','2023-05-28 21:30:36'),(4266,1,'vi','plugins/ecommerce/order','paid_amount','Paid amount','2023-05-28 21:30:36','2023-05-28 21:30:36'),(4267,1,'vi','plugins/ecommerce/order','confirm_that_payment_for_this_order_will_be_paid_later','Confirm that payment for this order will be paid later','2023-05-28 21:30:36','2023-05-28 21:30:36'),(4268,1,'vi','plugins/ecommerce/order','payment_status_of_the_order_is_pending_once_the_order_has_been_created_you_cannot_change_the_payment_method_or_status','Payment status of the order is Pending. Once the order has been created, you cannot change the payment method or status','2023-05-28 21:30:36','2023-05-28 21:30:36'),(4269,1,'vi','plugins/ecommerce/order','pending_amount','Pending amount','2023-05-28 21:30:36','2023-05-28 21:30:36'),(4270,1,'vi','plugins/ecommerce/order','update_email','Update email','2023-05-28 21:30:36','2023-05-28 21:30:36'),(4271,1,'vi','plugins/ecommerce/order','save','Save','2023-05-28 21:30:36','2023-05-28 21:30:36'),(4272,1,'vi','plugins/ecommerce/order','cancel','Cancel','2023-05-28 21:30:36','2023-05-28 21:30:36'),(4273,1,'vi','plugins/ecommerce/order','create_a_new_order','Create a new order','2023-05-28 21:30:36','2023-05-28 21:30:36'),(4274,1,'vi','plugins/ecommerce/order','search_or_create_new_product','Search or create a new product','2023-05-28 21:30:36','2023-05-28 21:30:36'),(4275,1,'vi','plugins/ecommerce/order','search_or_create_new_customer','Search or create a new customer','2023-05-28 21:30:36','2023-05-28 21:30:36'),(4276,1,'vi','plugins/ecommerce/order','discount_description','Discount description','2023-05-28 21:30:36','2023-05-28 21:30:36'),(4277,1,'vi','plugins/ecommerce/order','cant_select_out_of_stock_product','Cannot select out of stock product!','2023-05-28 21:30:36','2023-05-28 21:30:36'),(4278,1,'vi','plugins/ecommerce/payment','name','Thanh toán','2023-05-28 21:30:36','2023-05-28 21:30:36'),(4279,1,'vi','plugins/ecommerce/payment','payment_method','Phương thức thanh toán','2023-05-28 21:30:36','2023-05-28 21:30:36'),(4280,1,'vi','plugins/ecommerce/payment','view_payment','Xem thanh toán #','2023-05-28 21:30:36','2023-05-28 21:30:36'),(4281,1,'vi','plugins/ecommerce/payment','charge_id','Mã giao dịch','2023-05-28 21:30:36','2023-05-28 21:30:36'),(4282,1,'vi','plugins/ecommerce/payment','amount','Số tiền','2023-05-28 21:30:36','2023-05-28 21:30:36'),(4283,1,'vi','plugins/ecommerce/payment','currency','Đơn vị tiền tệ','2023-05-28 21:30:36','2023-05-28 21:30:36'),(4284,1,'vi','plugins/ecommerce/payment','user','Người dùng','2023-05-28 21:30:36','2023-05-28 21:30:36'),(4285,1,'vi','plugins/ecommerce/payment','paypal_name_required','Tên của phương thức PayPal là bắt buộc!','2023-05-28 21:30:36','2023-05-28 21:30:36'),(4286,1,'vi','plugins/ecommerce/payment','paypal_name_max','Tên của phương thức PayPal quá dài!','2023-05-28 21:30:36','2023-05-28 21:30:36'),(4287,1,'vi','plugins/ecommerce/payment','status','Trạng thái','2023-05-28 21:30:36','2023-05-28 21:30:36'),(4288,1,'vi','plugins/ecommerce/payment','enabled','Bật','2023-05-28 21:30:36','2023-05-28 21:30:36'),(4289,1,'vi','plugins/ecommerce/payment','disabled','Tắt','2023-05-28 21:30:36','2023-05-28 21:30:36'),(4290,1,'vi','plugins/ecommerce/payment','client_id','Client ID','2023-05-28 21:30:36','2023-05-28 21:30:36'),(4291,1,'vi','plugins/ecommerce/payment','client_secret','Client Secret','2023-05-28 21:30:36','2023-05-28 21:30:36'),(4292,1,'vi','plugins/ecommerce/payment','mode','Chế độ','2023-05-28 21:30:36','2023-05-28 21:30:36'),(4293,1,'vi','plugins/ecommerce/payment','sandbox','Sandbox','2023-05-28 21:30:36','2023-05-28 21:30:36'),(4294,1,'vi','plugins/ecommerce/payment','live','Live','2023-05-28 21:30:36','2023-05-28 21:30:36'),(4295,1,'vi','plugins/ecommerce/payment','enable_payment_log','Bật lưu nhật ký thanh toán','2023-05-28 21:30:36','2023-05-28 21:30:36'),(4296,1,'vi','plugins/ecommerce/payment','yes','Có','2023-05-28 21:30:36','2023-05-28 21:30:36'),(4297,1,'vi','plugins/ecommerce/payment','no','Không','2023-05-28 21:30:36','2023-05-28 21:30:36'),(4298,1,'vi','plugins/ecommerce/payment','client_key','Client Key','2023-05-28 21:30:36','2023-05-28 21:30:36'),(4299,1,'vi','plugins/ecommerce/payment','paypal','PayPal','2023-05-28 21:30:36','2023-05-28 21:30:36'),(4300,1,'vi','plugins/ecommerce/payment','action','Hành động','2023-05-28 21:30:36','2023-05-28 21:30:36'),(4301,1,'vi','plugins/ecommerce/payment','go_back','Quay lại','2023-05-28 21:30:36','2023-05-28 21:30:36'),(4302,1,'vi','plugins/ecommerce/payment','view','Xem','2023-05-28 21:30:36','2023-05-28 21:30:36'),(4303,1,'vi','plugins/ecommerce/payment','cash_on_delivery','Thanh toán khi nhận hàng (COD)','2023-05-28 21:30:36','2023-05-28 21:30:36'),(4304,1,'vi','plugins/ecommerce/payment','via_bank_transfer','Thông qua chuyển khoản ngân hàng','2023-05-28 21:30:36','2023-05-28 21:30:36'),(4305,1,'vi','plugins/ecommerce/payment','payment_via_cart','Thanh toán bằng thẻ','2023-05-28 21:30:36','2023-05-28 21:30:36'),(4306,1,'vi','plugins/ecommerce/payment','card_number','Số thẻ','2023-05-28 21:30:36','2023-05-28 21:30:36'),(4307,1,'vi','plugins/ecommerce/payment','full_name','Tên trên thẻ','2023-05-28 21:30:36','2023-05-28 21:30:36'),(4308,1,'vi','plugins/ecommerce/payment','payment_via_paypal','Thanh toán thông qua PayPal','2023-05-28 21:30:36','2023-05-28 21:30:36'),(4309,1,'vi','plugins/ecommerce/payment','mm_yy','MM/YY','2023-05-28 21:30:36','2023-05-28 21:30:36'),(4310,1,'vi','plugins/ecommerce/payment','cvc','CVC','2023-05-28 21:30:36','2023-05-28 21:30:36'),(4311,1,'vi','plugins/ecommerce/payment','details','Chi tiết','2023-05-28 21:30:36','2023-05-28 21:30:36'),(4312,1,'vi','plugins/ecommerce/payment','payer_name','Người thanh toán','2023-05-28 21:30:36','2023-05-28 21:30:36'),(4313,1,'vi','plugins/ecommerce/payment','email','Địa chỉ email','2023-05-28 21:30:36','2023-05-28 21:30:36'),(4314,1,'vi','plugins/ecommerce/payment','phone','Điện thoại','2023-05-28 21:30:36','2023-05-28 21:30:36'),(4315,1,'vi','plugins/ecommerce/payment','country','Quốc gia','2023-05-28 21:30:36','2023-05-28 21:30:36'),(4316,1,'vi','plugins/ecommerce/payment','shipping_address','Địa chỉ giao hàng','2023-05-28 21:30:36','2023-05-28 21:30:36'),(4317,1,'vi','plugins/ecommerce/payment','payment_details','Chi tiết giao dịch','2023-05-28 21:30:36','2023-05-28 21:30:36'),(4318,1,'vi','plugins/ecommerce/payment','card','Thẻ','2023-05-28 21:30:36','2023-05-28 21:30:36'),(4319,1,'vi','plugins/ecommerce/payment','address','Địa chỉ','2023-05-28 21:30:36','2023-05-28 21:30:36'),(4320,1,'vi','plugins/ecommerce/payment','new_payment','Thanh toán cho đơn hàng :id','2023-05-28 21:30:36','2023-05-28 21:30:36'),(4321,1,'vi','plugins/ecommerce/payment','payment_id','Mã thanh toán','2023-05-28 21:30:36','2023-05-28 21:30:36'),(4322,1,'vi','plugins/ecommerce/prices','name','Price','2023-05-28 21:30:36','2023-05-28 21:30:36'),(4323,1,'vi','plugins/ecommerce/prices','create','New price','2023-05-28 21:30:36','2023-05-28 21:30:36'),(4324,1,'vi','plugins/ecommerce/prices','edit','Edit price','2023-05-28 21:30:36','2023-05-28 21:30:36'),(4325,1,'vi','plugins/ecommerce/prices','list','List price','2023-05-28 21:30:36','2023-05-28 21:30:36'),(4326,1,'vi','plugins/ecommerce/product-attribute-sets','name','Product attribute sets','2023-05-28 21:30:36','2023-05-28 21:30:36'),(4327,1,'vi','plugins/ecommerce/product-attribute-sets','create','New product attribute set','2023-05-28 21:30:36','2023-05-28 21:30:36'),(4328,1,'vi','plugins/ecommerce/product-attribute-sets','edit','Edit product attribute set','2023-05-28 21:30:36','2023-05-28 21:30:36'),(4329,1,'vi','plugins/ecommerce/product-attribute-sets','visible_in_categories','Visible in categories','2023-05-28 21:30:36','2023-05-28 21:30:36'),(4330,1,'vi','plugins/ecommerce/product-attribute-sets','product_with_more_version','Product with more version','2023-05-28 21:30:36','2023-05-28 21:30:36'),(4331,1,'vi','plugins/ecommerce/product-attribute-sets','create_a_version','Create a version','2023-05-28 21:30:36','2023-05-28 21:30:36'),(4332,1,'vi','plugins/ecommerce/product-attribute-sets','enabled','Enabled','2023-05-28 21:30:36','2023-05-28 21:30:36'),(4333,1,'vi','plugins/ecommerce/product-attribute-sets','attributes','Attributes','2023-05-28 21:30:36','2023-05-28 21:30:36'),(4334,1,'vi','plugins/ecommerce/product-attribute-sets','price','Price','2023-05-28 21:30:36','2023-05-28 21:30:36'),(4335,1,'vi','plugins/ecommerce/product-attribute-sets','edit_btn','Edit','2023-05-28 21:30:36','2023-05-28 21:30:36'),(4336,1,'vi','plugins/ecommerce/product-attribute-sets','remove_btn','Remove','2023-05-28 21:30:36','2023-05-28 21:30:36'),(4337,1,'vi','plugins/ecommerce/product-attribute-sets','product','Product','2023-05-28 21:30:36','2023-05-28 21:30:36'),(4338,1,'vi','plugins/ecommerce/product-attribute-sets','back_to_product','Back to product','2023-05-28 21:30:36','2023-05-28 21:30:36'),(4339,1,'vi','plugins/ecommerce/product-attribute-sets','save','Save','2023-05-28 21:30:36','2023-05-28 21:30:36'),(4340,1,'vi','plugins/ecommerce/product-attribute-sets','other_existing_versions','Other existing versions','2023-05-28 21:30:36','2023-05-28 21:30:36'),(4341,1,'vi','plugins/ecommerce/product-attribute-sets','version_information','Version information','2023-05-28 21:30:36','2023-05-28 21:30:36'),(4342,1,'vi','plugins/ecommerce/product-attribute-sets','add_rule','Add rule','2023-05-28 21:30:36','2023-05-28 21:30:36'),(4343,1,'vi','plugins/ecommerce/product-attribute-sets','rules','Rules','2023-05-28 21:30:36','2023-05-28 21:30:36'),(4344,1,'vi','plugins/ecommerce/product-attribute-sets','pricing','Pricing','2023-05-28 21:30:36','2023-05-28 21:30:36'),(4345,1,'vi','plugins/ecommerce/product-attribute-sets','sale_price','Sale price','2023-05-28 21:30:36','2023-05-28 21:30:36'),(4346,1,'vi','plugins/ecommerce/product-attribute-sets','sale_type','Sale type','2023-05-28 21:30:36','2023-05-28 21:30:36'),(4347,1,'vi','plugins/ecommerce/product-attribute-sets','no_sale_price','No sale price','2023-05-28 21:30:36','2023-05-28 21:30:36'),(4348,1,'vi','plugins/ecommerce/product-attribute-sets','always_on_sale','Always on sale','2023-05-28 21:30:36','2023-05-28 21:30:36'),(4349,1,'vi','plugins/ecommerce/product-attribute-sets','limited_time','Limited time','2023-05-28 21:30:36','2023-05-28 21:30:36'),(4350,1,'vi','plugins/ecommerce/product-attribute-sets','from','From','2023-05-28 21:30:36','2023-05-28 21:30:36'),(4351,1,'vi','plugins/ecommerce/product-attribute-sets','to','To','2023-05-28 21:30:36','2023-05-28 21:30:36'),(4352,1,'vi','plugins/ecommerce/product-attribute-sets','storehouse','Storehouse','2023-05-28 21:30:36','2023-05-28 21:30:36'),(4353,1,'vi','plugins/ecommerce/product-attribute-sets','no_storehouse_management','No storehouse management','2023-05-28 21:30:36','2023-05-28 21:30:36'),(4354,1,'vi','plugins/ecommerce/product-attribute-sets','with_storehouse_management','With storehouse management','2023-05-28 21:30:36','2023-05-28 21:30:36'),(4355,1,'vi','plugins/ecommerce/product-attribute-sets','quantity','Quantity','2023-05-28 21:30:36','2023-05-28 21:30:36'),(4356,1,'vi','plugins/ecommerce/product-attribute-sets','allow_customer_checkout_out_of_stock','Allow customer checkout when this product out of stock','2023-05-28 21:30:36','2023-05-28 21:30:36'),(4357,1,'vi','plugins/ecommerce/product-attribute-sets','shipping','Shipping','2023-05-28 21:30:36','2023-05-28 21:30:36'),(4358,1,'vi','plugins/ecommerce/product-attribute-sets','length','Length','2023-05-28 21:30:36','2023-05-28 21:30:36'),(4359,1,'vi','plugins/ecommerce/product-attribute-sets','wide','Wide','2023-05-28 21:30:36','2023-05-28 21:30:36'),(4360,1,'vi','plugins/ecommerce/product-attribute-sets','height','Height','2023-05-28 21:30:36','2023-05-28 21:30:36'),(4361,1,'vi','plugins/ecommerce/product-attribute-sets','weight','Weight','2023-05-28 21:30:36','2023-05-28 21:30:36'),(4362,1,'vi','plugins/ecommerce/product-attribute-sets','version_images','Version images','2023-05-28 21:30:36','2023-05-28 21:30:36'),(4363,1,'vi','plugins/ecommerce/product-attribute-sets','add_new_image','Add new image','2023-05-28 21:30:36','2023-05-28 21:30:36'),(4364,1,'vi','plugins/ecommerce/product-attribute-sets','attribute_set','Attribute set','2023-05-28 21:30:36','2023-05-28 21:30:36'),(4365,1,'vi','plugins/ecommerce/product-attribute-sets','value','Value','2023-05-28 21:30:36','2023-05-28 21:30:36'),(4366,1,'vi','plugins/ecommerce/product-attribute-sets','dropdown_swatch','Dropdown Swatch','2023-05-28 21:30:36','2023-05-28 21:30:36'),(4367,1,'vi','plugins/ecommerce/product-attribute-sets','visual_swatch','Visual Swatch','2023-05-28 21:30:36','2023-05-28 21:30:36'),(4368,1,'vi','plugins/ecommerce/product-attribute-sets','text_swatch','Text Swatch','2023-05-28 21:30:36','2023-05-28 21:30:36'),(4369,1,'vi','plugins/ecommerce/product-attributes','name','Thuộc tính sản phẩm','2023-05-28 21:30:36','2023-05-28 21:30:36'),(4370,1,'vi','plugins/ecommerce/product-attributes','create','Tạo','2023-05-28 21:30:36','2023-05-28 21:30:36'),(4371,1,'vi','plugins/ecommerce/product-attributes','edit','Sửa','2023-05-28 21:30:36','2023-05-28 21:30:36'),(4372,1,'vi','plugins/ecommerce/product-attributes','intro.title','Quản lý danh sách thuộc tính sản phẩm','2023-05-28 21:30:36','2023-05-28 21:30:36'),(4373,1,'vi','plugins/ecommerce/product-attributes','intro.description','Các thuộc tính của sản phẩm như màu sắc, kích thước ...','2023-05-28 21:30:36','2023-05-28 21:30:36'),(4374,1,'vi','plugins/ecommerce/product-attributes','intro.button_text','Tạo thuộc tính sản phẩm','2023-05-28 21:30:36','2023-05-28 21:30:36'),(4375,1,'vi','plugins/ecommerce/product-categories','create','Create new product category','2023-05-28 21:30:36','2023-05-28 21:30:36'),(4376,1,'vi','plugins/ecommerce/product-categories','edit','Edit product category','2023-05-28 21:30:36','2023-05-28 21:30:36'),(4377,1,'vi','plugins/ecommerce/product-categories','name','Danh mục sản phẩm','2023-05-28 21:30:36','2023-05-28 21:30:36'),(4378,1,'vi','plugins/ecommerce/product-categories','none','Không có','2023-05-28 21:30:36','2023-05-28 21:30:36'),(4379,1,'vi','plugins/ecommerce/product-categories','menu','Danh mục sản phẩm','2023-05-28 21:30:36','2023-05-28 21:30:36'),(4380,1,'vi','plugins/ecommerce/product-categories','intro.title','Quản lý danh sách danh mục sản phẩm','2023-05-28 21:30:36','2023-05-28 21:30:36'),(4381,1,'vi','plugins/ecommerce/product-categories','intro.description','Danh mục sản phẩm như quần áo, giày dép, linh kiện điện tử ...','2023-05-28 21:30:36','2023-05-28 21:30:36'),(4382,1,'vi','plugins/ecommerce/product-categories','intro.button_text','Tạo danh mục sản phẩm','2023-05-28 21:30:36','2023-05-28 21:30:36'),(4383,1,'vi','plugins/ecommerce/product-categories','total_products','Tổng sản phẩm: :total','2023-05-28 21:30:36','2023-05-28 21:30:36'),(4384,1,'vi','plugins/ecommerce/product-collections','name','Nhóm sản phẩm','2023-05-28 21:30:36','2023-05-28 21:30:36'),(4385,1,'vi','plugins/ecommerce/product-collections','create','Thêm nhóm sản phẩm','2023-05-28 21:30:36','2023-05-28 21:30:36'),(4386,1,'vi','plugins/ecommerce/product-collections','edit','Sửa nhóm sản phẩm','2023-05-28 21:30:36','2023-05-28 21:30:36'),(4387,1,'vi','plugins/ecommerce/product-collections','slug_help_block','Label key: <code>:slug</code>. We will use this key for filter.','2023-05-28 21:30:36','2023-05-28 21:30:36'),(4388,1,'vi','plugins/ecommerce/product-collections','intro.title','Quản lý nhóm sản phẩm','2023-05-28 21:30:36','2023-05-28 21:30:36'),(4389,1,'vi','plugins/ecommerce/product-collections','intro.description','Nhóm sản phẩm giúp quản lý sản phẩm và khách hàng tìm kiếm sản phẩm một cách dễ dàng.','2023-05-28 21:30:36','2023-05-28 21:30:36'),(4390,1,'vi','plugins/ecommerce/product-collections','intro.button_text','Tạo nhóm sản phẩm','2023-05-28 21:30:36','2023-05-28 21:30:36'),(4391,1,'vi','plugins/ecommerce/products','name','Sản phẩm','2023-05-28 21:30:36','2023-05-28 21:30:36'),(4392,1,'vi','plugins/ecommerce/products','create','Thêm sản phẩm mới','2023-05-28 21:30:36','2023-05-28 21:30:36'),(4393,1,'vi','plugins/ecommerce/products','edit','Sửa sản phẩm - :name','2023-05-28 21:30:36','2023-05-28 21:30:36'),(4394,1,'vi','plugins/ecommerce/products','form.name','Tên sản phẩm','2023-05-28 21:30:36','2023-05-28 21:30:36'),(4395,1,'vi','plugins/ecommerce/products','form.name_placeholder','Tên sản phẩm (Tối đa 120 chữ cái)','2023-05-28 21:30:36','2023-05-28 21:30:36'),(4396,1,'vi','plugins/ecommerce/products','form.description','Mô tả ngắn','2023-05-28 21:30:36','2023-05-28 21:30:36'),(4397,1,'vi','plugins/ecommerce/products','form.description_placeholder','Mô tả ngắn gọn cho sản phẩm (Tối đa 400 chữ cái)','2023-05-28 21:30:36','2023-05-28 21:30:36'),(4398,1,'vi','plugins/ecommerce/products','form.categories','Danh mục','2023-05-28 21:30:36','2023-05-28 21:30:36'),(4399,1,'vi','plugins/ecommerce/products','form.content','Chi tiết sản phẩm','2023-05-28 21:30:36','2023-05-28 21:30:36'),(4400,1,'vi','plugins/ecommerce/products','form.price','Giá cơ bản','2023-05-28 21:30:36','2023-05-28 21:30:36'),(4401,1,'vi','plugins/ecommerce/products','form.price_sale','Giá giảm','2023-05-28 21:30:36','2023-05-28 21:30:36'),(4402,1,'vi','plugins/ecommerce/products','form.quantity','Số lượng','2023-05-28 21:30:36','2023-05-28 21:30:36'),(4403,1,'vi','plugins/ecommerce/products','form.brand','Thương hiệu','2023-05-28 21:30:36','2023-05-28 21:30:36'),(4404,1,'vi','plugins/ecommerce/products','form.width','Rộng','2023-05-28 21:30:36','2023-05-28 21:30:36'),(4405,1,'vi','plugins/ecommerce/products','form.height','Cao','2023-05-28 21:30:36','2023-05-28 21:30:36'),(4406,1,'vi','plugins/ecommerce/products','form.weight','Cân nặng','2023-05-28 21:30:36','2023-05-28 21:30:36'),(4407,1,'vi','plugins/ecommerce/products','form.image','Hình ảnh','2023-05-28 21:30:36','2023-05-28 21:30:36'),(4408,1,'vi','plugins/ecommerce/products','form.product_type.title','Loại sản phẩm','2023-05-28 21:30:37','2023-05-28 21:30:37'),(4409,1,'vi','plugins/ecommerce/products','form.stock.title','Tình trạng kho','2023-05-28 21:30:37','2023-05-28 21:30:37'),(4410,1,'vi','plugins/ecommerce/products','form.stock.in_stock','Còn hàng','2023-05-28 21:30:37','2023-05-28 21:30:37'),(4411,1,'vi','plugins/ecommerce/products','form.stock.out_stock','Hết hàng','2023-05-28 21:30:37','2023-05-28 21:30:37'),(4412,1,'vi','plugins/ecommerce/products','form.stock.allow_order_when_out','Cho phép đặt hàng khi hết','2023-05-28 21:30:37','2023-05-28 21:30:37'),(4413,1,'vi','plugins/ecommerce/products','form.storehouse.title','Quản lý kho','2023-05-28 21:30:37','2023-05-28 21:30:37'),(4414,1,'vi','plugins/ecommerce/products','form.storehouse.no_storehouse','Không quản lý kho','2023-05-28 21:30:37','2023-05-28 21:30:37'),(4415,1,'vi','plugins/ecommerce/products','form.storehouse.storehouse','Quản lý kho','2023-05-28 21:30:37','2023-05-28 21:30:37'),(4416,1,'vi','plugins/ecommerce/products','form.storehouse.quantity','Số lượng','2023-05-28 21:30:37','2023-05-28 21:30:37'),(4417,1,'vi','plugins/ecommerce/products','form.shipping.title','Giao hàng','2023-05-28 21:30:37','2023-05-28 21:30:37'),(4418,1,'vi','plugins/ecommerce/products','form.shipping.length','Chiều dài','2023-05-28 21:30:37','2023-05-28 21:30:37'),(4419,1,'vi','plugins/ecommerce/products','form.shipping.wide','Chiều rộng','2023-05-28 21:30:37','2023-05-28 21:30:37'),(4420,1,'vi','plugins/ecommerce/products','form.shipping.height','Chiều cao','2023-05-28 21:30:37','2023-05-28 21:30:37'),(4421,1,'vi','plugins/ecommerce/products','form.shipping.weight','Cân nặng','2023-05-28 21:30:37','2023-05-28 21:30:37'),(4422,1,'vi','plugins/ecommerce/products','form.date.start','Ngày bắt đầu','2023-05-28 21:30:37','2023-05-28 21:30:37'),(4423,1,'vi','plugins/ecommerce/products','form.date.end','Ngày kết thúc','2023-05-28 21:30:37','2023-05-28 21:30:37'),(4424,1,'vi','plugins/ecommerce/products','form.tags','Nhãn','2023-05-28 21:30:37','2023-05-28 21:30:37'),(4425,1,'vi','plugins/ecommerce/products','form.tax','Thuế','2023-05-28 21:30:37','2023-05-28 21:30:37'),(4426,1,'vi','plugins/ecommerce/products','form.taxes','Thuế','2023-05-28 21:30:37','2023-05-28 21:30:37'),(4427,1,'vi','plugins/ecommerce/products','price','Giá cơ bản','2023-05-28 21:30:37','2023-05-28 21:30:37'),(4428,1,'vi','plugins/ecommerce/products','price_sale','Giá giảm','2023-05-28 21:30:37','2023-05-28 21:30:37'),(4429,1,'vi','plugins/ecommerce/products','quantity','Số lượng','2023-05-28 21:30:37','2023-05-28 21:30:37'),(4430,1,'vi','plugins/ecommerce/products','type','Loại sản phẩm','2023-05-28 21:30:37','2023-05-28 21:30:37'),(4431,1,'vi','plugins/ecommerce/products','image','Ảnh','2023-05-28 21:30:37','2023-05-28 21:30:37'),(4432,1,'vi','plugins/ecommerce/products','sku','Mã sản phẩm','2023-05-28 21:30:37','2023-05-28 21:30:37'),(4433,1,'vi','plugins/ecommerce/products','brand','Thương hiệu','2023-05-28 21:30:37','2023-05-28 21:30:37'),(4434,1,'vi','plugins/ecommerce/products','cannot_delete','Product could not be deleted','2023-05-28 21:30:37','2023-05-28 21:30:37'),(4435,1,'vi','plugins/ecommerce/products','product_deleted','Product deleted','2023-05-28 21:30:37','2023-05-28 21:30:37'),(4436,1,'vi','plugins/ecommerce/products','products','Sản phẩm','2023-05-28 21:30:37','2023-05-28 21:30:37'),(4437,1,'vi','plugins/ecommerce/products','menu','Sản phẩm','2023-05-28 21:30:37','2023-05-28 21:30:37'),(4438,1,'vi','plugins/ecommerce/products','control.button_add_image','Thêm hình ảnh','2023-05-28 21:30:37','2023-05-28 21:30:37'),(4439,1,'vi','plugins/ecommerce/products','overview','Tổng quan','2023-05-28 21:30:37','2023-05-28 21:30:37'),(4440,1,'vi','plugins/ecommerce/products','attributes','Thuộc tính','2023-05-28 21:30:37','2023-05-28 21:30:37'),(4441,1,'vi','plugins/ecommerce/products','product_has_variations','Sản phẩm có nhiều phiên bản','2023-05-28 21:30:37','2023-05-28 21:30:37'),(4442,1,'vi','plugins/ecommerce/products','manage_products','Quản lý danh sách sản phẩm','2023-05-28 21:30:37','2023-05-28 21:30:37'),(4443,1,'vi','plugins/ecommerce/products','add_new_product','Tạo sản phẩm','2023-05-28 21:30:37','2023-05-28 21:30:37'),(4444,1,'vi','plugins/ecommerce/products','start_by_adding_new_product','Bắt đầu bán hàng bằng việc thêm sản phẩm.','2023-05-28 21:30:37','2023-05-28 21:30:37'),(4445,1,'vi','plugins/ecommerce/reports','name','Báo cáo','2023-05-28 21:30:37','2023-05-28 21:30:37'),(4446,1,'vi','plugins/ecommerce/reports','widget.order.title','Đơn hàng','2023-05-28 21:30:37','2023-05-28 21:30:37'),(4447,1,'vi','plugins/ecommerce/reports','count.revenue','Doanh thu hôm nay','2023-05-28 21:30:37','2023-05-28 21:30:37'),(4448,1,'vi','plugins/ecommerce/reports','count.orders','Đơn hàng hôm nay','2023-05-28 21:30:37','2023-05-28 21:30:37'),(4449,1,'vi','plugins/ecommerce/reports','count.products','Sản phẩm','2023-05-28 21:30:37','2023-05-28 21:30:37'),(4450,1,'vi','plugins/ecommerce/reports','count.customers','Khách hàng','2023-05-28 21:30:37','2023-05-28 21:30:37'),(4451,1,'vi','plugins/ecommerce/reports','product_name','Tên sản phẩm','2023-05-28 21:30:37','2023-05-28 21:30:37'),(4452,1,'vi','plugins/ecommerce/reports','quantity','Số lượng','2023-05-28 21:30:37','2023-05-28 21:30:37'),(4453,1,'vi','plugins/ecommerce/reports','revenue_statistics','Thống kê doanh thu','2023-05-28 21:30:37','2023-05-28 21:30:37'),(4454,1,'vi','plugins/ecommerce/reports','top_selling_products','Sản phẩm bán chạy trong tháng','2023-05-28 21:30:37','2023-05-28 21:30:37'),(4455,1,'vi','plugins/ecommerce/review','name','Đánh giá','2023-05-28 21:30:37','2023-05-28 21:30:37'),(4456,1,'vi','plugins/ecommerce/review','list_review','Khách hàng đánh giá','2023-05-28 21:30:37','2023-05-28 21:30:37'),(4457,1,'vi','plugins/ecommerce/review','add_review','Thêm đánh giá','2023-05-28 21:30:37','2023-05-28 21:30:37'),(4458,1,'vi','plugins/ecommerce/review','delete_review','Xóa đánh giá','2023-05-28 21:30:37','2023-05-28 21:30:37'),(4459,1,'vi','plugins/ecommerce/review','create_review','Tạo đánh giá','2023-05-28 21:30:37','2023-05-28 21:30:37'),(4460,1,'vi','plugins/ecommerce/review','please_select_rating','Chọn đánh giá','2023-05-28 21:30:37','2023-05-28 21:30:37'),(4461,1,'vi','plugins/ecommerce/review','comment','Bình luận','2023-05-28 21:30:37','2023-05-28 21:30:37'),(4462,1,'vi','plugins/ecommerce/review','approve','Chấp thuận','2023-05-28 21:30:37','2023-05-28 21:30:37'),(4463,1,'vi','plugins/ecommerce/review','approved','Đã chấp thuận','2023-05-28 21:30:37','2023-05-28 21:30:37'),(4464,1,'vi','plugins/ecommerce/review','disapprove','Không chấp thuận','2023-05-28 21:30:37','2023-05-28 21:30:37'),(4465,1,'vi','plugins/ecommerce/review','disapproved','Đã không chấp thuận','2023-05-28 21:30:37','2023-05-28 21:30:37'),(4466,1,'vi','plugins/ecommerce/review','product','Sản phẩm','2023-05-28 21:30:37','2023-05-28 21:30:37'),(4467,1,'vi','plugins/ecommerce/review','user','Người dùng','2023-05-28 21:30:37','2023-05-28 21:30:37'),(4468,1,'vi','plugins/ecommerce/review','star','Sao','2023-05-28 21:30:37','2023-05-28 21:30:37'),(4469,1,'vi','plugins/ecommerce/review','status','Trạng thái','2023-05-28 21:30:37','2023-05-28 21:30:37'),(4470,1,'vi','plugins/ecommerce/review','intro.title','Quản lý danh sách nhận xét của khách hàng','2023-05-28 21:30:37','2023-05-28 21:30:37'),(4471,1,'vi','plugins/ecommerce/review','intro.description','Lưu trữ các nhận xét, đánh giá của khách hàng','2023-05-28 21:30:37','2023-05-28 21:30:37'),(4472,1,'vi','plugins/ecommerce/shipping','name','Phí vận chuyển','2023-05-28 21:30:37','2023-05-28 21:30:37'),(4473,1,'vi','plugins/ecommerce/shipping','shipping','Vận chuyển','2023-05-28 21:30:37','2023-05-28 21:30:37'),(4474,1,'vi','plugins/ecommerce/shipping','title','Title','2023-05-28 21:30:37','2023-05-28 21:30:37'),(4475,1,'vi','plugins/ecommerce/shipping','country','Quốc gia','2023-05-28 21:30:37','2023-05-28 21:30:37'),(4476,1,'vi','plugins/ecommerce/shipping','state','State','2023-05-28 21:30:37','2023-05-28 21:30:37'),(4477,1,'vi','plugins/ecommerce/shipping','city','City','2023-05-28 21:30:37','2023-05-28 21:30:37'),(4478,1,'vi','plugins/ecommerce/shipping','amount','Amount','2023-05-28 21:30:37','2023-05-28 21:30:37'),(4479,1,'vi','plugins/ecommerce/shipping','enable','Enable','2023-05-28 21:30:37','2023-05-28 21:30:37'),(4480,1,'vi','plugins/ecommerce/shipping','enabled','Enabled','2023-05-28 21:30:37','2023-05-28 21:30:37'),(4481,1,'vi','plugins/ecommerce/shipping','disable','Disable','2023-05-28 21:30:37','2023-05-28 21:30:37'),(4482,1,'vi','plugins/ecommerce/shipping','disabled','Disabled','2023-05-28 21:30:37','2023-05-28 21:30:37'),(4483,1,'vi','plugins/ecommerce/shipping','create_shipping','Create a shipping','2023-05-28 21:30:37','2023-05-28 21:30:37'),(4484,1,'vi','plugins/ecommerce/shipping','edit_shipping','Edit shipping #','2023-05-28 21:30:37','2023-05-28 21:30:37'),(4485,1,'vi','plugins/ecommerce/shipping','status','Status','2023-05-28 21:30:37','2023-05-28 21:30:37'),(4486,1,'vi','plugins/ecommerce/shipping','shipping_methods','Phương thức vận chuyển','2023-05-28 21:30:37','2023-05-28 21:30:37'),(4487,1,'vi','plugins/ecommerce/shipping','create_shipping_method','Tạo phương thức vận chuyển','2023-05-28 21:30:37','2023-05-28 21:30:37'),(4488,1,'vi','plugins/ecommerce/shipping','edit_shipping_method','Sửa phương thức vận chuyển','2023-05-28 21:30:37','2023-05-28 21:30:37'),(4489,1,'vi','plugins/ecommerce/shipping','add_shipping_region','Thêm khu vực vận chuyển','2023-05-28 21:30:37','2023-05-28 21:30:37'),(4490,1,'vi','plugins/ecommerce/shipping','methods.default','Default','2023-05-28 21:30:37','2023-05-28 21:30:37'),(4491,1,'vi','plugins/ecommerce/shipping','statuses.not_approved','Not approved','2023-05-28 21:30:37','2023-05-28 21:30:37'),(4492,1,'vi','plugins/ecommerce/shipping','statuses.approved','Approved','2023-05-28 21:30:37','2023-05-28 21:30:37'),(4493,1,'vi','plugins/ecommerce/shipping','statuses.picking','Picking','2023-05-28 21:30:37','2023-05-28 21:30:37'),(4494,1,'vi','plugins/ecommerce/shipping','statuses.delay_picking','Delay picking','2023-05-28 21:30:37','2023-05-28 21:30:37'),(4495,1,'vi','plugins/ecommerce/shipping','statuses.picked','Picked','2023-05-28 21:30:37','2023-05-28 21:30:37'),(4496,1,'vi','plugins/ecommerce/shipping','statuses.not_picked','Not picked','2023-05-28 21:30:37','2023-05-28 21:30:37'),(4497,1,'vi','plugins/ecommerce/shipping','statuses.delivering','Delivering','2023-05-28 21:30:37','2023-05-28 21:30:37'),(4498,1,'vi','plugins/ecommerce/shipping','statuses.delivered','Delivered','2023-05-28 21:30:37','2023-05-28 21:30:37'),(4499,1,'vi','plugins/ecommerce/shipping','statuses.not_delivered','Not delivered','2023-05-28 21:30:37','2023-05-28 21:30:37'),(4500,1,'vi','plugins/ecommerce/shipping','statuses.audited','Audited','2023-05-28 21:30:37','2023-05-28 21:30:37'),(4501,1,'vi','plugins/ecommerce/shipping','statuses.canceled','Canceled','2023-05-28 21:30:37','2023-05-28 21:30:37'),(4502,1,'vi','plugins/ecommerce/shipping','cod_statuses.pending','Pending','2023-05-28 21:30:37','2023-05-28 21:30:37'),(4503,1,'vi','plugins/ecommerce/shipping','cod_statuses.completed','Completed','2023-05-28 21:30:37','2023-05-28 21:30:37'),(4504,1,'vi','plugins/ecommerce/store-locator','name','Địa chỉ cửa hàng','2023-05-28 21:30:37','2023-05-28 21:30:37'),(4505,1,'vi','plugins/ecommerce/store-locator','description','Địa chỉ này sẽ xuất hiện trên hoá đơn của bạn và sẽ được sử dụng để tính toán mức giá vận chuyển của bạn.','2023-05-28 21:30:37','2023-05-28 21:30:37'),(4506,1,'vi','plugins/ecommerce/store-locator','shop_name','Tên cửa hàng','2023-05-28 21:30:37','2023-05-28 21:30:37'),(4507,1,'vi','plugins/ecommerce/store-locator','phone','Điện thoại','2023-05-28 21:30:37','2023-05-28 21:30:37'),(4508,1,'vi','plugins/ecommerce/store-locator','address','Địa chỉ','2023-05-28 21:30:37','2023-05-28 21:30:37'),(4509,1,'vi','plugins/ecommerce/tax','name','Thuế','2023-05-28 21:30:37','2023-05-28 21:30:37'),(4510,1,'vi','plugins/ecommerce/tax','create','Tạo thuế','2023-05-28 21:30:37','2023-05-28 21:30:37'),(4511,1,'vi','plugins/ecommerce/tax','edit','Chỉnh sửa thuế :title','2023-05-28 21:30:37','2023-05-28 21:30:37'),(4512,1,'vi','plugins/ecommerce/tax','title','Tiêu đề','2023-05-28 21:30:37','2023-05-28 21:30:37'),(4513,1,'vi','plugins/ecommerce/tax','percentage','Tỉ lệ phần trăm %','2023-05-28 21:30:37','2023-05-28 21:30:37'),(4514,1,'vi','plugins/ecommerce/tax','priority','Thứ tự ưu tiên','2023-05-28 21:30:37','2023-05-28 21:30:37'),(4515,1,'vi','plugins/ecommerce/tax','select_tax','-- lựa chọn --','2023-05-28 21:30:37','2023-05-28 21:30:37'),(4516,1,'en','plugins/faq/faq-category','name','Categories','2023-05-28 21:30:37','2023-05-28 21:30:37'),(4517,1,'en','plugins/faq/faq-category','create','New category','2023-05-28 21:30:37','2023-05-28 21:30:37'),(4518,1,'en','plugins/faq/faq','name','FAQ','2023-05-28 21:30:37','2023-05-28 21:30:37'),(4519,1,'en','plugins/faq/faq','create','New faq','2023-05-28 21:30:37','2023-05-28 21:30:37'),(4520,1,'en','plugins/faq/faq','question','Question','2023-05-28 21:30:37','2023-05-28 21:30:37'),(4521,1,'en','plugins/faq/faq','answer','Answer','2023-05-28 21:30:37','2023-05-28 21:30:37'),(4522,1,'en','plugins/faq/faq','category','Category','2023-05-28 21:30:37','2023-05-28 21:30:37'),(4523,1,'en','plugins/faq/faq','all','All','2023-05-28 21:30:37','2023-05-28 21:30:37'),(4524,1,'en','plugins/faq/faq','faq_schema_config','FAQ schema configuration (:link)','2023-05-28 21:30:37','2023-05-28 21:30:37'),(4525,1,'en','plugins/faq/faq','learn_more','Learn more','2023-05-28 21:30:37','2023-05-28 21:30:37'),(4526,1,'en','plugins/faq/faq','settings.title','FAQ','2023-05-28 21:30:37','2023-05-28 21:30:37'),(4527,1,'en','plugins/faq/faq','settings.description','Settings for FAQ','2023-05-28 21:30:37','2023-05-28 21:30:37'),(4528,1,'en','plugins/faq/faq','settings.enable_faq_schema','Enable FAQ Schema?','2023-05-28 21:30:37','2023-05-28 21:30:37'),(4529,1,'en','plugins/faq/faq','settings.enable_faq_schema_description','Learn more: https://developers.google.com/search/docs/data-types/faqpage','2023-05-28 21:30:37','2023-05-28 21:30:37'),(4530,1,'en','plugins/faq/faq','select_category','Select a category','2023-05-28 21:30:37','2023-05-28 21:30:37'),(4531,1,'en','plugins/faq/faq','add_item','Add item','2023-05-28 21:30:37','2023-05-28 21:30:37'),(4532,1,'vi','plugins/faq/faq-category','create','Thêm danh mục','2023-05-28 21:30:37','2023-05-28 21:30:37'),(4533,1,'vi','plugins/faq/faq-category','edit','Sửa danh mục','2023-05-28 21:30:37','2023-05-28 21:30:37'),(4534,1,'vi','plugins/faq/faq-category','name','Danh mục','2023-05-28 21:30:37','2023-05-28 21:30:37'),(4535,1,'vi','plugins/faq/faq','name','Câu hỏi thường gặp','2023-05-28 21:30:37','2023-05-28 21:30:37'),(4536,1,'vi','plugins/faq/faq','create','Thêm câu hỏi','2023-05-28 21:30:37','2023-05-28 21:30:37'),(4537,1,'vi','plugins/faq/faq','edit','Sửa câu hỏi','2023-05-28 21:30:37','2023-05-28 21:30:37'),(4538,1,'vi','plugins/faq/faq','question','Câu hỏi','2023-05-28 21:30:37','2023-05-28 21:30:37'),(4539,1,'vi','plugins/faq/faq','answer','Trả lời','2023-05-28 21:30:37','2023-05-28 21:30:37'),(4540,1,'en','plugins/language/language','name','Languages','2023-05-28 21:30:37','2023-05-28 21:30:37'),(4541,1,'en','plugins/language/language','choose_language','Choose a language','2023-05-28 21:30:37','2023-05-28 21:30:37'),(4542,1,'en','plugins/language/language','select_language','Select language','2023-05-28 21:30:37','2023-05-28 21:30:37'),(4543,1,'en','plugins/language/language','choose_language_helper','You can choose a language in the list or directly edit it below.','2023-05-28 21:30:37','2023-05-28 21:30:37'),(4544,1,'en','plugins/language/language','language_name','Language name','2023-05-28 21:30:37','2023-05-28 21:30:37'),(4545,1,'en','plugins/language/language','language_name_helper','The name is how it is displayed on your site (for example: English).','2023-05-28 21:30:37','2023-05-28 21:30:37'),(4546,1,'en','plugins/language/language','locale','Locale','2023-05-28 21:30:37','2023-05-28 21:30:37'),(4547,1,'en','plugins/language/language','locale_helper','Laravel Locale for the language (for example: <code>en</code>).','2023-05-28 21:30:37','2023-05-28 21:30:37'),(4548,1,'en','plugins/language/language','language_code','Language code','2023-05-28 21:30:38','2023-05-28 21:30:38'),(4549,1,'en','plugins/language/language','language_code_helper','Language code - preferably 2-letters ISO 639-1 (for example: en)','2023-05-28 21:30:38','2023-05-28 21:30:38'),(4550,1,'en','plugins/language/language','text_direction','Text direction','2023-05-28 21:30:38','2023-05-28 21:30:38'),(4551,1,'en','plugins/language/language','text_direction_helper','Choose the text direction for the language','2023-05-28 21:30:38','2023-05-28 21:30:38'),(4552,1,'en','plugins/language/language','left_to_right','Left to right','2023-05-28 21:30:38','2023-05-28 21:30:38'),(4553,1,'en','plugins/language/language','right_to_left','Right to left','2023-05-28 21:30:38','2023-05-28 21:30:38'),(4554,1,'en','plugins/language/language','flag','Flag','2023-05-28 21:30:38','2023-05-28 21:30:38'),(4555,1,'en','plugins/language/language','flag_helper','Choose a flag for the language.','2023-05-28 21:30:38','2023-05-28 21:30:38'),(4556,1,'en','plugins/language/language','order','Order','2023-05-28 21:30:38','2023-05-28 21:30:38'),(4557,1,'en','plugins/language/language','order_helper','Position of the language in the language switcher','2023-05-28 21:30:38','2023-05-28 21:30:38'),(4558,1,'en','plugins/language/language','add_new_language','Add new language','2023-05-28 21:30:38','2023-05-28 21:30:38'),(4559,1,'en','plugins/language/language','code','Code','2023-05-28 21:30:38','2023-05-28 21:30:38'),(4560,1,'en','plugins/language/language','default_language','Is default?','2023-05-28 21:30:38','2023-05-28 21:30:38'),(4561,1,'en','plugins/language/language','actions','Actions','2023-05-28 21:30:38','2023-05-28 21:30:38'),(4562,1,'en','plugins/language/language','translations','Translations','2023-05-28 21:30:38','2023-05-28 21:30:38'),(4563,1,'en','plugins/language/language','edit','Edit','2023-05-28 21:30:38','2023-05-28 21:30:38'),(4564,1,'en','plugins/language/language','edit_tooltip','Edit this language','2023-05-28 21:30:38','2023-05-28 21:30:38'),(4565,1,'en','plugins/language/language','delete','Delete','2023-05-28 21:30:38','2023-05-28 21:30:38'),(4566,1,'en','plugins/language/language','delete_tooltip','Delete this language and all its associated data','2023-05-28 21:30:38','2023-05-28 21:30:38'),(4567,1,'en','plugins/language/language','choose_default_language','Choose :language as default language','2023-05-28 21:30:38','2023-05-28 21:30:38'),(4568,1,'en','plugins/language/language','current_language','Current record\'s language','2023-05-28 21:30:38','2023-05-28 21:30:38'),(4569,1,'en','plugins/language/language','edit_related','Edit related language for this record','2023-05-28 21:30:38','2023-05-28 21:30:38'),(4570,1,'en','plugins/language/language','add_language_for_item','Add other language version for this record','2023-05-28 21:30:38','2023-05-28 21:30:38'),(4571,1,'en','plugins/language/language','settings','Settings','2023-05-28 21:30:38','2023-05-28 21:30:38'),(4572,1,'en','plugins/language/language','language_hide_default','Hide default language from URL?','2023-05-28 21:30:38','2023-05-28 21:30:38'),(4573,1,'en','plugins/language/language','language_display_flag_only','Flag only','2023-05-28 21:30:38','2023-05-28 21:30:38'),(4574,1,'en','plugins/language/language','language_display_name_only','Name only','2023-05-28 21:30:38','2023-05-28 21:30:38'),(4575,1,'en','plugins/language/language','language_display_all','Display all flag and name','2023-05-28 21:30:38','2023-05-28 21:30:38'),(4576,1,'en','plugins/language/language','language_display','Language display','2023-05-28 21:30:38','2023-05-28 21:30:38'),(4577,1,'en','plugins/language/language','switcher_display','Switcher language display','2023-05-28 21:30:38','2023-05-28 21:30:38'),(4578,1,'en','plugins/language/language','language_switcher_display_dropdown','Dropdown','2023-05-28 21:30:38','2023-05-28 21:30:38'),(4579,1,'en','plugins/language/language','language_switcher_display_list','List','2023-05-28 21:30:38','2023-05-28 21:30:38'),(4580,1,'en','plugins/language/language','current_language_edit_notification','You are editing \"<strong class=\"current_language_text\">:language</strong>\" version','2023-05-28 21:30:38','2023-05-28 21:30:38'),(4581,1,'en','plugins/language/language','confirm-change-language','Confirm change language','2023-05-28 21:30:38','2023-05-28 21:30:38'),(4582,1,'en','plugins/language/language','confirm-change-language-message','Do you really want to change language to \"<strong class=\"change_to_language_text\"></strong>\" ? This action will be override \"<strong class=\"change_to_language_text\"></strong>\" version if it\'s existed!','2023-05-28 21:30:38','2023-05-28 21:30:38'),(4583,1,'en','plugins/language/language','confirm-change-language-btn','Confirm change','2023-05-28 21:30:38','2023-05-28 21:30:38'),(4584,1,'en','plugins/language/language','hide_languages','Hide languages','2023-05-28 21:30:38','2023-05-28 21:30:38'),(4585,1,'en','plugins/language/language','hide_languages_description','You can completely hide content in specific languages from visitors and search engines, but still view it yourself. This allows reviewing translations that are in progress.','2023-05-28 21:30:38','2023-05-28 21:30:38'),(4586,1,'en','plugins/language/language','hide_languages_helper_display_hidden','{0} All languages are currently displayed.|{1} :language is currently hidden to visitors.|[2, Inf] :language are currently hidden to visitors.','2023-05-28 21:30:38','2023-05-28 21:30:38'),(4587,1,'en','plugins/language/language','show_all','Show all','2023-05-28 21:30:38','2023-05-28 21:30:38'),(4588,1,'en','plugins/language/language','change_language','Language','2023-05-28 21:30:38','2023-05-28 21:30:38'),(4589,1,'en','plugins/language/language','language_show_default_item_if_current_version_not_existed','Show item in default language if it is not existed in current language','2023-05-28 21:30:38','2023-05-28 21:30:38'),(4590,1,'en','plugins/language/language','select_flag','Select a flag...','2023-05-28 21:30:38','2023-05-28 21:30:38'),(4591,1,'en','plugins/language/language','delete_confirmation_message','Do you really want to delete this language? It also deletes all items in this language and cannot rollback!','2023-05-28 21:30:38','2023-05-28 21:30:38'),(4592,1,'en','plugins/language/language','added_already','This language was added already!','2023-05-28 21:30:38','2023-05-28 21:30:38'),(4593,1,'en','plugins/language/language','language_auto_detect_user_language','Auto detect user language?','2023-05-28 21:30:38','2023-05-28 21:30:38'),(4594,1,'vi','plugins/language/language','name','Ngôn ngữ','2023-05-28 21:30:38','2023-05-28 21:30:38'),(4595,1,'vi','plugins/language/language','choose_language','Chọn một ngôn ngữ','2023-05-28 21:30:38','2023-05-28 21:30:38'),(4596,1,'vi','plugins/language/language','select_language','Chọn ngôn ngữ','2023-05-28 21:30:38','2023-05-28 21:30:38'),(4597,1,'vi','plugins/language/language','choose_language_helper','Bạn có thể chọn 1 ngôn ngữ trong danh sách hoặc nhập trực tiếp nội dung xuống các mục dưới','2023-05-28 21:30:38','2023-05-28 21:30:38'),(4598,1,'vi','plugins/language/language','language_name','Tên đầy đủ','2023-05-28 21:30:38','2023-05-28 21:30:38'),(4599,1,'vi','plugins/language/language','language_name_helper','Tên ngôn ngữ sẽ được hiển thị trên website (ví dụ: Tiếng Anh).','2023-05-28 21:30:38','2023-05-28 21:30:38'),(4600,1,'vi','plugins/language/language','locale','Locale','2023-05-28 21:30:38','2023-05-28 21:30:38'),(4601,1,'vi','plugins/language/language','locale_helper','Laravel Locale cho ngôn ngữ này (ví dụ: <code>en</code>).','2023-05-28 21:30:38','2023-05-28 21:30:38'),(4602,1,'vi','plugins/language/language','language_code','Mã ngôn ngữ','2023-05-28 21:30:38','2023-05-28 21:30:38'),(4603,1,'vi','plugins/language/language','language_code_helper','Mã ngôn ngữ - ưu tiên dạng 2-kí tự theo chuẩn ISO 639-1 (ví dụ: en)','2023-05-28 21:30:38','2023-05-28 21:30:38'),(4604,1,'vi','plugins/language/language','text_direction','Hướng viết chữ','2023-05-28 21:30:38','2023-05-28 21:30:38'),(4605,1,'vi','plugins/language/language','text_direction_helper','Chọn hướng viết chữ cho ngôn ngữ này','2023-05-28 21:30:38','2023-05-28 21:30:38'),(4606,1,'vi','plugins/language/language','left_to_right','Trái qua phải','2023-05-28 21:30:38','2023-05-28 21:30:38'),(4607,1,'vi','plugins/language/language','right_to_left','Phải qua trái','2023-05-28 21:30:38','2023-05-28 21:30:38'),(4608,1,'vi','plugins/language/language','flag','Cờ','2023-05-28 21:30:38','2023-05-28 21:30:38'),(4609,1,'vi','plugins/language/language','flag_helper','Chọn 1 cờ cho ngôn ngữ này','2023-05-28 21:30:38','2023-05-28 21:30:38'),(4610,1,'vi','plugins/language/language','order','Sắp xếp','2023-05-28 21:30:38','2023-05-28 21:30:38'),(4611,1,'vi','plugins/language/language','order_helper','Vị trí của ngôn ngữ hiển thị trong mục chuyển đổi ngôn ngữ','2023-05-28 21:30:38','2023-05-28 21:30:38'),(4612,1,'vi','plugins/language/language','add_new_language','Thêm ngôn ngữ mới','2023-05-28 21:30:38','2023-05-28 21:30:38'),(4613,1,'vi','plugins/language/language','code','Mã','2023-05-28 21:30:38','2023-05-28 21:30:38'),(4614,1,'vi','plugins/language/language','default_language','Ngôn ngữ mặc định','2023-05-28 21:30:38','2023-05-28 21:30:38'),(4615,1,'vi','plugins/language/language','actions','Hành động','2023-05-28 21:30:38','2023-05-28 21:30:38'),(4616,1,'vi','plugins/language/language','translations','Dịch','2023-05-28 21:30:38','2023-05-28 21:30:38'),(4617,1,'vi','plugins/language/language','edit','Sửa','2023-05-28 21:30:38','2023-05-28 21:30:38'),(4618,1,'vi','plugins/language/language','edit_tooltip','Sửa ngôn ngữ này','2023-05-28 21:30:38','2023-05-28 21:30:38'),(4619,1,'vi','plugins/language/language','delete','Xóa','2023-05-28 21:30:38','2023-05-28 21:30:38'),(4620,1,'vi','plugins/language/language','delete_tooltip','Xóa ngôn ngữ này và các dữ liệu liên quan','2023-05-28 21:30:38','2023-05-28 21:30:38'),(4621,1,'vi','plugins/language/language','choose_default_language','Chọn :language làm ngôn ngữ mặc định','2023-05-28 21:30:38','2023-05-28 21:30:38'),(4622,1,'vi','plugins/language/language','add_language_for_item','Thêm ngôn ngữ khác cho bản ghi này','2023-05-28 21:30:38','2023-05-28 21:30:38'),(4623,1,'vi','plugins/language/language','current_language','Ngôn ngữ hiện tại của bản ghi','2023-05-28 21:30:38','2023-05-28 21:30:38'),(4624,1,'vi','plugins/language/language','edit_related','Sửa bản ngôn ngữ khác của bản ghi này','2023-05-28 21:30:38','2023-05-28 21:30:38'),(4625,1,'vi','plugins/language/language','confirm-change-language','Xác nhận thay đổi ngôn ngữ','2023-05-28 21:30:38','2023-05-28 21:30:38'),(4626,1,'vi','plugins/language/language','confirm-change-language-btn','Xác nhận thay đổi','2023-05-28 21:30:38','2023-05-28 21:30:38'),(4627,1,'vi','plugins/language/language','confirm-change-language-message','Bạn có chắc chắn muốn thay đổi ngôn ngữ sang tiếng \"<strong class=\"change_to_language_text\"></strong>\" ? Điều này sẽ ghi đè bản ghi tiếng \"<strong class=\"change_to_language_text\"></strong>\" nếu nó đã tồn tại!','2023-05-28 21:30:38','2023-05-28 21:30:38'),(4628,1,'vi','plugins/language/language','current_language_edit_notification','Bạn đang chỉnh sửa phiên bản tiếng \"<strong class=\"current_language_text\">:language</strong>\"','2023-05-28 21:30:38','2023-05-28 21:30:38'),(4629,1,'vi','plugins/language/language','hide_languages','Ẩn ngôn ngữ','2023-05-28 21:30:38','2023-05-28 21:30:38'),(4630,1,'vi','plugins/language/language','hide_languages_description','Bạn có thể hoàn toàn ẩn ngôn ngữ cụ thể đối với người truy cập và công cụ tìm kiếm, nhưng sẽ vẫn hiển thị trong trang quản trị. Điều này cho phép bạn biết những ngôn ngữ nào đang được xử lý.','2023-05-28 21:30:38','2023-05-28 21:30:38'),(4631,1,'vi','plugins/language/language','hide_languages_helper_display_hidden','{0} Tất cả ngôn ngữ đang được hiển thị.|{1} :language đang bị ẩn đối với người truy cập.|[2, Inf]  :language đang bị ẩn đối với người truy cập.','2023-05-28 21:30:38','2023-05-28 21:30:38'),(4632,1,'vi','plugins/language/language','language_display','Hiển thị ngôn ngữ','2023-05-28 21:30:38','2023-05-28 21:30:38'),(4633,1,'vi','plugins/language/language','language_display_all','Hiển thị cả cờ và tên ngôn ngữ','2023-05-28 21:30:38','2023-05-28 21:30:38'),(4634,1,'vi','plugins/language/language','language_display_flag_only','Chỉ hiển thị cờ','2023-05-28 21:30:38','2023-05-28 21:30:38'),(4635,1,'vi','plugins/language/language','language_display_name_only','Chỉ hiển thị tên','2023-05-28 21:30:38','2023-05-28 21:30:38'),(4636,1,'vi','plugins/language/language','language_hide_default','Ẩn ngôn ngữ mặc định trên URL','2023-05-28 21:30:38','2023-05-28 21:30:38'),(4637,1,'vi','plugins/language/language','language_switcher_display_dropdown','Dropdown','2023-05-28 21:30:38','2023-05-28 21:30:38'),(4638,1,'vi','plugins/language/language','language_switcher_display_list','Danh sách','2023-05-28 21:30:38','2023-05-28 21:30:38'),(4639,1,'vi','plugins/language/language','settings','Cài đặt','2023-05-28 21:30:38','2023-05-28 21:30:38'),(4640,1,'vi','plugins/language/language','switcher_display','Hiển thị bộ chuyển đổi ngôn ngữ','2023-05-28 21:30:38','2023-05-28 21:30:38'),(4641,1,'vi','plugins/language/language','change_language','Ngôn ngữ','2023-05-28 21:30:38','2023-05-28 21:30:38'),(4642,1,'vi','plugins/language/language','show_all','Hiển thị tất cả','2023-05-28 21:30:38','2023-05-28 21:30:38'),(4643,1,'vi','plugins/language/language','language_show_default_item_if_current_version_not_existed','Hiển thị bản ghi ở ngôn ngữ mặc định nếu phiên bản cho ngôn ngữ hiện tại chưa có','2023-05-28 21:30:38','2023-05-28 21:30:38'),(4644,1,'en','plugins/location/bulk-import','name','Bulk Import','2023-05-28 21:30:38','2023-05-28 21:30:38'),(4645,1,'en','plugins/location/bulk-import','loading_text','Importing','2023-05-28 21:30:38','2023-05-28 21:30:38'),(4646,1,'en','plugins/location/bulk-import','imported_successfully','Imported successfully.','2023-05-28 21:30:38','2023-05-28 21:30:38'),(4647,1,'en','plugins/location/bulk-import','please_choose_the_file_mime','Please choose the file mime :types','2023-05-28 21:30:38','2023-05-28 21:30:38'),(4648,1,'en','plugins/location/bulk-import','please_choose_the_file','Please choose the file','2023-05-28 21:30:38','2023-05-28 21:30:38'),(4649,1,'en','plugins/location/bulk-import','start_import','Start Import','2023-05-28 21:30:38','2023-05-28 21:30:38'),(4650,1,'en','plugins/location/bulk-import','note','Note!','2023-05-28 21:30:38','2023-05-28 21:30:38'),(4651,1,'en','plugins/location/bulk-import','warning_before_importing','If this is your first time using this feature, please read the documentation or contact the Administrator for access to the correct functionality!','2023-05-28 21:30:38','2023-05-28 21:30:38'),(4652,1,'en','plugins/location/bulk-import','results','Result: :success successes, :failed failures','2023-05-28 21:30:38','2023-05-28 21:30:38'),(4653,1,'en','plugins/location/bulk-import','failures','Failures','2023-05-28 21:30:38','2023-05-28 21:30:38'),(4654,1,'en','plugins/location/bulk-import','tables.import','Import','2023-05-28 21:30:38','2023-05-28 21:30:38'),(4655,1,'en','plugins/location/bulk-import','template','Template','2023-05-28 21:30:38','2023-05-28 21:30:38'),(4656,1,'en','plugins/location/bulk-import','rules','Rules','2023-05-28 21:30:38','2023-05-28 21:30:38'),(4657,1,'en','plugins/location/bulk-import','choose_file_with_mime','Choose file with mime: (:types)','2023-05-28 21:30:38','2023-05-28 21:30:38'),(4658,1,'en','plugins/location/bulk-import','choose_file','Choose file','2023-05-28 21:30:38','2023-05-28 21:30:38'),(4659,1,'en','plugins/location/bulk-import','menu','Import locations','2023-05-28 21:30:38','2023-05-28 21:30:38'),(4660,1,'en','plugins/location/bulk-import','download-csv-file','Download CSV template','2023-05-28 21:30:38','2023-05-28 21:30:38'),(4661,1,'en','plugins/location/bulk-import','download-excel-file','Download Excel template','2023-05-28 21:30:38','2023-05-28 21:30:38'),(4662,1,'en','plugins/location/bulk-import','downloading','Downloading...','2023-05-28 21:30:38','2023-05-28 21:30:38'),(4663,1,'en','plugins/location/bulk-import','export.template.input_error','Input error','2023-05-28 21:30:38','2023-05-28 21:30:38'),(4664,1,'en','plugins/location/bulk-import','export.template.number_not_allowed','Number is not allowed!','2023-05-28 21:30:38','2023-05-28 21:30:38'),(4665,1,'en','plugins/location/bulk-import','export.template.allowed_input','Allowed input','2023-05-28 21:30:38','2023-05-28 21:30:38'),(4666,1,'en','plugins/location/bulk-import','export.template.prompt_decimal','Only numbers or decimals are accepted and greater than or equal to :min.','2023-05-28 21:30:38','2023-05-28 21:30:38'),(4667,1,'en','plugins/location/bulk-import','export.template.prompt_whole_number','Only numbers are accepted and greater than or equal to :min.','2023-05-28 21:30:38','2023-05-28 21:30:38'),(4668,1,'en','plugins/location/bulk-import','export.template.prompt_list','Please pick a value from the drop-down list.','2023-05-28 21:30:38','2023-05-28 21:30:38'),(4669,1,'en','plugins/location/bulk-import','export.template.pick_from_list','Pick from list','2023-05-28 21:30:38','2023-05-28 21:30:38'),(4670,1,'en','plugins/location/bulk-import','export.template.value_not_in_list','Value is not in list.','2023-05-28 21:30:38','2023-05-28 21:30:38'),(4671,1,'en','plugins/location/bulk-import','export.template.max_text_length','Max text length','2023-05-28 21:30:38','2023-05-28 21:30:38'),(4672,1,'en','plugins/location/bulk-import','export.template.prompt_max_text_length','Only accept text with length less than or equal to :max.','2023-05-28 21:30:38','2023-05-28 21:30:38'),(4673,1,'en','plugins/location/bulk-import','import_failed_description','Import failed, please check the errors below!','2023-05-28 21:30:38','2023-05-28 21:30:38'),(4674,1,'en','plugins/location/bulk-import','available_enable_multi_language','Only available when you enable \"Is Multi Language?\"','2023-05-28 21:30:38','2023-05-28 21:30:38'),(4675,1,'en','plugins/location/bulk-import','import_type_required_if','The :attribute field is required when \"Import Type\" is :value.','2023-05-28 21:30:38','2023-05-28 21:30:38'),(4676,1,'en','plugins/location/bulk-import','import_available_data','Import available data','2023-05-28 21:30:38','2023-05-28 21:30:38'),(4677,1,'en','plugins/location/bulk-import','import','Import','2023-05-28 21:30:38','2023-05-28 21:30:38'),(4678,1,'en','plugins/location/bulk-import','import_available_data_confirmation','Import available data confirmation','2023-05-28 21:30:38','2023-05-28 21:30:38'),(4679,1,'en','plugins/location/bulk-import','import_available_data_confirmation_content','Do you really want to import states/cities for this country?','2023-05-28 21:30:38','2023-05-28 21:30:38'),(4680,1,'en','plugins/location/city','name','Cities','2023-05-28 21:30:38','2023-05-28 21:30:38'),(4681,1,'en','plugins/location/city','create','New city','2023-05-28 21:30:38','2023-05-28 21:30:38'),(4682,1,'en','plugins/location/city','state','State','2023-05-28 21:30:38','2023-05-28 21:30:38'),(4683,1,'en','plugins/location/city','select_state','Select state...','2023-05-28 21:30:38','2023-05-28 21:30:38'),(4684,1,'en','plugins/location/city','select_city','Select city...','2023-05-28 21:30:39','2023-05-28 21:30:39'),(4685,1,'en','plugins/location/city','country','Country','2023-05-28 21:30:39','2023-05-28 21:30:39'),(4686,1,'en','plugins/location/city','select_country','Select country...','2023-05-28 21:30:39','2023-05-28 21:30:39'),(4687,1,'en','plugins/location/city','city','City','2023-05-28 21:30:39','2023-05-28 21:30:39'),(4688,1,'en','plugins/location/country','name','Countries','2023-05-28 21:30:39','2023-05-28 21:30:39'),(4689,1,'en','plugins/location/country','create','New country','2023-05-28 21:30:39','2023-05-28 21:30:39'),(4690,1,'en','plugins/location/country','nationality','Nationality','2023-05-28 21:30:39','2023-05-28 21:30:39'),(4691,1,'en','plugins/location/country','code','Country ISO code','2023-05-28 21:30:39','2023-05-28 21:30:39'),(4692,1,'en','plugins/location/country','code_placeholder','ISO country code, uppercase. Ex: US.','2023-05-28 21:30:39','2023-05-28 21:30:39'),(4693,1,'en','plugins/location/country','code_helper','Find country ISO code from here: https://en.wikipedia.org/wiki/List_of_ISO_3166_country_codes','2023-05-28 21:30:39','2023-05-28 21:30:39'),(4694,1,'en','plugins/location/location','name','Locations','2023-05-28 21:30:39','2023-05-28 21:30:39'),(4695,1,'en','plugins/location/location','all_states','All states','2023-05-28 21:30:39','2023-05-28 21:30:39'),(4696,1,'en','plugins/location/location','abbreviation','Abbreviation','2023-05-28 21:30:39','2023-05-28 21:30:39'),(4697,1,'en','plugins/location/location','abbreviation_placeholder','E.g: CA','2023-05-28 21:30:39','2023-05-28 21:30:39'),(4698,1,'en','plugins/location/location','exporting','Exporting','2023-05-28 21:30:39','2023-05-28 21:30:39'),(4699,1,'en','plugins/location/location','total_country','Total countries','2023-05-28 21:30:39','2023-05-28 21:30:39'),(4700,1,'en','plugins/location/location','total_state','Total states','2023-05-28 21:30:39','2023-05-28 21:30:39'),(4701,1,'en','plugins/location/location','total_city','Total cities','2023-05-28 21:30:39','2023-05-28 21:30:39'),(4702,1,'en','plugins/location/location','export_location','Export location','2023-05-28 21:30:39','2023-05-28 21:30:39'),(4703,1,'en','plugins/location/location','start_export','Start exporting','2023-05-28 21:30:39','2023-05-28 21:30:39'),(4704,1,'en','plugins/location/state','name','States','2023-05-28 21:30:39','2023-05-28 21:30:39'),(4705,1,'en','plugins/location/state','create','New state','2023-05-28 21:30:39','2023-05-28 21:30:39'),(4706,1,'en','plugins/location/state','country','Country','2023-05-28 21:30:39','2023-05-28 21:30:39'),(4707,1,'en','plugins/location/state','select_country','Select a country...','2023-05-28 21:30:39','2023-05-28 21:30:39'),(4708,1,'en','plugins/location/state','state','State','2023-05-28 21:30:39','2023-05-28 21:30:39'),(4709,1,'vi','plugins/location/city','name','Quận/huyện','2023-05-28 21:30:39','2023-05-28 21:30:39'),(4710,1,'vi','plugins/location/city','create','Thêm quận/huyện','2023-05-28 21:30:39','2023-05-28 21:30:39'),(4711,1,'vi','plugins/location/city','edit','Sửa quận/huyện','2023-05-28 21:30:39','2023-05-28 21:30:39'),(4712,1,'vi','plugins/location/city','state','Tỉnh','2023-05-28 21:30:39','2023-05-28 21:30:39'),(4713,1,'vi','plugins/location/city','select_state','Lựa chọn tỉnh/thành phố...','2023-05-28 21:30:39','2023-05-28 21:30:39'),(4714,1,'vi','plugins/location/city','select_city','Lựa chọn quận/huyện...','2023-05-28 21:30:39','2023-05-28 21:30:39'),(4715,1,'vi','plugins/location/city','country','Quốc gia','2023-05-28 21:30:39','2023-05-28 21:30:39'),(4716,1,'vi','plugins/location/city','select_country','Lựa chọn quốc gia...','2023-05-28 21:30:39','2023-05-28 21:30:39'),(4717,1,'vi','plugins/location/city','city','Quận/huyện','2023-05-28 21:30:39','2023-05-28 21:30:39'),(4718,1,'vi','plugins/location/country','name','Quốc gia','2023-05-28 21:30:39','2023-05-28 21:30:39'),(4719,1,'vi','plugins/location/country','create','Thêm quốc gia','2023-05-28 21:30:39','2023-05-28 21:30:39'),(4720,1,'vi','plugins/location/country','edit','Sửa quốc gia','2023-05-28 21:30:39','2023-05-28 21:30:39'),(4721,1,'vi','plugins/location/country','nationality','Quốc tịch','2023-05-28 21:30:39','2023-05-28 21:30:39'),(4722,1,'vi','plugins/location/location','name','Địa điểm','2023-05-28 21:30:39','2023-05-28 21:30:39'),(4723,1,'vi','plugins/location/location','create','Thêm địa điểm','2023-05-28 21:30:39','2023-05-28 21:30:39'),(4724,1,'vi','plugins/location/location','edit','Sửa địa điểm','2023-05-28 21:30:39','2023-05-28 21:30:39'),(4725,1,'vi','plugins/location/location','all_states','Tất cả tỉnh thành','2023-05-28 21:30:39','2023-05-28 21:30:39'),(4726,1,'vi','plugins/location/state','name','Tỉnh/thành phố','2023-05-28 21:30:39','2023-05-28 21:30:39'),(4727,1,'vi','plugins/location/state','create','Thêm tỉnh/thành phố','2023-05-28 21:30:39','2023-05-28 21:30:39'),(4728,1,'vi','plugins/location/state','edit','Sửa tỉnh/thành phố','2023-05-28 21:30:39','2023-05-28 21:30:39'),(4729,1,'vi','plugins/location/state','country','Quốc gia','2023-05-28 21:30:39','2023-05-28 21:30:39'),(4730,1,'vi','plugins/location/state','select_country','Lựa chọn quốc gia...','2023-05-28 21:30:39','2023-05-28 21:30:39'),(4731,1,'vi','plugins/location/state','state','Tỉnh/thành phố','2023-05-28 21:30:39','2023-05-28 21:30:39'),(4732,1,'en','plugins/marketplace/marketplace','name','Marketplace','2023-05-28 21:30:39','2023-05-28 21:30:39'),(4733,1,'en','plugins/marketplace/marketplace','email.store_new_order_title','Notice about new order','2023-05-28 21:30:39','2023-05-28 21:30:39'),(4734,1,'en','plugins/marketplace/marketplace','email.store_new_order_description','Send email to the store owner when an order placed','2023-05-28 21:30:39','2023-05-28 21:30:39'),(4735,1,'en','plugins/marketplace/marketplace','email.verify_vendor_title','Verify vendor','2023-05-28 21:30:39','2023-05-28 21:30:39'),(4736,1,'en','plugins/marketplace/marketplace','email.verify_vendor_description','Send email to the admin when a vendor registers','2023-05-28 21:30:39','2023-05-28 21:30:39'),(4737,1,'en','plugins/marketplace/marketplace','email.pending_product_approval_title','Pending product approval','2023-05-28 21:30:39','2023-05-28 21:30:39'),(4738,1,'en','plugins/marketplace/marketplace','email.pending_product_approval_description','Send email to the admin when a vendor post their products','2023-05-28 21:30:39','2023-05-28 21:30:39'),(4739,1,'en','plugins/marketplace/marketplace','email.vendor_account_approved_title','Vendor account approved','2023-05-28 21:30:39','2023-05-28 21:30:39'),(4740,1,'en','plugins/marketplace/marketplace','email.vendor_account_approved_description','Send email to vendor when their account approved','2023-05-28 21:30:39','2023-05-28 21:30:39'),(4741,1,'en','plugins/marketplace/marketplace','email.product_approved_title','Product approved','2023-05-28 21:30:39','2023-05-28 21:30:39'),(4742,1,'en','plugins/marketplace/marketplace','email.product_approved_description','Send email to vendor when their product approved','2023-05-28 21:30:39','2023-05-28 21:30:39'),(4743,1,'en','plugins/marketplace/marketplace','email.withdrawal_approved_title','Withdrawal approved','2023-05-28 21:30:39','2023-05-28 21:30:39'),(4744,1,'en','plugins/marketplace/marketplace','email.withdrawal_approved_description','Send email to vendor when their withdrawal request approved','2023-05-28 21:30:39','2023-05-28 21:30:39'),(4745,1,'en','plugins/marketplace/marketplace','current_balance','Current balance','2023-05-28 21:30:39','2023-05-28 21:30:39'),(4746,1,'en','plugins/marketplace/marketplace','settings.name','Settings','2023-05-28 21:30:39','2023-05-28 21:30:39'),(4747,1,'en','plugins/marketplace/marketplace','settings.title','Settings for marketplace','2023-05-28 21:30:39','2023-05-28 21:30:39'),(4748,1,'en','plugins/marketplace/marketplace','settings.description','Setup commission fee','2023-05-28 21:30:39','2023-05-28 21:30:39'),(4749,1,'en','plugins/marketplace/marketplace','settings.fee_per_order','Fee per fee (%), suggest: 2 or 3','2023-05-28 21:30:39','2023-05-28 21:30:39'),(4750,1,'en','plugins/marketplace/marketplace','settings.default_commission_fee','Default commission fee (%), suggest: 2 or 3','2023-05-28 21:30:39','2023-05-28 21:30:39'),(4751,1,'en','plugins/marketplace/marketplace','settings.enable_commission_fee_for_each_category','Enable commission fee for each category?','2023-05-28 21:30:39','2023-05-28 21:30:39'),(4752,1,'en','plugins/marketplace/marketplace','settings.categories','Categories','2023-05-28 21:30:39','2023-05-28 21:30:39'),(4753,1,'en','plugins/marketplace/marketplace','settings.select_categories','Select categories..','2023-05-28 21:30:39','2023-05-28 21:30:39'),(4754,1,'en','plugins/marketplace/marketplace','settings.commission_fee','Commission fee (%)','2023-05-28 21:30:39','2023-05-28 21:30:39'),(4755,1,'en','plugins/marketplace/marketplace','settings.commission_fee_by_category','Commission fee by category (%)','2023-05-28 21:30:39','2023-05-28 21:30:39'),(4756,1,'en','plugins/marketplace/marketplace','settings.fee_withdrawal','Fee withdrawal (Fixed amount)','2023-05-28 21:30:39','2023-05-28 21:30:39'),(4757,1,'en','plugins/marketplace/marketplace','settings.check_valid_signature','Check valid signature in vendor\'s earnings','2023-05-28 21:30:39','2023-05-28 21:30:39'),(4758,1,'en','plugins/marketplace/marketplace','settings.verify_vendor','Vendor verification (Vendor just can post their product listing after getting verified)','2023-05-28 21:30:39','2023-05-28 21:30:39'),(4759,1,'en','plugins/marketplace/marketplace','settings.enable_product_approval','Enable product approval','2023-05-28 21:30:39','2023-05-28 21:30:39'),(4760,1,'en','plugins/marketplace/marketplace','settings.hide_store_phone_number','Hide store phone number?','2023-05-28 21:30:39','2023-05-28 21:30:39'),(4761,1,'en','plugins/marketplace/marketplace','settings.hide_store_email','Hide store email?','2023-05-28 21:30:39','2023-05-28 21:30:39'),(4762,1,'en','plugins/marketplace/marketplace','settings.hide_store_social_links','Hide store social links?','2023-05-28 21:30:39','2023-05-28 21:30:39'),(4763,1,'en','plugins/marketplace/marketplace','settings.allow_vendor_manage_shipping','Allow vendor manage shipping?','2023-05-28 21:30:39','2023-05-28 21:30:39'),(4764,1,'en','plugins/marketplace/marketplace','settings.commission_fee_each_category_fee_name','Commission fee of commission setting :key','2023-05-28 21:30:39','2023-05-28 21:30:39'),(4765,1,'en','plugins/marketplace/marketplace','settings.commission_fee_each_category_name','Categories of commission setting :key','2023-05-28 21:30:39','2023-05-28 21:30:39'),(4766,1,'en','plugins/marketplace/marketplace','settings.add_new','Add new','2023-05-28 21:30:39','2023-05-28 21:30:39'),(4767,1,'en','plugins/marketplace/marketplace','settings.payout_methods','Payout methods','2023-05-28 21:30:39','2023-05-28 21:30:39'),(4768,1,'en','plugins/marketplace/marketplace','theme_options.name','Marketplace','2023-05-28 21:30:39','2023-05-28 21:30:39'),(4769,1,'en','plugins/marketplace/marketplace','theme_options.description','Theme options for Marketplace','2023-05-28 21:30:39','2023-05-28 21:30:39'),(4770,1,'en','plugins/marketplace/marketplace','theme_options.logo_vendor_dashboard','Logo in the vendor dashboard (Default is the main logo)','2023-05-28 21:30:39','2023-05-28 21:30:39'),(4771,1,'en','plugins/marketplace/marketplace','store_name','Store name','2023-05-28 21:30:39','2023-05-28 21:30:39'),(4772,1,'en','plugins/marketplace/marketplace','store_email','Store email','2023-05-28 21:30:39','2023-05-28 21:30:39'),(4773,1,'en','plugins/marketplace/marketplace','store_phone','Store phone','2023-05-28 21:30:39','2023-05-28 21:30:39'),(4774,1,'en','plugins/marketplace/marketplace','product_name','Product name','2023-05-28 21:30:39','2023-05-28 21:30:39'),(4775,1,'en','plugins/marketplace/marketplace','product_url','Product URL','2023-05-28 21:30:39','2023-05-28 21:30:39'),(4776,1,'en','plugins/marketplace/marketplace','withdrawal_amount','Withdrawal amount','2023-05-28 21:30:39','2023-05-28 21:30:39'),(4777,1,'en','plugins/marketplace/marketplace','helpers.customer_status','If you change the status other than \":status\" this vendor\'s store will also change to \":store\"','2023-05-28 21:30:39','2023-05-28 21:30:39'),(4778,1,'en','plugins/marketplace/marketplace','helpers.store_status','If you change the status other than \":status\" this store\'s account will also change to \":customer\"','2023-05-28 21:30:39','2023-05-28 21:30:39'),(4779,1,'en','plugins/marketplace/marketplace','tables.earnings','Earnings','2023-05-28 21:30:39','2023-05-28 21:30:39'),(4780,1,'en','plugins/marketplace/marketplace','tables.products_count','Products Count','2023-05-28 21:30:39','2023-05-28 21:30:39'),(4781,1,'en','plugins/marketplace/marketplace','vendors','Vendors','2023-05-28 21:30:39','2023-05-28 21:30:39'),(4782,1,'en','plugins/marketplace/marketplace','payout_payment_methods.bank_transfer','Bank Transfer','2023-05-28 21:30:39','2023-05-28 21:30:39'),(4783,1,'en','plugins/marketplace/marketplace','payout_payment_methods.paypal','PayPal','2023-05-28 21:30:39','2023-05-28 21:30:39'),(4784,1,'en','plugins/marketplace/marketplace','reports.name','Reports','2023-05-28 21:30:39','2023-05-28 21:30:39'),(4785,1,'en','plugins/marketplace/marketplace','reports.total_fee_earnings','Total fee earnings: :value','2023-05-28 21:30:39','2023-05-28 21:30:39'),(4786,1,'en','plugins/marketplace/marketplace','reports.total_fee','Total fee','2023-05-28 21:30:39','2023-05-28 21:30:39'),(4787,1,'en','plugins/marketplace/marketplace','reports.total_amount','Total amount','2023-05-28 21:30:39','2023-05-28 21:30:39'),(4788,1,'en','plugins/marketplace/marketplace','reports.store_revenues','Store revenues','2023-05-28 21:30:39','2023-05-28 21:30:39'),(4789,1,'en','plugins/marketplace/marketplace','reports.sale_commissions','Sale commissions','2023-05-28 21:30:39','2023-05-28 21:30:39'),(4790,1,'en','plugins/marketplace/marketplace','reports.fee','Fee (:symbol)','2023-05-28 21:30:39','2023-05-28 21:30:39'),(4791,1,'en','plugins/marketplace/marketplace','reports.amount','Amount (:symbol)','2023-05-28 21:30:39','2023-05-28 21:30:39'),(4792,1,'en','plugins/marketplace/marketplace','vendor','Vendor','2023-05-28 21:30:39','2023-05-28 21:30:39'),(4793,1,'en','plugins/marketplace/order','shipping_method_required','Shipping method for \":name\" store order is required.','2023-05-28 21:30:39','2023-05-28 21:30:39'),(4794,1,'en','plugins/marketplace/order','shipping_method_in','Shipping method for \":name\" store order is invalid.','2023-05-28 21:30:39','2023-05-28 21:30:39'),(4795,1,'en','plugins/marketplace/order','shipping_option_required','Shipping option for \":name\" store order is required.','2023-05-28 21:30:39','2023-05-28 21:30:39'),(4796,1,'en','plugins/marketplace/order','refund.insufficient_balance','Balance of vendor is not enough to refund order, balance: :balance','2023-05-28 21:30:39','2023-05-28 21:30:39'),(4797,1,'en','plugins/marketplace/order','refund.description','Refunded from the order #:order','2023-05-28 21:30:39','2023-05-28 21:30:39'),(4798,1,'en','plugins/marketplace/order','products_are_from_different_vendors','Cannot create order! Products are from different vendors.','2023-05-28 21:30:39','2023-05-28 21:30:39'),(4799,1,'en','plugins/marketplace/order','return.description','Returned from the order #:order','2023-05-28 21:30:39','2023-05-28 21:30:39'),(4800,1,'en','plugins/marketplace/revenue','edit','Update wallet balance','2023-05-28 21:30:39','2023-05-28 21:30:39'),(4801,1,'en','plugins/marketplace/revenue','view_store','View store \":store\"','2023-05-28 21:30:39','2023-05-28 21:30:39'),(4802,1,'en','plugins/marketplace/revenue','forms.description_placeholder','Update the exact amount with order #__ORDER_ID__ with reason: __REASON__','2023-05-28 21:30:39','2023-05-28 21:30:39'),(4803,1,'en','plugins/marketplace/revenue','forms.amount','Amount','2023-05-28 21:30:39','2023-05-28 21:30:39'),(4804,1,'en','plugins/marketplace/revenue','forms.amount_placeholder','Enter Amount','2023-05-28 21:30:39','2023-05-28 21:30:39'),(4805,1,'en','plugins/marketplace/revenue','forms.type','Type','2023-05-28 21:30:39','2023-05-28 21:30:39'),(4806,1,'en','plugins/marketplace/revenue','forms.created_by','Created By','2023-05-28 21:30:39','2023-05-28 21:30:39'),(4807,1,'en','plugins/marketplace/revenue','types.add-amount','Add Amount','2023-05-28 21:30:39','2023-05-28 21:30:39'),(4808,1,'en','plugins/marketplace/revenue','types.subtract-amount','Subtract Amount','2023-05-28 21:30:39','2023-05-28 21:30:39'),(4809,1,'en','plugins/marketplace/revenue','types.order-return','Order Return','2023-05-28 21:30:39','2023-05-28 21:30:39'),(4810,1,'en','plugins/marketplace/revenue','store_name','Store Name','2023-05-28 21:30:39','2023-05-28 21:30:39'),(4811,1,'en','plugins/marketplace/revenue','vendor_name','Vendor Name','2023-05-28 21:30:39','2023-05-28 21:30:39'),(4812,1,'en','plugins/marketplace/revenue','balance','Balance','2023-05-28 21:30:39','2023-05-28 21:30:39'),(4813,1,'en','plugins/marketplace/revenue','store_information','Store information','2023-05-28 21:30:39','2023-05-28 21:30:39'),(4814,1,'en','plugins/marketplace/revenue','update_balance','Adjust Balance','2023-05-28 21:30:39','2023-05-28 21:30:39'),(4815,1,'en','plugins/marketplace/revenue','update_balance_title','Add/Subtract amount of vendor','2023-05-28 21:30:39','2023-05-28 21:30:39'),(4816,1,'en','plugins/marketplace/revenue','statements','Statements','2023-05-28 21:30:39','2023-05-28 21:30:39'),(4817,1,'en','plugins/marketplace/revenue','products','Products','2023-05-28 21:30:39','2023-05-28 21:30:39'),(4818,1,'en','plugins/marketplace/store','name','Stores','2023-05-28 21:30:39','2023-05-28 21:30:39'),(4819,1,'en','plugins/marketplace/store','create','New store','2023-05-28 21:30:40','2023-05-28 21:30:40'),(4820,1,'en','plugins/marketplace/store','edit','Edit store','2023-05-28 21:30:40','2023-05-28 21:30:40'),(4821,1,'en','plugins/marketplace/store','view','View','2023-05-28 21:30:40','2023-05-28 21:30:40'),(4822,1,'en','plugins/marketplace/store','forms.logo','Logo','2023-05-28 21:30:40','2023-05-28 21:30:40'),(4823,1,'en','plugins/marketplace/store','forms.email','Email','2023-05-28 21:30:40','2023-05-28 21:30:40'),(4824,1,'en','plugins/marketplace/store','forms.email_placeholder','Ex: name@store.com','2023-05-28 21:30:40','2023-05-28 21:30:40'),(4825,1,'en','plugins/marketplace/store','forms.phone','Phone','2023-05-28 21:30:40','2023-05-28 21:30:40'),(4826,1,'en','plugins/marketplace/store','forms.phone_placeholder','Phone','2023-05-28 21:30:40','2023-05-28 21:30:40'),(4827,1,'en','plugins/marketplace/store','forms.address','Address','2023-05-28 21:30:40','2023-05-28 21:30:40'),(4828,1,'en','plugins/marketplace/store','forms.address_placeholder','Address','2023-05-28 21:30:40','2023-05-28 21:30:40'),(4829,1,'en','plugins/marketplace/store','forms.city','City','2023-05-28 21:30:40','2023-05-28 21:30:40'),(4830,1,'en','plugins/marketplace/store','forms.city_placeholder','City','2023-05-28 21:30:40','2023-05-28 21:30:40'),(4831,1,'en','plugins/marketplace/store','forms.state','State','2023-05-28 21:30:40','2023-05-28 21:30:40'),(4832,1,'en','plugins/marketplace/store','forms.state_placeholder','State','2023-05-28 21:30:40','2023-05-28 21:30:40'),(4833,1,'en','plugins/marketplace/store','forms.country','Country','2023-05-28 21:30:40','2023-05-28 21:30:40'),(4834,1,'en','plugins/marketplace/store','forms.country_placeholder','Country','2023-05-28 21:30:40','2023-05-28 21:30:40'),(4835,1,'en','plugins/marketplace/store','forms.store_owner','Store owner','2023-05-28 21:30:40','2023-05-28 21:30:40'),(4836,1,'en','plugins/marketplace/store','forms.select_store_owner','Select a store owner...','2023-05-28 21:30:40','2023-05-28 21:30:40'),(4837,1,'en','plugins/marketplace/store','forms.store','Store','2023-05-28 21:30:40','2023-05-28 21:30:40'),(4838,1,'en','plugins/marketplace/store','forms.select_store','Select a store...','2023-05-28 21:30:40','2023-05-28 21:30:40'),(4839,1,'en','plugins/marketplace/store','forms.is_vendor','Is vendor?','2023-05-28 21:30:40','2023-05-28 21:30:40'),(4840,1,'en','plugins/marketplace/store','forms.company','Company','2023-05-28 21:30:40','2023-05-28 21:30:40'),(4841,1,'en','plugins/marketplace/store','forms.company_placeholder','Company','2023-05-28 21:30:40','2023-05-28 21:30:40'),(4842,1,'en','plugins/marketplace/store','forms.zip_code','Zip Code','2023-05-28 21:30:40','2023-05-28 21:30:40'),(4843,1,'en','plugins/marketplace/store','forms.zip_code_placeholder','Zip Code','2023-05-28 21:30:40','2023-05-28 21:30:40'),(4844,1,'en','plugins/marketplace/store','store','Store','2023-05-28 21:30:40','2023-05-28 21:30:40'),(4845,1,'en','plugins/marketplace/store','store_name','Store name','2023-05-28 21:30:40','2023-05-28 21:30:40'),(4846,1,'en','plugins/marketplace/store','store_phone','Store phone','2023-05-28 21:30:40','2023-05-28 21:30:40'),(4847,1,'en','plugins/marketplace/store','store_link','Store link','2023-05-28 21:30:40','2023-05-28 21:30:40'),(4848,1,'en','plugins/marketplace/store','product_approval_notification','This product was created by :vendor. It needs to be approved to be shown on your website. :approve_link','2023-05-28 21:30:40','2023-05-28 21:30:40'),(4849,1,'en','plugins/marketplace/store','approve_here','Approve it here.','2023-05-28 21:30:40','2023-05-28 21:30:40'),(4850,1,'en','plugins/marketplace/store','approve_product_confirmation','Approve product confirmation','2023-05-28 21:30:40','2023-05-28 21:30:40'),(4851,1,'en','plugins/marketplace/store','approve_product_confirmation_description','Are you sure you really want to approve this product from :vendor?','2023-05-28 21:30:40','2023-05-28 21:30:40'),(4852,1,'en','plugins/marketplace/store','approve','Approve','2023-05-28 21:30:40','2023-05-28 21:30:40'),(4853,1,'en','plugins/marketplace/store','approve_product_success','Approved product successfully','2023-05-28 21:30:40','2023-05-28 21:30:40'),(4854,1,'en','plugins/marketplace/store','product_approved_notification','This product was created by :vendor. Approved by :user.','2023-05-28 21:30:40','2023-05-28 21:30:40'),(4855,1,'en','plugins/marketplace/store','information','Store information','2023-05-28 21:30:40','2023-05-28 21:30:40'),(4856,1,'en','plugins/marketplace/store','vendor_information','Vendor information','2023-05-28 21:30:40','2023-05-28 21:30:40'),(4857,1,'en','plugins/marketplace/store','vendor_name','Name','2023-05-28 21:30:40','2023-05-28 21:30:40'),(4858,1,'en','plugins/marketplace/store','withdrawal_approval_notification','This withdrawal request has been created by :vendor. Their current balance is :balance.','2023-05-28 21:30:40','2023-05-28 21:30:40'),(4859,1,'en','plugins/marketplace/unverified-vendor','name','Unverified vendors','2023-05-28 21:30:40','2023-05-28 21:30:40'),(4860,1,'en','plugins/marketplace/unverified-vendor','verify','Verify vendor \":name\"','2023-05-28 21:30:40','2023-05-28 21:30:40'),(4861,1,'en','plugins/marketplace/unverified-vendor','forms.email','Email','2023-05-28 21:30:40','2023-05-28 21:30:40'),(4862,1,'en','plugins/marketplace/unverified-vendor','forms.store_name','Store name','2023-05-28 21:30:40','2023-05-28 21:30:40'),(4863,1,'en','plugins/marketplace/unverified-vendor','forms.store_phone','Store phone','2023-05-28 21:30:40','2023-05-28 21:30:40'),(4864,1,'en','plugins/marketplace/unverified-vendor','forms.vendor_phone','Phone','2023-05-28 21:30:40','2023-05-28 21:30:40'),(4865,1,'en','plugins/marketplace/unverified-vendor','forms.verify_vendor','Verify vendor','2023-05-28 21:30:40','2023-05-28 21:30:40'),(4866,1,'en','plugins/marketplace/unverified-vendor','forms.registered_at','Registered At','2023-05-28 21:30:40','2023-05-28 21:30:40'),(4867,1,'en','plugins/marketplace/unverified-vendor','approve','Approve','2023-05-28 21:30:40','2023-05-28 21:30:40'),(4868,1,'en','plugins/marketplace/unverified-vendor','approve_vendor_confirmation','Approve vendor confirmation','2023-05-28 21:30:40','2023-05-28 21:30:40'),(4869,1,'en','plugins/marketplace/unverified-vendor','approve_vendor_confirmation_description','Are you sure you really want to approve :vendor for selling on this site?','2023-05-28 21:30:40','2023-05-28 21:30:40'),(4870,1,'en','plugins/marketplace/unverified-vendor','vendor_approval_notification','Do you want to approve this vendor for selling on this site? :approve_link','2023-05-28 21:30:40','2023-05-28 21:30:40'),(4871,1,'en','plugins/marketplace/unverified-vendor','new_vendor_notifications.new_vendor','New vendor','2023-05-28 21:30:40','2023-05-28 21:30:40'),(4872,1,'en','plugins/marketplace/unverified-vendor','new_vendor_notifications.view','View','2023-05-28 21:30:40','2023-05-28 21:30:40'),(4873,1,'en','plugins/marketplace/unverified-vendor','new_vendor_notifications.description',':customer has registered but not verified.','2023-05-28 21:30:40','2023-05-28 21:30:40'),(4874,1,'en','plugins/marketplace/withdrawal','name','Withdrawals','2023-05-28 21:30:40','2023-05-28 21:30:40'),(4875,1,'en','plugins/marketplace/withdrawal','edit','Edit withdrawal','2023-05-28 21:30:40','2023-05-28 21:30:40'),(4876,1,'en','plugins/marketplace/withdrawal','statuses.pending','Pending','2023-05-28 21:30:40','2023-05-28 21:30:40'),(4877,1,'en','plugins/marketplace/withdrawal','statuses.processing','Processing','2023-05-28 21:30:40','2023-05-28 21:30:40'),(4878,1,'en','plugins/marketplace/withdrawal','statuses.completed','Completed','2023-05-28 21:30:40','2023-05-28 21:30:40'),(4879,1,'en','plugins/marketplace/withdrawal','statuses.canceled','Canceled','2023-05-28 21:30:40','2023-05-28 21:30:40'),(4880,1,'en','plugins/marketplace/withdrawal','statuses.refused','Refused','2023-05-28 21:30:40','2023-05-28 21:30:40'),(4881,1,'en','plugins/marketplace/withdrawal','amount','Amount','2023-05-28 21:30:40','2023-05-28 21:30:40'),(4882,1,'en','plugins/marketplace/withdrawal','customer','Customer','2023-05-28 21:30:40','2023-05-28 21:30:40'),(4883,1,'en','plugins/marketplace/withdrawal','vendor','Vendor','2023-05-28 21:30:40','2023-05-28 21:30:40'),(4884,1,'en','plugins/marketplace/withdrawal','currency','Currency','2023-05-28 21:30:40','2023-05-28 21:30:40'),(4885,1,'en','plugins/marketplace/withdrawal','forms.amount','Amount','2023-05-28 21:30:40','2023-05-28 21:30:40'),(4886,1,'en','plugins/marketplace/withdrawal','forms.amount_placeholder','Amount you want to withdrawal','2023-05-28 21:30:40','2023-05-28 21:30:40'),(4887,1,'en','plugins/marketplace/withdrawal','forms.fee','Fee','2023-05-28 21:30:40','2023-05-28 21:30:40'),(4888,1,'en','plugins/marketplace/withdrawal','forms.fee_helper','You have to pay a fee when withdrawing: :fee','2023-05-28 21:30:40','2023-05-28 21:30:40'),(4889,1,'en','plugins/marketplace/withdrawal','forms.pending_status_helper','To complete withdrawal, please update status as processing then completed','2023-05-28 21:30:40','2023-05-28 21:30:40'),(4890,1,'en','plugins/marketplace/withdrawal','forms.payment_channel','Payment Channel','2023-05-28 21:30:40','2023-05-28 21:30:40'),(4891,1,'en','plugins/marketplace/withdrawal','forms.payment_channel_placeholder','Payment Channel','2023-05-28 21:30:40','2023-05-28 21:30:40'),(4892,1,'en','plugins/marketplace/withdrawal','forms.transaction_id','Transaction ID','2023-05-28 21:30:40','2023-05-28 21:30:40'),(4893,1,'en','plugins/marketplace/withdrawal','forms.transaction_id_placeholder','Transaction ID','2023-05-28 21:30:40','2023-05-28 21:30:40'),(4894,1,'en','plugins/marketplace/withdrawal','forms.amount_with_balance','Amount (balance: :balance)','2023-05-28 21:30:40','2023-05-28 21:30:40'),(4895,1,'en','plugins/marketplace/withdrawal','new_withdrawal_request_notifications.new_withdrawal_request','New withdrawal request','2023-05-28 21:30:40','2023-05-28 21:30:40'),(4896,1,'en','plugins/marketplace/withdrawal','new_withdrawal_request_notifications.view','View','2023-05-28 21:30:40','2023-05-28 21:30:40'),(4897,1,'en','plugins/marketplace/withdrawal','new_withdrawal_request_notifications.description',':customer has requested a withdrawal.','2023-05-28 21:30:40','2023-05-28 21:30:40'),(4898,1,'en','plugins/newsletter/newsletter','name','Newsletters','2023-05-28 21:30:40','2023-05-28 21:30:40'),(4899,1,'en','plugins/newsletter/newsletter','settings.email.templates.title','Newsletter','2023-05-28 21:30:40','2023-05-28 21:30:40'),(4900,1,'en','plugins/newsletter/newsletter','settings.email.templates.description','Config newsletter email templates','2023-05-28 21:30:40','2023-05-28 21:30:40'),(4901,1,'en','plugins/newsletter/newsletter','settings.email.templates.to_admin.title','Email send to admin','2023-05-28 21:30:40','2023-05-28 21:30:40'),(4902,1,'en','plugins/newsletter/newsletter','settings.email.templates.to_admin.description','Template for sending email to admin','2023-05-28 21:30:40','2023-05-28 21:30:40'),(4903,1,'en','plugins/newsletter/newsletter','settings.email.templates.to_user.title','Email send to user','2023-05-28 21:30:40','2023-05-28 21:30:40'),(4904,1,'en','plugins/newsletter/newsletter','settings.email.templates.to_user.description','Template for sending email to subscriber','2023-05-28 21:30:40','2023-05-28 21:30:40'),(4905,1,'en','plugins/newsletter/newsletter','settings.title','Newsletter','2023-05-28 21:30:40','2023-05-28 21:30:40'),(4906,1,'en','plugins/newsletter/newsletter','settings.description','Settings for newsletter (auto send newsletter email to SendGrid, Mailchimp... when someone register newsletter on website).','2023-05-28 21:30:40','2023-05-28 21:30:40'),(4907,1,'en','plugins/newsletter/newsletter','settings.mailchimp_api_key','Mailchimp API Key','2023-05-28 21:30:40','2023-05-28 21:30:40'),(4908,1,'en','plugins/newsletter/newsletter','settings.mailchimp_list_id','Mailchimp List ID','2023-05-28 21:30:40','2023-05-28 21:30:40'),(4909,1,'en','plugins/newsletter/newsletter','settings.mailchimp_list','Mailchimp List','2023-05-28 21:30:40','2023-05-28 21:30:40'),(4910,1,'en','plugins/newsletter/newsletter','settings.sendgrid_api_key','Sendgrid API Key','2023-05-28 21:30:40','2023-05-28 21:30:40'),(4911,1,'en','plugins/newsletter/newsletter','settings.sendgrid_list_id','Sendgrid List ID','2023-05-28 21:30:40','2023-05-28 21:30:40'),(4912,1,'en','plugins/newsletter/newsletter','settings.sendgrid_list','Sendgrid List','2023-05-28 21:30:40','2023-05-28 21:30:40'),(4913,1,'en','plugins/newsletter/newsletter','settings.enable_newsletter_contacts_list_api','Enable newsletter contacts list API?','2023-05-28 21:30:40','2023-05-28 21:30:40'),(4914,1,'en','plugins/newsletter/newsletter','statuses.subscribed','Subscribed','2023-05-28 21:30:40','2023-05-28 21:30:40'),(4915,1,'en','plugins/newsletter/newsletter','statuses.unsubscribed','Unsubscribed','2023-05-28 21:30:40','2023-05-28 21:30:40'),(4916,1,'vi','plugins/newsletter/newsletter','name','Đăng ký nhận bản tin','2023-05-28 21:30:40','2023-05-28 21:30:40'),(4917,1,'vi','plugins/newsletter/newsletter','settings.email.templates.title','Đăng ký nhận bản tin','2023-05-28 21:30:40','2023-05-28 21:30:40'),(4918,1,'vi','plugins/newsletter/newsletter','settings.email.templates.description','Cấu hình email xác nhận đăng ký nhận bản tin','2023-05-28 21:30:40','2023-05-28 21:30:40'),(4919,1,'vi','plugins/newsletter/newsletter','settings.email.templates.to_admin.title','Email gửi tới cho quản trị viên','2023-05-28 21:30:40','2023-05-28 21:30:40'),(4920,1,'vi','plugins/newsletter/newsletter','settings.email.templates.to_admin.description','Mẫu email gửi tới cho quản trị viên','2023-05-28 21:30:40','2023-05-28 21:30:40'),(4921,1,'vi','plugins/newsletter/newsletter','settings.email.templates.to_user.title','Email gửi tới cho người đăng ký','2023-05-28 21:30:40','2023-05-28 21:30:40'),(4922,1,'vi','plugins/newsletter/newsletter','settings.email.templates.to_user.description','Mẫu email gửi tới cho người đăng ký','2023-05-28 21:30:40','2023-05-28 21:30:40'),(4923,1,'vi','plugins/newsletter/newsletter','statuses.subscribed','Theo dõi','2023-05-28 21:30:40','2023-05-28 21:30:40'),(4924,1,'vi','plugins/newsletter/newsletter','statuses.unsubscribed','Hủy theo dõi','2023-05-28 21:30:40','2023-05-28 21:30:40'),(4925,1,'en','plugins/payment/payment','payments','Payments','2023-05-28 21:30:40','2023-05-28 21:30:40'),(4926,1,'en','plugins/payment/payment','checkout_success','Checkout successfully!','2023-05-28 21:30:40','2023-05-28 21:30:40'),(4927,1,'en','plugins/payment/payment','view_payment','View payment #','2023-05-28 21:30:40','2023-05-28 21:30:40'),(4928,1,'en','plugins/payment/payment','charge_id','Charge ID','2023-05-28 21:30:40','2023-05-28 21:30:40'),(4929,1,'en','plugins/payment/payment','amount','Amount','2023-05-28 21:30:40','2023-05-28 21:30:40'),(4930,1,'en','plugins/payment/payment','currency','Currency','2023-05-28 21:30:40','2023-05-28 21:30:40'),(4931,1,'en','plugins/payment/payment','user','User','2023-05-28 21:30:40','2023-05-28 21:30:40'),(4932,1,'en','plugins/payment/payment','stripe','Stripe','2023-05-28 21:30:40','2023-05-28 21:30:40'),(4933,1,'en','plugins/payment/payment','paypal','PayPal','2023-05-28 21:30:40','2023-05-28 21:30:40'),(4934,1,'en','plugins/payment/payment','action','Action','2023-05-28 21:30:40','2023-05-28 21:30:40'),(4935,1,'en','plugins/payment/payment','payment_via_card','Payment via card','2023-05-28 21:30:40','2023-05-28 21:30:40'),(4936,1,'en','plugins/payment/payment','card_number','Card number','2023-05-28 21:30:40','2023-05-28 21:30:40'),(4937,1,'en','plugins/payment/payment','full_name','Full name','2023-05-28 21:30:40','2023-05-28 21:30:40'),(4938,1,'en','plugins/payment/payment','payment_via_paypal','Fast and safe online payment via PayPal.','2023-05-28 21:30:40','2023-05-28 21:30:40'),(4939,1,'en','plugins/payment/payment','mm_yy','MM/YY','2023-05-28 21:30:40','2023-05-28 21:30:40'),(4940,1,'en','plugins/payment/payment','cvc','CVC','2023-05-28 21:30:40','2023-05-28 21:30:40'),(4941,1,'en','plugins/payment/payment','details','Details','2023-05-28 21:30:40','2023-05-28 21:30:40'),(4942,1,'en','plugins/payment/payment','payer_name','Payer Name','2023-05-28 21:30:40','2023-05-28 21:30:40'),(4943,1,'en','plugins/payment/payment','email','Email','2023-05-28 21:30:40','2023-05-28 21:30:40'),(4944,1,'en','plugins/payment/payment','phone','Phone','2023-05-28 21:30:40','2023-05-28 21:30:40'),(4945,1,'en','plugins/payment/payment','country','Country','2023-05-28 21:30:40','2023-05-28 21:30:40'),(4946,1,'en','plugins/payment/payment','shipping_address','Shipping Address','2023-05-28 21:30:40','2023-05-28 21:30:40'),(4947,1,'en','plugins/payment/payment','payment_details','Payment Details','2023-05-28 21:30:40','2023-05-28 21:30:40'),(4948,1,'en','plugins/payment/payment','card','Card','2023-05-28 21:30:40','2023-05-28 21:30:40'),(4949,1,'en','plugins/payment/payment','address','Address','2023-05-28 21:30:40','2023-05-28 21:30:40'),(4950,1,'en','plugins/payment/payment','could_not_get_stripe_token','Could not get Stripe token to make a charge.','2023-05-28 21:30:40','2023-05-28 21:30:40'),(4951,1,'en','plugins/payment/payment','payment_id','Payment ID','2023-05-28 21:30:40','2023-05-28 21:30:40'),(4952,1,'en','plugins/payment/payment','payment_methods','Payment methods','2023-05-28 21:30:40','2023-05-28 21:30:40'),(4953,1,'en','plugins/payment/payment','transactions','Transactions','2023-05-28 21:30:40','2023-05-28 21:30:40'),(4954,1,'en','plugins/payment/payment','payment_methods_description','Setup payment methods for website','2023-05-28 21:30:41','2023-05-28 21:30:41'),(4955,1,'en','plugins/payment/payment','paypal_description','Customer can buy product and pay directly via PayPal','2023-05-28 21:30:41','2023-05-28 21:30:41'),(4956,1,'en','plugins/payment/payment','use','Use','2023-05-28 21:30:41','2023-05-28 21:30:41'),(4957,1,'en','plugins/payment/payment','stripe_description','Customer can buy product and pay directly using Visa, Credit card via Stripe','2023-05-28 21:30:41','2023-05-28 21:30:41'),(4958,1,'en','plugins/payment/payment','edit','Edit','2023-05-28 21:30:41','2023-05-28 21:30:41'),(4959,1,'en','plugins/payment/payment','settings','Settings','2023-05-28 21:30:41','2023-05-28 21:30:41'),(4960,1,'en','plugins/payment/payment','activate','Activate','2023-05-28 21:30:41','2023-05-28 21:30:41'),(4961,1,'en','plugins/payment/payment','deactivate','Deactivate','2023-05-28 21:30:41','2023-05-28 21:30:41'),(4962,1,'en','plugins/payment/payment','update','Update','2023-05-28 21:30:41','2023-05-28 21:30:41'),(4963,1,'en','plugins/payment/payment','configuration_instruction','Configuration instruction for :name','2023-05-28 21:30:41','2023-05-28 21:30:41'),(4964,1,'en','plugins/payment/payment','configuration_requirement','To use :name, you need','2023-05-28 21:30:41','2023-05-28 21:30:41'),(4965,1,'en','plugins/payment/payment','service_registration','Register with :name','2023-05-28 21:30:41','2023-05-28 21:30:41'),(4966,1,'en','plugins/payment/payment','after_service_registration_msg','After registration at :name, you will have Client ID, Client Secret','2023-05-28 21:30:41','2023-05-28 21:30:41'),(4967,1,'en','plugins/payment/payment','enter_client_id_and_secret','Enter Client ID, Secret into the box in right hand','2023-05-28 21:30:41','2023-05-28 21:30:41'),(4968,1,'en','plugins/payment/payment','method_name','Method name','2023-05-28 21:30:41','2023-05-28 21:30:41'),(4969,1,'en','plugins/payment/payment','please_provide_information','Please provide information','2023-05-28 21:30:41','2023-05-28 21:30:41'),(4970,1,'en','plugins/payment/payment','client_id','Client ID','2023-05-28 21:30:41','2023-05-28 21:30:41'),(4971,1,'en','plugins/payment/payment','client_secret','Client Secret','2023-05-28 21:30:41','2023-05-28 21:30:41'),(4972,1,'en','plugins/payment/payment','secret','Secret','2023-05-28 21:30:41','2023-05-28 21:30:41'),(4973,1,'en','plugins/payment/payment','stripe_key','Stripe Public Key','2023-05-28 21:30:41','2023-05-28 21:30:41'),(4974,1,'en','plugins/payment/payment','stripe_secret','Stripe Private Key','2023-05-28 21:30:41','2023-05-28 21:30:41'),(4975,1,'en','plugins/payment/payment','stripe_after_service_registration_msg','After registration at :name, you will have Public, Secret keys','2023-05-28 21:30:41','2023-05-28 21:30:41'),(4976,1,'en','plugins/payment/payment','stripe_enter_client_id_and_secret','Enter Public, Secret keys into the box in right hand','2023-05-28 21:30:41','2023-05-28 21:30:41'),(4977,1,'en','plugins/payment/payment','pay_online_via','Pay online via :name','2023-05-28 21:30:41','2023-05-28 21:30:41'),(4978,1,'en','plugins/payment/payment','sandbox_mode','Sandbox mode','2023-05-28 21:30:41','2023-05-28 21:30:41'),(4979,1,'en','plugins/payment/payment','deactivate_payment_method','Deactivate payment method','2023-05-28 21:30:41','2023-05-28 21:30:41'),(4980,1,'en','plugins/payment/payment','deactivate_payment_method_description','Do you really want to deactivate this payment method?','2023-05-28 21:30:41','2023-05-28 21:30:41'),(4981,1,'en','plugins/payment/payment','agree','Agree','2023-05-28 21:30:41','2023-05-28 21:30:41'),(4982,1,'en','plugins/payment/payment','name','Payments','2023-05-28 21:30:41','2023-05-28 21:30:41'),(4983,1,'en','plugins/payment/payment','create','New payment','2023-05-28 21:30:41','2023-05-28 21:30:41'),(4984,1,'en','plugins/payment/payment','go_back','Go back','2023-05-28 21:30:41','2023-05-28 21:30:41'),(4985,1,'en','plugins/payment/payment','information','Information','2023-05-28 21:30:41','2023-05-28 21:30:41'),(4986,1,'en','plugins/payment/payment','methods.paypal','PayPal','2023-05-28 21:30:41','2023-05-28 21:30:41'),(4987,1,'en','plugins/payment/payment','methods.cod','Cash on delivery (COD)','2023-05-28 21:30:41','2023-05-28 21:30:41'),(4988,1,'en','plugins/payment/payment','methods.bank_transfer','Bank transfer','2023-05-28 21:30:41','2023-05-28 21:30:41'),(4989,1,'en','plugins/payment/payment','statuses.pending','Pending','2023-05-28 21:30:41','2023-05-28 21:30:41'),(4990,1,'en','plugins/payment/payment','statuses.completed','Completed','2023-05-28 21:30:41','2023-05-28 21:30:41'),(4991,1,'en','plugins/payment/payment','statuses.refunding','Refunding','2023-05-28 21:30:41','2023-05-28 21:30:41'),(4992,1,'en','plugins/payment/payment','statuses.refunded','Refunded','2023-05-28 21:30:41','2023-05-28 21:30:41'),(4993,1,'en','plugins/payment/payment','statuses.fraud','Fraud','2023-05-28 21:30:41','2023-05-28 21:30:41'),(4994,1,'en','plugins/payment/payment','statuses.failed','Failed','2023-05-28 21:30:41','2023-05-28 21:30:41'),(4995,1,'en','plugins/payment/payment','payment_methods_instruction','Guide customers to pay directly. You can choose to pay by delivery or bank transfer','2023-05-28 21:30:41','2023-05-28 21:30:41'),(4996,1,'en','plugins/payment/payment','payment_method_description','Payment guide - (Displayed on the notice of successful purchase and payment page)','2023-05-28 21:30:41','2023-05-28 21:30:41'),(4997,1,'en','plugins/payment/payment','payment_via_cod','Cash on delivery (COD)','2023-05-28 21:30:41','2023-05-28 21:30:41'),(4998,1,'en','plugins/payment/payment','payment_via_bank_transfer','Bank transfer','2023-05-28 21:30:41','2023-05-28 21:30:41'),(4999,1,'en','plugins/payment/payment','payment_pending','Checkout successfully. Your payment is pending and will be checked by our staff.','2023-05-28 21:30:41','2023-05-28 21:30:41'),(5000,1,'en','plugins/payment/payment','created_at','Created At','2023-05-28 21:30:41','2023-05-28 21:30:41'),(5001,1,'en','plugins/payment/payment','payment_channel','Payment Channel','2023-05-28 21:30:41','2023-05-28 21:30:41'),(5002,1,'en','plugins/payment/payment','total','Total','2023-05-28 21:30:41','2023-05-28 21:30:41'),(5003,1,'en','plugins/payment/payment','status','Status','2023-05-28 21:30:41','2023-05-28 21:30:41'),(5004,1,'en','plugins/payment/payment','default_payment_method','Default payment method','2023-05-28 21:30:41','2023-05-28 21:30:41'),(5005,1,'en','plugins/payment/payment','turn_off_success','Turn off payment method successfully!','2023-05-28 21:30:41','2023-05-28 21:30:41'),(5006,1,'en','plugins/payment/payment','saved_payment_method_success','Saved payment method successfully!','2023-05-28 21:30:41','2023-05-28 21:30:41'),(5007,1,'en','plugins/payment/payment','saved_payment_settings_success','Saved payment settings successfully!','2023-05-28 21:30:41','2023-05-28 21:30:41'),(5008,1,'en','plugins/payment/payment','payment_name','Name','2023-05-28 21:30:41','2023-05-28 21:30:41'),(5009,1,'en','plugins/payment/payment','payment_not_found','Payment not found!','2023-05-28 21:30:41','2023-05-28 21:30:41'),(5010,1,'en','plugins/payment/payment','refunds.title','Refunds','2023-05-28 21:30:41','2023-05-28 21:30:41'),(5011,1,'en','plugins/payment/payment','refunds.id','ID','2023-05-28 21:30:41','2023-05-28 21:30:41'),(5012,1,'en','plugins/payment/payment','refunds.breakdowns','Breakdowns','2023-05-28 21:30:41','2023-05-28 21:30:41'),(5013,1,'en','plugins/payment/payment','refunds.gross_amount','Gross amount','2023-05-28 21:30:41','2023-05-28 21:30:41'),(5014,1,'en','plugins/payment/payment','refunds.paypal_fee','PayPal fee','2023-05-28 21:30:41','2023-05-28 21:30:41'),(5015,1,'en','plugins/payment/payment','refunds.net_amount','Net amount','2023-05-28 21:30:41','2023-05-28 21:30:41'),(5016,1,'en','plugins/payment/payment','refunds.total_refunded_amount','Total refunded amount','2023-05-28 21:30:41','2023-05-28 21:30:41'),(5017,1,'en','plugins/payment/payment','refunds.create_time','Create time','2023-05-28 21:30:41','2023-05-28 21:30:41'),(5018,1,'en','plugins/payment/payment','refunds.update_time','Update time','2023-05-28 21:30:41','2023-05-28 21:30:41'),(5019,1,'en','plugins/payment/payment','refunds.status','Status','2023-05-28 21:30:41','2023-05-28 21:30:41'),(5020,1,'en','plugins/payment/payment','refunds.description','Description','2023-05-28 21:30:41','2023-05-28 21:30:41'),(5021,1,'en','plugins/payment/payment','refunds.refunded_at','Refunded at','2023-05-28 21:30:41','2023-05-28 21:30:41'),(5022,1,'en','plugins/payment/payment','refunds.error_message','Error message','2023-05-28 21:30:41','2023-05-28 21:30:41'),(5023,1,'en','plugins/payment/payment','view_response_source','View response source','2023-05-28 21:30:41','2023-05-28 21:30:41'),(5024,1,'en','plugins/payment/payment','status_is_not_completed','Status is not COMPLETED','2023-05-28 21:30:41','2023-05-28 21:30:41'),(5025,1,'en','plugins/payment/payment','cannot_found_capture_id','Can not found capture id with payment detail','2023-05-28 21:30:41','2023-05-28 21:30:41'),(5026,1,'en','plugins/payment/payment','amount_refunded','Amount refunded','2023-05-28 21:30:41','2023-05-28 21:30:41'),(5027,1,'en','plugins/payment/payment','amount_remaining','Amount remaining','2023-05-28 21:30:41','2023-05-28 21:30:41'),(5028,1,'en','plugins/payment/payment','paid_at','Paid At','2023-05-28 21:30:41','2023-05-28 21:30:41'),(5029,1,'en','plugins/payment/payment','invalid_settings','Settings for :name are invalid!','2023-05-28 21:30:41','2023-05-28 21:30:41'),(5030,1,'en','plugins/payment/payment','view_transaction','Transaction \":charge_id\"','2023-05-28 21:30:41','2023-05-28 21:30:41'),(5031,1,'en','plugins/payment/payment','payment_description','Pay for your order #:order_id at :site_url','2023-05-28 21:30:41','2023-05-28 21:30:41'),(5032,1,'vi','plugins/payment/payment','payments','Thanh toán','2023-05-28 21:30:41','2023-05-28 21:30:41'),(5033,1,'vi','plugins/payment/payment','checkout_success','Thanh toán thành công!','2023-05-28 21:30:41','2023-05-28 21:30:41'),(5034,1,'vi','plugins/payment/payment','view_payment','Xem thanh toán #','2023-05-28 21:30:41','2023-05-28 21:30:41'),(5035,1,'vi','plugins/payment/payment','charge_id','Mã thanh toán','2023-05-28 21:30:41','2023-05-28 21:30:41'),(5036,1,'vi','plugins/payment/payment','amount','Số tiền','2023-05-28 21:30:41','2023-05-28 21:30:41'),(5037,1,'vi','plugins/payment/payment','currency','Loại tiền tệ','2023-05-28 21:30:41','2023-05-28 21:30:41'),(5038,1,'vi','plugins/payment/payment','user','Người dùng','2023-05-28 21:30:41','2023-05-28 21:30:41'),(5039,1,'vi','plugins/payment/payment','stripe','Stripe','2023-05-28 21:30:41','2023-05-28 21:30:41'),(5040,1,'vi','plugins/payment/payment','paypal','PayPal','2023-05-28 21:30:41','2023-05-28 21:30:41'),(5041,1,'vi','plugins/payment/payment','action','Hành động','2023-05-28 21:30:41','2023-05-28 21:30:41'),(5042,1,'vi','plugins/payment/payment','payment_via_card','Thanh toán qua thẻ','2023-05-28 21:30:41','2023-05-28 21:30:41'),(5043,1,'vi','plugins/payment/payment','card_number','Số thẻ','2023-05-28 21:30:41','2023-05-28 21:30:41'),(5044,1,'vi','plugins/payment/payment','full_name','Họ tên','2023-05-28 21:30:41','2023-05-28 21:30:41'),(5045,1,'vi','plugins/payment/payment','payment_via_paypal','Thanh toán qua PayPal','2023-05-28 21:30:41','2023-05-28 21:30:41'),(5046,1,'vi','plugins/payment/payment','mm_yy','MM/YY','2023-05-28 21:30:41','2023-05-28 21:30:41'),(5047,1,'vi','plugins/payment/payment','cvc','CVC','2023-05-28 21:30:41','2023-05-28 21:30:41'),(5048,1,'vi','plugins/payment/payment','details','Chi tiết','2023-05-28 21:30:41','2023-05-28 21:30:41'),(5049,1,'vi','plugins/payment/payment','payer_name','Tên người mua','2023-05-28 21:30:41','2023-05-28 21:30:41'),(5050,1,'vi','plugins/payment/payment','email','Email','2023-05-28 21:30:41','2023-05-28 21:30:41'),(5051,1,'vi','plugins/payment/payment','phone','Điện thoại','2023-05-28 21:30:41','2023-05-28 21:30:41'),(5052,1,'vi','plugins/payment/payment','country','Quốc gia','2023-05-28 21:30:41','2023-05-28 21:30:41'),(5053,1,'vi','plugins/payment/payment','shipping_address','Địa chỉ giao hàng','2023-05-28 21:30:41','2023-05-28 21:30:41'),(5054,1,'vi','plugins/payment/payment','payment_details','Chi tiết thanh toán','2023-05-28 21:30:41','2023-05-28 21:30:41'),(5055,1,'vi','plugins/payment/payment','card','Thẻ','2023-05-28 21:30:41','2023-05-28 21:30:41'),(5056,1,'vi','plugins/payment/payment','address','Địa chỉ','2023-05-28 21:30:41','2023-05-28 21:30:41'),(5057,1,'vi','plugins/payment/payment','could_not_get_stripe_token','Không thể lấy mã Stripe để thanh toán.','2023-05-28 21:30:41','2023-05-28 21:30:41'),(5058,1,'vi','plugins/payment/payment','payment_id','Mã thanh toán','2023-05-28 21:30:41','2023-05-28 21:30:41'),(5059,1,'vi','plugins/payment/payment','payment_methods','Phương thức thanh toán','2023-05-28 21:30:41','2023-05-28 21:30:41'),(5060,1,'vi','plugins/payment/payment','transactions','Lịch sử giao dịch','2023-05-28 21:30:41','2023-05-28 21:30:41'),(5061,1,'vi','plugins/payment/payment','payment_methods_description','Cài đặt các phương thức thanh toán cho website','2023-05-28 21:30:41','2023-05-28 21:30:41'),(5062,1,'vi','plugins/payment/payment','paypal_description','Khách hàng có thể mua hàng và thanh toán trực tiếp thông qua cổng thanh toán PayPal','2023-05-28 21:30:41','2023-05-28 21:30:41'),(5063,1,'vi','plugins/payment/payment','use','Dùng','2023-05-28 21:30:41','2023-05-28 21:30:41'),(5064,1,'vi','plugins/payment/payment','stripe_description','Khách hàng có thể mua hàng và thanh toán bằng Visa, Credit card thông qua cổng thanh toán Stripe','2023-05-28 21:30:41','2023-05-28 21:30:41'),(5065,1,'vi','plugins/payment/payment','edit','Chỉnh sửa','2023-05-28 21:30:41','2023-05-28 21:30:41'),(5066,1,'vi','plugins/payment/payment','settings','Cài đặt','2023-05-28 21:30:41','2023-05-28 21:30:41'),(5067,1,'vi','plugins/payment/payment','activate','Kích hoạt','2023-05-28 21:30:41','2023-05-28 21:30:41'),(5068,1,'vi','plugins/payment/payment','deactivate','Huỷ kích hoạt','2023-05-28 21:30:41','2023-05-28 21:30:41'),(5069,1,'vi','plugins/payment/payment','update','Cập nhật','2023-05-28 21:30:41','2023-05-28 21:30:41'),(5070,1,'vi','plugins/payment/payment','configuration_instruction','Hướng dẫn cấu hình :name','2023-05-28 21:30:41','2023-05-28 21:30:41'),(5071,1,'vi','plugins/payment/payment','configuration_requirement','Để sử dụng :name bạn cần','2023-05-28 21:30:41','2023-05-28 21:30:41'),(5072,1,'vi','plugins/payment/payment','service_registration','Đăng ký dịch vụ với :name','2023-05-28 21:30:41','2023-05-28 21:30:41'),(5073,1,'vi','plugins/payment/payment','after_service_registration_msg','Sau khi hoàn tất các bước đăng ký tại :name, bạn sẽ có các thông số Client ID, Client Secret','2023-05-28 21:30:41','2023-05-28 21:30:41'),(5074,1,'vi','plugins/payment/payment','enter_client_id_and_secret','Nhập các thông số Client ID, Secret vào ô bên phải','2023-05-28 21:30:41','2023-05-28 21:30:41'),(5075,1,'vi','plugins/payment/payment','method_name','Tên phương thức','2023-05-28 21:30:41','2023-05-28 21:30:41'),(5076,1,'vi','plugins/payment/payment','please_provide_information','Xin vui lòng cung cấp thông tin','2023-05-28 21:30:41','2023-05-28 21:30:41'),(5077,1,'vi','plugins/payment/payment','client_id','Client ID','2023-05-28 21:30:41','2023-05-28 21:30:41'),(5078,1,'vi','plugins/payment/payment','client_secret','Client Secret','2023-05-28 21:30:41','2023-05-28 21:30:41'),(5079,1,'vi','plugins/payment/payment','stripe_key','Stripe Key','2023-05-28 21:30:41','2023-05-28 21:30:41'),(5080,1,'vi','plugins/payment/payment','stripe_secret','Stripe Secret','2023-05-28 21:30:41','2023-05-28 21:30:41'),(5081,1,'vi','plugins/payment/payment','stripe_after_service_registration_msg','After registration at :name, you will have Public, Secret keys','2023-05-28 21:30:41','2023-05-28 21:30:41'),(5082,1,'vi','plugins/payment/payment','stripe_enter_client_id_and_secret','Enter Public, Secret keys into the box in right hand','2023-05-28 21:30:41','2023-05-28 21:30:41'),(5083,1,'vi','plugins/payment/payment','secret','Secret','2023-05-28 21:30:41','2023-05-28 21:30:41'),(5084,1,'vi','plugins/payment/payment','pay_online_via','Thanh toán online qua :name','2023-05-28 21:30:41','2023-05-28 21:30:41'),(5085,1,'vi','plugins/payment/payment','sandbox_mode','Chế độ thử nghiệm','2023-05-28 21:30:41','2023-05-28 21:30:41'),(5086,1,'vi','plugins/payment/payment','deactivate_payment_method','Huỷ kích hoạt phương thức','2023-05-28 21:30:41','2023-05-28 21:30:41'),(5087,1,'vi','plugins/payment/payment','deactivate_payment_method_description','Bạn có chắc chắn muốn huỷ phương thức thành toán này?','2023-05-28 21:30:41','2023-05-28 21:30:41'),(5088,1,'vi','plugins/payment/payment','agree','Đồng ý','2023-05-28 21:30:41','2023-05-28 21:30:41'),(5089,1,'vi','plugins/payment/payment','name','Thanh toán','2023-05-28 21:30:42','2023-05-28 21:30:42'),(5090,1,'vi','plugins/payment/payment','create','Thêm thanh toán mới','2023-05-28 21:30:42','2023-05-28 21:30:42'),(5091,1,'vi','plugins/payment/payment','go_back','Trở lại','2023-05-28 21:30:42','2023-05-28 21:30:42'),(5092,1,'vi','plugins/payment/payment','information','Thông tin','2023-05-28 21:30:42','2023-05-28 21:30:42'),(5093,1,'vi','plugins/payment/payment','methods.paypal','PayPal','2023-05-28 21:30:42','2023-05-28 21:30:42'),(5094,1,'vi','plugins/payment/payment','methods.cod','Thanh toán khi giao hàng (COD)','2023-05-28 21:30:42','2023-05-28 21:30:42'),(5095,1,'vi','plugins/payment/payment','methods.bank_transfer','Chuyển khoản qua ngân hàng','2023-05-28 21:30:42','2023-05-28 21:30:42'),(5096,1,'vi','plugins/payment/payment','statuses.pending','Chưa hoàn tất','2023-05-28 21:30:42','2023-05-28 21:30:42'),(5097,1,'vi','plugins/payment/payment','statuses.completed','Đã hoàn thành','2023-05-28 21:30:42','2023-05-28 21:30:42'),(5098,1,'vi','plugins/payment/payment','statuses.refunding','Đang hoàn tiền','2023-05-28 21:30:42','2023-05-28 21:30:42'),(5099,1,'vi','plugins/payment/payment','statuses.refunded','Đã hoàn tiền','2023-05-28 21:30:42','2023-05-28 21:30:42'),(5100,1,'vi','plugins/payment/payment','statuses.fraud','Gian lận','2023-05-28 21:30:42','2023-05-28 21:30:42'),(5101,1,'vi','plugins/payment/payment','statuses.failed','Thất bại','2023-05-28 21:30:42','2023-05-28 21:30:42'),(5102,1,'vi','plugins/payment/payment','payment_methods_instruction','Hướng dẫn khách hàng thanh toán trực tiếp. Có thể chọn thanh toán khi giao hàng hoặc chuyển khoản','2023-05-28 21:30:42','2023-05-28 21:30:42'),(5103,1,'vi','plugins/payment/payment','payment_method_description','Hướng dẫn thanh toán – (Hiển thị ở trang thông báo mua hàng thành công và trang thanh toán)','2023-05-28 21:30:42','2023-05-28 21:30:42'),(5104,1,'vi','plugins/payment/payment','payment_via_cod','Thanh toán khi nhận hàng (COD)','2023-05-28 21:30:42','2023-05-28 21:30:42'),(5105,1,'vi','plugins/payment/payment','payment_via_bank_transfer','Chuyển khoản qua ngân hàng','2023-05-28 21:30:42','2023-05-28 21:30:42'),(5106,1,'vi','plugins/payment/payment','payment_pending','Thực hiện thành công. Thanh toán của bạn đang được xử lý và sẽ được xác nhận bởi nhân viên.','2023-05-28 21:30:42','2023-05-28 21:30:42'),(5107,1,'vi','plugins/payment/payment','created_at','Ngày tạo','2023-05-28 21:30:42','2023-05-28 21:30:42'),(5108,1,'vi','plugins/payment/payment','payment_channel','Phương thức thanh toán','2023-05-28 21:30:42','2023-05-28 21:30:42'),(5109,1,'vi','plugins/payment/payment','total','Tổng cộng','2023-05-28 21:30:42','2023-05-28 21:30:42'),(5110,1,'vi','plugins/payment/payment','status','Trạng thái','2023-05-28 21:30:42','2023-05-28 21:30:42'),(5111,1,'vi','plugins/payment/payment','default_payment_method','Phương thức thanh toán mặc định','2023-05-28 21:30:42','2023-05-28 21:30:42'),(5112,1,'en','plugins/shippo/shippo','name','Shippo','2023-05-28 21:30:42','2023-05-28 21:30:42'),(5113,1,'en','plugins/shippo/shippo','description','All of the Carriers and Stores You Need','2023-05-28 21:30:42','2023-05-28 21:30:42'),(5114,1,'en','plugins/shippo/shippo','note_0','Before activating, please read the instructions below','2023-05-28 21:30:42','2023-05-28 21:30:42'),(5115,1,'en','plugins/shippo/shippo','note_1','Need to use cities, states, countries from Admin -> Locations, <a href=\":link\" target=\"_blank\" rel=\"noopener noreferrer\">:link</a>','2023-05-28 21:30:42','2023-05-28 21:30:42'),(5116,1,'en','plugins/shippo/shippo','note_2','Enabled \"Load countries, states, cities from plugin location?\" and \"Enable Zip Code?\" for Shippo to work correctly','2023-05-28 21:30:42','2023-05-28 21:30:42'),(5117,1,'en','plugins/shippo/shippo','note_3','Update city, state, country with location plugin data, enter and check the address and zip code in \"<a href=\":link\" target=\"_blank\">Basic information</a>\"','2023-05-28 21:30:42','2023-05-28 21:30:42'),(5118,1,'en','plugins/shippo/shippo','note_4','Vendor needs to update Company & Zip Code. Update city, state, country with location plugin data','2023-05-28 21:30:42','2023-05-28 21:30:42'),(5119,1,'en','plugins/shippo/shippo','note_5','Shippo only allows to create transactions with shipment/rate within 24 hours, if more than 24 hours, please update the rate again','2023-05-28 21:30:42','2023-05-28 21:30:42'),(5120,1,'en','plugins/shippo/shippo','note_6','COD payment method refer <a href=\":link\" target=\"_blank\" rel=\"noopener noreferrer\">here</a>','2023-05-28 21:30:42','2023-05-28 21:30:42'),(5121,1,'en','plugins/shippo/shippo','configuration_instruction','Configuration instruction for :name','2023-05-28 21:30:42','2023-05-28 21:30:42'),(5122,1,'en','plugins/shippo/shippo','configuration_requirement','To use :name, you need','2023-05-28 21:30:42','2023-05-28 21:30:42'),(5123,1,'en','plugins/shippo/shippo','service_registration','Register with :name','2023-05-28 21:30:42','2023-05-28 21:30:42'),(5124,1,'en','plugins/shippo/shippo','after_service_registration_msg','After registration at :name, you will have API Key','2023-05-28 21:30:42','2023-05-28 21:30:42'),(5125,1,'en','plugins/shippo/shippo','enter_api_key','Enter API Key into the box in right hand','2023-05-28 21:30:42','2023-05-28 21:30:42'),(5126,1,'en','plugins/shippo/shippo','please_provide_information','Please provide information','2023-05-28 21:30:42','2023-05-28 21:30:42'),(5127,1,'en','plugins/shippo/shippo','sandbox_mode','Test mode','2023-05-28 21:30:42','2023-05-28 21:30:42'),(5128,1,'en','plugins/shippo/shippo','activate','Activate','2023-05-28 21:30:42','2023-05-28 21:30:42'),(5129,1,'en','plugins/shippo/shippo','disabled_in_demo_mode','You cannot update Shippo settings in demo mode!','2023-05-28 21:30:42','2023-05-28 21:30:42'),(5130,1,'en','plugins/shippo/shippo','parcel','Parcel','2023-05-28 21:30:42','2023-05-28 21:30:42'),(5131,1,'en','plugins/shippo/shippo','estimated_days','Estimated delivery in :day day(s)','2023-05-28 21:30:42','2023-05-28 21:30:42'),(5132,1,'en','plugins/shippo/shippo','from_address','From address','2023-05-28 21:30:42','2023-05-28 21:30:42'),(5133,1,'en','plugins/shippo/shippo','to_address','To address','2023-05-28 21:30:42','2023-05-28 21:30:42'),(5134,1,'en','plugins/shippo/shippo','check_validate_token','Check validate token?','2023-05-28 21:30:42','2023-05-28 21:30:42'),(5135,1,'en','plugins/shippo/shippo','saved_shipping_settings_success','Saved settings successfully!','2023-05-28 21:30:42','2023-05-28 21:30:42'),(5136,1,'en','plugins/shippo/shippo','token_name_is_required',':name is required for the integration to work','2023-05-28 21:30:42','2023-05-28 21:30:42'),(5137,1,'en','plugins/shippo/shippo','token_name_is_invalid',':name is invalid','2023-05-28 21:30:42','2023-05-28 21:30:42'),(5138,1,'en','plugins/shippo/shippo','live_api_token','Live API Token','2023-05-28 21:30:42','2023-05-28 21:30:42'),(5139,1,'en','plugins/shippo/shippo','test_api_token','Test API Token','2023-05-28 21:30:42','2023-05-28 21:30:42'),(5140,1,'en','plugins/shippo/shippo','print_label','Print label','2023-05-28 21:30:42','2023-05-28 21:30:42'),(5141,1,'en','plugins/shippo/shippo','transaction.created','Created transaction #:tracking','2023-05-28 21:30:42','2023-05-28 21:30:42'),(5142,1,'en','plugins/shippo/shippo','transaction.view_and_create','View and Create transaction','2023-05-28 21:30:42','2023-05-28 21:30:42'),(5143,1,'en','plugins/shippo/shippo','transaction.create','Create transaction','2023-05-28 21:30:42','2023-05-28 21:30:42'),(5144,1,'en','plugins/shippo/shippo','transaction.created_success','Created transaction successfully!','2023-05-28 21:30:42','2023-05-28 21:30:42'),(5145,1,'en','plugins/shippo/shippo','transaction.updated','Updated transaction #:tracking','2023-05-28 21:30:42','2023-05-28 21:30:42'),(5146,1,'en','plugins/shippo/shippo','tracking.updated','Updated tracking #:tracking','2023-05-28 21:30:42','2023-05-28 21:30:42'),(5147,1,'en','plugins/shippo/shippo','tracking.statuses.pre_transit','The label is created but before the package is dropped off or picked up by the carrier.','2023-05-28 21:30:42','2023-05-28 21:30:42'),(5148,1,'en','plugins/shippo/shippo','tracking.statuses.transit','The package has been scanned by the carrier and is in transit.','2023-05-28 21:30:42','2023-05-28 21:30:42'),(5149,1,'en','plugins/shippo/shippo','tracking.statuses.delivered','The package has been successfully delivered.','2023-05-28 21:30:42','2023-05-28 21:30:42'),(5150,1,'en','plugins/shippo/shippo','tracking.statuses.returned','The package is en route to be returned to the sender, or has been returned successfully.','2023-05-28 21:30:42','2023-05-28 21:30:42'),(5151,1,'en','plugins/shippo/shippo','tracking.statuses.failure','The carrier indicated that there has been an issue with the delivery. This can happen for various reasons and depends on the carrier. This status does not indicate a technical, but a delivery issue.','2023-05-28 21:30:42','2023-05-28 21:30:42'),(5152,1,'en','plugins/shippo/shippo','tracking.statuses.unknown','The package has not been found via the carrier’s tracking system.','2023-05-28 21:30:42','2023-05-28 21:30:42'),(5153,1,'en','plugins/shippo/shippo','view_other_exchange_rates','View :count other exchange rates','2023-05-28 21:30:42','2023-05-28 21:30:42'),(5154,1,'en','plugins/shippo/shippo','carrier_could_not_be_found','The carrier for which the order was selected could not be found','2023-05-28 21:30:42','2023-05-28 21:30:42'),(5155,1,'en','plugins/shippo/shippo','update_rate','Update rate','2023-05-28 21:30:42','2023-05-28 21:30:42'),(5156,1,'en','plugins/shippo/shippo','updated_rate_success','Created rate successfully!','2023-05-28 21:30:42','2023-05-28 21:30:42'),(5157,1,'en','plugins/shippo/shippo','recheck_rate','Recheck rate','2023-05-28 21:30:42','2023-05-28 21:30:42'),(5158,1,'en','plugins/shippo/shippo','shipment_object_id_not_found','No matching shipping #:id information found','2023-05-28 21:30:42','2023-05-28 21:30:42'),(5159,1,'en','plugins/shippo/shippo','order_amount','Order amount','2023-05-28 21:30:42','2023-05-28 21:30:42'),(5160,1,'en','plugins/shippo/shippo','logging','Logging?','2023-05-28 21:30:42','2023-05-28 21:30:42'),(5161,1,'en','plugins/shippo/shippo','webhooks','Webhooks?','2023-05-28 21:30:42','2023-05-28 21:30:42'),(5162,1,'en','plugins/shippo/shippo','cache_response','Cache response?','2023-05-28 21:30:42','2023-05-28 21:30:42'),(5163,1,'en','plugins/shippo/shippo','not_available_in_cod_payment_method','Shippo options won\'t be shown if the selected payment method is COD!','2023-05-28 21:30:42','2023-05-28 21:30:42'),(5164,1,'en','plugins/simple-slider/simple-slider','create','New slider','2023-05-28 21:30:42','2023-05-28 21:30:42'),(5165,1,'en','plugins/simple-slider/simple-slider','menu','Simple sliders','2023-05-28 21:30:42','2023-05-28 21:30:42'),(5166,1,'en','plugins/simple-slider/simple-slider','settings.title','Simple sliders','2023-05-28 21:30:42','2023-05-28 21:30:42'),(5167,1,'en','plugins/simple-slider/simple-slider','settings.description','Settings for Simple sliders','2023-05-28 21:30:42','2023-05-28 21:30:42'),(5168,1,'en','plugins/simple-slider/simple-slider','settings.using_assets','Using default assets?','2023-05-28 21:30:42','2023-05-28 21:30:42'),(5169,1,'en','plugins/simple-slider/simple-slider','settings.using_assets_description','If using assets option is enabled then below scripts will be auto added to front site.','2023-05-28 21:30:42','2023-05-28 21:30:42'),(5170,1,'en','plugins/simple-slider/simple-slider','add_new','Add new','2023-05-28 21:30:42','2023-05-28 21:30:42'),(5171,1,'en','plugins/simple-slider/simple-slider','save_sorting','Save sorting','2023-05-28 21:30:42','2023-05-28 21:30:42'),(5172,1,'en','plugins/simple-slider/simple-slider','key','Key','2023-05-28 21:30:42','2023-05-28 21:30:42'),(5173,1,'en','plugins/simple-slider/simple-slider','slide_items','Slide Items','2023-05-28 21:30:42','2023-05-28 21:30:42'),(5174,1,'en','plugins/simple-slider/simple-slider','update_slide_position_success','Updated slide position successfully!','2023-05-28 21:30:42','2023-05-28 21:30:42'),(5175,1,'en','plugins/simple-slider/simple-slider','create_new_slide','Create a new slide','2023-05-28 21:30:42','2023-05-28 21:30:42'),(5176,1,'en','plugins/simple-slider/simple-slider','edit_slide','Edit slide #:id','2023-05-28 21:30:42','2023-05-28 21:30:42'),(5177,1,'en','plugins/simple-slider/simple-slider','simple_slider_shortcode_name','Simple Slider','2023-05-28 21:30:42','2023-05-28 21:30:42'),(5178,1,'en','plugins/simple-slider/simple-slider','simple_slider_shortcode_description','Add a simple slider','2023-05-28 21:30:42','2023-05-28 21:30:42'),(5179,1,'en','plugins/simple-slider/simple-slider','select_slider','Select a slider','2023-05-28 21:30:42','2023-05-28 21:30:42'),(5180,1,'vi','plugins/simple-slider/simple-slider','create','Thêm mới slider','2023-05-28 21:30:42','2023-05-28 21:30:42'),(5181,1,'vi','plugins/simple-slider/simple-slider','edit','Sửa slider','2023-05-28 21:30:42','2023-05-28 21:30:42'),(5182,1,'vi','plugins/simple-slider/simple-slider','menu','Sliders','2023-05-28 21:30:42','2023-05-28 21:30:42'),(5183,1,'vi','plugins/simple-slider/simple-slider','settings.description','Cài đặt cho Simple Sliders','2023-05-28 21:30:42','2023-05-28 21:30:42'),(5184,1,'vi','plugins/simple-slider/simple-slider','settings.title','Simple sliders','2023-05-28 21:30:42','2023-05-28 21:30:42'),(5185,1,'vi','plugins/simple-slider/simple-slider','settings.using_assets','Sử dụng assets mặc định?','2023-05-28 21:30:42','2023-05-28 21:30:42'),(5186,1,'vi','plugins/simple-slider/simple-slider','settings.using_assets_description','Nếu tùy chọn này được bật, những scripts bên dưới sẽ được thêm vào website của bạn.','2023-05-28 21:30:42','2023-05-28 21:30:42'),(5187,1,'en','plugins/social-login/social-login','settings.title','Social Login settings','2023-05-28 21:30:42','2023-05-28 21:30:42'),(5188,1,'en','plugins/social-login/social-login','settings.description','Configure social login options','2023-05-28 21:30:42','2023-05-28 21:30:42'),(5189,1,'en','plugins/social-login/social-login','settings.facebook.title','Facebook login settings','2023-05-28 21:30:42','2023-05-28 21:30:42'),(5190,1,'en','plugins/social-login/social-login','settings.facebook.description','Enable/disable & configure app credentials for Facebook login','2023-05-28 21:30:42','2023-05-28 21:30:42'),(5191,1,'en','plugins/social-login/social-login','settings.facebook.app_id','App ID','2023-05-28 21:30:42','2023-05-28 21:30:42'),(5192,1,'en','plugins/social-login/social-login','settings.facebook.app_secret','App Secret','2023-05-28 21:30:42','2023-05-28 21:30:42'),(5193,1,'en','plugins/social-login/social-login','settings.facebook.helper','Please go to https://developers.facebook.com to create new app update App ID, App Secret. Callback URL is :callback','2023-05-28 21:30:42','2023-05-28 21:30:42'),(5194,1,'en','plugins/social-login/social-login','settings.google.title','Google login settings','2023-05-28 21:30:42','2023-05-28 21:30:42'),(5195,1,'en','plugins/social-login/social-login','settings.google.description','Enable/disable & configure app credentials for Google login','2023-05-28 21:30:42','2023-05-28 21:30:42'),(5196,1,'en','plugins/social-login/social-login','settings.google.app_id','App ID','2023-05-28 21:30:42','2023-05-28 21:30:42'),(5197,1,'en','plugins/social-login/social-login','settings.google.app_secret','App Secret','2023-05-28 21:30:42','2023-05-28 21:30:42'),(5198,1,'en','plugins/social-login/social-login','settings.google.helper','Please go to https://console.developers.google.com/apis/dashboard to create new app update App ID, App Secret. Callback URL is :callback','2023-05-28 21:30:42','2023-05-28 21:30:42'),(5199,1,'en','plugins/social-login/social-login','settings.github.title','Github login settings','2023-05-28 21:30:42','2023-05-28 21:30:42'),(5200,1,'en','plugins/social-login/social-login','settings.github.description','Enable/disable & configure app credentials for Github login','2023-05-28 21:30:42','2023-05-28 21:30:42'),(5201,1,'en','plugins/social-login/social-login','settings.github.app_id','App ID','2023-05-28 21:30:42','2023-05-28 21:30:42'),(5202,1,'en','plugins/social-login/social-login','settings.github.app_secret','App Secret','2023-05-28 21:30:42','2023-05-28 21:30:42'),(5203,1,'en','plugins/social-login/social-login','settings.github.helper','Please go to https://github.com/settings/developers to create new app update App ID, App Secret. Callback URL is :callback','2023-05-28 21:30:42','2023-05-28 21:30:42'),(5204,1,'en','plugins/social-login/social-login','settings.linkedin.title','Linkedin login settings','2023-05-28 21:30:42','2023-05-28 21:30:42'),(5205,1,'en','plugins/social-login/social-login','settings.linkedin.description','Enable/disable & configure app credentials for Linkedin login','2023-05-28 21:30:42','2023-05-28 21:30:42'),(5206,1,'en','plugins/social-login/social-login','settings.linkedin.app_id','App ID','2023-05-28 21:30:42','2023-05-28 21:30:42'),(5207,1,'en','plugins/social-login/social-login','settings.linkedin.app_secret','App Secret','2023-05-28 21:30:42','2023-05-28 21:30:42'),(5208,1,'en','plugins/social-login/social-login','settings.linkedin.helper','Please go to https://www.linkedin.com/developers/apps/new to create new app update App ID, App Secret. Callback URL is :callback','2023-05-28 21:30:42','2023-05-28 21:30:42'),(5209,1,'en','plugins/social-login/social-login','settings.enable','Enable?','2023-05-28 21:30:42','2023-05-28 21:30:42'),(5210,1,'en','plugins/social-login/social-login','menu','Social Login','2023-05-28 21:30:42','2023-05-28 21:30:42'),(5211,1,'vi','plugins/social-login/social-login','settings.title','Social Login settings','2023-05-28 21:30:42','2023-05-28 21:30:42'),(5212,1,'vi','plugins/social-login/social-login','settings.description','Cấu hình tùy chọn đăng nhập thông qua mạng xã hội','2023-05-28 21:30:42','2023-05-28 21:30:42'),(5213,1,'vi','plugins/social-login/social-login','settings.facebook.title','Facebook login settings','2023-05-28 21:30:42','2023-05-28 21:30:42'),(5214,1,'vi','plugins/social-login/social-login','settings.facebook.description','Enable/disable & configure app credentials for Facebook login','2023-05-28 21:30:42','2023-05-28 21:30:42'),(5215,1,'vi','plugins/social-login/social-login','settings.facebook.app_id','App ID','2023-05-28 21:30:42','2023-05-28 21:30:42'),(5216,1,'vi','plugins/social-login/social-login','settings.facebook.app_secret','App Secret','2023-05-28 21:30:42','2023-05-28 21:30:42'),(5217,1,'vi','plugins/social-login/social-login','settings.facebook.helper','Please go to https://developers.facebook.com to create new app update App ID, App Secret. Callback URL is :callback','2023-05-28 21:30:42','2023-05-28 21:30:42'),(5218,1,'vi','plugins/social-login/social-login','settings.google.title','Google login settings','2023-05-28 21:30:42','2023-05-28 21:30:42'),(5219,1,'vi','plugins/social-login/social-login','settings.google.description','Enable/disable & configure app credentials for Google login','2023-05-28 21:30:42','2023-05-28 21:30:42'),(5220,1,'vi','plugins/social-login/social-login','settings.google.app_id','App ID','2023-05-28 21:30:42','2023-05-28 21:30:42'),(5221,1,'vi','plugins/social-login/social-login','settings.google.app_secret','App Secret','2023-05-28 21:30:42','2023-05-28 21:30:42'),(5222,1,'vi','plugins/social-login/social-login','settings.google.helper','Please go to https://console.developers.google.com/apis/dashboard to create new app update App ID, App Secret. Callback URL is :callback','2023-05-28 21:30:42','2023-05-28 21:30:42'),(5223,1,'vi','plugins/social-login/social-login','settings.github.title','Github login settings','2023-05-28 21:30:43','2023-05-28 21:30:43'),(5224,1,'vi','plugins/social-login/social-login','settings.github.description','Enable/disable & configure app credentials for Github login','2023-05-28 21:30:43','2023-05-28 21:30:43'),(5225,1,'vi','plugins/social-login/social-login','settings.github.app_id','App ID','2023-05-28 21:30:43','2023-05-28 21:30:43'),(5226,1,'vi','plugins/social-login/social-login','settings.github.app_secret','App Secret','2023-05-28 21:30:43','2023-05-28 21:30:43'),(5227,1,'vi','plugins/social-login/social-login','settings.github.helper','Please go to https://github.com/settings/developers to create new app update App ID, App Secret. Callback URL is :callback','2023-05-28 21:30:43','2023-05-28 21:30:43'),(5228,1,'vi','plugins/social-login/social-login','settings.linkedin.title','Linkedin login settings','2023-05-28 21:30:43','2023-05-28 21:30:43'),(5229,1,'vi','plugins/social-login/social-login','settings.linkedin.description','Enable/disable & configure app credentials for Linkedin login','2023-05-28 21:30:43','2023-05-28 21:30:43'),(5230,1,'vi','plugins/social-login/social-login','settings.linkedin.app_id','App ID','2023-05-28 21:30:43','2023-05-28 21:30:43'),(5231,1,'vi','plugins/social-login/social-login','settings.linkedin.app_secret','App Secret','2023-05-28 21:30:43','2023-05-28 21:30:43'),(5232,1,'vi','plugins/social-login/social-login','settings.linkedin.helper','Please go to https://www.linkedin.com/developers/apps/new to create new app update App ID, App Secret. Callback URL is :callback','2023-05-28 21:30:43','2023-05-28 21:30:43'),(5233,1,'vi','plugins/social-login/social-login','settings.enable','Bật?','2023-05-28 21:30:43','2023-05-28 21:30:43'),(5234,1,'vi','plugins/social-login/social-login','menu','Đăng nhập mạng xã hội','2023-05-28 21:30:43','2023-05-28 21:30:43'),(5235,1,'en','plugins/translation/translation','translations','Translations','2023-05-28 21:30:43','2023-05-28 21:30:43'),(5236,1,'en','plugins/translation/translation','translations_description','Translate all words in system.','2023-05-28 21:30:43','2023-05-28 21:30:43'),(5237,1,'en','plugins/translation/translation','export_warning','Warning, translations are not visible until they are exported back to lang folder. Please use \"Publish translations\" button to apply changes.','2023-05-28 21:30:43','2023-05-28 21:30:43'),(5238,1,'en','plugins/translation/translation','import_done','Done importing, processed :counter items! Reload this page to refresh the groups!','2023-05-28 21:30:43','2023-05-28 21:30:43'),(5239,1,'en','plugins/translation/translation','translation_manager','Translations Manager','2023-05-28 21:30:43','2023-05-28 21:30:43'),(5240,1,'en','plugins/translation/translation','done_publishing','Done publishing the translations for group','2023-05-28 21:30:43','2023-05-28 21:30:43'),(5241,1,'en','plugins/translation/translation','append_translation','Append new translations','2023-05-28 21:30:43','2023-05-28 21:30:43'),(5242,1,'en','plugins/translation/translation','replace_translation','Replace existing translations','2023-05-28 21:30:43','2023-05-28 21:30:43'),(5243,1,'en','plugins/translation/translation','import_group','Import group','2023-05-28 21:30:43','2023-05-28 21:30:43'),(5244,1,'en','plugins/translation/translation','confirm_publish_group','Are you sure you want to publish the translations group \":group\"? This will overwrite existing language files.','2023-05-28 21:30:43','2023-05-28 21:30:43'),(5245,1,'en','plugins/translation/translation','publish_translations','Publish translations','2023-05-28 21:30:43','2023-05-28 21:30:43'),(5246,1,'en','plugins/translation/translation','back','Back','2023-05-28 21:30:43','2023-05-28 21:30:43'),(5247,1,'en','plugins/translation/translation','edit_title','Enter translation','2023-05-28 21:30:43','2023-05-28 21:30:43'),(5248,1,'en','plugins/translation/translation','choose_group_msg','Choose a group to display the group translations. If no groups are visible, make sure you have imported the translations.','2023-05-28 21:30:43','2023-05-28 21:30:43'),(5249,1,'en','plugins/translation/translation','choose_a_group','Choose a group','2023-05-28 21:30:43','2023-05-28 21:30:43'),(5250,1,'en','plugins/translation/translation','locales','Locales','2023-05-28 21:30:43','2023-05-28 21:30:43'),(5251,1,'en','plugins/translation/translation','theme-translations','Theme translations','2023-05-28 21:30:43','2023-05-28 21:30:43'),(5252,1,'en','plugins/translation/translation','admin-translations','Other translations','2023-05-28 21:30:43','2023-05-28 21:30:43'),(5253,1,'en','plugins/translation/translation','translate_from','Translate from','2023-05-28 21:30:43','2023-05-28 21:30:43'),(5254,1,'en','plugins/translation/translation','to','to','2023-05-28 21:30:43','2023-05-28 21:30:43'),(5255,1,'en','plugins/translation/translation','no_other_languages','No other language to translate!','2023-05-28 21:30:43','2023-05-28 21:30:43'),(5256,1,'en','plugins/translation/translation','edit','Edit','2023-05-28 21:30:43','2023-05-28 21:30:43'),(5257,1,'en','plugins/translation/translation','locale','Locale','2023-05-28 21:30:43','2023-05-28 21:30:43'),(5258,1,'en','plugins/translation/translation','locale_placeholder','Ex: en','2023-05-28 21:30:43','2023-05-28 21:30:43'),(5259,1,'en','plugins/translation/translation','name','Name','2023-05-28 21:30:43','2023-05-28 21:30:43'),(5260,1,'en','plugins/translation/translation','default_locale','Default locale?','2023-05-28 21:30:43','2023-05-28 21:30:43'),(5261,1,'en','plugins/translation/translation','actions','Actions','2023-05-28 21:30:43','2023-05-28 21:30:43'),(5262,1,'en','plugins/translation/translation','choose_language','Choose language','2023-05-28 21:30:43','2023-05-28 21:30:43'),(5263,1,'en','plugins/translation/translation','add_new_language','Add new language','2023-05-28 21:30:43','2023-05-28 21:30:43'),(5264,1,'en','plugins/translation/translation','select_language','Select language','2023-05-28 21:30:43','2023-05-28 21:30:43'),(5265,1,'en','plugins/translation/translation','flag','Flag','2023-05-28 21:30:43','2023-05-28 21:30:43'),(5266,1,'en','plugins/translation/translation','folder_is_not_writeable','Cannot write files! Folder :lang_path is not writable. Please chmod to make it writable!','2023-05-28 21:30:43','2023-05-28 21:30:43'),(5267,1,'en','plugins/translation/translation','delete','Delete','2023-05-28 21:30:43','2023-05-28 21:30:43'),(5268,1,'en','plugins/translation/translation','confirm_delete_message','Do you really want to delete this locale? It will delete all files/folders for this local in :lang_path!','2023-05-28 21:30:43','2023-05-28 21:30:43'),(5269,1,'en','plugins/translation/translation','download','Download','2023-05-28 21:30:43','2023-05-28 21:30:43'),(5270,1,'en','plugins/translation/translation','select_locale','Select locale','2023-05-28 21:30:43','2023-05-28 21:30:43'),(5271,1,'en','plugins/translation/translation','theme_translations_instruction','Click on text to translate. Do NOT translate variables, Eg. :username, :query, :link...','2023-05-28 21:30:43','2023-05-28 21:30:43'),(5272,1,'en','plugins/translation/translation','import_available_locale','Or import available locale from our GitHub repository','2023-05-28 21:30:43','2023-05-28 21:30:43'),(5273,1,'en','plugins/translation/translation','add_new_locale','Add new locale','2023-05-28 21:30:43','2023-05-28 21:30:43'),(5274,1,'en','plugins/translation/translation','download_locale','Download locale','2023-05-28 21:30:43','2023-05-28 21:30:43'),(5275,1,'en','plugins/translation/translation','import_available_locale_confirmation','Download locale from GitHub','2023-05-28 21:30:43','2023-05-28 21:30:43'),(5276,1,'en','plugins/translation/translation','import_available_locale_confirmation_content','Are you sure you want to download this locale? It will be downloaded into :lang_path, you can delete it later if you want.','2023-05-28 21:30:43','2023-05-28 21:30:43'),(5277,1,'en','plugins/translation/translation','is_default','Is default?','2023-05-28 21:30:43','2023-05-28 21:30:43'),(5278,1,'vi','plugins/translation/translation','append_translation','Tiếp nối bản dịch','2023-05-28 21:30:43','2023-05-28 21:30:43'),(5279,1,'vi','plugins/translation/translation','back','Quay lại','2023-05-28 21:30:43','2023-05-28 21:30:43'),(5280,1,'vi','plugins/translation/translation','choose_a_group','Chọn một nhóm','2023-05-28 21:30:43','2023-05-28 21:30:43'),(5281,1,'vi','plugins/translation/translation','choose_group_msg','Chọn một nhóm để hiển thị nhóm dịch thuật. Nếu nhóm không có sẵn, hãy chắc chắn là bạn đã chạy migrations và nhập dữ liệu dịch thuật.','2023-05-28 21:30:43','2023-05-28 21:30:43'),(5282,1,'vi','plugins/translation/translation','confirm_publish_group','Bạn có chắc muốn xuất bản nhóm \":group\"? Điều này sẽ ghi đè tập tin ngôn ngữ hiện tại.','2023-05-28 21:30:43','2023-05-28 21:30:43'),(5283,1,'vi','plugins/translation/translation','done_publishing','Xuất bản nhóm dịch thuật thành công','2023-05-28 21:30:43','2023-05-28 21:30:43'),(5284,1,'vi','plugins/translation/translation','edit_title','Nhập nội dung dịch','2023-05-28 21:30:43','2023-05-28 21:30:43'),(5285,1,'vi','plugins/translation/translation','export_warning','Cảnh báo, bản dịch sẽ không có sẵn cho đến khi chúng được xuất bản lại vào thư mục :lang_path, sử dụng lệnh \'php artisan cms:translations:export\' hoặc sử dụng nút xuất bản','2023-05-28 21:30:43','2023-05-28 21:30:43'),(5286,1,'vi','plugins/translation/translation','import_done','Nhập hoàn thành, đã xử lý :counter bản ghi!  ','2023-05-28 21:30:43','2023-05-28 21:30:43'),(5287,1,'vi','plugins/translation/translation','import_group','Nhập nhóm','2023-05-28 21:30:43','2023-05-28 21:30:43'),(5288,1,'vi','plugins/translation/translation','publish_translations','Xuất bản dịch thuật','2023-05-28 21:30:43','2023-05-28 21:30:43'),(5289,1,'vi','plugins/translation/translation','replace_translation','Thay thế bản dịch hiện tại','2023-05-28 21:30:43','2023-05-28 21:30:43'),(5290,1,'vi','plugins/translation/translation','translation_manager','Quản lý dịch thuật','2023-05-28 21:30:43','2023-05-28 21:30:43'),(5291,1,'vi','plugins/translation/translation','translations','Dịch thuật','2023-05-28 21:30:43','2023-05-28 21:30:43'),(5292,1,'vi','plugins/translation/translation','translations_description','Dịch tất cả các từ trong hệ thống','2023-05-28 21:30:43','2023-05-28 21:30:43'),(5293,1,'vi','plugins/translation/translation','actions','Hành động','2023-05-28 21:30:43','2023-05-28 21:30:43'),(5294,1,'vi','plugins/translation/translation','add_new_language','Thêm ngôn ngữ mới','2023-05-28 21:30:43','2023-05-28 21:30:43'),(5295,1,'vi','plugins/translation/translation','admin-translations','Dịch các mục khác','2023-05-28 21:30:43','2023-05-28 21:30:43'),(5296,1,'vi','plugins/translation/translation','choose_language','Chọn ngôn ngữ','2023-05-28 21:30:43','2023-05-28 21:30:43'),(5297,1,'vi','plugins/translation/translation','default_locale','Ngôn ngữ mặc định','2023-05-28 21:30:43','2023-05-28 21:30:43'),(5298,1,'vi','plugins/translation/translation','delete','Xóa','2023-05-28 21:30:43','2023-05-28 21:30:43'),(5299,1,'vi','plugins/translation/translation','edit','Sửa','2023-05-28 21:30:43','2023-05-28 21:30:43'),(5300,1,'vi','plugins/translation/translation','flag','Cờ','2023-05-28 21:30:43','2023-05-28 21:30:43'),(5301,1,'vi','plugins/translation/translation','locale','Ngôn ngữ','2023-05-28 21:30:43','2023-05-28 21:30:43'),(5302,1,'vi','plugins/translation/translation','locales','Ngôn ngữ','2023-05-28 21:30:43','2023-05-28 21:30:43'),(5303,1,'vi','plugins/translation/translation','name','Tên','2023-05-28 21:30:43','2023-05-28 21:30:43'),(5304,1,'vi','plugins/translation/translation','no_other_languages','Không còn ngôn ngữ nào khác để dịch!','2023-05-28 21:30:43','2023-05-28 21:30:43'),(5305,1,'vi','plugins/translation/translation','select_language','Lựa chọn ngôn ngữ','2023-05-28 21:30:43','2023-05-28 21:30:43'),(5306,1,'vi','plugins/translation/translation','theme-translations','Dịch giao diện','2023-05-28 21:30:43','2023-05-28 21:30:43'),(5307,1,'vi','plugins/translation/translation','to','sang','2023-05-28 21:30:43','2023-05-28 21:30:43'),(5308,1,'vi','plugins/translation/translation','translate_from','Dịch từ','2023-05-28 21:30:43','2023-05-28 21:30:43'),(5309,1,'vi','auth','failed','Thông tin tài khoản không tìm thấy trong hệ thống.','2023-05-28 21:30:43','2023-05-28 21:30:43'),(5310,1,'vi','auth','password','Mật khẩu không đúng.','2023-05-28 21:30:43','2023-05-28 21:30:43'),(5311,1,'vi','auth','throttle','Vượt quá số lần đăng nhập cho phép. Vui lòng thử lại sau :seconds giây.','2023-05-28 21:30:43','2023-05-28 21:30:43'),(5312,1,'vi','pagination','next','Trang trước &raquo;','2023-05-28 21:30:43','2023-05-28 21:30:43'),(5313,1,'vi','pagination','previous','&laquo; Trang sau','2023-05-28 21:30:43','2023-05-28 21:30:43'),(5314,1,'vi','passwords','reset','Mật khẩu mới đã được cập nhật!','2023-05-28 21:30:43','2023-05-28 21:30:43'),(5315,1,'vi','passwords','sent','Hướng dẫn cấp lại mật khẩu đã được gửi!','2023-05-28 21:30:43','2023-05-28 21:30:43'),(5316,1,'vi','passwords','throttled','Vui lòng đợi trước khi thử lại.','2023-05-28 21:30:43','2023-05-28 21:30:43'),(5317,1,'vi','passwords','token','Mã khôi phục mật khẩu không hợp lệ.','2023-05-28 21:30:43','2023-05-28 21:30:43'),(5318,1,'vi','passwords','user','Không tìm thấy người dùng với địa chỉ email này.','2023-05-28 21:30:43','2023-05-28 21:30:43'),(5319,1,'vi','validation','accepted','Trường :attribute phải được chấp nhận.','2023-05-28 21:30:43','2023-05-28 21:30:43'),(5320,1,'vi','validation','accepted_if','Trường :attribute phải được chấp nhận khi :other là :value.','2023-05-28 21:30:43','2023-05-28 21:30:43'),(5321,1,'vi','validation','active_url','Trường :attribute không phải là một URL hợp lệ.','2023-05-28 21:30:43','2023-05-28 21:30:43'),(5322,1,'vi','validation','after','Trường :attribute phải là một ngày sau ngày :date.','2023-05-28 21:30:43','2023-05-28 21:30:43'),(5323,1,'vi','validation','after_or_equal','Trường :attribute phải là thời gian bắt đầu sau hoặc đúng bằng :date.','2023-05-28 21:30:43','2023-05-28 21:30:43'),(5324,1,'vi','validation','alpha','Trường :attribute chỉ có thể chứa các chữ cái.','2023-05-28 21:30:43','2023-05-28 21:30:43'),(5325,1,'vi','validation','alpha_dash','Trường :attribute chỉ có thể chứa chữ cái, số và dấu gạch ngang.','2023-05-28 21:30:43','2023-05-28 21:30:43'),(5326,1,'vi','validation','alpha_num','Trường :attribute chỉ có thể chứa chữ cái và số.','2023-05-28 21:30:43','2023-05-28 21:30:43'),(5327,1,'vi','validation','array','Trường :attribute phải là dạng mảng.','2023-05-28 21:30:43','2023-05-28 21:30:43'),(5328,1,'vi','validation','before','Trường :attribute phải là một ngày trước ngày :date.','2023-05-28 21:30:43','2023-05-28 21:30:43'),(5329,1,'vi','validation','before_or_equal','Trường :attribute phải là thời gian bắt đầu trước hoặc đúng bằng :date.','2023-05-28 21:30:43','2023-05-28 21:30:43'),(5330,1,'vi','validation','between.array','Trường :attribute phải có từ :min - :max phần tử.','2023-05-28 21:30:43','2023-05-28 21:30:43'),(5331,1,'vi','validation','between.file','Dung lượng tập tin trong trường :attribute phải từ :min - :max kB.','2023-05-28 21:30:43','2023-05-28 21:30:43'),(5332,1,'vi','validation','between.numeric','Trường :attribute phải nằm trong khoảng :min - :max.','2023-05-28 21:30:43','2023-05-28 21:30:43'),(5333,1,'vi','validation','between.string','Trường :attribute phải từ :min - :max kí tự.','2023-05-28 21:30:43','2023-05-28 21:30:43'),(5334,1,'vi','validation','boolean','Trường :attribute phải là true hoặc false.','2023-05-28 21:30:43','2023-05-28 21:30:43'),(5335,1,'vi','validation','confirmed','Giá trị xác nhận trong trường :attribute không khớp.','2023-05-28 21:30:43','2023-05-28 21:30:43'),(5336,1,'vi','validation','current_password','Mật khẩu không đúng.','2023-05-28 21:30:43','2023-05-28 21:30:43'),(5337,1,'vi','validation','date','Trường :attribute không phải là định dạng của ngày-tháng.','2023-05-28 21:30:43','2023-05-28 21:30:43'),(5338,1,'vi','validation','date_equals','Trường :attribute phải là một ngày bằng với :date.','2023-05-28 21:30:43','2023-05-28 21:30:43'),(5339,1,'vi','validation','date_format','Trường :attribute không giống với định dạng :format.','2023-05-28 21:30:43','2023-05-28 21:30:43'),(5340,1,'vi','validation','declined','Trường :attribute phải bị từ chối.','2023-05-28 21:30:43','2023-05-28 21:30:43'),(5341,1,'vi','validation','declined_if','Trường :attribute phải bị từ chối khi :other là :value.','2023-05-28 21:30:43','2023-05-28 21:30:43'),(5342,1,'vi','validation','different','Trường :attribute và :other phải khác nhau.','2023-05-28 21:30:43','2023-05-28 21:30:43'),(5343,1,'vi','validation','digits','Độ dài của trường :attribute phải gồm :digits chữ số.','2023-05-28 21:30:43','2023-05-28 21:30:43'),(5344,1,'vi','validation','digits_between','Độ dài của trường :attribute phải nằm trong khoảng :min and :max chữ số.','2023-05-28 21:30:43','2023-05-28 21:30:43'),(5345,1,'vi','validation','dimensions','Trường :attribute có kích thước không hợp lệ.','2023-05-28 21:30:43','2023-05-28 21:30:43'),(5346,1,'vi','validation','distinct','Trường :attribute có giá trị trùng lặp.','2023-05-28 21:30:43','2023-05-28 21:30:43'),(5347,1,'vi','validation','email','Trường :attribute phải là một địa chỉ email hợp lệ.','2023-05-28 21:30:43','2023-05-28 21:30:43'),(5348,1,'vi','validation','ends_with','Trường :attribute phải kết thúc bằng một trong những giá trị sau: :values','2023-05-28 21:30:43','2023-05-28 21:30:43'),(5349,1,'vi','validation','enum','Giá trị đã chọn trong trường :attribute không hợp lệ.','2023-05-28 21:30:43','2023-05-28 21:30:43'),(5350,1,'vi','validation','exists','Giá trị đã chọn trong trường :attribute không hợp lệ.','2023-05-28 21:30:43','2023-05-28 21:30:43'),(5351,1,'vi','validation','file','Trường :attribute phải là một tệp tin.','2023-05-28 21:30:43','2023-05-28 21:30:43'),(5352,1,'vi','validation','filled','Trường :attribute không được bỏ trống.','2023-05-28 21:30:43','2023-05-28 21:30:43'),(5353,1,'vi','validation','gt.array','Mảng :attribute phải có nhiều hơn :value phần tử.','2023-05-28 21:30:43','2023-05-28 21:30:43'),(5354,1,'vi','validation','gt.file','Dung lượng trường :attribute phải lớn hơn :value kilobytes.','2023-05-28 21:30:43','2023-05-28 21:30:43'),(5355,1,'vi','validation','gt.numeric','Giá trị trường :attribute phải lớn hơn :value.','2023-05-28 21:30:44','2023-05-28 21:30:44'),(5356,1,'vi','validation','gt.string','Độ dài trường :attribute phải nhiều hơn :value kí tự.','2023-05-28 21:30:44','2023-05-28 21:30:44'),(5357,1,'vi','validation','gte.array','Mảng :attribute phải có ít nhất :value phần tử.','2023-05-28 21:30:44','2023-05-28 21:30:44'),(5358,1,'vi','validation','gte.file','Dung lượng trường :attribute phải lớn hơn hoặc bằng :value kilobytes.','2023-05-28 21:30:44','2023-05-28 21:30:44'),(5359,1,'vi','validation','gte.numeric','Giá trị trường :attribute phải lớn hơn hoặc bằng :value.','2023-05-28 21:30:44','2023-05-28 21:30:44'),(5360,1,'vi','validation','gte.string','Độ dài trường :attribute phải lớn hơn hoặc bằng :value kí tự.','2023-05-28 21:30:44','2023-05-28 21:30:44'),(5361,1,'vi','validation','image','Trường :attribute phải là định dạng hình ảnh.','2023-05-28 21:30:44','2023-05-28 21:30:44'),(5362,1,'vi','validation','in','Giá trị đã chọn trong trường :attribute không hợp lệ.','2023-05-28 21:30:44','2023-05-28 21:30:44'),(5363,1,'vi','validation','in_array','Trường :attribute phải thuộc tập cho phép: :other.','2023-05-28 21:30:44','2023-05-28 21:30:44'),(5364,1,'vi','validation','integer','Trường :attribute phải là một số nguyên.','2023-05-28 21:30:44','2023-05-28 21:30:44'),(5365,1,'vi','validation','ip','Trường :attribute phải là một địa chỉ IP.','2023-05-28 21:30:44','2023-05-28 21:30:44'),(5366,1,'vi','validation','ipv4','Trường :attribute phải là một địa chỉ IPv4.','2023-05-28 21:30:44','2023-05-28 21:30:44'),(5367,1,'vi','validation','ipv6','Trường :attribute phải là một địa chỉ IPv6.','2023-05-28 21:30:44','2023-05-28 21:30:44'),(5368,1,'vi','validation','json','Trường :attribute phải là một chuỗi JSON.','2023-05-28 21:30:44','2023-05-28 21:30:44'),(5369,1,'vi','validation','lt.array','Mảng :attribute phải có ít hơn :value phần tử.','2023-05-28 21:30:44','2023-05-28 21:30:44'),(5370,1,'vi','validation','lt.file','Dung lượng trường :attribute phải nhỏ hơn :value kilobytes.','2023-05-28 21:30:44','2023-05-28 21:30:44'),(5371,1,'vi','validation','lt.numeric','Giá trị trường :attribute phải nhỏ hơn :value.','2023-05-28 21:30:44','2023-05-28 21:30:44'),(5372,1,'vi','validation','lt.string','Độ dài trường :attribute phải nhỏ hơn :value kí tự.','2023-05-28 21:30:44','2023-05-28 21:30:44'),(5373,1,'vi','validation','lte.array','Mảng :attribute không được có nhiều hơn :value phần tử.','2023-05-28 21:30:44','2023-05-28 21:30:44'),(5374,1,'vi','validation','lte.file','Dung lượng trường :attribute phải nhỏ hơn hoặc bằng :value kilobytes.','2023-05-28 21:30:44','2023-05-28 21:30:44'),(5375,1,'vi','validation','lte.numeric','Giá trị trường :attribute phải nhỏ hơn hoặc bằng :value.','2023-05-28 21:30:44','2023-05-28 21:30:44'),(5376,1,'vi','validation','lte.string','Độ dài trường :attribute phải nhỏ hơn hoặc bằng :value kí tự.','2023-05-28 21:30:44','2023-05-28 21:30:44'),(5377,1,'vi','validation','mac_address','Trường :attribute phải là một địa chỉ MAC hợp lệ.','2023-05-28 21:30:44','2023-05-28 21:30:44'),(5378,1,'vi','validation','max.array','Trường :attribute không được lớn hơn :max phần tử.','2023-05-28 21:30:44','2023-05-28 21:30:44'),(5379,1,'vi','validation','max.file','Dung lượng tập tin trong trường :attribute không được lớn hơn :max kB.','2023-05-28 21:30:44','2023-05-28 21:30:44'),(5380,1,'vi','validation','max.numeric','Trường :attribute không được lớn hơn :max.','2023-05-28 21:30:44','2023-05-28 21:30:44'),(5381,1,'vi','validation','max.string','Trường :attribute không được lớn hơn :max kí tự.','2023-05-28 21:30:44','2023-05-28 21:30:44'),(5382,1,'vi','validation','mimes','Trường :attribute phải là một tập tin có định dạng: :values.','2023-05-28 21:30:44','2023-05-28 21:30:44'),(5383,1,'vi','validation','mimetypes','Trường :attribute phải là một tập tin có định dạng: :values.','2023-05-28 21:30:44','2023-05-28 21:30:44'),(5384,1,'vi','validation','min.array','Trường :attribute phải có tối thiểu :min phần tử.','2023-05-28 21:30:44','2023-05-28 21:30:44'),(5385,1,'vi','validation','min.file','Dung lượng tập tin trong trường :attribute phải tối thiểu :min kB.','2023-05-28 21:30:44','2023-05-28 21:30:44'),(5386,1,'vi','validation','min.numeric','Trường :attribute phải tối thiểu là :min.','2023-05-28 21:30:44','2023-05-28 21:30:44'),(5387,1,'vi','validation','min.string','Trường :attribute phải có tối thiểu :min kí tự.','2023-05-28 21:30:44','2023-05-28 21:30:44'),(5388,1,'vi','validation','multiple_of','Trường :attribute phải là bội số của :value','2023-05-28 21:30:44','2023-05-28 21:30:44'),(5389,1,'vi','validation','not_in','Giá trị đã chọn trong trường :attribute không hợp lệ.','2023-05-28 21:30:44','2023-05-28 21:30:44'),(5390,1,'vi','validation','not_regex','Trường :attribute có định dạng không hợp lệ.','2023-05-28 21:30:44','2023-05-28 21:30:44'),(5391,1,'vi','validation','numeric','Trường :attribute phải là một số.','2023-05-28 21:30:44','2023-05-28 21:30:44'),(5392,1,'vi','validation','password','Mật khẩu không đúng.','2023-05-28 21:30:44','2023-05-28 21:30:44'),(5393,1,'vi','validation','present','Trường :attribute phải được cung cấp.','2023-05-28 21:30:44','2023-05-28 21:30:44'),(5394,1,'vi','validation','prohibited','Trường :attribute bị cấm.','2023-05-28 21:30:44','2023-05-28 21:30:44'),(5395,1,'vi','validation','prohibited_if','Trường :attribute bị cấm khi :other là :value.','2023-05-28 21:30:44','2023-05-28 21:30:44'),(5396,1,'vi','validation','prohibited_unless','Trường :attribute bị cấm trừ khi :other là một trong :values.','2023-05-28 21:30:44','2023-05-28 21:30:44'),(5397,1,'vi','validation','prohibits','Trường :attribute cấm :other từ thời điểm hiện tại.','2023-05-28 21:30:44','2023-05-28 21:30:44'),(5398,1,'vi','validation','regex','Trường :attribute có định dạng không hợp lệ.','2023-05-28 21:30:44','2023-05-28 21:30:44'),(5399,1,'vi','validation','required','Trường :attribute không được bỏ trống.','2023-05-28 21:30:44','2023-05-28 21:30:44'),(5400,1,'vi','validation','required_array_keys','Trường :attribute phải bao gồm các mục nhập cho: :values.','2023-05-28 21:30:44','2023-05-28 21:30:44'),(5401,1,'vi','validation','required_if','Trường :attribute không được bỏ trống khi trường :other là :value.','2023-05-28 21:30:44','2023-05-28 21:30:44'),(5402,1,'vi','validation','required_unless','Trường :attribute không được bỏ trống trừ khi :other là :values.','2023-05-28 21:30:44','2023-05-28 21:30:44'),(5403,1,'vi','validation','required_with','Trường :attribute không được bỏ trống khi một trong :values có giá trị.','2023-05-28 21:30:44','2023-05-28 21:30:44'),(5404,1,'vi','validation','required_with_all','Trường :attribute không được bỏ trống khi tất cả :values có giá trị.','2023-05-28 21:30:44','2023-05-28 21:30:44'),(5405,1,'vi','validation','required_without','Trường :attribute không được bỏ trống khi một trong :values không có giá trị.','2023-05-28 21:30:44','2023-05-28 21:30:44'),(5406,1,'vi','validation','required_without_all','Trường :attribute không được bỏ trống khi tất cả :values không có giá trị.','2023-05-28 21:30:44','2023-05-28 21:30:44'),(5407,1,'vi','validation','same','Trường :attribute và :other phải giống nhau.','2023-05-28 21:30:44','2023-05-28 21:30:44'),(5408,1,'vi','validation','size.array','Trường :attribute phải chứa :size phần tử.','2023-05-28 21:30:44','2023-05-28 21:30:44'),(5409,1,'vi','validation','size.file','Dung lượng tập tin trong trường :attribute phải bằng :size kB.','2023-05-28 21:30:44','2023-05-28 21:30:44'),(5410,1,'vi','validation','size.numeric','Trường :attribute phải bằng :size.','2023-05-28 21:30:44','2023-05-28 21:30:44'),(5411,1,'vi','validation','size.string','Trường :attribute phải chứa :size kí tự.','2023-05-28 21:30:44','2023-05-28 21:30:44'),(5412,1,'vi','validation','starts_with','Trường :attribute phải được bắt đầu bằng một trong những giá trị sau: :values','2023-05-28 21:30:44','2023-05-28 21:30:44'),(5413,1,'vi','validation','string','Trường :attribute phải là một chuỗi kí tự.','2023-05-28 21:30:44','2023-05-28 21:30:44'),(5414,1,'vi','validation','timezone','Trường :attribute phải là một múi giờ hợp lệ.','2023-05-28 21:30:44','2023-05-28 21:30:44'),(5415,1,'vi','validation','unique','Trường :attribute đã có trong cơ sở dữ liệu.','2023-05-28 21:30:44','2023-05-28 21:30:44'),(5416,1,'vi','validation','uploaded','Trường :attribute tải lên thất bại.','2023-05-28 21:30:44','2023-05-28 21:30:44'),(5417,1,'vi','validation','url','Trường :attribute không giống với định dạng một URL.','2023-05-28 21:30:44','2023-05-28 21:30:44'),(5418,1,'vi','validation','uuid','Trường :attribute phải là một chuỗi UUID hợp lệ.','2023-05-28 21:30:44','2023-05-28 21:30:44'),(5419,1,'vi','validation','custom.attribute-name.rule-name','custom-message','2023-05-28 21:30:44','2023-05-28 21:30:44');
/*!40000 ALTER TABLE `translations` ENABLE KEYS */;
UNLOCK TABLES;

--
-- Table structure for table `user_meta`
--

DROP TABLE IF EXISTS `user_meta`;
/*!40101 SET @saved_cs_client     = @@character_set_client */;
/*!50503 SET character_set_client = utf8mb4 */;
CREATE TABLE `user_meta` (
  `id` bigint unsigned NOT NULL AUTO_INCREMENT,
  `key` varchar(191) COLLATE utf8mb4_unicode_ci DEFAULT NULL,
  `value` varchar(191) COLLATE utf8mb4_unicode_ci DEFAULT NULL,
  `user_id` bigint unsigned NOT NULL,
  `created_at` timestamp NULL DEFAULT NULL,
  `updated_at` timestamp NULL DEFAULT NULL,
  PRIMARY KEY (`id`),
  KEY `user_meta_user_id_index` (`user_id`)
) ENGINE=InnoDB DEFAULT CHARSET=utf8mb4 COLLATE=utf8mb4_unicode_ci;
/*!40101 SET character_set_client = @saved_cs_client */;

--
-- Dumping data for table `user_meta`
--

LOCK TABLES `user_meta` WRITE;
/*!40000 ALTER TABLE `user_meta` DISABLE KEYS */;
/*!40000 ALTER TABLE `user_meta` ENABLE KEYS */;
UNLOCK TABLES;

--
-- Table structure for table `users`
--

DROP TABLE IF EXISTS `users`;
/*!40101 SET @saved_cs_client     = @@character_set_client */;
/*!50503 SET character_set_client = utf8mb4 */;
CREATE TABLE `users` (
  `id` bigint unsigned NOT NULL AUTO_INCREMENT,
  `email` varchar(191) COLLATE utf8mb4_unicode_ci NOT NULL,
  `email_verified_at` timestamp NULL DEFAULT NULL,
  `password` varchar(191) CHARACTER SET utf8mb4 COLLATE utf8mb4_unicode_ci DEFAULT NULL,
  `remember_token` varchar(100) COLLATE utf8mb4_unicode_ci DEFAULT NULL,
  `created_at` timestamp NULL DEFAULT NULL,
  `updated_at` timestamp NULL DEFAULT NULL,
  `first_name` varchar(191) COLLATE utf8mb4_unicode_ci DEFAULT NULL,
  `last_name` varchar(191) COLLATE utf8mb4_unicode_ci DEFAULT NULL,
  `username` varchar(60) COLLATE utf8mb4_unicode_ci DEFAULT NULL,
  `avatar_id` bigint unsigned DEFAULT NULL,
  `super_user` tinyint(1) NOT NULL DEFAULT '0',
  `manage_supers` tinyint(1) NOT NULL DEFAULT '0',
  `permissions` text COLLATE utf8mb4_unicode_ci,
  `last_login` timestamp NULL DEFAULT NULL,
  PRIMARY KEY (`id`),
  UNIQUE KEY `users_email_unique` (`email`),
  UNIQUE KEY `users_username_unique` (`username`)
) ENGINE=InnoDB AUTO_INCREMENT=3 DEFAULT CHARSET=utf8mb4 COLLATE=utf8mb4_unicode_ci;
/*!40101 SET character_set_client = @saved_cs_client */;

--
-- Dumping data for table `users`
--

LOCK TABLES `users` WRITE;
/*!40000 ALTER TABLE `users` DISABLE KEYS */;
INSERT INTO `users` VALUES (1,'admin@botble.com',NULL,'$2y$10$.BHslKL2Hadtqu8725k9U.JID0mspkzMEWN3ydBkXKU024LSQDpia',NULL,'2023-05-28 21:29:51','2023-05-28 21:29:51','Super','Admin','botble',NULL,1,1,NULL,NULL),(2,'user@botble.com',NULL,'$2y$10$c3A26iYioBoWu.yQ/dRMJue0146npQ.n8PD3swlJfQ5X96noHmiUS',NULL,'2023-05-28 21:29:51','2023-05-28 21:29:51','Normal','Admin','admin',NULL,0,0,'{\"users.index\":true,\"users.create\":true,\"users.edit\":true,\"users.destroy\":true,\"roles.index\":true,\"roles.create\":true,\"roles.edit\":true,\"roles.destroy\":true,\"core.system\":true,\"core.manage.license\":true,\"media.index\":true,\"files.index\":true,\"files.create\":true,\"files.edit\":true,\"files.trash\":true,\"files.destroy\":true,\"folders.index\":true,\"folders.create\":true,\"folders.edit\":true,\"folders.trash\":true,\"folders.destroy\":true,\"settings.options\":true,\"settings.email\":true,\"settings.media\":true,\"api.settings\":true,\"menus.index\":true,\"menus.create\":true,\"menus.edit\":true,\"menus.destroy\":true,\"pages.index\":true,\"pages.create\":true,\"pages.edit\":true,\"pages.destroy\":true,\"plugins.index\":true,\"plugins.edit\":true,\"plugins.remove\":true,\"plugins.marketplace\":true,\"core.appearance\":true,\"theme.index\":true,\"theme.activate\":true,\"theme.remove\":true,\"theme.options\":true,\"theme.custom-css\":true,\"theme.custom-js\":true,\"theme.custom-html\":true,\"widgets.index\":true,\"ads.index\":true,\"ads.create\":true,\"ads.edit\":true,\"ads.destroy\":true,\"analytics.general\":true,\"analytics.page\":true,\"analytics.browser\":true,\"analytics.referrer\":true,\"audit-log.index\":true,\"audit-log.destroy\":true,\"backups.index\":true,\"backups.create\":true,\"backups.restore\":true,\"backups.destroy\":true,\"plugins.blog\":true,\"posts.index\":true,\"posts.create\":true,\"posts.edit\":true,\"posts.destroy\":true,\"categories.index\":true,\"categories.create\":true,\"categories.edit\":true,\"categories.destroy\":true,\"tags.index\":true,\"tags.create\":true,\"tags.edit\":true,\"tags.destroy\":true,\"contacts.index\":true,\"contacts.edit\":true,\"contacts.destroy\":true,\"plugins.ecommerce\":true,\"ecommerce.settings\":true,\"ecommerce.report.index\":true,\"products.index\":true,\"products.create\":true,\"products.edit\":true,\"products.destroy\":true,\"product-categories.index\":true,\"product-categories.create\":true,\"product-categories.edit\":true,\"product-categories.destroy\":true,\"product-tag.index\":true,\"product-tag.create\":true,\"product-tag.edit\":true,\"product-tag.destroy\":true,\"brands.index\":true,\"brands.create\":true,\"brands.edit\":true,\"brands.destroy\":true,\"product-collections.index\":true,\"product-collections.create\":true,\"product-collections.edit\":true,\"product-collections.destroy\":true,\"product-attribute-sets.index\":true,\"product-attribute-sets.create\":true,\"product-attribute-sets.edit\":true,\"product-attribute-sets.destroy\":true,\"product-attributes.index\":true,\"product-attributes.create\":true,\"product-attributes.edit\":true,\"product-attributes.destroy\":true,\"tax.index\":true,\"tax.create\":true,\"tax.edit\":true,\"tax.destroy\":true,\"reviews.index\":true,\"reviews.destroy\":true,\"shipping_methods.index\":true,\"ecommerce.shipping-rule-items.index\":true,\"ecommerce.shipping-rule-items.create\":true,\"ecommerce.shipping-rule-items.edit\":true,\"ecommerce.shipping-rule-items.destroy\":true,\"ecommerce.shipping-rule-items.bulk-import\":true,\"ecommerce.shipments.index\":true,\"ecommerce.shipments.create\":true,\"ecommerce.shipments.edit\":true,\"ecommerce.shipments.destroy\":true,\"orders.index\":true,\"orders.create\":true,\"orders.edit\":true,\"orders.destroy\":true,\"discounts.index\":true,\"discounts.create\":true,\"discounts.edit\":true,\"discounts.destroy\":true,\"customers.index\":true,\"customers.create\":true,\"customers.edit\":true,\"customers.destroy\":true,\"flash-sale.index\":true,\"flash-sale.create\":true,\"flash-sale.edit\":true,\"flash-sale.destroy\":true,\"product-label.index\":true,\"product-label.create\":true,\"product-label.edit\":true,\"product-label.destroy\":true,\"ecommerce.import.products.index\":true,\"ecommerce.export.products.index\":true,\"order_returns.index\":true,\"order_returns.edit\":true,\"order_returns.destroy\":true,\"global-option.index\":true,\"global-option.create\":true,\"global-option.edit\":true,\"global-option.destroy\":true,\"ecommerce.invoice.index\":true,\"ecommerce.invoice.edit\":true,\"ecommerce.invoice.destroy\":true,\"ecommerce.invoice-template.index\":true,\"plugin.faq\":true,\"faq.index\":true,\"faq.create\":true,\"faq.edit\":true,\"faq.destroy\":true,\"faq_category.index\":true,\"faq_category.create\":true,\"faq_category.edit\":true,\"faq_category.destroy\":true,\"languages.index\":true,\"languages.create\":true,\"languages.edit\":true,\"languages.destroy\":true,\"plugin.location\":true,\"country.index\":true,\"country.create\":true,\"country.edit\":true,\"country.destroy\":true,\"state.index\":true,\"state.create\":true,\"state.edit\":true,\"state.destroy\":true,\"city.index\":true,\"city.create\":true,\"city.edit\":true,\"city.destroy\":true,\"location.bulk-import.index\":true,\"location.export.index\":true,\"marketplace.index\":true,\"marketplace.store.index\":true,\"marketplace.store.create\":true,\"marketplace.store.edit\":true,\"marketplace.store.destroy\":true,\"marketplace.store.view\":true,\"marketplace.store.revenue.create\":true,\"marketplace.withdrawal.index\":true,\"marketplace.withdrawal.edit\":true,\"marketplace.withdrawal.destroy\":true,\"marketplace.vendors.index\":true,\"marketplace.unverified-vendors.index\":true,\"marketplace.unverified-vendors.edit\":true,\"marketplace.settings\":true,\"marketplace.reports\":true,\"newsletter.index\":true,\"newsletter.destroy\":true,\"payment.index\":true,\"payments.settings\":true,\"payment.destroy\":true,\"simple-slider.index\":true,\"simple-slider.create\":true,\"simple-slider.edit\":true,\"simple-slider.destroy\":true,\"simple-slider-item.index\":true,\"simple-slider-item.create\":true,\"simple-slider-item.edit\":true,\"simple-slider-item.destroy\":true,\"social-login.settings\":true,\"plugins.translation\":true,\"translations.locales\":true,\"translations.theme-translations\":true,\"translations.index\":true}',NULL);
/*!40000 ALTER TABLE `users` ENABLE KEYS */;
UNLOCK TABLES;

--
-- Table structure for table `widgets`
--

DROP TABLE IF EXISTS `widgets`;
/*!40101 SET @saved_cs_client     = @@character_set_client */;
/*!50503 SET character_set_client = utf8mb4 */;
CREATE TABLE `widgets` (
  `id` bigint unsigned NOT NULL AUTO_INCREMENT,
  `widget_id` varchar(120) COLLATE utf8mb4_unicode_ci NOT NULL,
  `sidebar_id` varchar(120) COLLATE utf8mb4_unicode_ci NOT NULL,
  `theme` varchar(120) COLLATE utf8mb4_unicode_ci NOT NULL,
  `position` tinyint unsigned NOT NULL DEFAULT '0',
  `data` text COLLATE utf8mb4_unicode_ci,
  `created_at` timestamp NULL DEFAULT NULL,
  `updated_at` timestamp NULL DEFAULT NULL,
  PRIMARY KEY (`id`)
) ENGINE=InnoDB AUTO_INCREMENT=39 DEFAULT CHARSET=utf8mb4 COLLATE=utf8mb4_unicode_ci;
/*!40101 SET character_set_client = @saved_cs_client */;

--
-- Dumping data for table `widgets`
--

LOCK TABLES `widgets` WRITE;
/*!40000 ALTER TABLE `widgets` DISABLE KEYS */;
INSERT INTO `widgets` VALUES (1,'SiteInfoWidget','footer_sidebar','farmart',0,'{\"id\":\"SiteInfoWidget\",\"name\":\"Farmart \\u2013 Your Online Foods & Grocery\",\"about\":\"Lorem ipsum dolor sit amet, consectetur adipiscing elit. Sed finibus viverra iaculis. Etiam vulputate et justo eget scelerisque.\",\"phone\":\"(+965) 7492-4277\",\"address\":\"959 Homestead Street Eastlake, NYC\",\"email\":\"support@farmart.com\",\"working_time\":\"Mon - Fri: 07AM - 06PM\"}','2023-05-28 21:30:03','2023-05-28 21:30:03'),(2,'CustomMenuWidget','footer_sidebar','farmart',1,'{\"id\":\"CustomMenuWidget\",\"name\":\"Useful Links\",\"menu_id\":\"useful-links\"}','2023-05-28 21:30:03','2023-05-28 21:30:03'),(3,'CustomMenuWidget','footer_sidebar','farmart',2,'{\"id\":\"CustomMenuWidget\",\"name\":\"Help Center\",\"menu_id\":\"help-center\"}','2023-05-28 21:30:03','2023-05-28 21:30:03'),(4,'CustomMenuWidget','footer_sidebar','farmart',3,'{\"id\":\"CustomMenuWidget\",\"name\":\"Business\",\"menu_id\":\"business\"}','2023-05-28 21:30:03','2023-05-28 21:30:03'),(5,'NewsletterWidget','footer_sidebar','farmart',4,'{\"id\":\"NewsletterWidget\",\"title\":\"Newsletter\",\"subtitle\":\"Register now to get updates on promotions and coupon. Don\\u2019t worry! We not spam\"}','2023-05-28 21:30:03','2023-05-28 21:30:03'),(6,'BlogSearchWidget','primary_sidebar','farmart',1,'{\"id\":\"BlogSearchWidget\",\"name\":\"Search\"}','2023-05-28 21:30:03','2023-05-28 21:30:03'),(7,'BlogCategoriesWidget','primary_sidebar','farmart',2,'{\"id\":\"BlogCategoriesWidget\",\"name\":\"Categories\"}','2023-05-28 21:30:03','2023-05-28 21:30:03'),(8,'RecentPostsWidget','primary_sidebar','farmart',3,'{\"id\":\"RecentPostsWidget\",\"name\":\"Recent Posts\"}','2023-05-28 21:30:03','2023-05-28 21:30:03'),(9,'BlogTagsWidget','primary_sidebar','farmart',4,'{\"id\":\"BlogTagsWidget\",\"name\":\"Popular Tags\"}','2023-05-28 21:30:03','2023-05-28 21:30:03'),(10,'SiteFeaturesWidget','pre_footer_sidebar','farmart',1,'{\"id\":\"SiteFeaturesWidget\",\"title\":\"Site Features\",\"data\":{\"1\":{\"icon\":\"general\\/icon-rocket.png\",\"title\":\"Free Shipping\",\"subtitle\":\"For all orders over $200\"},\"2\":{\"icon\":\"general\\/icon-reload.png\",\"title\":\"1 & 1 Returns\",\"subtitle\":\"Cancellation after 1 day\"},\"3\":{\"icon\":\"general\\/icon-protect.png\",\"title\":\"100% Secure Payment\",\"subtitle\":\"Guarantee secure payments\"},\"4\":{\"icon\":\"general\\/icon-support.png\",\"title\":\"24\\/7 Dedicated Support\",\"subtitle\":\"Anywhere & anytime\"},\"5\":{\"icon\":\"general\\/icon-tag.png\",\"title\":\"Daily Offers\",\"subtitle\":\"Discount up to 70% OFF\"}}}','2023-05-28 21:30:03','2023-05-28 21:30:03'),(11,'AdsWidget','products_list_sidebar','farmart',1,'{\"id\":\"AdsWidget\",\"title\":\"Ads\",\"ads_key\":\"ZDOZUZZIU7FZ\",\"background\":\"general\\/background.jpg\",\"size\":\"full-width\"}','2023-05-28 21:30:03','2023-05-28 21:30:03'),(12,'SiteFeaturesWidget','product_detail_sidebar','farmart',1,'{\"id\":\"SiteFeaturesWidget\",\"title\":\"Site Features\",\"data\":{\"1\":{\"icon\":\"general\\/icon-rocket.png\",\"title\":\"Free Shipping\",\"subtitle\":\"For all orders over $200\"},\"2\":{\"icon\":\"general\\/icon-reload.png\",\"title\":\"1 & 1 Returns\",\"subtitle\":\"Cancellation after 1 day\"},\"3\":{\"icon\":\"general\\/icon-protect.png\",\"title\":\"Secure Payment\",\"subtitle\":\"Guarantee secure payments\"}}}','2023-05-28 21:30:03','2023-05-28 21:30:03'),(13,'SiteInfoWidget','product_detail_sidebar','farmart',2,'{\"id\":\"SiteInfoWidget\",\"name\":\"Store information\",\"phone\":\"(+965) 7492-4277\",\"working_time\":\"Mon - Fri: 07AM - 06PM\"}','2023-05-28 21:30:03','2023-05-28 21:30:03'),(14,'BecomeVendorWidget','product_detail_sidebar','farmart',3,'{\"id\":\"BecomeVendorWidget\",\"name\":\"Become a Vendor?\"}','2023-05-28 21:30:03','2023-05-28 21:30:03'),(15,'ProductCategoriesWidget','bottom_footer_sidebar','farmart',1,'{\"id\":\"ProductCategoriesWidget\",\"name\":\"Consumer Electric\",\"categories\":[18,2,3,4,5,6,7]}','2023-05-28 21:30:03','2023-05-28 21:30:03'),(16,'ProductCategoriesWidget','bottom_footer_sidebar','farmart',2,'{\"id\":\"ProductCategoriesWidget\",\"name\":\"Clothing & Apparel\",\"categories\":[8,9,10,11,12]}','2023-05-28 21:30:03','2023-05-28 21:30:03'),(17,'ProductCategoriesWidget','bottom_footer_sidebar','farmart',3,'{\"id\":\"ProductCategoriesWidget\",\"name\":\"Home, Garden & Kitchen\",\"categories\":[13,14,15,16,17]}','2023-05-28 21:30:03','2023-05-28 21:30:03'),(18,'ProductCategoriesWidget','bottom_footer_sidebar','farmart',4,'{\"id\":\"ProductCategoriesWidget\",\"name\":\"Health & Beauty\",\"categories\":[20,21,22,23,24]}','2023-05-28 21:30:03','2023-05-28 21:30:03'),(19,'ProductCategoriesWidget','bottom_footer_sidebar','farmart',5,'{\"id\":\"ProductCategoriesWidget\",\"name\":\"Computer & Technologies\",\"categories\":[25,26,27,28,29,19]}','2023-05-28 21:30:03','2023-05-28 21:30:03'),(20,'SiteInfoWidget','footer_sidebar','farmart-vi',0,'{\"id\":\"SiteInfoWidget\",\"name\":\"Farmart \\u2013 Th\\u1ef1c ph\\u1ea9m & h\\u00e0ng h\\u00f3a tr\\u1ef1c tuy\\u1ebfn\",\"about\":\"Lorem ipsum dolor sit amet, consectetur adipiscing elit. Sed finibus viverra iaculis. Etiam vulputate et justo eget scelerisque.\",\"phone\":\"(+965) 7492-4277\",\"address\":\"959 Homestead Street Eastlake, NYC\",\"email\":\"support@farmart.com\",\"working_time\":\"Mon - Fri: 07AM - 06PM\"}','2023-05-28 21:30:03','2023-05-28 21:30:03'),(21,'CustomMenuWidget','footer_sidebar','farmart-vi',1,'{\"id\":\"CustomMenuWidget\",\"name\":\"Li\\u00ean k\\u1ebft h\\u1eefu \\u00edch\",\"menu_id\":\"lien-ket-huu-ich\"}','2023-05-28 21:30:03','2023-05-28 21:30:03'),(22,'CustomMenuWidget','footer_sidebar','farmart-vi',2,'{\"id\":\"CustomMenuWidget\",\"name\":\"Trung t\\u00e2m tr\\u1ee3 gi\\u00fap\",\"menu_id\":\"trung-tam-tro-giup\"}','2023-05-28 21:30:03','2023-05-28 21:30:03'),(23,'CustomMenuWidget','footer_sidebar','farmart-vi',3,'{\"id\":\"CustomMenuWidget\",\"name\":\"Doanh nghi\\u1ec7p\",\"menu_id\":\"doanh-nghiep\"}','2023-05-28 21:30:03','2023-05-28 21:30:03'),(24,'NewsletterWidget','footer_sidebar','farmart-vi',4,'{\"id\":\"NewsletterWidget\",\"title\":\"\\u0110\\u0103ng k\\u00fd b\\u1ea3n tin\",\"subtitle\":\"\\u0110\\u0103ng k\\u00fd ngay \\u0111\\u1ec3 nh\\u1eadn \\u0111\\u01b0\\u1ee3c c\\u1eadp nh\\u1eadt v\\u1ec1 c\\u00e1c ch\\u01b0\\u01a1ng tr\\u00ecnh khuy\\u1ebfn m\\u00e3i v\\u00e0 phi\\u1ebfu gi\\u1ea3m gi\\u00e1. \\u0110\\u1eebng lo! Ch\\u00fang t\\u00f4i kh\\u00f4ng spam\"}','2023-05-28 21:30:03','2023-05-28 21:30:03'),(25,'BlogSearchWidget','primary_sidebar','farmart-vi',1,'{\"id\":\"BlogSearchWidget\",\"name\":\"T\\u00ecm ki\\u1ebfm\"}','2023-05-28 21:30:03','2023-05-28 21:30:03'),(26,'BlogCategoriesWidget','primary_sidebar','farmart-vi',2,'{\"id\":\"BlogCategoriesWidget\",\"name\":\"Danh m\\u1ee5c b\\u00e0i vi\\u1ebft\"}','2023-05-28 21:30:03','2023-05-28 21:30:03'),(27,'RecentPostsWidget','primary_sidebar','farmart-vi',3,'{\"id\":\"RecentPostsWidget\",\"name\":\"B\\u00e0i vi\\u1ebft g\\u1ea7n \\u0111\\u00e2y\"}','2023-05-28 21:30:03','2023-05-28 21:30:03'),(28,'TagsWidget','primary_sidebar','farmart-vi',4,'{\"id\":\"TagsWidget\",\"name\":\"Tags ph\\u1ed5 bi\\u1ebfn\"}','2023-05-28 21:30:03','2023-05-28 21:30:03'),(29,'SiteFeaturesWidget','pre_footer_sidebar','farmart-vi',1,'{\"id\":\"SiteFeaturesWidget\",\"title\":\"Site Features\",\"data\":{\"1\":{\"icon\":\"general\\/icon-rocket.png\",\"title\":\"Mi\\u1ec5n ph\\u00ed v\\u1eadn chuy\\u1ec3n\",\"subtitle\":\"\\u0110\\u1ed1i v\\u1edbi t\\u1ea5t c\\u1ea3 c\\u00e1c \\u0111\\u01a1n \\u0111\\u1eb7t h\\u00e0ng tr\\u00ean $200\"},\"2\":{\"icon\":\"general\\/icon-reload.png\",\"title\":\"\\u0110\\u1ed5i tr\\u1ea3 1 & 1\",\"subtitle\":\"H\\u1ee7y sau 1 ng\\u00e0y\"},\"3\":{\"icon\":\"general\\/icon-protect.png\",\"title\":\"Thanh to\\u00e1n an to\\u00e0n 100%\",\"subtitle\":\"\\u0110\\u1ea3m b\\u1ea3o thanh to\\u00e1n an to\\u00e0n\"},\"4\":{\"icon\":\"general\\/icon-support.png\",\"title\":\"H\\u1ed7 tr\\u1ee3 t\\u1eadn t\\u00e2m 24\\/7\",\"subtitle\":\"M\\u1ecdi l\\u00fac m\\u1ecdi n\\u01a1i\"},\"5\":{\"icon\":\"general\\/icon-tag.png\",\"title\":\"\\u01afu \\u0111\\u00e3i h\\u00e0ng ng\\u00e0y\",\"subtitle\":\"GI\\u1ea2M GI\\u00c1 l\\u00ean \\u0111\\u1ebfn 70%\"}}}','2023-05-28 21:30:03','2023-05-28 21:30:03'),(30,'AdsWidget','products_list_sidebar','farmart-vi',1,'{\"id\":\"AdsWidget\",\"title\":\"Ads\",\"ads_key\":\"ZDOZUZZIU7FZ\",\"background\":\"general\\/background.jpg\",\"size\":\"full-width\"}','2023-05-28 21:30:03','2023-05-28 21:30:03'),(31,'SiteFeaturesWidget','product_detail_sidebar','farmart-vi',1,'{\"id\":\"SiteFeaturesWidget\",\"title\":\"Site Features\",\"data\":{\"1\":{\"icon\":\"general\\/icon-rocket.png\",\"title\":\"Mi\\u1ec5n ph\\u00ed v\\u1eadn chuy\\u1ec3n\",\"subtitle\":\"\\u0110\\u1ed1i v\\u1edbi t\\u1ea5t c\\u1ea3 c\\u00e1c \\u0111\\u01a1n \\u0111\\u1eb7t h\\u00e0ng tr\\u00ean $200\"},\"2\":{\"icon\":\"general\\/icon-reload.png\",\"title\":\"\\u0110\\u1ed5i tr\\u1ea3 1 & 1\",\"subtitle\":\"H\\u1ee7y sau 1 ng\\u00e0y\"},\"3\":{\"icon\":\"general\\/icon-protect.png\",\"title\":\"Thanh to\\u00e1n an to\\u00e0n\",\"subtitle\":\"\\u0110\\u1ea3m b\\u1ea3o thanh to\\u00e1n an to\\u00e0n\"}}}','2023-05-28 21:30:03','2023-05-28 21:30:03'),(32,'SiteInfoWidget','product_detail_sidebar','farmart-vi',2,'{\"id\":\"SiteInfoWidget\",\"name\":\"Store information\",\"phone\":\"(+965) 7492-4277\",\"working_time\":\"Mon - Fri: 07AM - 06PM\"}','2023-05-28 21:30:03','2023-05-28 21:30:03'),(33,'BecomeVendorWidget','product_detail_sidebar','farmart-vi',3,'{\"id\":\"BecomeVendorWidget\",\"name\":\"Tr\\u1edf th\\u00e0nh nh\\u00e0 b\\u00e1n h\\u00e0ng?\"}','2023-05-28 21:30:03','2023-05-28 21:30:03'),(34,'ProductCategoriesWidget','bottom_footer_sidebar','farmart-vi',1,'{\"id\":\"ProductCategoriesWidget\",\"name\":\"\\u0110i\\u1ec7n gia d\\u1ee5ng\",\"categories\":[18,2,3,4,5,6,7]}','2023-05-28 21:30:03','2023-05-28 21:30:03'),(35,'ProductCategoriesWidget','bottom_footer_sidebar','farmart-vi',2,'{\"id\":\"ProductCategoriesWidget\",\"name\":\"Qu\\u1ea7n \\u00e1o v\\u00e0 trang ph\\u1ee5c\",\"categories\":[8,9,10,11,12]}','2023-05-28 21:30:03','2023-05-28 21:30:03'),(36,'ProductCategoriesWidget','bottom_footer_sidebar','farmart-vi',3,'{\"id\":\"ProductCategoriesWidget\",\"name\":\"Nh\\u00e0, V\\u01b0\\u1eddn & Nh\\u00e0 b\\u1ebfp\",\"categories\":[13,14,15,16,17]}','2023-05-28 21:30:03','2023-05-28 21:30:03'),(37,'ProductCategoriesWidget','bottom_footer_sidebar','farmart-vi',4,'{\"id\":\"ProductCategoriesWidget\",\"name\":\"S\\u1ee9c kh\\u1ecfe & L\\u00e0m \\u0111\\u1eb9p\",\"categories\":[20,21,22,23,24]}','2023-05-28 21:30:03','2023-05-28 21:30:03'),(38,'ProductCategoriesWidget','bottom_footer_sidebar','farmart-vi',5,'{\"id\":\"ProductCategoriesWidget\",\"name\":\"M\\u00e1y t\\u00ednh & C\\u00f4ng ngh\\u1ec7\",\"categories\":[25,26,27,28,29,19]}','2023-05-28 21:30:03','2023-05-28 21:30:03');
/*!40000 ALTER TABLE `widgets` ENABLE KEYS */;
UNLOCK TABLES;
/*!40103 SET TIME_ZONE=@OLD_TIME_ZONE */;

/*!40101 SET SQL_MODE=@OLD_SQL_MODE */;
/*!40014 SET FOREIGN_KEY_CHECKS=@OLD_FOREIGN_KEY_CHECKS */;
/*!40014 SET UNIQUE_CHECKS=@OLD_UNIQUE_CHECKS */;
/*!40101 SET CHARACTER_SET_CLIENT=@OLD_CHARACTER_SET_CLIENT */;
/*!40101 SET CHARACTER_SET_RESULTS=@OLD_CHARACTER_SET_RESULTS */;
/*!40101 SET COLLATION_CONNECTION=@OLD_COLLATION_CONNECTION */;
/*!40111 SET SQL_NOTES=@OLD_SQL_NOTES */;

-- Dump completed on 2023-05-29 11:30:45
